model_id,gene,alteration_type,alteration,protein_change,source,source_version,source_file,source_record_id,download_date,file_sha256
SIDM00046,EGFR,snp,p.L858R,p.L858R,Cell Model Passports,unknown,/Users/vasilvasilev/Desktop/cell/data/raw/cell_model_passports_mutations.csv,SIDM00046,2026-10-03,52f38dd03a5a246dd81f26a7f54a32e9be2f05e45b8d7eb7eebd7a5bcc8c989e
SIDM00237,EGFR,deletion,p.E746_A750delELREA,p.E746_A750delELREA,Cell Model Passports,unknown,/Users/vasilvasilev/Desktop/cell/data/raw/cell_model_passports_mutations.csv,SIDM00237,2026-10-03,52f38dd03a5a246dd81f26a7f54a32e9be2f05e45b8d7eb7eebd7a5bcc8c989e
SIDM00486,MET,amplification,Amplification,,Cell Model Passports,unknown,/Users/vasilvasilev/Desktop/cell/data/raw/cell_model_passports_mutations.csv,SIDM00486,2026-10-03,52f38dd03a5a246dd81f26a7f54a32e9be2f05e45b8d7eb7eebd7a5bcc8c989e
SIDM00524,MET,amplification,Amplification,,Cell Model Passports,unknown,/Users/vasilvasilev/Desktop/cell/data/raw/cell_model_passports_mutations.csv,SIDM00524,2026-10-03,52f38dd03a5a246dd81f26a7f54a32e9be2f05e45b8d7eb7eebd7a5bcc8c989e
SIDM00723,MET,amplification,Amplification,,Cell Model Passports,unknown,/Users/vasilvasilev/Desktop/cell/data/raw/cell_model_passports_mutations.csv,SIDM00723,2026-10-03,52f38dd03a5a246dd81f26a7f54a32e9be2f05e45b8d7eb7eebd7a5bcc8c989e
SIDM00727,MET,amplification,Amplification,,Cell Model Passports,unknown,/Users/vasilvasilev/Desktop/cell/data/raw/cell_model_passports_mutations.csv,SIDM00727,2026-10-03,52f38dd03a5a246dd81f26a7f54a32e9be2f05e45b8d7eb7eebd7a5bcc8c989e
SIDM00745,EGFR,deletion,p.E746_A750delELREA,p.E746_A750delELREA,Cell Model Passports,unknown,/Users/vasilvasilev/Desktop/cell/data/raw/cell_model_passports_mutations.csv,SIDM00745,2026-10-03,52f38dd03a5a246dd81f26a7f54a32e9be2f05e45b8d7eb7eebd7a5bcc8c989e
SIDM00746,MET,amplification,Amplification,,Cell Model Passports,unknown,/Users/vasilvasilev/Desktop/cell/data/raw/cell_model_passports_mutations.csv,SIDM00746,2026-10-03,52f38dd03a5a246dd81f26a7f54a32e9be2f05e45b8d7eb7eebd7a5bcc8c989e
SIDM00749,MET,amplification,Amplification,,Cell Model Passports,unknown,/Users/vasilvasilev/Desktop/cell/data/raw/cell_model_passports_mutations.csv,SIDM00749,2026-10-03,52f38dd03a5a246dd81f26a7f54a32e9be2f05e45b8d7eb7eebd7a5bcc8c989e
SIDM00758,MET,amplification,Amplification,,Cell Model Passports,unknown,/Users/vasilvasilev/Desktop/cell/data/raw/cell_model_passports_mutations.csv,SIDM00758,2026-10-03,52f38dd03a5a246dd81f26a7f54a32e9be2f05e45b8d7eb7eebd7a5bcc8c989e
SIDM00759,EGFR,snp,p.L858R,p.L858R,Cell Model Passports,unknown,/Users/vasilvasilev/Desktop/cell/data/raw/cell_model_passports_mutations.csv,SIDM00759,2026-10-03,52f38dd03a5a246dd81f26a7f54a32e9be2f05e45b8d7eb7eebd7a5bcc8c989e
SIDM00759,EGFR,snp,p.T790M,p.T790M,Cell Model Passports,unknown,/Users/vasilvasilev/Desktop/cell/data/raw/cell_model_passports_mutations.csv,SIDM00759,2026-10-03,52f38dd03a5a246dd81f26a7f54a32e9be2f05e45b8d7eb7eebd7a5bcc8c989e
SIDM00925,MET,amplification,Amplification,,Cell Model Passports,unknown,/Users/vasilvasilev/Desktop/cell/data/raw/cell_model_passports_mutations.csv,SIDM00925,2026-10-03,52f38dd03a5a246dd81f26a7f54a32e9be2f05e45b8d7eb7eebd7a5bcc8c989e
SIDM01067,EGFR,deletion,p.E746_A750delELREA,p.E746_A750delELREA,Cell Model Passports,unknown,/Users/vasilvasilev/Desktop/cell/data/raw/cell_model_passports_mutations.csv,SIDM01067,2026-10-03,52f38dd03a5a246dd81f26a7f54a32e9be2f05e45b8d7eb7eebd7a5bcc8c989e
SIDM01116,MET,amplification,Amplification,,Cell Model Passports,unknown,/Users/vasilvasilev/Desktop/cell/data/raw/cell_model_passports_mutations.csv,SIDM01116,2026-10-03,52f38dd03a5a246dd81f26a7f54a32e9be2f05e45b8d7eb7eebd7a5bcc8c989e
SIDM01598,EGFR,insertion,p.E746_S752delinsI,p.E746_S752delinsI,Cell Model Passports,unknown,/Users/vasilvasilev/Desktop/cell/data/raw/cell_model_passports_mutations.csv,SIDM01598,2026-10-03,52f38dd03a5a246dd81f26a7f54a32e9be2f05e45b8d7eb7eebd7a5bcc8c989e
SIDM01598,MET,amplification,Amplification,,Cell Model Passports,unknown,/Users/vasilvasilev/Desktop/cell/data/raw/cell_model_passports_mutations.csv,SIDM01598,2026-10-03,52f38dd03a5a246dd81f26a7f54a32e9be2f05e45b8d7eb7eebd7a5bcc8c989e
P-0000030-T01-IM3,EGFR,missense_mutation,EGFR T302 missense,T302H,cBioPortal,unknown,/Users/vasilvasilev/Desktop/cell/data/raw/cbioportal_alterations.csv,P-0000030-T01-IM3,2026-10-03,901439d00f53aaac7cba1f17b89ed2231f6c053af64bab1cd501a5a0716dfd5b
P-0000165-T01-IM3,EGFR,missense_mutation,EGFR L861 missense,L861Q,cBioPortal,unknown,/Users/vasilvasilev/Desktop/cell/data/raw/cbioportal_alterations.csv,P-0000165-T01-IM3,2026-10-03,901439d00f53aaac7cba1f17b89ed2231f6c053af64bab1cd501a5a0716dfd5b
P-0000205-T01-IM3,EGFR,missense_mutation,EGFR L858 missense,L858R,cBioPortal,unknown,/Users/vasilvasilev/Desktop/cell/data/raw/cbioportal_alterations.csv,P-0000205-T01-IM3,2026-10-03,901439d00f53aaac7cba1f17b89ed2231f6c053af64bab1cd501a5a0716dfd5b
P-0000219-T01-IM3,EGFR,in_frame_del,E746_A750del,E746_A750del,cBioPortal,unknown,/Users/vasilvasilev/Desktop/cell/data/raw/cbioportal_alterations.csv,P-0000219-T01-IM3,2026-10-03,901439d00f53aaac7cba1f17b89ed2231f6c053af64bab1cd501a5a0716dfd5b
P-0000280-T01-IM3,EGFR,missense_mutation,EGFR L858 missense,L858R,cBioPortal,unknown,/Users/vasilvasilev/Desktop/cell/data/raw/cbioportal_alterations.csv,P-0000280-T01-IM3,2026-10-03,901439d00f53aaac7cba1f17b89ed2231f6c053af64bab1cd501a5a0716dfd5b
P-0000289-T01-IM3,MET,splice_site,MET truncating,X1006_splice,cBioPortal,unknown,/Users/vasilvasilev/Desktop/cell/data/raw/cbioportal_alterations.csv,P-0000289-T01-IM3,2026-10-03,901439d00f53aaac7cba1f17b89ed2231f6c053af64bab1cd501a5a0716dfd5b
P-0000301-T01-IM3,EGFR,in_frame_del,L747_P753delinsS,L747_P753delinsS,cBioPortal,unknown,/Users/vasilvasilev/Desktop/cell/data/raw/cbioportal_alterations.csv,P-0000301-T01-IM3,2026-10-03,901439d00f53aaac7cba1f17b89ed2231f6c053af64bab1cd501a5a0716dfd5b
P-0000316-T01-IM3,EGFR,missense_mutation,EGFR M277 missense,M277E,cBioPortal,unknown,/Users/vasilvasilev/Desktop/cell/data/raw/cbioportal_alterations.csv,P-0000316-T01-IM3,2026-10-03,901439d00f53aaac7cba1f17b89ed2231f6c053af64bab1cd501a5a0716dfd5b
P-0000347-T01-IM3,EGFR,missense_mutation,EGFR T790 missense,T790M,cBioPortal,unknown,/Users/vasilvasilev/Desktop/cell/data/raw/cbioportal_alterations.csv,P-0000347-T01-IM3,2026-10-03,901439d00f53aaac7cba1f17b89ed2231f6c053af64bab1cd501a5a0716dfd5b
P-0000347-T01-IM3,EGFR,in_frame_del,E746_A750del,E746_A750del,cBioPortal,unknown,/Users/vasilvasilev/Desktop/cell/data/raw/cbioportal_alterations.csv,P-0000347-T01-IM3,2026-10-03,901439d00f53aaac7cba1f17b89ed2231f6c053af64bab1cd501a5a0716dfd5b
P-0000348-T01-IM3,EGFR,missense_mutation,EGFR L747 missense,L747P,cBioPortal,unknown,/Users/vasilvasilev/Desktop/cell/data/raw/cbioportal_alterations.csv,P-0000348-T01-IM3,2026-10-03,901439d00f53aaac7cba1f17b89ed2231f6c053af64bab1cd501a5a0716dfd5b
P-0000352-T01-IM3,EGFR,missense_mutation,EGFR L858 missense,L858R,cBioPortal,unknown,/Users/vasilvasilev/Desktop/cell/data/raw/cbioportal_alterations.csv,P-0000352-T01-IM3,2026-10-03,901439d00f53aaac7cba1f17b89ed2231f6c053af64bab1cd501a5a0716dfd5b
P-0000352-T01-IM3,EGFR,missense_mutation,EGFR L833 missense,L833V,cBioPortal,unknown,/Users/vasilvasilev/Desktop/cell/data/raw/cbioportal_alterations.csv,P-0000352-T01-IM3,2026-10-03,901439d00f53aaac7cba1f17b89ed2231f6c053af64bab1cd501a5a0716dfd5b
P-0000370-T01-IM3,EGFR,missense_mutation,MD277IY,MD277IY,cBioPortal,unknown,/Users/vasilvasilev/Desktop/cell/data/raw/cbioportal_alterations.csv,P-0000370-T01-IM3,2026-10-03,901439d00f53aaac7cba1f17b89ed2231f6c053af64bab1cd501a5a0716dfd5b
P-0000370-T01-IM3,EGFR,missense_mutation,EGFR L858 missense,L858R,cBioPortal,unknown,/Users/vasilvasilev/Desktop/cell/data/raw/cbioportal_alterations.csv,P-0000370-T01-IM3,2026-10-03,901439d00f53aaac7cba1f17b89ed2231f6c053af64bab1cd501a5a0716dfd5b
P-0000390-T01-IM3,EGFR,missense_mutation,EGFR L858 missense,L858R,cBioPortal,unknown,/Users/vasilvasilev/Desktop/cell/data/raw/cbioportal_alterations.csv,P-0000390-T01-IM3,2026-10-03,901439d00f53aaac7cba1f17b89ed2231f6c053af64bab1cd501a5a0716dfd5b
P-0000571-T01-IM3,EGFR,in_frame_ins,N771_H773dup,N771_H773dup,cBioPortal,unknown,/Users/vasilvasilev/Desktop/cell/data/raw/cbioportal_alterations.csv,P-0000571-T01-IM3,2026-10-03,901439d00f53aaac7cba1f17b89ed2231f6c053af64bab1cd501a5a0716dfd5b
P-0000580-T01-IM3,EGFR,missense_mutation,EGFR T790 missense,T790M,cBioPortal,unknown,/Users/vasilvasilev/Desktop/cell/data/raw/cbioportal_alterations.csv,P-0000580-T01-IM3,2026-10-03,901439d00f53aaac7cba1f17b89ed2231f6c053af64bab1cd501a5a0716dfd5b
P-0000580-T01-IM3,EGFR,missense_mutation,EGFR L858 missense,L858R,cBioPortal,unknown,/Users/vasilvasilev/Desktop/cell/data/raw/cbioportal_alterations.csv,P-0000580-T01-IM3,2026-10-03,901439d00f53aaac7cba1f17b89ed2231f6c053af64bab1cd501a5a0716dfd5b
P-0000583-T01-IM3,EGFR,missense_mutation,EGFR T790 missense,T790M,cBioPortal,unknown,/Users/vasilvasilev/Desktop/cell/data/raw/cbioportal_alterations.csv,P-0000583-T01-IM3,2026-10-03,901439d00f53aaac7cba1f17b89ed2231f6c053af64bab1cd501a5a0716dfd5b
P-0000583-T01-IM3,EGFR,missense_mutation,EGFR L861 missense,L861Q,cBioPortal,unknown,/Users/vasilvasilev/Desktop/cell/data/raw/cbioportal_alterations.csv,P-0000583-T01-IM3,2026-10-03,901439d00f53aaac7cba1f17b89ed2231f6c053af64bab1cd501a5a0716dfd5b
P-0000628-T01-IM3,EGFR,in_frame_del,L747_P753delinsS,L747_P753delinsS,cBioPortal,unknown,/Users/vasilvasilev/Desktop/cell/data/raw/cbioportal_alterations.csv,P-0000628-T01-IM3,2026-10-03,901439d00f53aaac7cba1f17b89ed2231f6c053af64bab1cd501a5a0716dfd5b
P-0000628-T02-IM5,EGFR,missense_mutation,EGFR T790 missense,T790M,cBioPortal,unknown,/Users/vasilvasilev/Desktop/cell/data/raw/cbioportal_alterations.csv,P-0000628-T02-IM5,2026-10-03,901439d00f53aaac7cba1f17b89ed2231f6c053af64bab1cd501a5a0716dfd5b
P-0000628-T02-IM5,EGFR,in_frame_del,L747_P753delinsS,L747_P753delinsS,cBioPortal,unknown,/Users/vasilvasilev/Desktop/cell/data/raw/cbioportal_alterations.csv,P-0000628-T02-IM5,2026-10-03,901439d00f53aaac7cba1f17b89ed2231f6c053af64bab1cd501a5a0716dfd5b
P-0000630-T01-IM3,EGFR,missense_mutation,EGFR G719 missense,G719S,cBioPortal,unknown,/Users/vasilvasilev/Desktop/cell/data/raw/cbioportal_alterations.csv,P-0000630-T01-IM3,2026-10-03,901439d00f53aaac7cba1f17b89ed2231f6c053af64bab1cd501a5a0716dfd5b
P-0000630-T01-IM3,EGFR,missense_mutation,EGFR E709 missense,E709K,cBioPortal,unknown,/Users/vasilvasilev/Desktop/cell/data/raw/cbioportal_alterations.csv,P-0000630-T01-IM3,2026-10-03,901439d00f53aaac7cba1f17b89ed2231f6c053af64bab1cd501a5a0716dfd5b
P-0000636-T01-IM3,EGFR,in_frame_del,E746_A750del,E746_A750del,cBioPortal,unknown,/Users/vasilvasilev/Desktop/cell/data/raw/cbioportal_alterations.csv,P-0000636-T01-IM3,2026-10-03,901439d00f53aaac7cba1f17b89ed2231f6c053af64bab1cd501a5a0716dfd5b
P-0000642-T01-IM3,EGFR,in_frame_ins,H773dup,H773dup,cBioPortal,unknown,/Users/vasilvasilev/Desktop/cell/data/raw/cbioportal_alterations.csv,P-0000642-T01-IM3,2026-10-03,901439d00f53aaac7cba1f17b89ed2231f6c053af64bab1cd501a5a0716dfd5b
P-0000670-T01-IM3,EGFR,in_frame_ins,P772_H773dup,P772_H773dup,cBioPortal,unknown,/Users/vasilvasilev/Desktop/cell/data/raw/cbioportal_alterations.csv,P-0000670-T01-IM3,2026-10-03,901439d00f53aaac7cba1f17b89ed2231f6c053af64bab1cd501a5a0716dfd5b
P-0000681-T01-IM3,EGFR,missense_mutation,EGFR G719 missense,G719A,cBioPortal,unknown,/Users/vasilvasilev/Desktop/cell/data/raw/cbioportal_alterations.csv,P-0000681-T01-IM3,2026-10-03,901439d00f53aaac7cba1f17b89ed2231f6c053af64bab1cd501a5a0716dfd5b
P-0000681-T02-IM5,EGFR,missense_mutation,EGFR G719 missense,G719A,cBioPortal,unknown,/Users/vasilvasilev/Desktop/cell/data/raw/cbioportal_alterations.csv,P-0000681-T02-IM5,2026-10-03,901439d00f53aaac7cba1f17b89ed2231f6c053af64bab1cd501a5a0716dfd5b
P-0000731-T01-IM3,MET,frame_shift_del,MET truncating,S204Ifs*12,cBioPortal,unknown,/Users/vasilvasilev/Desktop/cell/data/raw/cbioportal_alterations.csv,P-0000731-T01-IM3,2026-10-03,901439d00f53aaac7cba1f17b89ed2231f6c053af64bab1cd501a5a0716dfd5b
P-0000731-T01-IM3,MET,splice_site,MET truncating,X963_splice,cBioPortal,unknown,/Users/vasilvasilev/Desktop/cell/data/raw/cbioportal_alterations.csv,P-0000731-T01-IM3,2026-10-03,901439d00f53aaac7cba1f17b89ed2231f6c053af64bab1cd501a5a0716dfd5b
P-0000774-T01-IM3,EGFR,missense_mutation,EGFR T790 missense,T790M,cBioPortal,unknown,/Users/vasilvasilev/Desktop/cell/data/raw/cbioportal_alterations.csv,P-0000774-T01-IM3,2026-10-03,901439d00f53aaac7cba1f17b89ed2231f6c053af64bab1cd501a5a0716dfd5b
P-0000774-T01-IM3,EGFR,in_frame_del,E746_A750del,E746_A750del,cBioPortal,unknown,/Users/vasilvasilev/Desktop/cell/data/raw/cbioportal_alterations.csv,P-0000774-T01-IM3,2026-10-03,901439d00f53aaac7cba1f17b89ed2231f6c053af64bab1cd501a5a0716dfd5b
P-0000785-T01-IM3,EGFR,missense_mutation,EGFR G221 missense,G221V,cBioPortal,unknown,/Users/vasilvasilev/Desktop/cell/data/raw/cbioportal_alterations.csv,P-0000785-T01-IM3,2026-10-03,901439d00f53aaac7cba1f17b89ed2231f6c053af64bab1cd501a5a0716dfd5b
P-0000785-T01-IM3,EGFR,missense_mutation,EGFR L858 missense,L858R,cBioPortal,unknown,/Users/vasilvasilev/Desktop/cell/data/raw/cbioportal_alterations.csv,P-0000785-T01-IM3,2026-10-03,901439d00f53aaac7cba1f17b89ed2231f6c053af64bab1cd501a5a0716dfd5b
P-0000838-T01-IM3,MET,splice_site,MET truncating,X1010_splice,cBioPortal,unknown,/Users/vasilvasilev/Desktop/cell/data/raw/cbioportal_alterations.csv,P-0000838-T01-IM3,2026-10-03,901439d00f53aaac7cba1f17b89ed2231f6c053af64bab1cd501a5a0716dfd5b
P-0000894-T01-IM3,EGFR,missense_mutation,EGFR H870 missense,H870R,cBioPortal,unknown,/Users/vasilvasilev/Desktop/cell/data/raw/cbioportal_alterations.csv,P-0000894-T01-IM3,2026-10-03,901439d00f53aaac7cba1f17b89ed2231f6c053af64bab1cd501a5a0716dfd5b
P-0000894-T01-IM3,EGFR,missense_mutation,EGFR L858 missense,L858R,cBioPortal,unknown,/Users/vasilvasilev/Desktop/cell/data/raw/cbioportal_alterations.csv,P-0000894-T01-IM3,2026-10-03,901439d00f53aaac7cba1f17b89ed2231f6c053af64bab1cd501a5a0716dfd5b
P-0000894-T01-IM3,EGFR,missense_mutation,EGFR S306 missense,S306L,cBioPortal,unknown,/Users/vasilvasilev/Desktop/cell/data/raw/cbioportal_alterations.csv,P-0000894-T01-IM3,2026-10-03,901439d00f53aaac7cba1f17b89ed2231f6c053af64bab1cd501a5a0716dfd5b
P-0000900-T01-IM3,EGFR,missense_mutation,EGFR L858 missense,L858R,cBioPortal,unknown,/Users/vasilvasilev/Desktop/cell/data/raw/cbioportal_alterations.csv,P-0000900-T01-IM3,2026-10-03,901439d00f53aaac7cba1f17b89ed2231f6c053af64bab1cd501a5a0716dfd5b
P-0000913-T02-IM5,EGFR,in_frame_del,E746_A750del,E746_A750del,cBioPortal,unknown,/Users/vasilvasilev/Desktop/cell/data/raw/cbioportal_alterations.csv,P-0000913-T02-IM5,2026-10-03,901439d00f53aaac7cba1f17b89ed2231f6c053af64bab1cd501a5a0716dfd5b
P-0000913-T03-IM5,EGFR,missense_mutation,EGFR T790 missense,T790M,cBioPortal,unknown,/Users/vasilvasilev/Desktop/cell/data/raw/cbioportal_alterations.csv,P-0000913-T03-IM5,2026-10-03,901439d00f53aaac7cba1f17b89ed2231f6c053af64bab1cd501a5a0716dfd5b
P-0000913-T03-IM5,EGFR,in_frame_del,E746_A750del,E746_A750del,cBioPortal,unknown,/Users/vasilvasilev/Desktop/cell/data/raw/cbioportal_alterations.csv,P-0000913-T03-IM5,2026-10-03,901439d00f53aaac7cba1f17b89ed2231f6c053af64bab1cd501a5a0716dfd5b
P-0000929-T01-IM3,EGFR,in_frame_del,E746_A750del,E746_A750del,cBioPortal,unknown,/Users/vasilvasilev/Desktop/cell/data/raw/cbioportal_alterations.csv,P-0000929-T01-IM3,2026-10-03,901439d00f53aaac7cba1f17b89ed2231f6c053af64bab1cd501a5a0716dfd5b
P-0000963-T01-IM3,EGFR,in_frame_del,E746_A750del,E746_A750del,cBioPortal,unknown,/Users/vasilvasilev/Desktop/cell/data/raw/cbioportal_alterations.csv,P-0000963-T01-IM3,2026-10-03,901439d00f53aaac7cba1f17b89ed2231f6c053af64bab1cd501a5a0716dfd5b
P-0000978-T02-IM5,MET,splice_site,MET truncating,X963_splice,cBioPortal,unknown,/Users/vasilvasilev/Desktop/cell/data/raw/cbioportal_alterations.csv,P-0000978-T02-IM5,2026-10-03,901439d00f53aaac7cba1f17b89ed2231f6c053af64bab1cd501a5a0716dfd5b
P-0000987-T01-IM3,EGFR,in_frame_del,E746_A750del,E746_A750del,cBioPortal,unknown,/Users/vasilvasilev/Desktop/cell/data/raw/cbioportal_alterations.csv,P-0000987-T01-IM3,2026-10-03,901439d00f53aaac7cba1f17b89ed2231f6c053af64bab1cd501a5a0716dfd5b
P-0001037-T01-IM3,MET,missense_mutation,MET D1010 missense,D1010H,cBioPortal,unknown,/Users/vasilvasilev/Desktop/cell/data/raw/cbioportal_alterations.csv,P-0001037-T01-IM3,2026-10-03,901439d00f53aaac7cba1f17b89ed2231f6c053af64bab1cd501a5a0716dfd5b
P-0001089-T01-IM3,MET,in_frame_del,V1001_F1007del,V1001_F1007del,cBioPortal,unknown,/Users/vasilvasilev/Desktop/cell/data/raw/cbioportal_alterations.csv,P-0001089-T01-IM3,2026-10-03,901439d00f53aaac7cba1f17b89ed2231f6c053af64bab1cd501a5a0716dfd5b
P-0001097-T01-IM3,EGFR,in_frame_del,E746_A750del,E746_A750del,cBioPortal,unknown,/Users/vasilvasilev/Desktop/cell/data/raw/cbioportal_alterations.csv,P-0001097-T01-IM3,2026-10-03,901439d00f53aaac7cba1f17b89ed2231f6c053af64bab1cd501a5a0716dfd5b
P-0001097-T02-IM5,EGFR,missense_mutation,EGFR T790 missense,T790M,cBioPortal,unknown,/Users/vasilvasilev/Desktop/cell/data/raw/cbioportal_alterations.csv,P-0001097-T02-IM5,2026-10-03,901439d00f53aaac7cba1f17b89ed2231f6c053af64bab1cd501a5a0716dfd5b
P-0001097-T02-IM5,EGFR,in_frame_del,E746_A750del,E746_A750del,cBioPortal,unknown,/Users/vasilvasilev/Desktop/cell/data/raw/cbioportal_alterations.csv,P-0001097-T02-IM5,2026-10-03,901439d00f53aaac7cba1f17b89ed2231f6c053af64bab1cd501a5a0716dfd5b
P-0001123-T01-IM3,EGFR,missense_mutation,EGFR L858 missense,L858R,cBioPortal,unknown,/Users/vasilvasilev/Desktop/cell/data/raw/cbioportal_alterations.csv,P-0001123-T01-IM3,2026-10-03,901439d00f53aaac7cba1f17b89ed2231f6c053af64bab1cd501a5a0716dfd5b
P-0001123-T02-IM5,EGFR,missense_mutation,EGFR L858 missense,L858R,cBioPortal,unknown,/Users/vasilvasilev/Desktop/cell/data/raw/cbioportal_alterations.csv,P-0001123-T02-IM5,2026-10-03,901439d00f53aaac7cba1f17b89ed2231f6c053af64bab1cd501a5a0716dfd5b
P-0001123-T02-IM5,MET,missense_mutation,MET S22 missense,S22N,cBioPortal,unknown,/Users/vasilvasilev/Desktop/cell/data/raw/cbioportal_alterations.csv,P-0001123-T02-IM5,2026-10-03,901439d00f53aaac7cba1f17b89ed2231f6c053af64bab1cd501a5a0716dfd5b
P-0001131-T01-IM3,EGFR,missense_mutation,EGFR L858 missense,L858R,cBioPortal,unknown,/Users/vasilvasilev/Desktop/cell/data/raw/cbioportal_alterations.csv,P-0001131-T01-IM3,2026-10-03,901439d00f53aaac7cba1f17b89ed2231f6c053af64bab1cd501a5a0716dfd5b
P-0001171-T01-IM3,EGFR,missense_mutation,EGFR V616 missense,V616L,cBioPortal,unknown,/Users/vasilvasilev/Desktop/cell/data/raw/cbioportal_alterations.csv,P-0001171-T01-IM3,2026-10-03,901439d00f53aaac7cba1f17b89ed2231f6c053af64bab1cd501a5a0716dfd5b
P-0001208-T01-IM3,MET,splice_site,MET truncating,X1010_splice,cBioPortal,unknown,/Users/vasilvasilev/Desktop/cell/data/raw/cbioportal_alterations.csv,P-0001208-T01-IM3,2026-10-03,901439d00f53aaac7cba1f17b89ed2231f6c053af64bab1cd501a5a0716dfd5b
P-0001241-T01-IM3,MET,missense_mutation,MET D1010 missense,D1010Y,cBioPortal,unknown,/Users/vasilvasilev/Desktop/cell/data/raw/cbioportal_alterations.csv,P-0001241-T01-IM3,2026-10-03,901439d00f53aaac7cba1f17b89ed2231f6c053af64bab1cd501a5a0716dfd5b
P-0001241-T02-IM3,MET,missense_mutation,MET D1010 missense,D1010Y,cBioPortal,unknown,/Users/vasilvasilev/Desktop/cell/data/raw/cbioportal_alterations.csv,P-0001241-T02-IM3,2026-10-03,901439d00f53aaac7cba1f17b89ed2231f6c053af64bab1cd501a5a0716dfd5b
P-0001278-T01-IM3,EGFR,missense_mutation,EGFR N103 missense,N103I,cBioPortal,unknown,/Users/vasilvasilev/Desktop/cell/data/raw/cbioportal_alterations.csv,P-0001278-T01-IM3,2026-10-03,901439d00f53aaac7cba1f17b89ed2231f6c053af64bab1cd501a5a0716dfd5b
P-0001296-T01-IM3,EGFR,missense_mutation,EGFR L858 missense,L858R,cBioPortal,unknown,/Users/vasilvasilev/Desktop/cell/data/raw/cbioportal_alterations.csv,P-0001296-T01-IM3,2026-10-03,901439d00f53aaac7cba1f17b89ed2231f6c053af64bab1cd501a5a0716dfd5b
P-0001296-T02-IM5,EGFR,missense_mutation,EGFR T790 missense,T790M,cBioPortal,unknown,/Users/vasilvasilev/Desktop/cell/data/raw/cbioportal_alterations.csv,P-0001296-T02-IM5,2026-10-03,901439d00f53aaac7cba1f17b89ed2231f6c053af64bab1cd501a5a0716dfd5b
P-0001296-T02-IM5,EGFR,missense_mutation,EGFR L858 missense,L858R,cBioPortal,unknown,/Users/vasilvasilev/Desktop/cell/data/raw/cbioportal_alterations.csv,P-0001296-T02-IM5,2026-10-03,901439d00f53aaac7cba1f17b89ed2231f6c053af64bab1cd501a5a0716dfd5b
P-0001300-T01-IM3,EGFR,missense_mutation,EGFR L858 missense,L858R,cBioPortal,unknown,/Users/vasilvasilev/Desktop/cell/data/raw/cbioportal_alterations.csv,P-0001300-T01-IM3,2026-10-03,901439d00f53aaac7cba1f17b89ed2231f6c053af64bab1cd501a5a0716dfd5b
P-0001300-T02-IM5,EGFR,missense_mutation,EGFR L858 missense,L858R,cBioPortal,unknown,/Users/vasilvasilev/Desktop/cell/data/raw/cbioportal_alterations.csv,P-0001300-T02-IM5,2026-10-03,901439d00f53aaac7cba1f17b89ed2231f6c053af64bab1cd501a5a0716dfd5b
P-0001303-T01-IM3,EGFR,missense_mutation,EGFR V689 missense,V689M,cBioPortal,unknown,/Users/vasilvasilev/Desktop/cell/data/raw/cbioportal_alterations.csv,P-0001303-T01-IM3,2026-10-03,901439d00f53aaac7cba1f17b89ed2231f6c053af64bab1cd501a5a0716dfd5b
P-0001303-T01-IM3,EGFR,missense_mutation,EGFR L858 missense,L858R,cBioPortal,unknown,/Users/vasilvasilev/Desktop/cell/data/raw/cbioportal_alterations.csv,P-0001303-T01-IM3,2026-10-03,901439d00f53aaac7cba1f17b89ed2231f6c053af64bab1cd501a5a0716dfd5b
P-0001303-T02-IM3,EGFR,missense_mutation,EGFR V689 missense,V689M,cBioPortal,unknown,/Users/vasilvasilev/Desktop/cell/data/raw/cbioportal_alterations.csv,P-0001303-T02-IM3,2026-10-03,901439d00f53aaac7cba1f17b89ed2231f6c053af64bab1cd501a5a0716dfd5b
P-0001303-T02-IM3,EGFR,missense_mutation,EGFR L858 missense,L858R,cBioPortal,unknown,/Users/vasilvasilev/Desktop/cell/data/raw/cbioportal_alterations.csv,P-0001303-T02-IM3,2026-10-03,901439d00f53aaac7cba1f17b89ed2231f6c053af64bab1cd501a5a0716dfd5b
P-0001303-T03-IM5,EGFR,missense_mutation,EGFR V689 missense,V689M,cBioPortal,unknown,/Users/vasilvasilev/Desktop/cell/data/raw/cbioportal_alterations.csv,P-0001303-T03-IM5,2026-10-03,901439d00f53aaac7cba1f17b89ed2231f6c053af64bab1cd501a5a0716dfd5b
P-0001303-T03-IM5,EGFR,missense_mutation,EGFR L858 missense,L858R,cBioPortal,unknown,/Users/vasilvasilev/Desktop/cell/data/raw/cbioportal_alterations.csv,P-0001303-T03-IM5,2026-10-03,901439d00f53aaac7cba1f17b89ed2231f6c053af64bab1cd501a5a0716dfd5b
P-0001328-T01-IM3,EGFR,missense_mutation,EGFR G5 missense,G5A,cBioPortal,unknown,/Users/vasilvasilev/Desktop/cell/data/raw/cbioportal_alterations.csv,P-0001328-T01-IM3,2026-10-03,901439d00f53aaac7cba1f17b89ed2231f6c053af64bab1cd501a5a0716dfd5b
P-0001328-T01-IM3,EGFR,missense_mutation,EGFR T790 missense,T790M,cBioPortal,unknown,/Users/vasilvasilev/Desktop/cell/data/raw/cbioportal_alterations.csv,P-0001328-T01-IM3,2026-10-03,901439d00f53aaac7cba1f17b89ed2231f6c053af64bab1cd501a5a0716dfd5b
P-0001328-T01-IM3,EGFR,missense_mutation,EGFR L858 missense,L858R,cBioPortal,unknown,/Users/vasilvasilev/Desktop/cell/data/raw/cbioportal_alterations.csv,P-0001328-T01-IM3,2026-10-03,901439d00f53aaac7cba1f17b89ed2231f6c053af64bab1cd501a5a0716dfd5b
P-0001328-T01-IM3,EGFR,missense_mutation,EGFR E709 missense,E709K,cBioPortal,unknown,/Users/vasilvasilev/Desktop/cell/data/raw/cbioportal_alterations.csv,P-0001328-T01-IM3,2026-10-03,901439d00f53aaac7cba1f17b89ed2231f6c053af64bab1cd501a5a0716dfd5b
P-0001357-T02-IM5,EGFR,missense_mutation,EGFR L858 missense,L858R,cBioPortal,unknown,/Users/vasilvasilev/Desktop/cell/data/raw/cbioportal_alterations.csv,P-0001357-T02-IM5,2026-10-03,901439d00f53aaac7cba1f17b89ed2231f6c053af64bab1cd501a5a0716dfd5b
P-0001368-T01-IM3,EGFR,in_frame_del,E746_A750del,E746_A750del,cBioPortal,unknown,/Users/vasilvasilev/Desktop/cell/data/raw/cbioportal_alterations.csv,P-0001368-T01-IM3,2026-10-03,901439d00f53aaac7cba1f17b89ed2231f6c053af64bab1cd501a5a0716dfd5b
P-0001389-T01-IM3,EGFR,in_frame_del,E746_A750del,E746_A750del,cBioPortal,unknown,/Users/vasilvasilev/Desktop/cell/data/raw/cbioportal_alterations.csv,P-0001389-T01-IM3,2026-10-03,901439d00f53aaac7cba1f17b89ed2231f6c053af64bab1cd501a5a0716dfd5b
P-0001442-T01-IM3,EGFR,missense_mutation,EGFR D761 missense,D761Y,cBioPortal,unknown,/Users/vasilvasilev/Desktop/cell/data/raw/cbioportal_alterations.csv,P-0001442-T01-IM3,2026-10-03,901439d00f53aaac7cba1f17b89ed2231f6c053af64bab1cd501a5a0716dfd5b
P-0001442-T01-IM3,EGFR,missense_mutation,EGFR L858 missense,L858R,cBioPortal,unknown,/Users/vasilvasilev/Desktop/cell/data/raw/cbioportal_alterations.csv,P-0001442-T01-IM3,2026-10-03,901439d00f53aaac7cba1f17b89ed2231f6c053af64bab1cd501a5a0716dfd5b
P-0001442-T02-IM5,EGFR,missense_mutation,EGFR D761 missense,D761Y,cBioPortal,unknown,/Users/vasilvasilev/Desktop/cell/data/raw/cbioportal_alterations.csv,P-0001442-T02-IM5,2026-10-03,901439d00f53aaac7cba1f17b89ed2231f6c053af64bab1cd501a5a0716dfd5b
P-0001442-T02-IM5,EGFR,missense_mutation,EGFR T790 missense,T790M,cBioPortal,unknown,/Users/vasilvasilev/Desktop/cell/data/raw/cbioportal_alterations.csv,P-0001442-T02-IM5,2026-10-03,901439d00f53aaac7cba1f17b89ed2231f6c053af64bab1cd501a5a0716dfd5b
P-0001442-T02-IM5,EGFR,missense_mutation,EGFR L858 missense,L858R,cBioPortal,unknown,/Users/vasilvasilev/Desktop/cell/data/raw/cbioportal_alterations.csv,P-0001442-T02-IM5,2026-10-03,901439d00f53aaac7cba1f17b89ed2231f6c053af64bab1cd501a5a0716dfd5b
P-0001506-T01-IM3,EGFR,missense_mutation,EGFR G911 missense,G911A,cBioPortal,unknown,/Users/vasilvasilev/Desktop/cell/data/raw/cbioportal_alterations.csv,P-0001506-T01-IM3,2026-10-03,901439d00f53aaac7cba1f17b89ed2231f6c053af64bab1cd501a5a0716dfd5b
P-0001506-T01-IM3,EGFR,missense_mutation,EGFR M945 missense,M945I,cBioPortal,unknown,/Users/vasilvasilev/Desktop/cell/data/raw/cbioportal_alterations.csv,P-0001506-T01-IM3,2026-10-03,901439d00f53aaac7cba1f17b89ed2231f6c053af64bab1cd501a5a0716dfd5b
P-0001514-T01-IM3,EGFR,missense_mutation,EGFR L858 missense,L858R,cBioPortal,unknown,/Users/vasilvasilev/Desktop/cell/data/raw/cbioportal_alterations.csv,P-0001514-T01-IM3,2026-10-03,901439d00f53aaac7cba1f17b89ed2231f6c053af64bab1cd501a5a0716dfd5b
P-0001546-T02-IM5,MET,splice_site,MET truncating,X1010_splice,cBioPortal,unknown,/Users/vasilvasilev/Desktop/cell/data/raw/cbioportal_alterations.csv,P-0001546-T02-IM5,2026-10-03,901439d00f53aaac7cba1f17b89ed2231f6c053af64bab1cd501a5a0716dfd5b
P-0001553-T02-IM5,EGFR,in_frame_del,E746_A750delinsD,E746_A750delinsD,cBioPortal,unknown,/Users/vasilvasilev/Desktop/cell/data/raw/cbioportal_alterations.csv,P-0001553-T02-IM5,2026-10-03,901439d00f53aaac7cba1f17b89ed2231f6c053af64bab1cd501a5a0716dfd5b
P-0001613-T01-IM3,EGFR,missense_mutation,EGFR L858 missense,L858R,cBioPortal,unknown,/Users/vasilvasilev/Desktop/cell/data/raw/cbioportal_alterations.csv,P-0001613-T01-IM3,2026-10-03,901439d00f53aaac7cba1f17b89ed2231f6c053af64bab1cd501a5a0716dfd5b
P-0001613-T01-IM3,EGFR,missense_mutation,EGFR E709 missense,E709K,cBioPortal,unknown,/Users/vasilvasilev/Desktop/cell/data/raw/cbioportal_alterations.csv,P-0001613-T01-IM3,2026-10-03,901439d00f53aaac7cba1f17b89ed2231f6c053af64bab1cd501a5a0716dfd5b
P-0001613-T02-IM5,EGFR,missense_mutation,EGFR L858 missense,L858R,cBioPortal,unknown,/Users/vasilvasilev/Desktop/cell/data/raw/cbioportal_alterations.csv,P-0001613-T02-IM5,2026-10-03,901439d00f53aaac7cba1f17b89ed2231f6c053af64bab1cd501a5a0716dfd5b
P-0001625-T01-IM3,EGFR,in_frame_del,E746_S752delinsV,E746_S752delinsV,cBioPortal,unknown,/Users/vasilvasilev/Desktop/cell/data/raw/cbioportal_alterations.csv,P-0001625-T01-IM3,2026-10-03,901439d00f53aaac7cba1f17b89ed2231f6c053af64bab1cd501a5a0716dfd5b
P-0001665-T01-IM3,EGFR,in_frame_ins,H773dup,H773dup,cBioPortal,unknown,/Users/vasilvasilev/Desktop/cell/data/raw/cbioportal_alterations.csv,P-0001665-T01-IM3,2026-10-03,901439d00f53aaac7cba1f17b89ed2231f6c053af64bab1cd501a5a0716dfd5b
P-0001707-T01-IM3,EGFR,missense_mutation,EGFR L858 missense,L858R,cBioPortal,unknown,/Users/vasilvasilev/Desktop/cell/data/raw/cbioportal_alterations.csv,P-0001707-T01-IM3,2026-10-03,901439d00f53aaac7cba1f17b89ed2231f6c053af64bab1cd501a5a0716dfd5b
P-0001726-T01-IM3,EGFR,in_frame_del,E746_A750del,E746_A750del,cBioPortal,unknown,/Users/vasilvasilev/Desktop/cell/data/raw/cbioportal_alterations.csv,P-0001726-T01-IM3,2026-10-03,901439d00f53aaac7cba1f17b89ed2231f6c053af64bab1cd501a5a0716dfd5b
P-0001750-T01-IM3,EGFR,in_frame_del,L747_P753delinsS,L747_P753delinsS,cBioPortal,unknown,/Users/vasilvasilev/Desktop/cell/data/raw/cbioportal_alterations.csv,P-0001750-T01-IM3,2026-10-03,901439d00f53aaac7cba1f17b89ed2231f6c053af64bab1cd501a5a0716dfd5b
P-0001766-T01-IM3,EGFR,in_frame_del,E746_A750del,E746_A750del,cBioPortal,unknown,/Users/vasilvasilev/Desktop/cell/data/raw/cbioportal_alterations.csv,P-0001766-T01-IM3,2026-10-03,901439d00f53aaac7cba1f17b89ed2231f6c053af64bab1cd501a5a0716dfd5b
P-0001813-T01-IM3,MET,splice_site,MET truncating,X1008_splice,cBioPortal,unknown,/Users/vasilvasilev/Desktop/cell/data/raw/cbioportal_alterations.csv,P-0001813-T01-IM3,2026-10-03,901439d00f53aaac7cba1f17b89ed2231f6c053af64bab1cd501a5a0716dfd5b
P-0001813-T02-IM3,MET,splice_site,MET truncating,X1008_splice,cBioPortal,unknown,/Users/vasilvasilev/Desktop/cell/data/raw/cbioportal_alterations.csv,P-0001813-T02-IM3,2026-10-03,901439d00f53aaac7cba1f17b89ed2231f6c053af64bab1cd501a5a0716dfd5b
P-0001817-T01-IM3,EGFR,in_frame_del,E746_A750del,E746_A750del,cBioPortal,unknown,/Users/vasilvasilev/Desktop/cell/data/raw/cbioportal_alterations.csv,P-0001817-T01-IM3,2026-10-03,901439d00f53aaac7cba1f17b89ed2231f6c053af64bab1cd501a5a0716dfd5b
P-0001817-T02-IM5,EGFR,missense_mutation,EGFR T790 missense,T790M,cBioPortal,unknown,/Users/vasilvasilev/Desktop/cell/data/raw/cbioportal_alterations.csv,P-0001817-T02-IM5,2026-10-03,901439d00f53aaac7cba1f17b89ed2231f6c053af64bab1cd501a5a0716dfd5b
P-0001817-T02-IM5,EGFR,in_frame_del,E746_A750del,E746_A750del,cBioPortal,unknown,/Users/vasilvasilev/Desktop/cell/data/raw/cbioportal_alterations.csv,P-0001817-T02-IM5,2026-10-03,901439d00f53aaac7cba1f17b89ed2231f6c053af64bab1cd501a5a0716dfd5b
P-0001826-T01-IM3,EGFR,missense_mutation,EGFR T790 missense,T790M,cBioPortal,unknown,/Users/vasilvasilev/Desktop/cell/data/raw/cbioportal_alterations.csv,P-0001826-T01-IM3,2026-10-03,901439d00f53aaac7cba1f17b89ed2231f6c053af64bab1cd501a5a0716dfd5b
P-0001826-T01-IM3,EGFR,missense_mutation,EGFR L858 missense,L858R,cBioPortal,unknown,/Users/vasilvasilev/Desktop/cell/data/raw/cbioportal_alterations.csv,P-0001826-T01-IM3,2026-10-03,901439d00f53aaac7cba1f17b89ed2231f6c053af64bab1cd501a5a0716dfd5b
P-0001832-T01-IM3,EGFR,in_frame_del,L747_T751del,L747_T751del,cBioPortal,unknown,/Users/vasilvasilev/Desktop/cell/data/raw/cbioportal_alterations.csv,P-0001832-T01-IM3,2026-10-03,901439d00f53aaac7cba1f17b89ed2231f6c053af64bab1cd501a5a0716dfd5b
P-0001894-T01-IM3,EGFR,in_frame_del,E746_A750del,E746_A750del,cBioPortal,unknown,/Users/vasilvasilev/Desktop/cell/data/raw/cbioportal_alterations.csv,P-0001894-T01-IM3,2026-10-03,901439d00f53aaac7cba1f17b89ed2231f6c053af64bab1cd501a5a0716dfd5b
P-0001972-T01-IM3,EGFR,in_frame_ins,N771delinsSTH,N771delinsSTH,cBioPortal,unknown,/Users/vasilvasilev/Desktop/cell/data/raw/cbioportal_alterations.csv,P-0001972-T01-IM3,2026-10-03,901439d00f53aaac7cba1f17b89ed2231f6c053af64bab1cd501a5a0716dfd5b
P-0002026-T01-IM3,EGFR,missense_mutation,EGFR G719 missense,G719A,cBioPortal,unknown,/Users/vasilvasilev/Desktop/cell/data/raw/cbioportal_alterations.csv,P-0002026-T01-IM3,2026-10-03,901439d00f53aaac7cba1f17b89ed2231f6c053af64bab1cd501a5a0716dfd5b
P-0002038-T01-IM3,EGFR,missense_mutation,EGFR L747 missense,L747P,cBioPortal,unknown,/Users/vasilvasilev/Desktop/cell/data/raw/cbioportal_alterations.csv,P-0002038-T01-IM3,2026-10-03,901439d00f53aaac7cba1f17b89ed2231f6c053af64bab1cd501a5a0716dfd5b
P-0002054-T01-IM3,EGFR,missense_mutation,EGFR A955 missense,A955T,cBioPortal,unknown,/Users/vasilvasilev/Desktop/cell/data/raw/cbioportal_alterations.csv,P-0002054-T01-IM3,2026-10-03,901439d00f53aaac7cba1f17b89ed2231f6c053af64bab1cd501a5a0716dfd5b
P-0002085-T01-IM3,EGFR,missense_mutation,EGFR T854 missense,T854S,cBioPortal,unknown,/Users/vasilvasilev/Desktop/cell/data/raw/cbioportal_alterations.csv,P-0002085-T01-IM3,2026-10-03,901439d00f53aaac7cba1f17b89ed2231f6c053af64bab1cd501a5a0716dfd5b
P-0002085-T01-IM3,EGFR,missense_mutation,EGFR L858 missense,L858R,cBioPortal,unknown,/Users/vasilvasilev/Desktop/cell/data/raw/cbioportal_alterations.csv,P-0002085-T01-IM3,2026-10-03,901439d00f53aaac7cba1f17b89ed2231f6c053af64bab1cd501a5a0716dfd5b
P-0002085-T02-IM5,EGFR,missense_mutation,EGFR T854 missense,T854S,cBioPortal,unknown,/Users/vasilvasilev/Desktop/cell/data/raw/cbioportal_alterations.csv,P-0002085-T02-IM5,2026-10-03,901439d00f53aaac7cba1f17b89ed2231f6c053af64bab1cd501a5a0716dfd5b
P-0002085-T02-IM5,EGFR,missense_mutation,EGFR T790 missense,T790M,cBioPortal,unknown,/Users/vasilvasilev/Desktop/cell/data/raw/cbioportal_alterations.csv,P-0002085-T02-IM5,2026-10-03,901439d00f53aaac7cba1f17b89ed2231f6c053af64bab1cd501a5a0716dfd5b
P-0002085-T02-IM5,EGFR,missense_mutation,EGFR L858 missense,L858R,cBioPortal,unknown,/Users/vasilvasilev/Desktop/cell/data/raw/cbioportal_alterations.csv,P-0002085-T02-IM5,2026-10-03,901439d00f53aaac7cba1f17b89ed2231f6c053af64bab1cd501a5a0716dfd5b
P-0002091-T01-IM3,EGFR,in_frame_del,E746_A750del,E746_A750del,cBioPortal,unknown,/Users/vasilvasilev/Desktop/cell/data/raw/cbioportal_alterations.csv,P-0002091-T01-IM3,2026-10-03,901439d00f53aaac7cba1f17b89ed2231f6c053af64bab1cd501a5a0716dfd5b
P-0002091-T02-IM5,EGFR,missense_mutation,EGFR T790 missense,T790M,cBioPortal,unknown,/Users/vasilvasilev/Desktop/cell/data/raw/cbioportal_alterations.csv,P-0002091-T02-IM5,2026-10-03,901439d00f53aaac7cba1f17b89ed2231f6c053af64bab1cd501a5a0716dfd5b
P-0002091-T02-IM5,EGFR,in_frame_del,E746_A750del,E746_A750del,cBioPortal,unknown,/Users/vasilvasilev/Desktop/cell/data/raw/cbioportal_alterations.csv,P-0002091-T02-IM5,2026-10-03,901439d00f53aaac7cba1f17b89ed2231f6c053af64bab1cd501a5a0716dfd5b
P-0002105-T01-IM3,EGFR,missense_mutation,EGFR I213 missense,I213M,cBioPortal,unknown,/Users/vasilvasilev/Desktop/cell/data/raw/cbioportal_alterations.csv,P-0002105-T01-IM3,2026-10-03,901439d00f53aaac7cba1f17b89ed2231f6c053af64bab1cd501a5a0716dfd5b
P-0002160-T01-IM3,EGFR,splice_site,EGFR truncating,X210_splice,cBioPortal,unknown,/Users/vasilvasilev/Desktop/cell/data/raw/cbioportal_alterations.csv,P-0002160-T01-IM3,2026-10-03,901439d00f53aaac7cba1f17b89ed2231f6c053af64bab1cd501a5a0716dfd5b
P-0002207-T01-IM3,EGFR,missense_mutation,EGFR L858 missense,L858R,cBioPortal,unknown,/Users/vasilvasilev/Desktop/cell/data/raw/cbioportal_alterations.csv,P-0002207-T01-IM3,2026-10-03,901439d00f53aaac7cba1f17b89ed2231f6c053af64bab1cd501a5a0716dfd5b
P-0002218-T01-IM3,EGFR,in_frame_del,E746_A750del,E746_A750del,cBioPortal,unknown,/Users/vasilvasilev/Desktop/cell/data/raw/cbioportal_alterations.csv,P-0002218-T01-IM3,2026-10-03,901439d00f53aaac7cba1f17b89ed2231f6c053af64bab1cd501a5a0716dfd5b
P-0002218-T02-IM5,EGFR,missense_mutation,EGFR T790 missense,T790M,cBioPortal,unknown,/Users/vasilvasilev/Desktop/cell/data/raw/cbioportal_alterations.csv,P-0002218-T02-IM5,2026-10-03,901439d00f53aaac7cba1f17b89ed2231f6c053af64bab1cd501a5a0716dfd5b
P-0002218-T02-IM5,EGFR,in_frame_del,E746_A750del,E746_A750del,cBioPortal,unknown,/Users/vasilvasilev/Desktop/cell/data/raw/cbioportal_alterations.csv,P-0002218-T02-IM5,2026-10-03,901439d00f53aaac7cba1f17b89ed2231f6c053af64bab1cd501a5a0716dfd5b
P-0002309-T01-IM3,EGFR,missense_mutation,EGFR T790 missense,T790M,cBioPortal,unknown,/Users/vasilvasilev/Desktop/cell/data/raw/cbioportal_alterations.csv,P-0002309-T01-IM3,2026-10-03,901439d00f53aaac7cba1f17b89ed2231f6c053af64bab1cd501a5a0716dfd5b
P-0002309-T01-IM3,EGFR,in_frame_del,E746_A750del,E746_A750del,cBioPortal,unknown,/Users/vasilvasilev/Desktop/cell/data/raw/cbioportal_alterations.csv,P-0002309-T01-IM3,2026-10-03,901439d00f53aaac7cba1f17b89ed2231f6c053af64bab1cd501a5a0716dfd5b
P-0002329-T01-IM3,EGFR,missense_mutation,EGFR S768 missense,S768I,cBioPortal,unknown,/Users/vasilvasilev/Desktop/cell/data/raw/cbioportal_alterations.csv,P-0002329-T01-IM3,2026-10-03,901439d00f53aaac7cba1f17b89ed2231f6c053af64bab1cd501a5a0716dfd5b
P-0002329-T01-IM3,EGFR,missense_mutation,EGFR G719 missense,G719C,cBioPortal,unknown,/Users/vasilvasilev/Desktop/cell/data/raw/cbioportal_alterations.csv,P-0002329-T01-IM3,2026-10-03,901439d00f53aaac7cba1f17b89ed2231f6c053af64bab1cd501a5a0716dfd5b
P-0002338-T01-IM3,EGFR,in_frame_del,E746_A750del,E746_A750del,cBioPortal,unknown,/Users/vasilvasilev/Desktop/cell/data/raw/cbioportal_alterations.csv,P-0002338-T01-IM3,2026-10-03,901439d00f53aaac7cba1f17b89ed2231f6c053af64bab1cd501a5a0716dfd5b
P-0002403-T01-IM3,EGFR,missense_mutation,EGFR L858 missense,L858R,cBioPortal,unknown,/Users/vasilvasilev/Desktop/cell/data/raw/cbioportal_alterations.csv,P-0002403-T01-IM3,2026-10-03,901439d00f53aaac7cba1f17b89ed2231f6c053af64bab1cd501a5a0716dfd5b
P-0002423-T01-IM3,EGFR,in_frame_ins,N771_P772insV,N771_P772insV,cBioPortal,unknown,/Users/vasilvasilev/Desktop/cell/data/raw/cbioportal_alterations.csv,P-0002423-T01-IM3,2026-10-03,901439d00f53aaac7cba1f17b89ed2231f6c053af64bab1cd501a5a0716dfd5b
P-0002425-T01-IM3,EGFR,in_frame_del,E746_A750del,E746_A750del,cBioPortal,unknown,/Users/vasilvasilev/Desktop/cell/data/raw/cbioportal_alterations.csv,P-0002425-T01-IM3,2026-10-03,901439d00f53aaac7cba1f17b89ed2231f6c053af64bab1cd501a5a0716dfd5b
P-0002426-T01-IM3,EGFR,in_frame_del,E746_A750del,E746_A750del,cBioPortal,unknown,/Users/vasilvasilev/Desktop/cell/data/raw/cbioportal_alterations.csv,P-0002426-T01-IM3,2026-10-03,901439d00f53aaac7cba1f17b89ed2231f6c053af64bab1cd501a5a0716dfd5b
P-0002446-T01-IM3,EGFR,missense_mutation,EGFR L861 missense,L861Q,cBioPortal,unknown,/Users/vasilvasilev/Desktop/cell/data/raw/cbioportal_alterations.csv,P-0002446-T01-IM3,2026-10-03,901439d00f53aaac7cba1f17b89ed2231f6c053af64bab1cd501a5a0716dfd5b
P-0002451-T01-IM3,EGFR,in_frame_ins,A767_V769dup,A767_V769dup,cBioPortal,unknown,/Users/vasilvasilev/Desktop/cell/data/raw/cbioportal_alterations.csv,P-0002451-T01-IM3,2026-10-03,901439d00f53aaac7cba1f17b89ed2231f6c053af64bab1cd501a5a0716dfd5b
P-0002451-T02-IM5,EGFR,in_frame_ins,A767_V769dup,A767_V769dup,cBioPortal,unknown,/Users/vasilvasilev/Desktop/cell/data/raw/cbioportal_alterations.csv,P-0002451-T02-IM5,2026-10-03,901439d00f53aaac7cba1f17b89ed2231f6c053af64bab1cd501a5a0716dfd5b
P-0002489-T01-IM3,EGFR,missense_mutation,EGFR G719 missense,G719S,cBioPortal,unknown,/Users/vasilvasilev/Desktop/cell/data/raw/cbioportal_alterations.csv,P-0002489-T01-IM3,2026-10-03,901439d00f53aaac7cba1f17b89ed2231f6c053af64bab1cd501a5a0716dfd5b
P-0002489-T01-IM3,EGFR,missense_mutation,EGFR E709 missense,E709K,cBioPortal,unknown,/Users/vasilvasilev/Desktop/cell/data/raw/cbioportal_alterations.csv,P-0002489-T01-IM3,2026-10-03,901439d00f53aaac7cba1f17b89ed2231f6c053af64bab1cd501a5a0716dfd5b
P-0002491-T01-IM3,EGFR,missense_mutation,EGFR T790 missense,T790M,cBioPortal,unknown,/Users/vasilvasilev/Desktop/cell/data/raw/cbioportal_alterations.csv,P-0002491-T01-IM3,2026-10-03,901439d00f53aaac7cba1f17b89ed2231f6c053af64bab1cd501a5a0716dfd5b
P-0002491-T01-IM3,EGFR,in_frame_del,E746_A750del,E746_A750del,cBioPortal,unknown,/Users/vasilvasilev/Desktop/cell/data/raw/cbioportal_alterations.csv,P-0002491-T01-IM3,2026-10-03,901439d00f53aaac7cba1f17b89ed2231f6c053af64bab1cd501a5a0716dfd5b
P-0002506-T01-IM3,EGFR,in_frame_del,E746_A750del,E746_A750del,cBioPortal,unknown,/Users/vasilvasilev/Desktop/cell/data/raw/cbioportal_alterations.csv,P-0002506-T01-IM3,2026-10-03,901439d00f53aaac7cba1f17b89ed2231f6c053af64bab1cd501a5a0716dfd5b
P-0002506-T02-IM5,EGFR,in_frame_del,E746_A750del,E746_A750del,cBioPortal,unknown,/Users/vasilvasilev/Desktop/cell/data/raw/cbioportal_alterations.csv,P-0002506-T02-IM5,2026-10-03,901439d00f53aaac7cba1f17b89ed2231f6c053af64bab1cd501a5a0716dfd5b
P-0002523-T01-IM3,EGFR,missense_mutation,EGFR L858 missense,L858R,cBioPortal,unknown,/Users/vasilvasilev/Desktop/cell/data/raw/cbioportal_alterations.csv,P-0002523-T01-IM3,2026-10-03,901439d00f53aaac7cba1f17b89ed2231f6c053af64bab1cd501a5a0716dfd5b
P-0002524-T01-IM3,EGFR,missense_mutation,EGFR L858 missense,L858R,cBioPortal,unknown,/Users/vasilvasilev/Desktop/cell/data/raw/cbioportal_alterations.csv,P-0002524-T01-IM3,2026-10-03,901439d00f53aaac7cba1f17b89ed2231f6c053af64bab1cd501a5a0716dfd5b
P-0002534-T01-IM3,EGFR,missense_mutation,EGFR L858 missense,L858R,cBioPortal,unknown,/Users/vasilvasilev/Desktop/cell/data/raw/cbioportal_alterations.csv,P-0002534-T01-IM3,2026-10-03,901439d00f53aaac7cba1f17b89ed2231f6c053af64bab1cd501a5a0716dfd5b
P-0002546-T01-IM3,MET,splice_site,MET truncating,X1010_splice,cBioPortal,unknown,/Users/vasilvasilev/Desktop/cell/data/raw/cbioportal_alterations.csv,P-0002546-T01-IM3,2026-10-03,901439d00f53aaac7cba1f17b89ed2231f6c053af64bab1cd501a5a0716dfd5b
P-0002557-T01-IM3,EGFR,in_frame_del,E746_A750del,E746_A750del,cBioPortal,unknown,/Users/vasilvasilev/Desktop/cell/data/raw/cbioportal_alterations.csv,P-0002557-T01-IM3,2026-10-03,901439d00f53aaac7cba1f17b89ed2231f6c053af64bab1cd501a5a0716dfd5b
P-0002580-T01-IM3,EGFR,missense_mutation,EGFR T790 missense,T790M,cBioPortal,unknown,/Users/vasilvasilev/Desktop/cell/data/raw/cbioportal_alterations.csv,P-0002580-T01-IM3,2026-10-03,901439d00f53aaac7cba1f17b89ed2231f6c053af64bab1cd501a5a0716dfd5b
P-0002580-T01-IM3,EGFR,in_frame_del,E746_A750del,E746_A750del,cBioPortal,unknown,/Users/vasilvasilev/Desktop/cell/data/raw/cbioportal_alterations.csv,P-0002580-T01-IM3,2026-10-03,901439d00f53aaac7cba1f17b89ed2231f6c053af64bab1cd501a5a0716dfd5b
P-0002689-T01-IM3,EGFR,missense_mutation,EGFR R1052 missense,R1052G,cBioPortal,unknown,/Users/vasilvasilev/Desktop/cell/data/raw/cbioportal_alterations.csv,P-0002689-T01-IM3,2026-10-03,901439d00f53aaac7cba1f17b89ed2231f6c053af64bab1cd501a5a0716dfd5b
P-0002707-T03-IM5,MET,missense_mutation,MET D1228 missense,D1228N,cBioPortal,unknown,/Users/vasilvasilev/Desktop/cell/data/raw/cbioportal_alterations.csv,P-0002707-T03-IM5,2026-10-03,901439d00f53aaac7cba1f17b89ed2231f6c053af64bab1cd501a5a0716dfd5b
P-0002709-T01-IM3,EGFR,missense_mutation,EGFR V1010 missense,V1010L,cBioPortal,unknown,/Users/vasilvasilev/Desktop/cell/data/raw/cbioportal_alterations.csv,P-0002709-T01-IM3,2026-10-03,901439d00f53aaac7cba1f17b89ed2231f6c053af64bab1cd501a5a0716dfd5b
P-0002768-T01-IM3,EGFR,in_frame_del,L747_A750delinsP,L747_A750delinsP,cBioPortal,unknown,/Users/vasilvasilev/Desktop/cell/data/raw/cbioportal_alterations.csv,P-0002768-T01-IM3,2026-10-03,901439d00f53aaac7cba1f17b89ed2231f6c053af64bab1cd501a5a0716dfd5b
P-0002768-T01-IM3,EGFR,missense_mutation,EGFR T790 missense,T790M,cBioPortal,unknown,/Users/vasilvasilev/Desktop/cell/data/raw/cbioportal_alterations.csv,P-0002768-T01-IM3,2026-10-03,901439d00f53aaac7cba1f17b89ed2231f6c053af64bab1cd501a5a0716dfd5b
P-0002780-T01-IM3,EGFR,missense_mutation,EGFR T790 missense,T790M,cBioPortal,unknown,/Users/vasilvasilev/Desktop/cell/data/raw/cbioportal_alterations.csv,P-0002780-T01-IM3,2026-10-03,901439d00f53aaac7cba1f17b89ed2231f6c053af64bab1cd501a5a0716dfd5b
P-0002780-T01-IM3,EGFR,in_frame_del,E746_A750del,E746_A750del,cBioPortal,unknown,/Users/vasilvasilev/Desktop/cell/data/raw/cbioportal_alterations.csv,P-0002780-T01-IM3,2026-10-03,901439d00f53aaac7cba1f17b89ed2231f6c053af64bab1cd501a5a0716dfd5b
P-0002783-T01-IM3,EGFR,missense_mutation,EGFR T790 missense,T790M,cBioPortal,unknown,/Users/vasilvasilev/Desktop/cell/data/raw/cbioportal_alterations.csv,P-0002783-T01-IM3,2026-10-03,901439d00f53aaac7cba1f17b89ed2231f6c053af64bab1cd501a5a0716dfd5b
P-0002783-T01-IM3,EGFR,missense_mutation,EGFR L858 missense,L858R,cBioPortal,unknown,/Users/vasilvasilev/Desktop/cell/data/raw/cbioportal_alterations.csv,P-0002783-T01-IM3,2026-10-03,901439d00f53aaac7cba1f17b89ed2231f6c053af64bab1cd501a5a0716dfd5b
P-0002823-T01-IM3,MET,missense_mutation,MET D1010 missense,D1010N,cBioPortal,unknown,/Users/vasilvasilev/Desktop/cell/data/raw/cbioportal_alterations.csv,P-0002823-T01-IM3,2026-10-03,901439d00f53aaac7cba1f17b89ed2231f6c053af64bab1cd501a5a0716dfd5b
P-0002823-T01-IM3,MET,missense_mutation,MET D1030 missense,D1030H,cBioPortal,unknown,/Users/vasilvasilev/Desktop/cell/data/raw/cbioportal_alterations.csv,P-0002823-T01-IM3,2026-10-03,901439d00f53aaac7cba1f17b89ed2231f6c053af64bab1cd501a5a0716dfd5b
P-0002861-T01-IM3,EGFR,missense_mutation,EGFR L858 missense,L858R,cBioPortal,unknown,/Users/vasilvasilev/Desktop/cell/data/raw/cbioportal_alterations.csv,P-0002861-T01-IM3,2026-10-03,901439d00f53aaac7cba1f17b89ed2231f6c053af64bab1cd501a5a0716dfd5b
P-0002869-T01-IM3,EGFR,in_frame_del,E746_T751delinsAPS,E746_T751delinsAPS,cBioPortal,unknown,/Users/vasilvasilev/Desktop/cell/data/raw/cbioportal_alterations.csv,P-0002869-T01-IM3,2026-10-03,901439d00f53aaac7cba1f17b89ed2231f6c053af64bab1cd501a5a0716dfd5b
P-0002890-T01-IM3,EGFR,missense_mutation,EGFR T790 missense,T790M,cBioPortal,unknown,/Users/vasilvasilev/Desktop/cell/data/raw/cbioportal_alterations.csv,P-0002890-T01-IM3,2026-10-03,901439d00f53aaac7cba1f17b89ed2231f6c053af64bab1cd501a5a0716dfd5b
P-0002890-T01-IM3,EGFR,in_frame_del,E746_A750del,E746_A750del,cBioPortal,unknown,/Users/vasilvasilev/Desktop/cell/data/raw/cbioportal_alterations.csv,P-0002890-T01-IM3,2026-10-03,901439d00f53aaac7cba1f17b89ed2231f6c053af64bab1cd501a5a0716dfd5b
P-0002909-T01-IM3,EGFR,in_frame_del,E746_A750del,E746_A750del,cBioPortal,unknown,/Users/vasilvasilev/Desktop/cell/data/raw/cbioportal_alterations.csv,P-0002909-T01-IM3,2026-10-03,901439d00f53aaac7cba1f17b89ed2231f6c053af64bab1cd501a5a0716dfd5b
P-0002916-T01-IM3,EGFR,in_frame_del,E709_T710delinsD,E709_T710delinsD,cBioPortal,unknown,/Users/vasilvasilev/Desktop/cell/data/raw/cbioportal_alterations.csv,P-0002916-T01-IM3,2026-10-03,901439d00f53aaac7cba1f17b89ed2231f6c053af64bab1cd501a5a0716dfd5b
P-0002916-T02-IM5,EGFR,in_frame_del,E709_T710delinsD,E709_T710delinsD,cBioPortal,unknown,/Users/vasilvasilev/Desktop/cell/data/raw/cbioportal_alterations.csv,P-0002916-T02-IM5,2026-10-03,901439d00f53aaac7cba1f17b89ed2231f6c053af64bab1cd501a5a0716dfd5b
P-0002965-T01-IM3,EGFR,missense_mutation,EGFR C1049 missense,C1049R,cBioPortal,unknown,/Users/vasilvasilev/Desktop/cell/data/raw/cbioportal_alterations.csv,P-0002965-T01-IM3,2026-10-03,901439d00f53aaac7cba1f17b89ed2231f6c053af64bab1cd501a5a0716dfd5b
P-0003030-T01-IM3,EGFR,missense_mutation,EGFR L858 missense,L858R,cBioPortal,unknown,/Users/vasilvasilev/Desktop/cell/data/raw/cbioportal_alterations.csv,P-0003030-T01-IM3,2026-10-03,901439d00f53aaac7cba1f17b89ed2231f6c053af64bab1cd501a5a0716dfd5b
P-0003070-T01-IM5,EGFR,in_frame_del,E746_A750del,E746_A750del,cBioPortal,unknown,/Users/vasilvasilev/Desktop/cell/data/raw/cbioportal_alterations.csv,P-0003070-T01-IM5,2026-10-03,901439d00f53aaac7cba1f17b89ed2231f6c053af64bab1cd501a5a0716dfd5b
P-0003070-T02-IM5,EGFR,missense_mutation,EGFR T790 missense,T790M,cBioPortal,unknown,/Users/vasilvasilev/Desktop/cell/data/raw/cbioportal_alterations.csv,P-0003070-T02-IM5,2026-10-03,901439d00f53aaac7cba1f17b89ed2231f6c053af64bab1cd501a5a0716dfd5b
P-0003070-T02-IM5,EGFR,in_frame_del,E746_A750del,E746_A750del,cBioPortal,unknown,/Users/vasilvasilev/Desktop/cell/data/raw/cbioportal_alterations.csv,P-0003070-T02-IM5,2026-10-03,901439d00f53aaac7cba1f17b89ed2231f6c053af64bab1cd501a5a0716dfd5b
P-0003096-T01-IM5,EGFR,missense_mutation,EGFR S768 missense,S768I,cBioPortal,unknown,/Users/vasilvasilev/Desktop/cell/data/raw/cbioportal_alterations.csv,P-0003096-T01-IM5,2026-10-03,901439d00f53aaac7cba1f17b89ed2231f6c053af64bab1cd501a5a0716dfd5b
P-0003096-T01-IM5,EGFR,missense_mutation,EGFR L858 missense,L858R,cBioPortal,unknown,/Users/vasilvasilev/Desktop/cell/data/raw/cbioportal_alterations.csv,P-0003096-T01-IM5,2026-10-03,901439d00f53aaac7cba1f17b89ed2231f6c053af64bab1cd501a5a0716dfd5b
P-0003107-T01-IM5,EGFR,missense_mutation,EGFR G719 missense,G719A,cBioPortal,unknown,/Users/vasilvasilev/Desktop/cell/data/raw/cbioportal_alterations.csv,P-0003107-T01-IM5,2026-10-03,901439d00f53aaac7cba1f17b89ed2231f6c053af64bab1cd501a5a0716dfd5b
P-0003107-T01-IM5,EGFR,missense_mutation,EGFR E709 missense,E709K,cBioPortal,unknown,/Users/vasilvasilev/Desktop/cell/data/raw/cbioportal_alterations.csv,P-0003107-T01-IM5,2026-10-03,901439d00f53aaac7cba1f17b89ed2231f6c053af64bab1cd501a5a0716dfd5b
P-0003116-T01-IM5,EGFR,missense_mutation,EGFR L858 missense,L858R,cBioPortal,unknown,/Users/vasilvasilev/Desktop/cell/data/raw/cbioportal_alterations.csv,P-0003116-T01-IM5,2026-10-03,901439d00f53aaac7cba1f17b89ed2231f6c053af64bab1cd501a5a0716dfd5b
P-0003116-T01-IM5,EGFR,missense_mutation,EGFR D1014 missense,D1014V,cBioPortal,unknown,/Users/vasilvasilev/Desktop/cell/data/raw/cbioportal_alterations.csv,P-0003116-T01-IM5,2026-10-03,901439d00f53aaac7cba1f17b89ed2231f6c053af64bab1cd501a5a0716dfd5b
P-0003116-T02-IM5,EGFR,missense_mutation,EGFR L858 missense,L858R,cBioPortal,unknown,/Users/vasilvasilev/Desktop/cell/data/raw/cbioportal_alterations.csv,P-0003116-T02-IM5,2026-10-03,901439d00f53aaac7cba1f17b89ed2231f6c053af64bab1cd501a5a0716dfd5b
P-0003116-T02-IM5,EGFR,missense_mutation,EGFR D1014 missense,D1014V,cBioPortal,unknown,/Users/vasilvasilev/Desktop/cell/data/raw/cbioportal_alterations.csv,P-0003116-T02-IM5,2026-10-03,901439d00f53aaac7cba1f17b89ed2231f6c053af64bab1cd501a5a0716dfd5b
P-0003156-T01-IM5,EGFR,in_frame_del,L747_P753delinsS,L747_P753delinsS,cBioPortal,unknown,/Users/vasilvasilev/Desktop/cell/data/raw/cbioportal_alterations.csv,P-0003156-T01-IM5,2026-10-03,901439d00f53aaac7cba1f17b89ed2231f6c053af64bab1cd501a5a0716dfd5b
P-0003157-T01-IM5,MET,missense_mutation,MET D1010 missense,D1010N,cBioPortal,unknown,/Users/vasilvasilev/Desktop/cell/data/raw/cbioportal_alterations.csv,P-0003157-T01-IM5,2026-10-03,901439d00f53aaac7cba1f17b89ed2231f6c053af64bab1cd501a5a0716dfd5b
P-0003169-T01-IM5,EGFR,missense_mutation,EGFR G719 missense,G719S,cBioPortal,unknown,/Users/vasilvasilev/Desktop/cell/data/raw/cbioportal_alterations.csv,P-0003169-T01-IM5,2026-10-03,901439d00f53aaac7cba1f17b89ed2231f6c053af64bab1cd501a5a0716dfd5b
P-0003169-T01-IM5,EGFR,missense_mutation,EGFR S768 missense,S768I,cBioPortal,unknown,/Users/vasilvasilev/Desktop/cell/data/raw/cbioportal_alterations.csv,P-0003169-T01-IM5,2026-10-03,901439d00f53aaac7cba1f17b89ed2231f6c053af64bab1cd501a5a0716dfd5b
P-0003213-T01-IM5,EGFR,missense_mutation,EGFR T790 missense,T790M,cBioPortal,unknown,/Users/vasilvasilev/Desktop/cell/data/raw/cbioportal_alterations.csv,P-0003213-T01-IM5,2026-10-03,901439d00f53aaac7cba1f17b89ed2231f6c053af64bab1cd501a5a0716dfd5b
P-0003213-T01-IM5,EGFR,missense_mutation,EGFR L858 missense,L858R,cBioPortal,unknown,/Users/vasilvasilev/Desktop/cell/data/raw/cbioportal_alterations.csv,P-0003213-T01-IM5,2026-10-03,901439d00f53aaac7cba1f17b89ed2231f6c053af64bab1cd501a5a0716dfd5b
P-0003222-T01-IM5,EGFR,missense_mutation,EGFR E282 missense,E282D,cBioPortal,unknown,/Users/vasilvasilev/Desktop/cell/data/raw/cbioportal_alterations.csv,P-0003222-T01-IM5,2026-10-03,901439d00f53aaac7cba1f17b89ed2231f6c053af64bab1cd501a5a0716dfd5b
P-0003243-T01-IM5,EGFR,in_frame_del,E746_A750del,E746_A750del,cBioPortal,unknown,/Users/vasilvasilev/Desktop/cell/data/raw/cbioportal_alterations.csv,P-0003243-T01-IM5,2026-10-03,901439d00f53aaac7cba1f17b89ed2231f6c053af64bab1cd501a5a0716dfd5b
P-0003250-T01-IM5,EGFR,missense_mutation,EGFR L858 missense,L858R,cBioPortal,unknown,/Users/vasilvasilev/Desktop/cell/data/raw/cbioportal_alterations.csv,P-0003250-T01-IM5,2026-10-03,901439d00f53aaac7cba1f17b89ed2231f6c053af64bab1cd501a5a0716dfd5b
P-0003274-T01-IM5,EGFR,missense_mutation,EGFR T790 missense,T790M,cBioPortal,unknown,/Users/vasilvasilev/Desktop/cell/data/raw/cbioportal_alterations.csv,P-0003274-T01-IM5,2026-10-03,901439d00f53aaac7cba1f17b89ed2231f6c053af64bab1cd501a5a0716dfd5b
P-0003274-T01-IM5,EGFR,in_frame_del,E746_A750del,E746_A750del,cBioPortal,unknown,/Users/vasilvasilev/Desktop/cell/data/raw/cbioportal_alterations.csv,P-0003274-T01-IM5,2026-10-03,901439d00f53aaac7cba1f17b89ed2231f6c053af64bab1cd501a5a0716dfd5b
P-0003282-T01-IM5,EGFR,in_frame_ins,A767_V769dup,A767_V769dup,cBioPortal,unknown,/Users/vasilvasilev/Desktop/cell/data/raw/cbioportal_alterations.csv,P-0003282-T01-IM5,2026-10-03,901439d00f53aaac7cba1f17b89ed2231f6c053af64bab1cd501a5a0716dfd5b
P-0003311-T01-IM5,EGFR,missense_mutation,EGFR Q1106 missense,Q1106L,cBioPortal,unknown,/Users/vasilvasilev/Desktop/cell/data/raw/cbioportal_alterations.csv,P-0003311-T01-IM5,2026-10-03,901439d00f53aaac7cba1f17b89ed2231f6c053af64bab1cd501a5a0716dfd5b
P-0003316-T01-IM5,EGFR,missense_mutation,EGFR L858 missense,L858R,cBioPortal,unknown,/Users/vasilvasilev/Desktop/cell/data/raw/cbioportal_alterations.csv,P-0003316-T01-IM5,2026-10-03,901439d00f53aaac7cba1f17b89ed2231f6c053af64bab1cd501a5a0716dfd5b
P-0003316-T01-IM5,EGFR,missense_mutation,EGFR E709 missense,E709K,cBioPortal,unknown,/Users/vasilvasilev/Desktop/cell/data/raw/cbioportal_alterations.csv,P-0003316-T01-IM5,2026-10-03,901439d00f53aaac7cba1f17b89ed2231f6c053af64bab1cd501a5a0716dfd5b
P-0003317-T02-IM5,EGFR,missense_mutation,EGFR L858 missense,L858R,cBioPortal,unknown,/Users/vasilvasilev/Desktop/cell/data/raw/cbioportal_alterations.csv,P-0003317-T02-IM5,2026-10-03,901439d00f53aaac7cba1f17b89ed2231f6c053af64bab1cd501a5a0716dfd5b
P-0003322-T01-IM5,EGFR,in_frame_del,S752_I759del,S752_I759del,cBioPortal,unknown,/Users/vasilvasilev/Desktop/cell/data/raw/cbioportal_alterations.csv,P-0003322-T01-IM5,2026-10-03,901439d00f53aaac7cba1f17b89ed2231f6c053af64bab1cd501a5a0716dfd5b
P-0003422-T01-IM5,MET,splice_site,MET truncating,X1010_splice,cBioPortal,unknown,/Users/vasilvasilev/Desktop/cell/data/raw/cbioportal_alterations.csv,P-0003422-T01-IM5,2026-10-03,901439d00f53aaac7cba1f17b89ed2231f6c053af64bab1cd501a5a0716dfd5b
P-0003425-T01-IM5,EGFR,missense_mutation,EGFR T790 missense,T790M,cBioPortal,unknown,/Users/vasilvasilev/Desktop/cell/data/raw/cbioportal_alterations.csv,P-0003425-T01-IM5,2026-10-03,901439d00f53aaac7cba1f17b89ed2231f6c053af64bab1cd501a5a0716dfd5b
P-0003425-T01-IM5,EGFR,in_frame_del,E746_T751delinsA,E746_T751delinsA,cBioPortal,unknown,/Users/vasilvasilev/Desktop/cell/data/raw/cbioportal_alterations.csv,P-0003425-T01-IM5,2026-10-03,901439d00f53aaac7cba1f17b89ed2231f6c053af64bab1cd501a5a0716dfd5b
P-0003479-T01-IM5,EGFR,in_frame_del,E746_A750del,E746_A750del,cBioPortal,unknown,/Users/vasilvasilev/Desktop/cell/data/raw/cbioportal_alterations.csv,P-0003479-T01-IM5,2026-10-03,901439d00f53aaac7cba1f17b89ed2231f6c053af64bab1cd501a5a0716dfd5b
P-0003480-T01-IM5,MET,splice_site,MET truncating,X1007_splice,cBioPortal,unknown,/Users/vasilvasilev/Desktop/cell/data/raw/cbioportal_alterations.csv,P-0003480-T01-IM5,2026-10-03,901439d00f53aaac7cba1f17b89ed2231f6c053af64bab1cd501a5a0716dfd5b
P-0003495-T01-IM5,EGFR,missense_mutation,EGFR L747 missense,L747P,cBioPortal,unknown,/Users/vasilvasilev/Desktop/cell/data/raw/cbioportal_alterations.csv,P-0003495-T01-IM5,2026-10-03,901439d00f53aaac7cba1f17b89ed2231f6c053af64bab1cd501a5a0716dfd5b
P-0003502-T01-IM5,EGFR,in_frame_del,E746_A750del,E746_A750del,cBioPortal,unknown,/Users/vasilvasilev/Desktop/cell/data/raw/cbioportal_alterations.csv,P-0003502-T01-IM5,2026-10-03,901439d00f53aaac7cba1f17b89ed2231f6c053af64bab1cd501a5a0716dfd5b
P-0003551-T01-IM5,EGFR,missense_mutation,EGFR L858 missense,L858R,cBioPortal,unknown,/Users/vasilvasilev/Desktop/cell/data/raw/cbioportal_alterations.csv,P-0003551-T01-IM5,2026-10-03,901439d00f53aaac7cba1f17b89ed2231f6c053af64bab1cd501a5a0716dfd5b
P-0003569-T01-IM5,EGFR,missense_mutation,EGFR L858 missense,L858R,cBioPortal,unknown,/Users/vasilvasilev/Desktop/cell/data/raw/cbioportal_alterations.csv,P-0003569-T01-IM5,2026-10-03,901439d00f53aaac7cba1f17b89ed2231f6c053af64bab1cd501a5a0716dfd5b
P-0003572-T01-IM5,EGFR,missense_mutation,EGFR S768 missense,S768I,cBioPortal,unknown,/Users/vasilvasilev/Desktop/cell/data/raw/cbioportal_alterations.csv,P-0003572-T01-IM5,2026-10-03,901439d00f53aaac7cba1f17b89ed2231f6c053af64bab1cd501a5a0716dfd5b
P-0003572-T01-IM5,EGFR,missense_mutation,EGFR G719 missense,G719C,cBioPortal,unknown,/Users/vasilvasilev/Desktop/cell/data/raw/cbioportal_alterations.csv,P-0003572-T01-IM5,2026-10-03,901439d00f53aaac7cba1f17b89ed2231f6c053af64bab1cd501a5a0716dfd5b
P-0003573-T01-IM5,EGFR,in_frame_del,E746_A750del,E746_A750del,cBioPortal,unknown,/Users/vasilvasilev/Desktop/cell/data/raw/cbioportal_alterations.csv,P-0003573-T01-IM5,2026-10-03,901439d00f53aaac7cba1f17b89ed2231f6c053af64bab1cd501a5a0716dfd5b
P-0003573-T02-IM5,EGFR,missense_mutation,EGFR L858 missense,L858R,cBioPortal,unknown,/Users/vasilvasilev/Desktop/cell/data/raw/cbioportal_alterations.csv,P-0003573-T02-IM5,2026-10-03,901439d00f53aaac7cba1f17b89ed2231f6c053af64bab1cd501a5a0716dfd5b
P-0003623-T01-IM5,MET,splice_site,MET truncating,X1006_splice,cBioPortal,unknown,/Users/vasilvasilev/Desktop/cell/data/raw/cbioportal_alterations.csv,P-0003623-T01-IM5,2026-10-03,901439d00f53aaac7cba1f17b89ed2231f6c053af64bab1cd501a5a0716dfd5b
P-0003635-T01-IM5,EGFR,in_frame_del,E746_A750del,E746_A750del,cBioPortal,unknown,/Users/vasilvasilev/Desktop/cell/data/raw/cbioportal_alterations.csv,P-0003635-T01-IM5,2026-10-03,901439d00f53aaac7cba1f17b89ed2231f6c053af64bab1cd501a5a0716dfd5b
P-0003714-T01-IM5,EGFR,in_frame_del,L747_T751del,L747_T751del,cBioPortal,unknown,/Users/vasilvasilev/Desktop/cell/data/raw/cbioportal_alterations.csv,P-0003714-T01-IM5,2026-10-03,901439d00f53aaac7cba1f17b89ed2231f6c053af64bab1cd501a5a0716dfd5b
P-0003735-T01-IM5,MET,splice_site,MET truncating,X963_splice,cBioPortal,unknown,/Users/vasilvasilev/Desktop/cell/data/raw/cbioportal_alterations.csv,P-0003735-T01-IM5,2026-10-03,901439d00f53aaac7cba1f17b89ed2231f6c053af64bab1cd501a5a0716dfd5b
P-0003752-T02-IM5,EGFR,missense_mutation,EGFR L858 missense,L858R,cBioPortal,unknown,/Users/vasilvasilev/Desktop/cell/data/raw/cbioportal_alterations.csv,P-0003752-T02-IM5,2026-10-03,901439d00f53aaac7cba1f17b89ed2231f6c053af64bab1cd501a5a0716dfd5b
P-0003752-T03-IM5,EGFR,missense_mutation,EGFR T790 missense,T790M,cBioPortal,unknown,/Users/vasilvasilev/Desktop/cell/data/raw/cbioportal_alterations.csv,P-0003752-T03-IM5,2026-10-03,901439d00f53aaac7cba1f17b89ed2231f6c053af64bab1cd501a5a0716dfd5b
P-0003752-T03-IM5,EGFR,missense_mutation,EGFR L858 missense,L858R,cBioPortal,unknown,/Users/vasilvasilev/Desktop/cell/data/raw/cbioportal_alterations.csv,P-0003752-T03-IM5,2026-10-03,901439d00f53aaac7cba1f17b89ed2231f6c053af64bab1cd501a5a0716dfd5b
P-0003773-T01-IM5,EGFR,in_frame_del,L747_A750delinsP,L747_A750delinsP,cBioPortal,unknown,/Users/vasilvasilev/Desktop/cell/data/raw/cbioportal_alterations.csv,P-0003773-T01-IM5,2026-10-03,901439d00f53aaac7cba1f17b89ed2231f6c053af64bab1cd501a5a0716dfd5b
P-0003863-T01-IM5,EGFR,in_frame_ins,N771_P772insHH,N771_P772insHH,cBioPortal,unknown,/Users/vasilvasilev/Desktop/cell/data/raw/cbioportal_alterations.csv,P-0003863-T01-IM5,2026-10-03,901439d00f53aaac7cba1f17b89ed2231f6c053af64bab1cd501a5a0716dfd5b
P-0003869-T01-IM5,MET,missense_mutation,MET P1008 missense,P1008A,cBioPortal,unknown,/Users/vasilvasilev/Desktop/cell/data/raw/cbioportal_alterations.csv,P-0003869-T01-IM5,2026-10-03,901439d00f53aaac7cba1f17b89ed2231f6c053af64bab1cd501a5a0716dfd5b
P-0003879-T01-IM5,MET,missense_mutation,MET D1010 missense,D1010H,cBioPortal,unknown,/Users/vasilvasilev/Desktop/cell/data/raw/cbioportal_alterations.csv,P-0003879-T01-IM5,2026-10-03,901439d00f53aaac7cba1f17b89ed2231f6c053af64bab1cd501a5a0716dfd5b
P-0003879-T01-IM5,MET,splice_site,MET truncating,X963_splice,cBioPortal,unknown,/Users/vasilvasilev/Desktop/cell/data/raw/cbioportal_alterations.csv,P-0003879-T01-IM5,2026-10-03,901439d00f53aaac7cba1f17b89ed2231f6c053af64bab1cd501a5a0716dfd5b
P-0003923-T01-IM5,EGFR,missense_mutation,EGFR T790 missense,T790M,cBioPortal,unknown,/Users/vasilvasilev/Desktop/cell/data/raw/cbioportal_alterations.csv,P-0003923-T01-IM5,2026-10-03,901439d00f53aaac7cba1f17b89ed2231f6c053af64bab1cd501a5a0716dfd5b
P-0003923-T01-IM5,EGFR,missense_mutation,EGFR S768 missense,S768I,cBioPortal,unknown,/Users/vasilvasilev/Desktop/cell/data/raw/cbioportal_alterations.csv,P-0003923-T01-IM5,2026-10-03,901439d00f53aaac7cba1f17b89ed2231f6c053af64bab1cd501a5a0716dfd5b
P-0003923-T01-IM5,EGFR,missense_mutation,EGFR G719 missense,G719C,cBioPortal,unknown,/Users/vasilvasilev/Desktop/cell/data/raw/cbioportal_alterations.csv,P-0003923-T01-IM5,2026-10-03,901439d00f53aaac7cba1f17b89ed2231f6c053af64bab1cd501a5a0716dfd5b
P-0003923-T01-IM5,EGFR,missense_mutation,EGFR C775 missense,C775Y,cBioPortal,unknown,/Users/vasilvasilev/Desktop/cell/data/raw/cbioportal_alterations.csv,P-0003923-T01-IM5,2026-10-03,901439d00f53aaac7cba1f17b89ed2231f6c053af64bab1cd501a5a0716dfd5b
P-0003967-T01-IM5,EGFR,missense_mutation,EGFR L858 missense,L858R,cBioPortal,unknown,/Users/vasilvasilev/Desktop/cell/data/raw/cbioportal_alterations.csv,P-0003967-T01-IM5,2026-10-03,901439d00f53aaac7cba1f17b89ed2231f6c053af64bab1cd501a5a0716dfd5b
P-0004066-T01-IM5,EGFR,missense_mutation,EGFR L858 missense,L858R,cBioPortal,unknown,/Users/vasilvasilev/Desktop/cell/data/raw/cbioportal_alterations.csv,P-0004066-T01-IM5,2026-10-03,901439d00f53aaac7cba1f17b89ed2231f6c053af64bab1cd501a5a0716dfd5b
P-0004066-T01-IM5,EGFR,missense_mutation,EGFR E709 missense,E709K,cBioPortal,unknown,/Users/vasilvasilev/Desktop/cell/data/raw/cbioportal_alterations.csv,P-0004066-T01-IM5,2026-10-03,901439d00f53aaac7cba1f17b89ed2231f6c053af64bab1cd501a5a0716dfd5b
P-0004066-T02-IM5,EGFR,missense_mutation,EGFR L858 missense,L858R,cBioPortal,unknown,/Users/vasilvasilev/Desktop/cell/data/raw/cbioportal_alterations.csv,P-0004066-T02-IM5,2026-10-03,901439d00f53aaac7cba1f17b89ed2231f6c053af64bab1cd501a5a0716dfd5b
P-0004066-T02-IM5,EGFR,missense_mutation,EGFR E709 missense,E709K,cBioPortal,unknown,/Users/vasilvasilev/Desktop/cell/data/raw/cbioportal_alterations.csv,P-0004066-T02-IM5,2026-10-03,901439d00f53aaac7cba1f17b89ed2231f6c053af64bab1cd501a5a0716dfd5b
P-0004099-T01-IM5,EGFR,splice_site,EGFR truncating,X297_splice,cBioPortal,unknown,/Users/vasilvasilev/Desktop/cell/data/raw/cbioportal_alterations.csv,P-0004099-T01-IM5,2026-10-03,901439d00f53aaac7cba1f17b89ed2231f6c053af64bab1cd501a5a0716dfd5b
P-0004105-T01-IM5,EGFR,in_frame_del,L747_A755delinsSMS,L747_A755delinsSMS,cBioPortal,unknown,/Users/vasilvasilev/Desktop/cell/data/raw/cbioportal_alterations.csv,P-0004105-T01-IM5,2026-10-03,901439d00f53aaac7cba1f17b89ed2231f6c053af64bab1cd501a5a0716dfd5b
P-0004114-T01-IM5,MET,missense_mutation,MET R277 missense,R277T,cBioPortal,unknown,/Users/vasilvasilev/Desktop/cell/data/raw/cbioportal_alterations.csv,P-0004114-T01-IM5,2026-10-03,901439d00f53aaac7cba1f17b89ed2231f6c053af64bab1cd501a5a0716dfd5b
P-0004117-T01-IM5,EGFR,in_frame_del,T751_A755del,T751_A755del,cBioPortal,unknown,/Users/vasilvasilev/Desktop/cell/data/raw/cbioportal_alterations.csv,P-0004117-T01-IM5,2026-10-03,901439d00f53aaac7cba1f17b89ed2231f6c053af64bab1cd501a5a0716dfd5b
P-0004117-T01-IM5,EGFR,missense_mutation,EGFR L747 missense,L747S,cBioPortal,unknown,/Users/vasilvasilev/Desktop/cell/data/raw/cbioportal_alterations.csv,P-0004117-T01-IM5,2026-10-03,901439d00f53aaac7cba1f17b89ed2231f6c053af64bab1cd501a5a0716dfd5b
P-0004120-T01-IM5,EGFR,in_frame_ins,A767_V769dup,A767_V769dup,cBioPortal,unknown,/Users/vasilvasilev/Desktop/cell/data/raw/cbioportal_alterations.csv,P-0004120-T01-IM5,2026-10-03,901439d00f53aaac7cba1f17b89ed2231f6c053af64bab1cd501a5a0716dfd5b
P-0004123-T01-IM5,EGFR,in_frame_del,E746_A750del,E746_A750del,cBioPortal,unknown,/Users/vasilvasilev/Desktop/cell/data/raw/cbioportal_alterations.csv,P-0004123-T01-IM5,2026-10-03,901439d00f53aaac7cba1f17b89ed2231f6c053af64bab1cd501a5a0716dfd5b
P-0004129-T01-IM5,EGFR,in_frame_del,E709_T710delinsD,E709_T710delinsD,cBioPortal,unknown,/Users/vasilvasilev/Desktop/cell/data/raw/cbioportal_alterations.csv,P-0004129-T01-IM5,2026-10-03,901439d00f53aaac7cba1f17b89ed2231f6c053af64bab1cd501a5a0716dfd5b
P-0004129-T02-IM5,EGFR,in_frame_del,E709_T710delinsD,E709_T710delinsD,cBioPortal,unknown,/Users/vasilvasilev/Desktop/cell/data/raw/cbioportal_alterations.csv,P-0004129-T02-IM5,2026-10-03,901439d00f53aaac7cba1f17b89ed2231f6c053af64bab1cd501a5a0716dfd5b
P-0004146-T01-IM5,EGFR,in_frame_del,E746_A750del,E746_A750del,cBioPortal,unknown,/Users/vasilvasilev/Desktop/cell/data/raw/cbioportal_alterations.csv,P-0004146-T01-IM5,2026-10-03,901439d00f53aaac7cba1f17b89ed2231f6c053af64bab1cd501a5a0716dfd5b
P-0004169-T01-IM5,MET,missense_mutation,MET D1010 missense,D1010H,cBioPortal,unknown,/Users/vasilvasilev/Desktop/cell/data/raw/cbioportal_alterations.csv,P-0004169-T01-IM5,2026-10-03,901439d00f53aaac7cba1f17b89ed2231f6c053af64bab1cd501a5a0716dfd5b
P-0004189-T01-IM5,MET,missense_mutation,MET S1122 missense,S1122F,cBioPortal,unknown,/Users/vasilvasilev/Desktop/cell/data/raw/cbioportal_alterations.csv,P-0004189-T01-IM5,2026-10-03,901439d00f53aaac7cba1f17b89ed2231f6c053af64bab1cd501a5a0716dfd5b
P-0004208-T01-IM5,EGFR,missense_mutation,EGFR L858 missense,L858R,cBioPortal,unknown,/Users/vasilvasilev/Desktop/cell/data/raw/cbioportal_alterations.csv,P-0004208-T01-IM5,2026-10-03,901439d00f53aaac7cba1f17b89ed2231f6c053af64bab1cd501a5a0716dfd5b
P-0004232-T01-IM5,EGFR,missense_mutation,EGFR L858 missense,L858R,cBioPortal,unknown,/Users/vasilvasilev/Desktop/cell/data/raw/cbioportal_alterations.csv,P-0004232-T01-IM5,2026-10-03,901439d00f53aaac7cba1f17b89ed2231f6c053af64bab1cd501a5a0716dfd5b
P-0004238-T01-IM5,EGFR,in_frame_del,E746_A750del,E746_A750del,cBioPortal,unknown,/Users/vasilvasilev/Desktop/cell/data/raw/cbioportal_alterations.csv,P-0004238-T01-IM5,2026-10-03,901439d00f53aaac7cba1f17b89ed2231f6c053af64bab1cd501a5a0716dfd5b
P-0004279-T01-IM5,EGFR,in_frame_ins,S768_D770dup,S768_D770dup,cBioPortal,unknown,/Users/vasilvasilev/Desktop/cell/data/raw/cbioportal_alterations.csv,P-0004279-T01-IM5,2026-10-03,901439d00f53aaac7cba1f17b89ed2231f6c053af64bab1cd501a5a0716dfd5b
P-0004303-T01-IM5,EGFR,in_frame_del,E746_A750del,E746_A750del,cBioPortal,unknown,/Users/vasilvasilev/Desktop/cell/data/raw/cbioportal_alterations.csv,P-0004303-T01-IM5,2026-10-03,901439d00f53aaac7cba1f17b89ed2231f6c053af64bab1cd501a5a0716dfd5b
P-0004328-T01-IM5,EGFR,missense_mutation,EGFR S768 missense,S768I,cBioPortal,unknown,/Users/vasilvasilev/Desktop/cell/data/raw/cbioportal_alterations.csv,P-0004328-T01-IM5,2026-10-03,901439d00f53aaac7cba1f17b89ed2231f6c053af64bab1cd501a5a0716dfd5b
P-0004328-T01-IM5,EGFR,missense_mutation,EGFR L858 missense,L858R,cBioPortal,unknown,/Users/vasilvasilev/Desktop/cell/data/raw/cbioportal_alterations.csv,P-0004328-T01-IM5,2026-10-03,901439d00f53aaac7cba1f17b89ed2231f6c053af64bab1cd501a5a0716dfd5b
P-0004328-T02-IM5,EGFR,missense_mutation,EGFR S768 missense,S768I,cBioPortal,unknown,/Users/vasilvasilev/Desktop/cell/data/raw/cbioportal_alterations.csv,P-0004328-T02-IM5,2026-10-03,901439d00f53aaac7cba1f17b89ed2231f6c053af64bab1cd501a5a0716dfd5b
P-0004328-T02-IM5,EGFR,missense_mutation,EGFR L858 missense,L858R,cBioPortal,unknown,/Users/vasilvasilev/Desktop/cell/data/raw/cbioportal_alterations.csv,P-0004328-T02-IM5,2026-10-03,901439d00f53aaac7cba1f17b89ed2231f6c053af64bab1cd501a5a0716dfd5b
P-0004342-T01-IM5,EGFR,missense_mutation,EGFR L858 missense,L858R,cBioPortal,unknown,/Users/vasilvasilev/Desktop/cell/data/raw/cbioportal_alterations.csv,P-0004342-T01-IM5,2026-10-03,901439d00f53aaac7cba1f17b89ed2231f6c053af64bab1cd501a5a0716dfd5b
P-0004421-T01-IM5,MET,splice_site,MET truncating,X1010_splice,cBioPortal,unknown,/Users/vasilvasilev/Desktop/cell/data/raw/cbioportal_alterations.csv,P-0004421-T01-IM5,2026-10-03,901439d00f53aaac7cba1f17b89ed2231f6c053af64bab1cd501a5a0716dfd5b
P-0004432-T01-IM5,EGFR,in_frame_del,E746_S752delinsV,E746_S752delinsV,cBioPortal,unknown,/Users/vasilvasilev/Desktop/cell/data/raw/cbioportal_alterations.csv,P-0004432-T01-IM5,2026-10-03,901439d00f53aaac7cba1f17b89ed2231f6c053af64bab1cd501a5a0716dfd5b
P-0004442-T01-IM5,EGFR,missense_mutation,EGFR V765 missense,V765L,cBioPortal,unknown,/Users/vasilvasilev/Desktop/cell/data/raw/cbioportal_alterations.csv,P-0004442-T01-IM5,2026-10-03,901439d00f53aaac7cba1f17b89ed2231f6c053af64bab1cd501a5a0716dfd5b
P-0004496-T01-IM5,EGFR,missense_mutation,EGFR T790 missense,T790M,cBioPortal,unknown,/Users/vasilvasilev/Desktop/cell/data/raw/cbioportal_alterations.csv,P-0004496-T01-IM5,2026-10-03,901439d00f53aaac7cba1f17b89ed2231f6c053af64bab1cd501a5a0716dfd5b
P-0004496-T01-IM5,EGFR,in_frame_del,E746_A750del,E746_A750del,cBioPortal,unknown,/Users/vasilvasilev/Desktop/cell/data/raw/cbioportal_alterations.csv,P-0004496-T01-IM5,2026-10-03,901439d00f53aaac7cba1f17b89ed2231f6c053af64bab1cd501a5a0716dfd5b
P-0004607-T02-IM5,EGFR,missense_mutation,EGFR L858 missense,L858R,cBioPortal,unknown,/Users/vasilvasilev/Desktop/cell/data/raw/cbioportal_alterations.csv,P-0004607-T02-IM5,2026-10-03,901439d00f53aaac7cba1f17b89ed2231f6c053af64bab1cd501a5a0716dfd5b
P-0004607-T03-IM5,EGFR,missense_mutation,EGFR L858 missense,L858R,cBioPortal,unknown,/Users/vasilvasilev/Desktop/cell/data/raw/cbioportal_alterations.csv,P-0004607-T03-IM5,2026-10-03,901439d00f53aaac7cba1f17b89ed2231f6c053af64bab1cd501a5a0716dfd5b
P-0004613-T01-IM5,EGFR,in_frame_del,E746_T751delinsIP,E746_T751delinsIP,cBioPortal,unknown,/Users/vasilvasilev/Desktop/cell/data/raw/cbioportal_alterations.csv,P-0004613-T01-IM5,2026-10-03,901439d00f53aaac7cba1f17b89ed2231f6c053af64bab1cd501a5a0716dfd5b
P-0004643-T01-IM5,MET,frame_shift_del,MET truncating,S758Afs*3,cBioPortal,unknown,/Users/vasilvasilev/Desktop/cell/data/raw/cbioportal_alterations.csv,P-0004643-T01-IM5,2026-10-03,901439d00f53aaac7cba1f17b89ed2231f6c053af64bab1cd501a5a0716dfd5b
P-0004655-T01-IM5,MET,splice_site,MET truncating,X1007_splice,cBioPortal,unknown,/Users/vasilvasilev/Desktop/cell/data/raw/cbioportal_alterations.csv,P-0004655-T01-IM5,2026-10-03,901439d00f53aaac7cba1f17b89ed2231f6c053af64bab1cd501a5a0716dfd5b
P-0004678-T01-IM5,EGFR,missense_mutation,EGFR L858 missense,L858R,cBioPortal,unknown,/Users/vasilvasilev/Desktop/cell/data/raw/cbioportal_alterations.csv,P-0004678-T01-IM5,2026-10-03,901439d00f53aaac7cba1f17b89ed2231f6c053af64bab1cd501a5a0716dfd5b
P-0004691-T01-IM5,EGFR,missense_mutation,EGFR L858 missense,L858R,cBioPortal,unknown,/Users/vasilvasilev/Desktop/cell/data/raw/cbioportal_alterations.csv,P-0004691-T01-IM5,2026-10-03,901439d00f53aaac7cba1f17b89ed2231f6c053af64bab1cd501a5a0716dfd5b
P-0004691-T02-IM5,EGFR,missense_mutation,EGFR L858 missense,L858R,cBioPortal,unknown,/Users/vasilvasilev/Desktop/cell/data/raw/cbioportal_alterations.csv,P-0004691-T02-IM5,2026-10-03,901439d00f53aaac7cba1f17b89ed2231f6c053af64bab1cd501a5a0716dfd5b
P-0004695-T01-IM5,EGFR,missense_mutation,EGFR T790 missense,T790M,cBioPortal,unknown,/Users/vasilvasilev/Desktop/cell/data/raw/cbioportal_alterations.csv,P-0004695-T01-IM5,2026-10-03,901439d00f53aaac7cba1f17b89ed2231f6c053af64bab1cd501a5a0716dfd5b
P-0004695-T01-IM5,EGFR,in_frame_del,E746_A750del,E746_A750del,cBioPortal,unknown,/Users/vasilvasilev/Desktop/cell/data/raw/cbioportal_alterations.csv,P-0004695-T01-IM5,2026-10-03,901439d00f53aaac7cba1f17b89ed2231f6c053af64bab1cd501a5a0716dfd5b
P-0004714-T01-IM5,EGFR,missense_mutation,EGFR L858 missense,L858R,cBioPortal,unknown,/Users/vasilvasilev/Desktop/cell/data/raw/cbioportal_alterations.csv,P-0004714-T01-IM5,2026-10-03,901439d00f53aaac7cba1f17b89ed2231f6c053af64bab1cd501a5a0716dfd5b
P-0004718-T01-IM5,EGFR,missense_mutation,EGFR L858 missense,L858R,cBioPortal,unknown,/Users/vasilvasilev/Desktop/cell/data/raw/cbioportal_alterations.csv,P-0004718-T01-IM5,2026-10-03,901439d00f53aaac7cba1f17b89ed2231f6c053af64bab1cd501a5a0716dfd5b
P-0004729-T01-IM5,EGFR,missense_mutation,EGFR L858 missense,L858R,cBioPortal,unknown,/Users/vasilvasilev/Desktop/cell/data/raw/cbioportal_alterations.csv,P-0004729-T01-IM5,2026-10-03,901439d00f53aaac7cba1f17b89ed2231f6c053af64bab1cd501a5a0716dfd5b
P-0004730-T01-IM5,EGFR,in_frame_del,E746_A750del,E746_A750del,cBioPortal,unknown,/Users/vasilvasilev/Desktop/cell/data/raw/cbioportal_alterations.csv,P-0004730-T01-IM5,2026-10-03,901439d00f53aaac7cba1f17b89ed2231f6c053af64bab1cd501a5a0716dfd5b
P-0004739-T01-IM5,EGFR,in_frame_del,L747_A750delinsP,L747_A750delinsP,cBioPortal,unknown,/Users/vasilvasilev/Desktop/cell/data/raw/cbioportal_alterations.csv,P-0004739-T01-IM5,2026-10-03,901439d00f53aaac7cba1f17b89ed2231f6c053af64bab1cd501a5a0716dfd5b
P-0004743-T01-IM5,EGFR,in_frame_del,L747_A750delinsP,L747_A750delinsP,cBioPortal,unknown,/Users/vasilvasilev/Desktop/cell/data/raw/cbioportal_alterations.csv,P-0004743-T01-IM5,2026-10-03,901439d00f53aaac7cba1f17b89ed2231f6c053af64bab1cd501a5a0716dfd5b
P-0004847-T01-IM5,EGFR,in_frame_del,E746_A750del,E746_A750del,cBioPortal,unknown,/Users/vasilvasilev/Desktop/cell/data/raw/cbioportal_alterations.csv,P-0004847-T01-IM5,2026-10-03,901439d00f53aaac7cba1f17b89ed2231f6c053af64bab1cd501a5a0716dfd5b
P-0004851-T01-IM5,MET,missense_mutation,MET F434 missense,F434I,cBioPortal,unknown,/Users/vasilvasilev/Desktop/cell/data/raw/cbioportal_alterations.csv,P-0004851-T01-IM5,2026-10-03,901439d00f53aaac7cba1f17b89ed2231f6c053af64bab1cd501a5a0716dfd5b
P-0004878-T01-IM5,MET,splice_site,MET truncating,X621_splice,cBioPortal,unknown,/Users/vasilvasilev/Desktop/cell/data/raw/cbioportal_alterations.csv,P-0004878-T01-IM5,2026-10-03,901439d00f53aaac7cba1f17b89ed2231f6c053af64bab1cd501a5a0716dfd5b
P-0004927-T01-IM5,EGFR,missense_mutation,EGFR T790 missense,T790M,cBioPortal,unknown,/Users/vasilvasilev/Desktop/cell/data/raw/cbioportal_alterations.csv,P-0004927-T01-IM5,2026-10-03,901439d00f53aaac7cba1f17b89ed2231f6c053af64bab1cd501a5a0716dfd5b
P-0004927-T01-IM5,EGFR,in_frame_del,E746_A750del,E746_A750del,cBioPortal,unknown,/Users/vasilvasilev/Desktop/cell/data/raw/cbioportal_alterations.csv,P-0004927-T01-IM5,2026-10-03,901439d00f53aaac7cba1f17b89ed2231f6c053af64bab1cd501a5a0716dfd5b
P-0005017-T02-IM5,EGFR,in_frame_del,E746_S752delinsV,E746_S752delinsV,cBioPortal,unknown,/Users/vasilvasilev/Desktop/cell/data/raw/cbioportal_alterations.csv,P-0005017-T02-IM5,2026-10-03,901439d00f53aaac7cba1f17b89ed2231f6c053af64bab1cd501a5a0716dfd5b
P-0005034-T01-IM5,EGFR,missense_mutation,EGFR T790 missense,T790M,cBioPortal,unknown,/Users/vasilvasilev/Desktop/cell/data/raw/cbioportal_alterations.csv,P-0005034-T01-IM5,2026-10-03,901439d00f53aaac7cba1f17b89ed2231f6c053af64bab1cd501a5a0716dfd5b
P-0005034-T01-IM5,EGFR,missense_mutation,EGFR L858 missense,L858R,cBioPortal,unknown,/Users/vasilvasilev/Desktop/cell/data/raw/cbioportal_alterations.csv,P-0005034-T01-IM5,2026-10-03,901439d00f53aaac7cba1f17b89ed2231f6c053af64bab1cd501a5a0716dfd5b
P-0005059-T01-IM5,EGFR,missense_mutation,EGFR T790 missense,T790M,cBioPortal,unknown,/Users/vasilvasilev/Desktop/cell/data/raw/cbioportal_alterations.csv,P-0005059-T01-IM5,2026-10-03,901439d00f53aaac7cba1f17b89ed2231f6c053af64bab1cd501a5a0716dfd5b
P-0005059-T01-IM5,EGFR,in_frame_del,E746_A750del,E746_A750del,cBioPortal,unknown,/Users/vasilvasilev/Desktop/cell/data/raw/cbioportal_alterations.csv,P-0005059-T01-IM5,2026-10-03,901439d00f53aaac7cba1f17b89ed2231f6c053af64bab1cd501a5a0716dfd5b
P-0005063-T01-IM5,EGFR,in_frame_del,E746_S752delinsV,E746_S752delinsV,cBioPortal,unknown,/Users/vasilvasilev/Desktop/cell/data/raw/cbioportal_alterations.csv,P-0005063-T01-IM5,2026-10-03,901439d00f53aaac7cba1f17b89ed2231f6c053af64bab1cd501a5a0716dfd5b
P-0005069-T01-IM5,MET,splice_site,MET truncating,X1010_splice,cBioPortal,unknown,/Users/vasilvasilev/Desktop/cell/data/raw/cbioportal_alterations.csv,P-0005069-T01-IM5,2026-10-03,901439d00f53aaac7cba1f17b89ed2231f6c053af64bab1cd501a5a0716dfd5b
P-0005094-T01-IM5,EGFR,missense_mutation,EGFR G719 missense,G719A,cBioPortal,unknown,/Users/vasilvasilev/Desktop/cell/data/raw/cbioportal_alterations.csv,P-0005094-T01-IM5,2026-10-03,901439d00f53aaac7cba1f17b89ed2231f6c053af64bab1cd501a5a0716dfd5b
P-0005114-T01-IM5,EGFR,missense_mutation,EGFR L858 missense,L858R,cBioPortal,unknown,/Users/vasilvasilev/Desktop/cell/data/raw/cbioportal_alterations.csv,P-0005114-T01-IM5,2026-10-03,901439d00f53aaac7cba1f17b89ed2231f6c053af64bab1cd501a5a0716dfd5b
P-0005114-T01-IM5,EGFR,missense_mutation,EGFR K867 missense,K867T,cBioPortal,unknown,/Users/vasilvasilev/Desktop/cell/data/raw/cbioportal_alterations.csv,P-0005114-T01-IM5,2026-10-03,901439d00f53aaac7cba1f17b89ed2231f6c053af64bab1cd501a5a0716dfd5b
P-0005114-T01-IM5,EGFR,missense_mutation,EGFR K860 missense,K860I,cBioPortal,unknown,/Users/vasilvasilev/Desktop/cell/data/raw/cbioportal_alterations.csv,P-0005114-T01-IM5,2026-10-03,901439d00f53aaac7cba1f17b89ed2231f6c053af64bab1cd501a5a0716dfd5b
P-0005123-T01-IM5,EGFR,missense_mutation,EGFR G719 missense,G719A,cBioPortal,unknown,/Users/vasilvasilev/Desktop/cell/data/raw/cbioportal_alterations.csv,P-0005123-T01-IM5,2026-10-03,901439d00f53aaac7cba1f17b89ed2231f6c053af64bab1cd501a5a0716dfd5b
P-0005148-T01-IM5,EGFR,missense_mutation,EGFR T790 missense,T790M,cBioPortal,unknown,/Users/vasilvasilev/Desktop/cell/data/raw/cbioportal_alterations.csv,P-0005148-T01-IM5,2026-10-03,901439d00f53aaac7cba1f17b89ed2231f6c053af64bab1cd501a5a0716dfd5b
P-0005148-T01-IM5,EGFR,missense_mutation,EGFR L858 missense,L858R,cBioPortal,unknown,/Users/vasilvasilev/Desktop/cell/data/raw/cbioportal_alterations.csv,P-0005148-T01-IM5,2026-10-03,901439d00f53aaac7cba1f17b89ed2231f6c053af64bab1cd501a5a0716dfd5b
P-0005178-T01-IM5,EGFR,in_frame_del,E746_A750del,E746_A750del,cBioPortal,unknown,/Users/vasilvasilev/Desktop/cell/data/raw/cbioportal_alterations.csv,P-0005178-T01-IM5,2026-10-03,901439d00f53aaac7cba1f17b89ed2231f6c053af64bab1cd501a5a0716dfd5b
P-0005194-T01-IM5,MET,missense_mutation,MET W1320 missense,W1320C,cBioPortal,unknown,/Users/vasilvasilev/Desktop/cell/data/raw/cbioportal_alterations.csv,P-0005194-T01-IM5,2026-10-03,901439d00f53aaac7cba1f17b89ed2231f6c053af64bab1cd501a5a0716dfd5b
P-0005198-T01-IM5,EGFR,in_frame_del,E746_S752delinsV,E746_S752delinsV,cBioPortal,unknown,/Users/vasilvasilev/Desktop/cell/data/raw/cbioportal_alterations.csv,P-0005198-T01-IM5,2026-10-03,901439d00f53aaac7cba1f17b89ed2231f6c053af64bab1cd501a5a0716dfd5b
P-0005223-T01-IM5,EGFR,in_frame_del,E746_A750del,E746_A750del,cBioPortal,unknown,/Users/vasilvasilev/Desktop/cell/data/raw/cbioportal_alterations.csv,P-0005223-T01-IM5,2026-10-03,901439d00f53aaac7cba1f17b89ed2231f6c053af64bab1cd501a5a0716dfd5b
P-0005259-T01-IM5,EGFR,in_frame_del,E746_A750del,E746_A750del,cBioPortal,unknown,/Users/vasilvasilev/Desktop/cell/data/raw/cbioportal_alterations.csv,P-0005259-T01-IM5,2026-10-03,901439d00f53aaac7cba1f17b89ed2231f6c053af64bab1cd501a5a0716dfd5b
P-0005261-T01-IM5,EGFR,missense_mutation,EGFR G779 missense,G779F,cBioPortal,unknown,/Users/vasilvasilev/Desktop/cell/data/raw/cbioportal_alterations.csv,P-0005261-T01-IM5,2026-10-03,901439d00f53aaac7cba1f17b89ed2231f6c053af64bab1cd501a5a0716dfd5b
P-0005264-T01-IM5,EGFR,missense_mutation,EGFR L858 missense,L858R,cBioPortal,unknown,/Users/vasilvasilev/Desktop/cell/data/raw/cbioportal_alterations.csv,P-0005264-T01-IM5,2026-10-03,901439d00f53aaac7cba1f17b89ed2231f6c053af64bab1cd501a5a0716dfd5b
P-0005286-T01-IM5,EGFR,in_frame_ins,A767_V769dup,A767_V769dup,cBioPortal,unknown,/Users/vasilvasilev/Desktop/cell/data/raw/cbioportal_alterations.csv,P-0005286-T01-IM5,2026-10-03,901439d00f53aaac7cba1f17b89ed2231f6c053af64bab1cd501a5a0716dfd5b
P-0005337-T01-IM5,EGFR,missense_mutation,EGFR T790 missense,T790M,cBioPortal,unknown,/Users/vasilvasilev/Desktop/cell/data/raw/cbioportal_alterations.csv,P-0005337-T01-IM5,2026-10-03,901439d00f53aaac7cba1f17b89ed2231f6c053af64bab1cd501a5a0716dfd5b
P-0005337-T01-IM5,EGFR,missense_mutation,EGFR L858 missense,L858R,cBioPortal,unknown,/Users/vasilvasilev/Desktop/cell/data/raw/cbioportal_alterations.csv,P-0005337-T01-IM5,2026-10-03,901439d00f53aaac7cba1f17b89ed2231f6c053af64bab1cd501a5a0716dfd5b
P-0005393-T01-IM5,EGFR,missense_mutation,EGFR L861 missense,L861Q,cBioPortal,unknown,/Users/vasilvasilev/Desktop/cell/data/raw/cbioportal_alterations.csv,P-0005393-T01-IM5,2026-10-03,901439d00f53aaac7cba1f17b89ed2231f6c053af64bab1cd501a5a0716dfd5b
P-0005435-T01-IM5,EGFR,missense_mutation,EGFR L861 missense,L861Q,cBioPortal,unknown,/Users/vasilvasilev/Desktop/cell/data/raw/cbioportal_alterations.csv,P-0005435-T01-IM5,2026-10-03,901439d00f53aaac7cba1f17b89ed2231f6c053af64bab1cd501a5a0716dfd5b
P-0005464-T01-IM5,EGFR,missense_mutation,EGFR T790 missense,T790M,cBioPortal,unknown,/Users/vasilvasilev/Desktop/cell/data/raw/cbioportal_alterations.csv,P-0005464-T01-IM5,2026-10-03,901439d00f53aaac7cba1f17b89ed2231f6c053af64bab1cd501a5a0716dfd5b
P-0005464-T01-IM5,EGFR,missense_mutation,EGFR L858 missense,L858R,cBioPortal,unknown,/Users/vasilvasilev/Desktop/cell/data/raw/cbioportal_alterations.csv,P-0005464-T01-IM5,2026-10-03,901439d00f53aaac7cba1f17b89ed2231f6c053af64bab1cd501a5a0716dfd5b
P-0005467-T01-IM5,EGFR,in_frame_del,E746_A750del,E746_A750del,cBioPortal,unknown,/Users/vasilvasilev/Desktop/cell/data/raw/cbioportal_alterations.csv,P-0005467-T01-IM5,2026-10-03,901439d00f53aaac7cba1f17b89ed2231f6c053af64bab1cd501a5a0716dfd5b
P-0005504-T01-IM5,EGFR,in_frame_ins,N771_H773dup,N771_H773dup,cBioPortal,unknown,/Users/vasilvasilev/Desktop/cell/data/raw/cbioportal_alterations.csv,P-0005504-T01-IM5,2026-10-03,901439d00f53aaac7cba1f17b89ed2231f6c053af64bab1cd501a5a0716dfd5b
P-0005533-T01-IM5,EGFR,in_frame_ins,D770_N771insG,D770_N771insG,cBioPortal,unknown,/Users/vasilvasilev/Desktop/cell/data/raw/cbioportal_alterations.csv,P-0005533-T01-IM5,2026-10-03,901439d00f53aaac7cba1f17b89ed2231f6c053af64bab1cd501a5a0716dfd5b
P-0005541-T01-IM5,MET,missense_mutation,MET N375 missense,N375K,cBioPortal,unknown,/Users/vasilvasilev/Desktop/cell/data/raw/cbioportal_alterations.csv,P-0005541-T01-IM5,2026-10-03,901439d00f53aaac7cba1f17b89ed2231f6c053af64bab1cd501a5a0716dfd5b
P-0005544-T01-IM5,MET,missense_mutation,MET T698 missense,T698F,cBioPortal,unknown,/Users/vasilvasilev/Desktop/cell/data/raw/cbioportal_alterations.csv,P-0005544-T01-IM5,2026-10-03,901439d00f53aaac7cba1f17b89ed2231f6c053af64bab1cd501a5a0716dfd5b
P-0005553-T01-IM5,EGFR,missense_mutation,EGFR T790 missense,T790M,cBioPortal,unknown,/Users/vasilvasilev/Desktop/cell/data/raw/cbioportal_alterations.csv,P-0005553-T01-IM5,2026-10-03,901439d00f53aaac7cba1f17b89ed2231f6c053af64bab1cd501a5a0716dfd5b
P-0005553-T01-IM5,EGFR,in_frame_del,E746_A750del,E746_A750del,cBioPortal,unknown,/Users/vasilvasilev/Desktop/cell/data/raw/cbioportal_alterations.csv,P-0005553-T01-IM5,2026-10-03,901439d00f53aaac7cba1f17b89ed2231f6c053af64bab1cd501a5a0716dfd5b
P-0005553-T02-IM5,EGFR,in_frame_del,E746_A750del,E746_A750del,cBioPortal,unknown,/Users/vasilvasilev/Desktop/cell/data/raw/cbioportal_alterations.csv,P-0005553-T02-IM5,2026-10-03,901439d00f53aaac7cba1f17b89ed2231f6c053af64bab1cd501a5a0716dfd5b
P-0005580-T01-IM5,EGFR,missense_mutation,EGFR L858 missense,L858R,cBioPortal,unknown,/Users/vasilvasilev/Desktop/cell/data/raw/cbioportal_alterations.csv,P-0005580-T01-IM5,2026-10-03,901439d00f53aaac7cba1f17b89ed2231f6c053af64bab1cd501a5a0716dfd5b
P-0005752-T01-IM5,MET,splice_site,MET truncating,X1010_splice,cBioPortal,unknown,/Users/vasilvasilev/Desktop/cell/data/raw/cbioportal_alterations.csv,P-0005752-T01-IM5,2026-10-03,901439d00f53aaac7cba1f17b89ed2231f6c053af64bab1cd501a5a0716dfd5b
P-0005763-T01-IM5,EGFR,in_frame_del,S752_D761delinsPT,S752_D761delinsPT,cBioPortal,unknown,/Users/vasilvasilev/Desktop/cell/data/raw/cbioportal_alterations.csv,P-0005763-T01-IM5,2026-10-03,901439d00f53aaac7cba1f17b89ed2231f6c053af64bab1cd501a5a0716dfd5b
P-0005763-T01-IM5,EGFR,missense_mutation,EGFR T790 missense,T790M,cBioPortal,unknown,/Users/vasilvasilev/Desktop/cell/data/raw/cbioportal_alterations.csv,P-0005763-T01-IM5,2026-10-03,901439d00f53aaac7cba1f17b89ed2231f6c053af64bab1cd501a5a0716dfd5b
P-0005813-T01-IM5,EGFR,in_frame_del,E746_A750del,E746_A750del,cBioPortal,unknown,/Users/vasilvasilev/Desktop/cell/data/raw/cbioportal_alterations.csv,P-0005813-T01-IM5,2026-10-03,901439d00f53aaac7cba1f17b89ed2231f6c053af64bab1cd501a5a0716dfd5b
P-0005845-T01-IM5,EGFR,missense_mutation,EGFR L858 missense,L858R,cBioPortal,unknown,/Users/vasilvasilev/Desktop/cell/data/raw/cbioportal_alterations.csv,P-0005845-T01-IM5,2026-10-03,901439d00f53aaac7cba1f17b89ed2231f6c053af64bab1cd501a5a0716dfd5b
P-0005845-T02-IM5,EGFR,missense_mutation,EGFR L858 missense,L858R,cBioPortal,unknown,/Users/vasilvasilev/Desktop/cell/data/raw/cbioportal_alterations.csv,P-0005845-T02-IM5,2026-10-03,901439d00f53aaac7cba1f17b89ed2231f6c053af64bab1cd501a5a0716dfd5b
P-0005895-T01-IM5,EGFR,missense_mutation,EGFR L858 missense,L858R,cBioPortal,unknown,/Users/vasilvasilev/Desktop/cell/data/raw/cbioportal_alterations.csv,P-0005895-T01-IM5,2026-10-03,901439d00f53aaac7cba1f17b89ed2231f6c053af64bab1cd501a5a0716dfd5b
P-0005974-T01-IM5,EGFR,in_frame_del,E746_A750delinsP,E746_A750delinsP,cBioPortal,unknown,/Users/vasilvasilev/Desktop/cell/data/raw/cbioportal_alterations.csv,P-0005974-T01-IM5,2026-10-03,901439d00f53aaac7cba1f17b89ed2231f6c053af64bab1cd501a5a0716dfd5b
P-0005985-T01-IM5,EGFR,missense_mutation,EGFR L858 missense,L858R,cBioPortal,unknown,/Users/vasilvasilev/Desktop/cell/data/raw/cbioportal_alterations.csv,P-0005985-T01-IM5,2026-10-03,901439d00f53aaac7cba1f17b89ed2231f6c053af64bab1cd501a5a0716dfd5b
P-0006002-T01-IM5,EGFR,in_frame_del,E746_A750del,E746_A750del,cBioPortal,unknown,/Users/vasilvasilev/Desktop/cell/data/raw/cbioportal_alterations.csv,P-0006002-T01-IM5,2026-10-03,901439d00f53aaac7cba1f17b89ed2231f6c053af64bab1cd501a5a0716dfd5b
P-0006003-T01-IM5,EGFR,missense_mutation,EGFR G719 missense,G719A,cBioPortal,unknown,/Users/vasilvasilev/Desktop/cell/data/raw/cbioportal_alterations.csv,P-0006003-T01-IM5,2026-10-03,901439d00f53aaac7cba1f17b89ed2231f6c053af64bab1cd501a5a0716dfd5b
P-0006003-T01-IM5,EGFR,missense_mutation,EGFR E709 missense,E709K,cBioPortal,unknown,/Users/vasilvasilev/Desktop/cell/data/raw/cbioportal_alterations.csv,P-0006003-T01-IM5,2026-10-03,901439d00f53aaac7cba1f17b89ed2231f6c053af64bab1cd501a5a0716dfd5b
P-0006028-T01-IM5,EGFR,in_frame_del,E746_A750del,E746_A750del,cBioPortal,unknown,/Users/vasilvasilev/Desktop/cell/data/raw/cbioportal_alterations.csv,P-0006028-T01-IM5,2026-10-03,901439d00f53aaac7cba1f17b89ed2231f6c053af64bab1cd501a5a0716dfd5b
P-0006052-T01-IM5,MET,missense_mutation,MET D1010 missense,D1010Y,cBioPortal,unknown,/Users/vasilvasilev/Desktop/cell/data/raw/cbioportal_alterations.csv,P-0006052-T01-IM5,2026-10-03,901439d00f53aaac7cba1f17b89ed2231f6c053af64bab1cd501a5a0716dfd5b
P-0006065-T01-IM5,MET,missense_mutation,MET D1010 missense,D1010H,cBioPortal,unknown,/Users/vasilvasilev/Desktop/cell/data/raw/cbioportal_alterations.csv,P-0006065-T01-IM5,2026-10-03,901439d00f53aaac7cba1f17b89ed2231f6c053af64bab1cd501a5a0716dfd5b
P-0006085-T01-IM5,MET,frame_shift_del,MET truncating,D1010fs,cBioPortal,unknown,/Users/vasilvasilev/Desktop/cell/data/raw/cbioportal_alterations.csv,P-0006085-T01-IM5,2026-10-03,901439d00f53aaac7cba1f17b89ed2231f6c053af64bab1cd501a5a0716dfd5b
P-0006094-T01-IM5,MET,splice_site,MET truncating,X1010_splice,cBioPortal,unknown,/Users/vasilvasilev/Desktop/cell/data/raw/cbioportal_alterations.csv,P-0006094-T01-IM5,2026-10-03,901439d00f53aaac7cba1f17b89ed2231f6c053af64bab1cd501a5a0716dfd5b
P-0006105-T01-IM5,EGFR,missense_mutation,EGFR T790 missense,T790M,cBioPortal,unknown,/Users/vasilvasilev/Desktop/cell/data/raw/cbioportal_alterations.csv,P-0006105-T01-IM5,2026-10-03,901439d00f53aaac7cba1f17b89ed2231f6c053af64bab1cd501a5a0716dfd5b
P-0006105-T01-IM5,EGFR,in_frame_del,E746_A750del,E746_A750del,cBioPortal,unknown,/Users/vasilvasilev/Desktop/cell/data/raw/cbioportal_alterations.csv,P-0006105-T01-IM5,2026-10-03,901439d00f53aaac7cba1f17b89ed2231f6c053af64bab1cd501a5a0716dfd5b
P-0006115-T01-IM5,EGFR,missense_mutation,EGFR E967 missense,E967K,cBioPortal,unknown,/Users/vasilvasilev/Desktop/cell/data/raw/cbioportal_alterations.csv,P-0006115-T01-IM5,2026-10-03,901439d00f53aaac7cba1f17b89ed2231f6c053af64bab1cd501a5a0716dfd5b
P-0006115-T01-IM5,EGFR,in_frame_del,E746_A750del,E746_A750del,cBioPortal,unknown,/Users/vasilvasilev/Desktop/cell/data/raw/cbioportal_alterations.csv,P-0006115-T01-IM5,2026-10-03,901439d00f53aaac7cba1f17b89ed2231f6c053af64bab1cd501a5a0716dfd5b
P-0006116-T01-IM5,EGFR,missense_mutation,EGFR L858 missense,L858R,cBioPortal,unknown,/Users/vasilvasilev/Desktop/cell/data/raw/cbioportal_alterations.csv,P-0006116-T01-IM5,2026-10-03,901439d00f53aaac7cba1f17b89ed2231f6c053af64bab1cd501a5a0716dfd5b
P-0006127-T01-IM5,MET,splice_site,MET truncating,X963_splice,cBioPortal,unknown,/Users/vasilvasilev/Desktop/cell/data/raw/cbioportal_alterations.csv,P-0006127-T01-IM5,2026-10-03,901439d00f53aaac7cba1f17b89ed2231f6c053af64bab1cd501a5a0716dfd5b
P-0006139-T01-IM5,EGFR,missense_mutation,EGFR L858 missense,L858R,cBioPortal,unknown,/Users/vasilvasilev/Desktop/cell/data/raw/cbioportal_alterations.csv,P-0006139-T01-IM5,2026-10-03,901439d00f53aaac7cba1f17b89ed2231f6c053af64bab1cd501a5a0716dfd5b
P-0006150-T01-IM5,EGFR,missense_mutation,EGFR A1118 missense,A1118S,cBioPortal,unknown,/Users/vasilvasilev/Desktop/cell/data/raw/cbioportal_alterations.csv,P-0006150-T01-IM5,2026-10-03,901439d00f53aaac7cba1f17b89ed2231f6c053af64bab1cd501a5a0716dfd5b
P-0006151-T01-IM5,EGFR,missense_mutation,EGFR L858 missense,L858R,cBioPortal,unknown,/Users/vasilvasilev/Desktop/cell/data/raw/cbioportal_alterations.csv,P-0006151-T01-IM5,2026-10-03,901439d00f53aaac7cba1f17b89ed2231f6c053af64bab1cd501a5a0716dfd5b
P-0006171-T01-IM5,EGFR,in_frame_del,L747_A750delinsP,L747_A750delinsP,cBioPortal,unknown,/Users/vasilvasilev/Desktop/cell/data/raw/cbioportal_alterations.csv,P-0006171-T01-IM5,2026-10-03,901439d00f53aaac7cba1f17b89ed2231f6c053af64bab1cd501a5a0716dfd5b
P-0006171-T01-IM5,EGFR,missense_mutation,EGFR T790 missense,T790M,cBioPortal,unknown,/Users/vasilvasilev/Desktop/cell/data/raw/cbioportal_alterations.csv,P-0006171-T01-IM5,2026-10-03,901439d00f53aaac7cba1f17b89ed2231f6c053af64bab1cd501a5a0716dfd5b
P-0006198-T01-IM5,EGFR,in_frame_del,E746_A750del,E746_A750del,cBioPortal,unknown,/Users/vasilvasilev/Desktop/cell/data/raw/cbioportal_alterations.csv,P-0006198-T01-IM5,2026-10-03,901439d00f53aaac7cba1f17b89ed2231f6c053af64bab1cd501a5a0716dfd5b
P-0006210-T01-IM5,EGFR,missense_mutation,EGFR L858 missense,L858R,cBioPortal,unknown,/Users/vasilvasilev/Desktop/cell/data/raw/cbioportal_alterations.csv,P-0006210-T01-IM5,2026-10-03,901439d00f53aaac7cba1f17b89ed2231f6c053af64bab1cd501a5a0716dfd5b
P-0006280-T01-IM5,EGFR,missense_mutation,EGFR L858 missense,L858R,cBioPortal,unknown,/Users/vasilvasilev/Desktop/cell/data/raw/cbioportal_alterations.csv,P-0006280-T01-IM5,2026-10-03,901439d00f53aaac7cba1f17b89ed2231f6c053af64bab1cd501a5a0716dfd5b
P-0006290-T01-IM5,EGFR,missense_mutation,EGFR K642 missense,K642N,cBioPortal,unknown,/Users/vasilvasilev/Desktop/cell/data/raw/cbioportal_alterations.csv,P-0006290-T01-IM5,2026-10-03,901439d00f53aaac7cba1f17b89ed2231f6c053af64bab1cd501a5a0716dfd5b
P-0006368-T01-IM5,EGFR,missense_mutation,EGFR D368 missense,D368Y,cBioPortal,unknown,/Users/vasilvasilev/Desktop/cell/data/raw/cbioportal_alterations.csv,P-0006368-T01-IM5,2026-10-03,901439d00f53aaac7cba1f17b89ed2231f6c053af64bab1cd501a5a0716dfd5b
P-0006368-T01-IM5,MET,missense_mutation,MET D1002 missense,D1002G,cBioPortal,unknown,/Users/vasilvasilev/Desktop/cell/data/raw/cbioportal_alterations.csv,P-0006368-T01-IM5,2026-10-03,901439d00f53aaac7cba1f17b89ed2231f6c053af64bab1cd501a5a0716dfd5b
P-0006402-T01-IM5,EGFR,missense_mutation,EGFR G719 missense,G719S,cBioPortal,unknown,/Users/vasilvasilev/Desktop/cell/data/raw/cbioportal_alterations.csv,P-0006402-T01-IM5,2026-10-03,901439d00f53aaac7cba1f17b89ed2231f6c053af64bab1cd501a5a0716dfd5b
P-0006402-T01-IM5,EGFR,missense_mutation,EGFR E709 missense,E709A,cBioPortal,unknown,/Users/vasilvasilev/Desktop/cell/data/raw/cbioportal_alterations.csv,P-0006402-T01-IM5,2026-10-03,901439d00f53aaac7cba1f17b89ed2231f6c053af64bab1cd501a5a0716dfd5b
P-0006432-T01-IM5,MET,missense_mutation,MET D1010 missense,D1010N,cBioPortal,unknown,/Users/vasilvasilev/Desktop/cell/data/raw/cbioportal_alterations.csv,P-0006432-T01-IM5,2026-10-03,901439d00f53aaac7cba1f17b89ed2231f6c053af64bab1cd501a5a0716dfd5b
P-0006561-T02-IM5,EGFR,missense_mutation,EGFR L858 missense,L858R,cBioPortal,unknown,/Users/vasilvasilev/Desktop/cell/data/raw/cbioportal_alterations.csv,P-0006561-T02-IM5,2026-10-03,901439d00f53aaac7cba1f17b89ed2231f6c053af64bab1cd501a5a0716dfd5b
P-0006569-T01-IM5,EGFR,in_frame_del,E746_A750del,E746_A750del,cBioPortal,unknown,/Users/vasilvasilev/Desktop/cell/data/raw/cbioportal_alterations.csv,P-0006569-T01-IM5,2026-10-03,901439d00f53aaac7cba1f17b89ed2231f6c053af64bab1cd501a5a0716dfd5b
P-0006588-T01-IM5,EGFR,missense_mutation,EGFR L858 missense,L858R,cBioPortal,unknown,/Users/vasilvasilev/Desktop/cell/data/raw/cbioportal_alterations.csv,P-0006588-T01-IM5,2026-10-03,901439d00f53aaac7cba1f17b89ed2231f6c053af64bab1cd501a5a0716dfd5b
P-0006606-T01-IM5,EGFR,in_frame_del,E709_T710delinsD,E709_T710delinsD,cBioPortal,unknown,/Users/vasilvasilev/Desktop/cell/data/raw/cbioportal_alterations.csv,P-0006606-T01-IM5,2026-10-03,901439d00f53aaac7cba1f17b89ed2231f6c053af64bab1cd501a5a0716dfd5b
P-0006606-T02-IM5,EGFR,in_frame_del,E709_T710delinsD,E709_T710delinsD,cBioPortal,unknown,/Users/vasilvasilev/Desktop/cell/data/raw/cbioportal_alterations.csv,P-0006606-T02-IM5,2026-10-03,901439d00f53aaac7cba1f17b89ed2231f6c053af64bab1cd501a5a0716dfd5b
P-0006640-T01-IM5,EGFR,in_frame_del,E746_A750del,E746_A750del,cBioPortal,unknown,/Users/vasilvasilev/Desktop/cell/data/raw/cbioportal_alterations.csv,P-0006640-T01-IM5,2026-10-03,901439d00f53aaac7cba1f17b89ed2231f6c053af64bab1cd501a5a0716dfd5b
P-0006671-T01-IM5,EGFR,frame_shift_del,EGFR truncating,L747Rfs*13,cBioPortal,unknown,/Users/vasilvasilev/Desktop/cell/data/raw/cbioportal_alterations.csv,P-0006671-T01-IM5,2026-10-03,901439d00f53aaac7cba1f17b89ed2231f6c053af64bab1cd501a5a0716dfd5b
P-0006713-T01-IM5,EGFR,missense_mutation,EGFR A24 missense,A24S,cBioPortal,unknown,/Users/vasilvasilev/Desktop/cell/data/raw/cbioportal_alterations.csv,P-0006713-T01-IM5,2026-10-03,901439d00f53aaac7cba1f17b89ed2231f6c053af64bab1cd501a5a0716dfd5b
P-0006724-T01-IM5,MET,missense_mutation,MET C584 missense,C584F,cBioPortal,unknown,/Users/vasilvasilev/Desktop/cell/data/raw/cbioportal_alterations.csv,P-0006724-T01-IM5,2026-10-03,901439d00f53aaac7cba1f17b89ed2231f6c053af64bab1cd501a5a0716dfd5b
P-0006789-T01-IM5,EGFR,in_frame_del,L747_P753delinsS,L747_P753delinsS,cBioPortal,unknown,/Users/vasilvasilev/Desktop/cell/data/raw/cbioportal_alterations.csv,P-0006789-T01-IM5,2026-10-03,901439d00f53aaac7cba1f17b89ed2231f6c053af64bab1cd501a5a0716dfd5b
P-0006789-T01-IM5,EGFR,missense_mutation,EGFR A755 missense,A755G,cBioPortal,unknown,/Users/vasilvasilev/Desktop/cell/data/raw/cbioportal_alterations.csv,P-0006789-T01-IM5,2026-10-03,901439d00f53aaac7cba1f17b89ed2231f6c053af64bab1cd501a5a0716dfd5b
P-0006793-T01-IM5,MET,missense_mutation,MET N202 missense,N202D,cBioPortal,unknown,/Users/vasilvasilev/Desktop/cell/data/raw/cbioportal_alterations.csv,P-0006793-T01-IM5,2026-10-03,901439d00f53aaac7cba1f17b89ed2231f6c053af64bab1cd501a5a0716dfd5b
P-0006810-T01-IM5,EGFR,in_frame_del,E746_A750del,E746_A750del,cBioPortal,unknown,/Users/vasilvasilev/Desktop/cell/data/raw/cbioportal_alterations.csv,P-0006810-T01-IM5,2026-10-03,901439d00f53aaac7cba1f17b89ed2231f6c053af64bab1cd501a5a0716dfd5b
P-0006844-T01-IM5,EGFR,in_frame_del,E746_A750del,E746_A750del,cBioPortal,unknown,/Users/vasilvasilev/Desktop/cell/data/raw/cbioportal_alterations.csv,P-0006844-T01-IM5,2026-10-03,901439d00f53aaac7cba1f17b89ed2231f6c053af64bab1cd501a5a0716dfd5b
P-0006844-T02-IM5,EGFR,in_frame_del,E746_A750del,E746_A750del,cBioPortal,unknown,/Users/vasilvasilev/Desktop/cell/data/raw/cbioportal_alterations.csv,P-0006844-T02-IM5,2026-10-03,901439d00f53aaac7cba1f17b89ed2231f6c053af64bab1cd501a5a0716dfd5b
P-0006883-T01-IM5,EGFR,in_frame_del,E746_S752delinsV,E746_S752delinsV,cBioPortal,unknown,/Users/vasilvasilev/Desktop/cell/data/raw/cbioportal_alterations.csv,P-0006883-T01-IM5,2026-10-03,901439d00f53aaac7cba1f17b89ed2231f6c053af64bab1cd501a5a0716dfd5b
P-0006886-T01-IM5,EGFR,missense_mutation,EGFR V834 missense,V834L,cBioPortal,unknown,/Users/vasilvasilev/Desktop/cell/data/raw/cbioportal_alterations.csv,P-0006886-T01-IM5,2026-10-03,901439d00f53aaac7cba1f17b89ed2231f6c053af64bab1cd501a5a0716dfd5b
P-0006886-T01-IM5,EGFR,missense_mutation,EGFR L858 missense,L858R,cBioPortal,unknown,/Users/vasilvasilev/Desktop/cell/data/raw/cbioportal_alterations.csv,P-0006886-T01-IM5,2026-10-03,901439d00f53aaac7cba1f17b89ed2231f6c053af64bab1cd501a5a0716dfd5b
P-0006912-T01-IM5,EGFR,in_frame_del,E746_A750del,E746_A750del,cBioPortal,unknown,/Users/vasilvasilev/Desktop/cell/data/raw/cbioportal_alterations.csv,P-0006912-T01-IM5,2026-10-03,901439d00f53aaac7cba1f17b89ed2231f6c053af64bab1cd501a5a0716dfd5b
P-0006915-T01-IM5,EGFR,missense_mutation,EGFR G719 missense,G719A,cBioPortal,unknown,/Users/vasilvasilev/Desktop/cell/data/raw/cbioportal_alterations.csv,P-0006915-T01-IM5,2026-10-03,901439d00f53aaac7cba1f17b89ed2231f6c053af64bab1cd501a5a0716dfd5b
P-0006915-T01-IM5,EGFR,missense_mutation,EGFR L861 missense,L861Q,cBioPortal,unknown,/Users/vasilvasilev/Desktop/cell/data/raw/cbioportal_alterations.csv,P-0006915-T01-IM5,2026-10-03,901439d00f53aaac7cba1f17b89ed2231f6c053af64bab1cd501a5a0716dfd5b
P-0006924-T01-IM5,EGFR,missense_mutation,EGFR H773 missense,H773R,cBioPortal,unknown,/Users/vasilvasilev/Desktop/cell/data/raw/cbioportal_alterations.csv,P-0006924-T01-IM5,2026-10-03,901439d00f53aaac7cba1f17b89ed2231f6c053af64bab1cd501a5a0716dfd5b
P-0006941-T01-IM5,MET,in_frame_del,D1002_F1007del,D1002_F1007del,cBioPortal,unknown,/Users/vasilvasilev/Desktop/cell/data/raw/cbioportal_alterations.csv,P-0006941-T01-IM5,2026-10-03,901439d00f53aaac7cba1f17b89ed2231f6c053af64bab1cd501a5a0716dfd5b
P-0006964-T01-IM5,EGFR,in_frame_del,E746_A750del,E746_A750del,cBioPortal,unknown,/Users/vasilvasilev/Desktop/cell/data/raw/cbioportal_alterations.csv,P-0006964-T01-IM5,2026-10-03,901439d00f53aaac7cba1f17b89ed2231f6c053af64bab1cd501a5a0716dfd5b
P-0006995-T01-IM5,EGFR,in_frame_del,S752_I759del,S752_I759del,cBioPortal,unknown,/Users/vasilvasilev/Desktop/cell/data/raw/cbioportal_alterations.csv,P-0006995-T01-IM5,2026-10-03,901439d00f53aaac7cba1f17b89ed2231f6c053af64bab1cd501a5a0716dfd5b
P-0007057-T01-IM5,EGFR,in_frame_del,E746_A750del,E746_A750del,cBioPortal,unknown,/Users/vasilvasilev/Desktop/cell/data/raw/cbioportal_alterations.csv,P-0007057-T01-IM5,2026-10-03,901439d00f53aaac7cba1f17b89ed2231f6c053af64bab1cd501a5a0716dfd5b
P-0007082-T01-IM5,EGFR,in_frame_del,E746_A750del,E746_A750del,cBioPortal,unknown,/Users/vasilvasilev/Desktop/cell/data/raw/cbioportal_alterations.csv,P-0007082-T01-IM5,2026-10-03,901439d00f53aaac7cba1f17b89ed2231f6c053af64bab1cd501a5a0716dfd5b
P-0007084-T02-IM5,EGFR,missense_mutation,EGFR A13 missense,A13T,cBioPortal,unknown,/Users/vasilvasilev/Desktop/cell/data/raw/cbioportal_alterations.csv,P-0007084-T02-IM5,2026-10-03,901439d00f53aaac7cba1f17b89ed2231f6c053af64bab1cd501a5a0716dfd5b
P-0007084-T02-IM5,EGFR,missense_mutation,EGFR T725 missense,T725M,cBioPortal,unknown,/Users/vasilvasilev/Desktop/cell/data/raw/cbioportal_alterations.csv,P-0007084-T02-IM5,2026-10-03,901439d00f53aaac7cba1f17b89ed2231f6c053af64bab1cd501a5a0716dfd5b
P-0007088-T02-IM5,EGFR,missense_mutation,EGFR T790 missense,T790M,cBioPortal,unknown,/Users/vasilvasilev/Desktop/cell/data/raw/cbioportal_alterations.csv,P-0007088-T02-IM5,2026-10-03,901439d00f53aaac7cba1f17b89ed2231f6c053af64bab1cd501a5a0716dfd5b
P-0007088-T02-IM5,EGFR,missense_mutation,EGFR G719 missense,G719A,cBioPortal,unknown,/Users/vasilvasilev/Desktop/cell/data/raw/cbioportal_alterations.csv,P-0007088-T02-IM5,2026-10-03,901439d00f53aaac7cba1f17b89ed2231f6c053af64bab1cd501a5a0716dfd5b
P-0007088-T02-IM5,EGFR,missense_mutation,EGFR L707 missense,L707W,cBioPortal,unknown,/Users/vasilvasilev/Desktop/cell/data/raw/cbioportal_alterations.csv,P-0007088-T02-IM5,2026-10-03,901439d00f53aaac7cba1f17b89ed2231f6c053af64bab1cd501a5a0716dfd5b
P-0007167-T01-IM5,EGFR,in_frame_del,E746_A750del,E746_A750del,cBioPortal,unknown,/Users/vasilvasilev/Desktop/cell/data/raw/cbioportal_alterations.csv,P-0007167-T01-IM5,2026-10-03,901439d00f53aaac7cba1f17b89ed2231f6c053af64bab1cd501a5a0716dfd5b
P-0007236-T01-IM5,EGFR,missense_mutation,EGFR L858 missense,L858R,cBioPortal,unknown,/Users/vasilvasilev/Desktop/cell/data/raw/cbioportal_alterations.csv,P-0007236-T01-IM5,2026-10-03,901439d00f53aaac7cba1f17b89ed2231f6c053af64bab1cd501a5a0716dfd5b
P-0007322-T01-IM5,EGFR,missense_mutation,EGFR L858 missense,L858R,cBioPortal,unknown,/Users/vasilvasilev/Desktop/cell/data/raw/cbioportal_alterations.csv,P-0007322-T01-IM5,2026-10-03,901439d00f53aaac7cba1f17b89ed2231f6c053af64bab1cd501a5a0716dfd5b
P-0007507-T01-IM5,EGFR,in_frame_del,E746_A750del,E746_A750del,cBioPortal,unknown,/Users/vasilvasilev/Desktop/cell/data/raw/cbioportal_alterations.csv,P-0007507-T01-IM5,2026-10-03,901439d00f53aaac7cba1f17b89ed2231f6c053af64bab1cd501a5a0716dfd5b
P-0007508-T01-IM5,EGFR,missense_mutation,EGFR L858 missense,L858R,cBioPortal,unknown,/Users/vasilvasilev/Desktop/cell/data/raw/cbioportal_alterations.csv,P-0007508-T01-IM5,2026-10-03,901439d00f53aaac7cba1f17b89ed2231f6c053af64bab1cd501a5a0716dfd5b
P-0007514-T01-IM5,EGFR,in_frame_del,L747_T751del,L747_T751del,cBioPortal,unknown,/Users/vasilvasilev/Desktop/cell/data/raw/cbioportal_alterations.csv,P-0007514-T01-IM5,2026-10-03,901439d00f53aaac7cba1f17b89ed2231f6c053af64bab1cd501a5a0716dfd5b
P-0007534-T01-IM5,MET,splice_site,MET truncating,X1010_splice,cBioPortal,unknown,/Users/vasilvasilev/Desktop/cell/data/raw/cbioportal_alterations.csv,P-0007534-T01-IM5,2026-10-03,901439d00f53aaac7cba1f17b89ed2231f6c053af64bab1cd501a5a0716dfd5b
P-0007545-T01-IM5,EGFR,in_frame_del,L747_T751del,L747_T751del,cBioPortal,unknown,/Users/vasilvasilev/Desktop/cell/data/raw/cbioportal_alterations.csv,P-0007545-T01-IM5,2026-10-03,901439d00f53aaac7cba1f17b89ed2231f6c053af64bab1cd501a5a0716dfd5b
P-0007580-T01-IM5,EGFR,missense_mutation,EGFR S720 missense,S720F,cBioPortal,unknown,/Users/vasilvasilev/Desktop/cell/data/raw/cbioportal_alterations.csv,P-0007580-T01-IM5,2026-10-03,901439d00f53aaac7cba1f17b89ed2231f6c053af64bab1cd501a5a0716dfd5b
P-0007580-T01-IM5,EGFR,missense_mutation,EGFR L861 missense,L861Q,cBioPortal,unknown,/Users/vasilvasilev/Desktop/cell/data/raw/cbioportal_alterations.csv,P-0007580-T01-IM5,2026-10-03,901439d00f53aaac7cba1f17b89ed2231f6c053af64bab1cd501a5a0716dfd5b
P-0007582-T01-IM5,EGFR,missense_mutation,EGFR L861 missense,L861Q,cBioPortal,unknown,/Users/vasilvasilev/Desktop/cell/data/raw/cbioportal_alterations.csv,P-0007582-T01-IM5,2026-10-03,901439d00f53aaac7cba1f17b89ed2231f6c053af64bab1cd501a5a0716dfd5b
P-0007587-T01-IM5,EGFR,in_frame_del,E746_A750del,E746_A750del,cBioPortal,unknown,/Users/vasilvasilev/Desktop/cell/data/raw/cbioportal_alterations.csv,P-0007587-T01-IM5,2026-10-03,901439d00f53aaac7cba1f17b89ed2231f6c053af64bab1cd501a5a0716dfd5b
P-0007663-T01-IM5,EGFR,missense_mutation,EGFR L858 missense,L858R,cBioPortal,unknown,/Users/vasilvasilev/Desktop/cell/data/raw/cbioportal_alterations.csv,P-0007663-T01-IM5,2026-10-03,901439d00f53aaac7cba1f17b89ed2231f6c053af64bab1cd501a5a0716dfd5b
P-0007681-T01-IM5,EGFR,missense_mutation,EGFR T790 missense,T790M,cBioPortal,unknown,/Users/vasilvasilev/Desktop/cell/data/raw/cbioportal_alterations.csv,P-0007681-T01-IM5,2026-10-03,901439d00f53aaac7cba1f17b89ed2231f6c053af64bab1cd501a5a0716dfd5b
P-0007681-T01-IM5,EGFR,in_frame_del,E746_A750del,E746_A750del,cBioPortal,unknown,/Users/vasilvasilev/Desktop/cell/data/raw/cbioportal_alterations.csv,P-0007681-T01-IM5,2026-10-03,901439d00f53aaac7cba1f17b89ed2231f6c053af64bab1cd501a5a0716dfd5b
P-0007701-T01-IM5,EGFR,in_frame_del,L747_A750delinsP,L747_A750delinsP,cBioPortal,unknown,/Users/vasilvasilev/Desktop/cell/data/raw/cbioportal_alterations.csv,P-0007701-T01-IM5,2026-10-03,901439d00f53aaac7cba1f17b89ed2231f6c053af64bab1cd501a5a0716dfd5b
P-0007745-T01-IM5,EGFR,in_frame_del,E746_A750del,E746_A750del,cBioPortal,unknown,/Users/vasilvasilev/Desktop/cell/data/raw/cbioportal_alterations.csv,P-0007745-T01-IM5,2026-10-03,901439d00f53aaac7cba1f17b89ed2231f6c053af64bab1cd501a5a0716dfd5b
P-0007754-T01-IM5,EGFR,missense_mutation,EGFR L858 missense,L858R,cBioPortal,unknown,/Users/vasilvasilev/Desktop/cell/data/raw/cbioportal_alterations.csv,P-0007754-T01-IM5,2026-10-03,901439d00f53aaac7cba1f17b89ed2231f6c053af64bab1cd501a5a0716dfd5b
P-0007775-T01-IM5,EGFR,in_frame_del,E746_A750del,E746_A750del,cBioPortal,unknown,/Users/vasilvasilev/Desktop/cell/data/raw/cbioportal_alterations.csv,P-0007775-T01-IM5,2026-10-03,901439d00f53aaac7cba1f17b89ed2231f6c053af64bab1cd501a5a0716dfd5b
P-0007779-T01-IM5,EGFR,missense_mutation,EGFR L858 missense,L858R,cBioPortal,unknown,/Users/vasilvasilev/Desktop/cell/data/raw/cbioportal_alterations.csv,P-0007779-T01-IM5,2026-10-03,901439d00f53aaac7cba1f17b89ed2231f6c053af64bab1cd501a5a0716dfd5b
P-0007788-T01-IM5,EGFR,in_frame_del,E746_A750del,E746_A750del,cBioPortal,unknown,/Users/vasilvasilev/Desktop/cell/data/raw/cbioportal_alterations.csv,P-0007788-T01-IM5,2026-10-03,901439d00f53aaac7cba1f17b89ed2231f6c053af64bab1cd501a5a0716dfd5b
P-0007788-T02-IM5,EGFR,in_frame_del,E746_A750del,E746_A750del,cBioPortal,unknown,/Users/vasilvasilev/Desktop/cell/data/raw/cbioportal_alterations.csv,P-0007788-T02-IM5,2026-10-03,901439d00f53aaac7cba1f17b89ed2231f6c053af64bab1cd501a5a0716dfd5b
P-0007813-T01-IM5,EGFR,missense_mutation,EGFR G221 missense,G221V,cBioPortal,unknown,/Users/vasilvasilev/Desktop/cell/data/raw/cbioportal_alterations.csv,P-0007813-T01-IM5,2026-10-03,901439d00f53aaac7cba1f17b89ed2231f6c053af64bab1cd501a5a0716dfd5b
P-0007841-T01-IM5,EGFR,in_frame_del,E746_A750del,E746_A750del,cBioPortal,unknown,/Users/vasilvasilev/Desktop/cell/data/raw/cbioportal_alterations.csv,P-0007841-T01-IM5,2026-10-03,901439d00f53aaac7cba1f17b89ed2231f6c053af64bab1cd501a5a0716dfd5b
P-0007842-T01-IM5,EGFR,missense_mutation,EGFR G719 missense,G719A,cBioPortal,unknown,/Users/vasilvasilev/Desktop/cell/data/raw/cbioportal_alterations.csv,P-0007842-T01-IM5,2026-10-03,901439d00f53aaac7cba1f17b89ed2231f6c053af64bab1cd501a5a0716dfd5b
P-0007846-T01-IM5,EGFR,missense_mutation,EGFR L858 missense,L858R,cBioPortal,unknown,/Users/vasilvasilev/Desktop/cell/data/raw/cbioportal_alterations.csv,P-0007846-T01-IM5,2026-10-03,901439d00f53aaac7cba1f17b89ed2231f6c053af64bab1cd501a5a0716dfd5b
P-0007864-T01-IM5,EGFR,missense_mutation,EGFR T790 missense,T790M,cBioPortal,unknown,/Users/vasilvasilev/Desktop/cell/data/raw/cbioportal_alterations.csv,P-0007864-T01-IM5,2026-10-03,901439d00f53aaac7cba1f17b89ed2231f6c053af64bab1cd501a5a0716dfd5b
P-0007864-T01-IM5,EGFR,in_frame_del,E746_A750del,E746_A750del,cBioPortal,unknown,/Users/vasilvasilev/Desktop/cell/data/raw/cbioportal_alterations.csv,P-0007864-T01-IM5,2026-10-03,901439d00f53aaac7cba1f17b89ed2231f6c053af64bab1cd501a5a0716dfd5b
P-0007870-T01-IM5,EGFR,missense_mutation,EGFR T790 missense,T790M,cBioPortal,unknown,/Users/vasilvasilev/Desktop/cell/data/raw/cbioportal_alterations.csv,P-0007870-T01-IM5,2026-10-03,901439d00f53aaac7cba1f17b89ed2231f6c053af64bab1cd501a5a0716dfd5b
P-0007870-T01-IM5,EGFR,in_frame_del,E746_A750del,E746_A750del,cBioPortal,unknown,/Users/vasilvasilev/Desktop/cell/data/raw/cbioportal_alterations.csv,P-0007870-T01-IM5,2026-10-03,901439d00f53aaac7cba1f17b89ed2231f6c053af64bab1cd501a5a0716dfd5b
P-0007896-T01-IM5,EGFR,missense_mutation,EGFR L858 missense,L858R,cBioPortal,unknown,/Users/vasilvasilev/Desktop/cell/data/raw/cbioportal_alterations.csv,P-0007896-T01-IM5,2026-10-03,901439d00f53aaac7cba1f17b89ed2231f6c053af64bab1cd501a5a0716dfd5b
P-0007901-T01-IM5,EGFR,missense_mutation,EGFR L861 missense,L861Q,cBioPortal,unknown,/Users/vasilvasilev/Desktop/cell/data/raw/cbioportal_alterations.csv,P-0007901-T01-IM5,2026-10-03,901439d00f53aaac7cba1f17b89ed2231f6c053af64bab1cd501a5a0716dfd5b
P-0007904-T01-IM5,EGFR,in_frame_del,L747_T751del,L747_T751del,cBioPortal,unknown,/Users/vasilvasilev/Desktop/cell/data/raw/cbioportal_alterations.csv,P-0007904-T01-IM5,2026-10-03,901439d00f53aaac7cba1f17b89ed2231f6c053af64bab1cd501a5a0716dfd5b
P-0008078-T01-IM5,EGFR,in_frame_del,E746_A750del,E746_A750del,cBioPortal,unknown,/Users/vasilvasilev/Desktop/cell/data/raw/cbioportal_alterations.csv,P-0008078-T01-IM5,2026-10-03,901439d00f53aaac7cba1f17b89ed2231f6c053af64bab1cd501a5a0716dfd5b
P-0008131-T01-IM5,EGFR,missense_mutation,EGFR L858 missense,L858R,cBioPortal,unknown,/Users/vasilvasilev/Desktop/cell/data/raw/cbioportal_alterations.csv,P-0008131-T01-IM5,2026-10-03,901439d00f53aaac7cba1f17b89ed2231f6c053af64bab1cd501a5a0716dfd5b
P-0008160-T01-IM5,EGFR,in_frame_del,E709_T710delinsD,E709_T710delinsD,cBioPortal,unknown,/Users/vasilvasilev/Desktop/cell/data/raw/cbioportal_alterations.csv,P-0008160-T01-IM5,2026-10-03,901439d00f53aaac7cba1f17b89ed2231f6c053af64bab1cd501a5a0716dfd5b
P-0008160-T02-IM5,EGFR,in_frame_del,E709_T710delinsD,E709_T710delinsD,cBioPortal,unknown,/Users/vasilvasilev/Desktop/cell/data/raw/cbioportal_alterations.csv,P-0008160-T02-IM5,2026-10-03,901439d00f53aaac7cba1f17b89ed2231f6c053af64bab1cd501a5a0716dfd5b
P-0008282-T01-IM5,MET,missense_mutation,MET L934 missense,L934S,cBioPortal,unknown,/Users/vasilvasilev/Desktop/cell/data/raw/cbioportal_alterations.csv,P-0008282-T01-IM5,2026-10-03,901439d00f53aaac7cba1f17b89ed2231f6c053af64bab1cd501a5a0716dfd5b
P-0008282-T01-IM5,MET,missense_mutation,MET F931 missense,F931C,cBioPortal,unknown,/Users/vasilvasilev/Desktop/cell/data/raw/cbioportal_alterations.csv,P-0008282-T01-IM5,2026-10-03,901439d00f53aaac7cba1f17b89ed2231f6c053af64bab1cd501a5a0716dfd5b
P-0008282-T01-IM5,MET,splice_site,MET truncating,X963_splice,cBioPortal,unknown,/Users/vasilvasilev/Desktop/cell/data/raw/cbioportal_alterations.csv,P-0008282-T01-IM5,2026-10-03,901439d00f53aaac7cba1f17b89ed2231f6c053af64bab1cd501a5a0716dfd5b
P-0008285-T01-IM5,EGFR,missense_mutation,EGFR L858 missense,L858R,cBioPortal,unknown,/Users/vasilvasilev/Desktop/cell/data/raw/cbioportal_alterations.csv,P-0008285-T01-IM5,2026-10-03,901439d00f53aaac7cba1f17b89ed2231f6c053af64bab1cd501a5a0716dfd5b
P-0008292-T01-IM5,EGFR,in_frame_del,L747_A750delinsP,L747_A750delinsP,cBioPortal,unknown,/Users/vasilvasilev/Desktop/cell/data/raw/cbioportal_alterations.csv,P-0008292-T01-IM5,2026-10-03,901439d00f53aaac7cba1f17b89ed2231f6c053af64bab1cd501a5a0716dfd5b
P-0008300-T01-IM5,EGFR,missense_mutation,EGFR L858 missense,L858R,cBioPortal,unknown,/Users/vasilvasilev/Desktop/cell/data/raw/cbioportal_alterations.csv,P-0008300-T01-IM5,2026-10-03,901439d00f53aaac7cba1f17b89ed2231f6c053af64bab1cd501a5a0716dfd5b
P-0008310-T01-IM5,EGFR,missense_mutation,EGFR T790 missense,T790M,cBioPortal,unknown,/Users/vasilvasilev/Desktop/cell/data/raw/cbioportal_alterations.csv,P-0008310-T01-IM5,2026-10-03,901439d00f53aaac7cba1f17b89ed2231f6c053af64bab1cd501a5a0716dfd5b
P-0008310-T01-IM5,EGFR,in_frame_del,E746_A750del,E746_A750del,cBioPortal,unknown,/Users/vasilvasilev/Desktop/cell/data/raw/cbioportal_alterations.csv,P-0008310-T01-IM5,2026-10-03,901439d00f53aaac7cba1f17b89ed2231f6c053af64bab1cd501a5a0716dfd5b
P-0008426-T01-IM5,EGFR,in_frame_del,E746_A750del,E746_A750del,cBioPortal,unknown,/Users/vasilvasilev/Desktop/cell/data/raw/cbioportal_alterations.csv,P-0008426-T01-IM5,2026-10-03,901439d00f53aaac7cba1f17b89ed2231f6c053af64bab1cd501a5a0716dfd5b
P-0008427-T01-IM5,EGFR,in_frame_del,E746_A750del,E746_A750del,cBioPortal,unknown,/Users/vasilvasilev/Desktop/cell/data/raw/cbioportal_alterations.csv,P-0008427-T01-IM5,2026-10-03,901439d00f53aaac7cba1f17b89ed2231f6c053af64bab1cd501a5a0716dfd5b
P-0008442-T01-IM5,EGFR,missense_mutation,EGFR L858 missense,L858R,cBioPortal,unknown,/Users/vasilvasilev/Desktop/cell/data/raw/cbioportal_alterations.csv,P-0008442-T01-IM5,2026-10-03,901439d00f53aaac7cba1f17b89ed2231f6c053af64bab1cd501a5a0716dfd5b
P-0008465-T02-IM5,MET,nonsense_mutation,MET truncating,E49*,cBioPortal,unknown,/Users/vasilvasilev/Desktop/cell/data/raw/cbioportal_alterations.csv,P-0008465-T02-IM5,2026-10-03,901439d00f53aaac7cba1f17b89ed2231f6c053af64bab1cd501a5a0716dfd5b
P-0008476-T01-IM5,EGFR,missense_mutation,EGFR S768 missense,S768I,cBioPortal,unknown,/Users/vasilvasilev/Desktop/cell/data/raw/cbioportal_alterations.csv,P-0008476-T01-IM5,2026-10-03,901439d00f53aaac7cba1f17b89ed2231f6c053af64bab1cd501a5a0716dfd5b
P-0008476-T01-IM5,EGFR,missense_mutation,EGFR G719 missense,G719A,cBioPortal,unknown,/Users/vasilvasilev/Desktop/cell/data/raw/cbioportal_alterations.csv,P-0008476-T01-IM5,2026-10-03,901439d00f53aaac7cba1f17b89ed2231f6c053af64bab1cd501a5a0716dfd5b
P-0008487-T01-IM5,EGFR,in_frame_ins,N771_P772insH,N771_P772insH,cBioPortal,unknown,/Users/vasilvasilev/Desktop/cell/data/raw/cbioportal_alterations.csv,P-0008487-T01-IM5,2026-10-03,901439d00f53aaac7cba1f17b89ed2231f6c053af64bab1cd501a5a0716dfd5b
P-0008514-T01-IM5,EGFR,missense_mutation,EGFR L858 missense,L858R,cBioPortal,unknown,/Users/vasilvasilev/Desktop/cell/data/raw/cbioportal_alterations.csv,P-0008514-T01-IM5,2026-10-03,901439d00f53aaac7cba1f17b89ed2231f6c053af64bab1cd501a5a0716dfd5b
P-0008514-T01-IM5,EGFR,missense_mutation,EGFR K860 missense,K860I,cBioPortal,unknown,/Users/vasilvasilev/Desktop/cell/data/raw/cbioportal_alterations.csv,P-0008514-T01-IM5,2026-10-03,901439d00f53aaac7cba1f17b89ed2231f6c053af64bab1cd501a5a0716dfd5b
P-0008549-T02-IM5,EGFR,in_frame_del,E746_A750del,E746_A750del,cBioPortal,unknown,/Users/vasilvasilev/Desktop/cell/data/raw/cbioportal_alterations.csv,P-0008549-T02-IM5,2026-10-03,901439d00f53aaac7cba1f17b89ed2231f6c053af64bab1cd501a5a0716dfd5b
P-0008577-T01-IM5,EGFR,missense_mutation,EGFR L858 missense,L858R,cBioPortal,unknown,/Users/vasilvasilev/Desktop/cell/data/raw/cbioportal_alterations.csv,P-0008577-T01-IM5,2026-10-03,901439d00f53aaac7cba1f17b89ed2231f6c053af64bab1cd501a5a0716dfd5b
P-0008577-T02-IM5,EGFR,missense_mutation,EGFR L858 missense,L858R,cBioPortal,unknown,/Users/vasilvasilev/Desktop/cell/data/raw/cbioportal_alterations.csv,P-0008577-T02-IM5,2026-10-03,901439d00f53aaac7cba1f17b89ed2231f6c053af64bab1cd501a5a0716dfd5b
P-0008599-T01-IM5,EGFR,in_frame_del,L747_P753delinsS,L747_P753delinsS,cBioPortal,unknown,/Users/vasilvasilev/Desktop/cell/data/raw/cbioportal_alterations.csv,P-0008599-T01-IM5,2026-10-03,901439d00f53aaac7cba1f17b89ed2231f6c053af64bab1cd501a5a0716dfd5b
P-0008601-T01-IM5,EGFR,missense_mutation,EGFR L858 missense,L858R,cBioPortal,unknown,/Users/vasilvasilev/Desktop/cell/data/raw/cbioportal_alterations.csv,P-0008601-T01-IM5,2026-10-03,901439d00f53aaac7cba1f17b89ed2231f6c053af64bab1cd501a5a0716dfd5b
P-0008601-T01-IM5,EGFR,missense_mutation,EGFR L62 missense,L62R,cBioPortal,unknown,/Users/vasilvasilev/Desktop/cell/data/raw/cbioportal_alterations.csv,P-0008601-T01-IM5,2026-10-03,901439d00f53aaac7cba1f17b89ed2231f6c053af64bab1cd501a5a0716dfd5b
P-0008602-T01-IM5,EGFR,in_frame_ins,K745_E746insVPVAIK,K745_E746insVPVAIK,cBioPortal,unknown,/Users/vasilvasilev/Desktop/cell/data/raw/cbioportal_alterations.csv,P-0008602-T01-IM5,2026-10-03,901439d00f53aaac7cba1f17b89ed2231f6c053af64bab1cd501a5a0716dfd5b
P-0008645-T01-IM5,EGFR,in_frame_del,E746_A750del,E746_A750del,cBioPortal,unknown,/Users/vasilvasilev/Desktop/cell/data/raw/cbioportal_alterations.csv,P-0008645-T01-IM5,2026-10-03,901439d00f53aaac7cba1f17b89ed2231f6c053af64bab1cd501a5a0716dfd5b
P-0008650-T02-IM5,MET,splice_site,MET truncating,X1009_splice,cBioPortal,unknown,/Users/vasilvasilev/Desktop/cell/data/raw/cbioportal_alterations.csv,P-0008650-T02-IM5,2026-10-03,901439d00f53aaac7cba1f17b89ed2231f6c053af64bab1cd501a5a0716dfd5b
P-0008664-T01-IM5,EGFR,missense_mutation,EGFR L858 missense,L858R,cBioPortal,unknown,/Users/vasilvasilev/Desktop/cell/data/raw/cbioportal_alterations.csv,P-0008664-T01-IM5,2026-10-03,901439d00f53aaac7cba1f17b89ed2231f6c053af64bab1cd501a5a0716dfd5b
P-0008665-T01-IM5,EGFR,in_frame_del,E746_T751delinsVA,E746_T751delinsVA,cBioPortal,unknown,/Users/vasilvasilev/Desktop/cell/data/raw/cbioportal_alterations.csv,P-0008665-T01-IM5,2026-10-03,901439d00f53aaac7cba1f17b89ed2231f6c053af64bab1cd501a5a0716dfd5b
P-0008668-T01-IM5,EGFR,in_frame_del,E746_A750del,E746_A750del,cBioPortal,unknown,/Users/vasilvasilev/Desktop/cell/data/raw/cbioportal_alterations.csv,P-0008668-T01-IM5,2026-10-03,901439d00f53aaac7cba1f17b89ed2231f6c053af64bab1cd501a5a0716dfd5b
P-0008675-T01-IM5,MET,nonsense_mutation,MET truncating,Q328*,cBioPortal,unknown,/Users/vasilvasilev/Desktop/cell/data/raw/cbioportal_alterations.csv,P-0008675-T01-IM5,2026-10-03,901439d00f53aaac7cba1f17b89ed2231f6c053af64bab1cd501a5a0716dfd5b
P-0008678-T01-IM5,MET,missense_mutation,MET D1010 missense,D1010H,cBioPortal,unknown,/Users/vasilvasilev/Desktop/cell/data/raw/cbioportal_alterations.csv,P-0008678-T01-IM5,2026-10-03,901439d00f53aaac7cba1f17b89ed2231f6c053af64bab1cd501a5a0716dfd5b
P-0008705-T01-IM5,EGFR,missense_mutation,EGFR L858 missense,L858R,cBioPortal,unknown,/Users/vasilvasilev/Desktop/cell/data/raw/cbioportal_alterations.csv,P-0008705-T01-IM5,2026-10-03,901439d00f53aaac7cba1f17b89ed2231f6c053af64bab1cd501a5a0716dfd5b
P-0008715-T01-IM5,MET,missense_mutation,MET Q20 missense,Q20H,cBioPortal,unknown,/Users/vasilvasilev/Desktop/cell/data/raw/cbioportal_alterations.csv,P-0008715-T01-IM5,2026-10-03,901439d00f53aaac7cba1f17b89ed2231f6c053af64bab1cd501a5a0716dfd5b
P-0008744-T01-IM5,EGFR,missense_mutation,EGFR L858 missense,L858R,cBioPortal,unknown,/Users/vasilvasilev/Desktop/cell/data/raw/cbioportal_alterations.csv,P-0008744-T01-IM5,2026-10-03,901439d00f53aaac7cba1f17b89ed2231f6c053af64bab1cd501a5a0716dfd5b
P-0008744-T02-IM5,EGFR,missense_mutation,EGFR L858 missense,L858R,cBioPortal,unknown,/Users/vasilvasilev/Desktop/cell/data/raw/cbioportal_alterations.csv,P-0008744-T02-IM5,2026-10-03,901439d00f53aaac7cba1f17b89ed2231f6c053af64bab1cd501a5a0716dfd5b
P-0008757-T01-IM5,EGFR,missense_mutation,EGFR L861 missense,L861Q,cBioPortal,unknown,/Users/vasilvasilev/Desktop/cell/data/raw/cbioportal_alterations.csv,P-0008757-T01-IM5,2026-10-03,901439d00f53aaac7cba1f17b89ed2231f6c053af64bab1cd501a5a0716dfd5b
P-0008757-T01-IM5,EGFR,missense_mutation,EGFR L747 missense,L747F,cBioPortal,unknown,/Users/vasilvasilev/Desktop/cell/data/raw/cbioportal_alterations.csv,P-0008757-T01-IM5,2026-10-03,901439d00f53aaac7cba1f17b89ed2231f6c053af64bab1cd501a5a0716dfd5b
P-0008765-T01-IM5,EGFR,in_frame_del,E709_T710delinsD,E709_T710delinsD,cBioPortal,unknown,/Users/vasilvasilev/Desktop/cell/data/raw/cbioportal_alterations.csv,P-0008765-T01-IM5,2026-10-03,901439d00f53aaac7cba1f17b89ed2231f6c053af64bab1cd501a5a0716dfd5b
P-0008786-T01-IM5,EGFR,in_frame_del,L747_A750delinsP,L747_A750delinsP,cBioPortal,unknown,/Users/vasilvasilev/Desktop/cell/data/raw/cbioportal_alterations.csv,P-0008786-T01-IM5,2026-10-03,901439d00f53aaac7cba1f17b89ed2231f6c053af64bab1cd501a5a0716dfd5b
P-0008796-T01-IM5,MET,missense_mutation,MET A320 missense,A320V,cBioPortal,unknown,/Users/vasilvasilev/Desktop/cell/data/raw/cbioportal_alterations.csv,P-0008796-T01-IM5,2026-10-03,901439d00f53aaac7cba1f17b89ed2231f6c053af64bab1cd501a5a0716dfd5b
P-0008840-T01-IM5,MET,splice_site,MET truncating,X1010_splice,cBioPortal,unknown,/Users/vasilvasilev/Desktop/cell/data/raw/cbioportal_alterations.csv,P-0008840-T01-IM5,2026-10-03,901439d00f53aaac7cba1f17b89ed2231f6c053af64bab1cd501a5a0716dfd5b
P-0008849-T01-IM5,EGFR,in_frame_del,L747_P753delinsS,L747_P753delinsS,cBioPortal,unknown,/Users/vasilvasilev/Desktop/cell/data/raw/cbioportal_alterations.csv,P-0008849-T01-IM5,2026-10-03,901439d00f53aaac7cba1f17b89ed2231f6c053af64bab1cd501a5a0716dfd5b
P-0008849-T01-IM5,EGFR,missense_mutation,EGFR A755 missense,A755G,cBioPortal,unknown,/Users/vasilvasilev/Desktop/cell/data/raw/cbioportal_alterations.csv,P-0008849-T01-IM5,2026-10-03,901439d00f53aaac7cba1f17b89ed2231f6c053af64bab1cd501a5a0716dfd5b
P-0008855-T01-IM5,EGFR,in_frame_del,E746_S752delinsV,E746_S752delinsV,cBioPortal,unknown,/Users/vasilvasilev/Desktop/cell/data/raw/cbioportal_alterations.csv,P-0008855-T01-IM5,2026-10-03,901439d00f53aaac7cba1f17b89ed2231f6c053af64bab1cd501a5a0716dfd5b
P-0008917-T01-IM5,EGFR,missense_mutation,EGFR T790 missense,T790M,cBioPortal,unknown,/Users/vasilvasilev/Desktop/cell/data/raw/cbioportal_alterations.csv,P-0008917-T01-IM5,2026-10-03,901439d00f53aaac7cba1f17b89ed2231f6c053af64bab1cd501a5a0716dfd5b
P-0008917-T01-IM5,EGFR,missense_mutation,EGFR L858 missense,L858R,cBioPortal,unknown,/Users/vasilvasilev/Desktop/cell/data/raw/cbioportal_alterations.csv,P-0008917-T01-IM5,2026-10-03,901439d00f53aaac7cba1f17b89ed2231f6c053af64bab1cd501a5a0716dfd5b
P-0008934-T01-IM5,EGFR,in_frame_del,E746_S752delinsV,E746_S752delinsV,cBioPortal,unknown,/Users/vasilvasilev/Desktop/cell/data/raw/cbioportal_alterations.csv,P-0008934-T01-IM5,2026-10-03,901439d00f53aaac7cba1f17b89ed2231f6c053af64bab1cd501a5a0716dfd5b
P-0008978-T01-IM5,EGFR,in_frame_del,E746_A750del,E746_A750del,cBioPortal,unknown,/Users/vasilvasilev/Desktop/cell/data/raw/cbioportal_alterations.csv,P-0008978-T01-IM5,2026-10-03,901439d00f53aaac7cba1f17b89ed2231f6c053af64bab1cd501a5a0716dfd5b
P-0009042-T01-IM5,EGFR,in_frame_del,E746_A750delinsIP,E746_A750delinsIP,cBioPortal,unknown,/Users/vasilvasilev/Desktop/cell/data/raw/cbioportal_alterations.csv,P-0009042-T01-IM5,2026-10-03,901439d00f53aaac7cba1f17b89ed2231f6c053af64bab1cd501a5a0716dfd5b
P-0009042-T01-IM5,EGFR,missense_mutation,EGFR A750 missense,A750P,cBioPortal,unknown,/Users/vasilvasilev/Desktop/cell/data/raw/cbioportal_alterations.csv,P-0009042-T01-IM5,2026-10-03,901439d00f53aaac7cba1f17b89ed2231f6c053af64bab1cd501a5a0716dfd5b
P-0009092-T01-IM5,MET,missense_mutation,MET G578 missense,G578E,cBioPortal,unknown,/Users/vasilvasilev/Desktop/cell/data/raw/cbioportal_alterations.csv,P-0009092-T01-IM5,2026-10-03,901439d00f53aaac7cba1f17b89ed2231f6c053af64bab1cd501a5a0716dfd5b
P-0009096-T01-IM5,EGFR,missense_mutation,EGFR L858 missense,L858R,cBioPortal,unknown,/Users/vasilvasilev/Desktop/cell/data/raw/cbioportal_alterations.csv,P-0009096-T01-IM5,2026-10-03,901439d00f53aaac7cba1f17b89ed2231f6c053af64bab1cd501a5a0716dfd5b
P-0009164-T01-IM5,EGFR,in_frame_del,E746_A750del,E746_A750del,cBioPortal,unknown,/Users/vasilvasilev/Desktop/cell/data/raw/cbioportal_alterations.csv,P-0009164-T01-IM5,2026-10-03,901439d00f53aaac7cba1f17b89ed2231f6c053af64bab1cd501a5a0716dfd5b
P-0009172-T01-IM5,EGFR,in_frame_del,E746_A750del,E746_A750del,cBioPortal,unknown,/Users/vasilvasilev/Desktop/cell/data/raw/cbioportal_alterations.csv,P-0009172-T01-IM5,2026-10-03,901439d00f53aaac7cba1f17b89ed2231f6c053af64bab1cd501a5a0716dfd5b
P-0009215-T01-IM5,EGFR,missense_mutation,EGFR L858 missense,L858R,cBioPortal,unknown,/Users/vasilvasilev/Desktop/cell/data/raw/cbioportal_alterations.csv,P-0009215-T01-IM5,2026-10-03,901439d00f53aaac7cba1f17b89ed2231f6c053af64bab1cd501a5a0716dfd5b
P-0009243-T01-IM5,EGFR,missense_mutation,EGFR P1108 missense,P1108R,cBioPortal,unknown,/Users/vasilvasilev/Desktop/cell/data/raw/cbioportal_alterations.csv,P-0009243-T01-IM5,2026-10-03,901439d00f53aaac7cba1f17b89ed2231f6c053af64bab1cd501a5a0716dfd5b
P-0009260-T01-IM5,EGFR,missense_mutation,EGFR L858 missense,L858R,cBioPortal,unknown,/Users/vasilvasilev/Desktop/cell/data/raw/cbioportal_alterations.csv,P-0009260-T01-IM5,2026-10-03,901439d00f53aaac7cba1f17b89ed2231f6c053af64bab1cd501a5a0716dfd5b
P-0009260-T01-IM5,EGFR,missense_mutation,EGFR R776 missense,R776C,cBioPortal,unknown,/Users/vasilvasilev/Desktop/cell/data/raw/cbioportal_alterations.csv,P-0009260-T01-IM5,2026-10-03,901439d00f53aaac7cba1f17b89ed2231f6c053af64bab1cd501a5a0716dfd5b
P-0009272-T01-IM5,EGFR,missense_mutation,EGFR N1094 missense,N1094Y,cBioPortal,unknown,/Users/vasilvasilev/Desktop/cell/data/raw/cbioportal_alterations.csv,P-0009272-T01-IM5,2026-10-03,901439d00f53aaac7cba1f17b89ed2231f6c053af64bab1cd501a5a0716dfd5b
P-0009346-T01-IM5,EGFR,missense_mutation,EGFR T790 missense,T790M,cBioPortal,unknown,/Users/vasilvasilev/Desktop/cell/data/raw/cbioportal_alterations.csv,P-0009346-T01-IM5,2026-10-03,901439d00f53aaac7cba1f17b89ed2231f6c053af64bab1cd501a5a0716dfd5b
P-0009346-T01-IM5,EGFR,in_frame_del,E746_T751delinsVP,E746_T751delinsVP,cBioPortal,unknown,/Users/vasilvasilev/Desktop/cell/data/raw/cbioportal_alterations.csv,P-0009346-T01-IM5,2026-10-03,901439d00f53aaac7cba1f17b89ed2231f6c053af64bab1cd501a5a0716dfd5b
P-0009350-T01-IM5,MET,missense_mutation,MET D1010 missense,D1010H,cBioPortal,unknown,/Users/vasilvasilev/Desktop/cell/data/raw/cbioportal_alterations.csv,P-0009350-T01-IM5,2026-10-03,901439d00f53aaac7cba1f17b89ed2231f6c053af64bab1cd501a5a0716dfd5b
P-0009350-T01-IM5,MET,missense_mutation,MET W1274 missense,W1274C,cBioPortal,unknown,/Users/vasilvasilev/Desktop/cell/data/raw/cbioportal_alterations.csv,P-0009350-T01-IM5,2026-10-03,901439d00f53aaac7cba1f17b89ed2231f6c053af64bab1cd501a5a0716dfd5b
P-0009357-T01-IM5,EGFR,missense_mutation,EGFR L858 missense,L858R,cBioPortal,unknown,/Users/vasilvasilev/Desktop/cell/data/raw/cbioportal_alterations.csv,P-0009357-T01-IM5,2026-10-03,901439d00f53aaac7cba1f17b89ed2231f6c053af64bab1cd501a5a0716dfd5b
P-0009357-T01-IM5,EGFR,missense_mutation,EGFR A289 missense,A289T,cBioPortal,unknown,/Users/vasilvasilev/Desktop/cell/data/raw/cbioportal_alterations.csv,P-0009357-T01-IM5,2026-10-03,901439d00f53aaac7cba1f17b89ed2231f6c053af64bab1cd501a5a0716dfd5b
P-0009423-T01-IM5,EGFR,in_frame_del,L747_P753delinsS,L747_P753delinsS,cBioPortal,unknown,/Users/vasilvasilev/Desktop/cell/data/raw/cbioportal_alterations.csv,P-0009423-T01-IM5,2026-10-03,901439d00f53aaac7cba1f17b89ed2231f6c053af64bab1cd501a5a0716dfd5b
P-0009469-T01-IM5,EGFR,in_frame_ins,N771_H773dup,N771_H773dup,cBioPortal,unknown,/Users/vasilvasilev/Desktop/cell/data/raw/cbioportal_alterations.csv,P-0009469-T01-IM5,2026-10-03,901439d00f53aaac7cba1f17b89ed2231f6c053af64bab1cd501a5a0716dfd5b
P-0009481-T01-IM5,EGFR,in_frame_del,E709_T710delinsD,E709_T710delinsD,cBioPortal,unknown,/Users/vasilvasilev/Desktop/cell/data/raw/cbioportal_alterations.csv,P-0009481-T01-IM5,2026-10-03,901439d00f53aaac7cba1f17b89ed2231f6c053af64bab1cd501a5a0716dfd5b
P-0009508-T01-IM5,MET,missense_mutation,MET A29 missense,A29V,cBioPortal,unknown,/Users/vasilvasilev/Desktop/cell/data/raw/cbioportal_alterations.csv,P-0009508-T01-IM5,2026-10-03,901439d00f53aaac7cba1f17b89ed2231f6c053af64bab1cd501a5a0716dfd5b
P-0009535-T01-IM5,EGFR,missense_mutation,EGFR T790 missense,T790M,cBioPortal,unknown,/Users/vasilvasilev/Desktop/cell/data/raw/cbioportal_alterations.csv,P-0009535-T01-IM5,2026-10-03,901439d00f53aaac7cba1f17b89ed2231f6c053af64bab1cd501a5a0716dfd5b
P-0009535-T01-IM5,EGFR,in_frame_del,E746_T751delinsA,E746_T751delinsA,cBioPortal,unknown,/Users/vasilvasilev/Desktop/cell/data/raw/cbioportal_alterations.csv,P-0009535-T01-IM5,2026-10-03,901439d00f53aaac7cba1f17b89ed2231f6c053af64bab1cd501a5a0716dfd5b
P-0009608-T01-IM5,EGFR,in_frame_del,E746_A750del,E746_A750del,cBioPortal,unknown,/Users/vasilvasilev/Desktop/cell/data/raw/cbioportal_alterations.csv,P-0009608-T01-IM5,2026-10-03,901439d00f53aaac7cba1f17b89ed2231f6c053af64bab1cd501a5a0716dfd5b
P-0009623-T01-IM5,EGFR,missense_mutation,EGFR L858 missense,L858R,cBioPortal,unknown,/Users/vasilvasilev/Desktop/cell/data/raw/cbioportal_alterations.csv,P-0009623-T01-IM5,2026-10-03,901439d00f53aaac7cba1f17b89ed2231f6c053af64bab1cd501a5a0716dfd5b
P-0009655-T01-IM5,EGFR,missense_mutation,EGFR T790 missense,T790M,cBioPortal,unknown,/Users/vasilvasilev/Desktop/cell/data/raw/cbioportal_alterations.csv,P-0009655-T01-IM5,2026-10-03,901439d00f53aaac7cba1f17b89ed2231f6c053af64bab1cd501a5a0716dfd5b
P-0009655-T01-IM5,EGFR,in_frame_del,E746_A750del,E746_A750del,cBioPortal,unknown,/Users/vasilvasilev/Desktop/cell/data/raw/cbioportal_alterations.csv,P-0009655-T01-IM5,2026-10-03,901439d00f53aaac7cba1f17b89ed2231f6c053af64bab1cd501a5a0716dfd5b
P-0009661-T01-IM5,EGFR,missense_mutation,EGFR L858 missense,L858R,cBioPortal,unknown,/Users/vasilvasilev/Desktop/cell/data/raw/cbioportal_alterations.csv,P-0009661-T01-IM5,2026-10-03,901439d00f53aaac7cba1f17b89ed2231f6c053af64bab1cd501a5a0716dfd5b
P-0009661-T01-IM5,EGFR,missense_mutation,EGFR L62 missense,L62R,cBioPortal,unknown,/Users/vasilvasilev/Desktop/cell/data/raw/cbioportal_alterations.csv,P-0009661-T01-IM5,2026-10-03,901439d00f53aaac7cba1f17b89ed2231f6c053af64bab1cd501a5a0716dfd5b
P-0009704-T01-IM5,EGFR,in_frame_del,L747_S752del,L747_S752del,cBioPortal,unknown,/Users/vasilvasilev/Desktop/cell/data/raw/cbioportal_alterations.csv,P-0009704-T01-IM5,2026-10-03,901439d00f53aaac7cba1f17b89ed2231f6c053af64bab1cd501a5a0716dfd5b
P-0009708-T01-IM5,EGFR,in_frame_del,L747_T751del,L747_T751del,cBioPortal,unknown,/Users/vasilvasilev/Desktop/cell/data/raw/cbioportal_alterations.csv,P-0009708-T01-IM5,2026-10-03,901439d00f53aaac7cba1f17b89ed2231f6c053af64bab1cd501a5a0716dfd5b
P-0009708-T01-IM5,MET,missense_mutation,MET H1094 missense,H1094Y,cBioPortal,unknown,/Users/vasilvasilev/Desktop/cell/data/raw/cbioportal_alterations.csv,P-0009708-T01-IM5,2026-10-03,901439d00f53aaac7cba1f17b89ed2231f6c053af64bab1cd501a5a0716dfd5b
P-0009742-T01-IM5,MET,splice_site,MET truncating,X963_splice,cBioPortal,unknown,/Users/vasilvasilev/Desktop/cell/data/raw/cbioportal_alterations.csv,P-0009742-T01-IM5,2026-10-03,901439d00f53aaac7cba1f17b89ed2231f6c053af64bab1cd501a5a0716dfd5b
P-0009824-T01-IM5,EGFR,missense_mutation,EGFR T790 missense,T790M,cBioPortal,unknown,/Users/vasilvasilev/Desktop/cell/data/raw/cbioportal_alterations.csv,P-0009824-T01-IM5,2026-10-03,901439d00f53aaac7cba1f17b89ed2231f6c053af64bab1cd501a5a0716dfd5b
P-0009824-T01-IM5,EGFR,in_frame_del,E746_A750del,E746_A750del,cBioPortal,unknown,/Users/vasilvasilev/Desktop/cell/data/raw/cbioportal_alterations.csv,P-0009824-T01-IM5,2026-10-03,901439d00f53aaac7cba1f17b89ed2231f6c053af64bab1cd501a5a0716dfd5b
P-0009856-T01-IM5,EGFR,missense_mutation,EGFR T274 missense,T274A,cBioPortal,unknown,/Users/vasilvasilev/Desktop/cell/data/raw/cbioportal_alterations.csv,P-0009856-T01-IM5,2026-10-03,901439d00f53aaac7cba1f17b89ed2231f6c053af64bab1cd501a5a0716dfd5b
P-0009861-T01-IM5,EGFR,in_frame_del,E746_A750del,E746_A750del,cBioPortal,unknown,/Users/vasilvasilev/Desktop/cell/data/raw/cbioportal_alterations.csv,P-0009861-T01-IM5,2026-10-03,901439d00f53aaac7cba1f17b89ed2231f6c053af64bab1cd501a5a0716dfd5b
P-0009864-T01-IM5,EGFR,missense_mutation,EGFR L858 missense,L858R,cBioPortal,unknown,/Users/vasilvasilev/Desktop/cell/data/raw/cbioportal_alterations.csv,P-0009864-T01-IM5,2026-10-03,901439d00f53aaac7cba1f17b89ed2231f6c053af64bab1cd501a5a0716dfd5b
P-0009948-T01-IM5,EGFR,missense_mutation,EGFR L861 missense,L861Q,cBioPortal,unknown,/Users/vasilvasilev/Desktop/cell/data/raw/cbioportal_alterations.csv,P-0009948-T01-IM5,2026-10-03,901439d00f53aaac7cba1f17b89ed2231f6c053af64bab1cd501a5a0716dfd5b
P-0009948-T02-IM5,EGFR,missense_mutation,EGFR L861 missense,L861Q,cBioPortal,unknown,/Users/vasilvasilev/Desktop/cell/data/raw/cbioportal_alterations.csv,P-0009948-T02-IM5,2026-10-03,901439d00f53aaac7cba1f17b89ed2231f6c053af64bab1cd501a5a0716dfd5b
P-0009957-T01-IM5,EGFR,missense_mutation,EGFR L858 missense,L858R,cBioPortal,unknown,/Users/vasilvasilev/Desktop/cell/data/raw/cbioportal_alterations.csv,P-0009957-T01-IM5,2026-10-03,901439d00f53aaac7cba1f17b89ed2231f6c053af64bab1cd501a5a0716dfd5b
P-0009958-T01-IM5,MET,missense_mutation,MET D1010 missense,D1010N,cBioPortal,unknown,/Users/vasilvasilev/Desktop/cell/data/raw/cbioportal_alterations.csv,P-0009958-T01-IM5,2026-10-03,901439d00f53aaac7cba1f17b89ed2231f6c053af64bab1cd501a5a0716dfd5b
P-0010053-T01-IM5,EGFR,missense_mutation,EGFR L861 missense,L861Q,cBioPortal,unknown,/Users/vasilvasilev/Desktop/cell/data/raw/cbioportal_alterations.csv,P-0010053-T01-IM5,2026-10-03,901439d00f53aaac7cba1f17b89ed2231f6c053af64bab1cd501a5a0716dfd5b
P-0010130-T01-IM5,EGFR,missense_mutation,EGFR R98 missense,R98Q,cBioPortal,unknown,/Users/vasilvasilev/Desktop/cell/data/raw/cbioportal_alterations.csv,P-0010130-T01-IM5,2026-10-03,901439d00f53aaac7cba1f17b89ed2231f6c053af64bab1cd501a5a0716dfd5b
P-0010131-T01-IM5,EGFR,missense_mutation,EGFR L858 missense,L858R,cBioPortal,unknown,/Users/vasilvasilev/Desktop/cell/data/raw/cbioportal_alterations.csv,P-0010131-T01-IM5,2026-10-03,901439d00f53aaac7cba1f17b89ed2231f6c053af64bab1cd501a5a0716dfd5b
P-0010133-T01-IM5,EGFR,in_frame_del,E746_A750del,E746_A750del,cBioPortal,unknown,/Users/vasilvasilev/Desktop/cell/data/raw/cbioportal_alterations.csv,P-0010133-T01-IM5,2026-10-03,901439d00f53aaac7cba1f17b89ed2231f6c053af64bab1cd501a5a0716dfd5b
P-0010181-T01-IM5,EGFR,missense_mutation,EGFR T790 missense,T790M,cBioPortal,unknown,/Users/vasilvasilev/Desktop/cell/data/raw/cbioportal_alterations.csv,P-0010181-T01-IM5,2026-10-03,901439d00f53aaac7cba1f17b89ed2231f6c053af64bab1cd501a5a0716dfd5b
P-0010181-T01-IM5,EGFR,in_frame_del,E746_A750del,E746_A750del,cBioPortal,unknown,/Users/vasilvasilev/Desktop/cell/data/raw/cbioportal_alterations.csv,P-0010181-T01-IM5,2026-10-03,901439d00f53aaac7cba1f17b89ed2231f6c053af64bab1cd501a5a0716dfd5b
P-0010210-T01-IM5,MET,splice_site,MET truncating,X1010_splice,cBioPortal,unknown,/Users/vasilvasilev/Desktop/cell/data/raw/cbioportal_alterations.csv,P-0010210-T01-IM5,2026-10-03,901439d00f53aaac7cba1f17b89ed2231f6c053af64bab1cd501a5a0716dfd5b
P-0010210-T02-IM5,MET,splice_site,MET truncating,X1010_splice,cBioPortal,unknown,/Users/vasilvasilev/Desktop/cell/data/raw/cbioportal_alterations.csv,P-0010210-T02-IM5,2026-10-03,901439d00f53aaac7cba1f17b89ed2231f6c053af64bab1cd501a5a0716dfd5b
P-0010213-T01-IM5,MET,missense_mutation,MET P325 missense,P325H,cBioPortal,unknown,/Users/vasilvasilev/Desktop/cell/data/raw/cbioportal_alterations.csv,P-0010213-T01-IM5,2026-10-03,901439d00f53aaac7cba1f17b89ed2231f6c053af64bab1cd501a5a0716dfd5b
P-0010247-T01-IM5,EGFR,missense_mutation,EGFR T790 missense,T790M,cBioPortal,unknown,/Users/vasilvasilev/Desktop/cell/data/raw/cbioportal_alterations.csv,P-0010247-T01-IM5,2026-10-03,901439d00f53aaac7cba1f17b89ed2231f6c053af64bab1cd501a5a0716dfd5b
P-0010247-T01-IM5,EGFR,missense_mutation,EGFR L858 missense,L858R,cBioPortal,unknown,/Users/vasilvasilev/Desktop/cell/data/raw/cbioportal_alterations.csv,P-0010247-T01-IM5,2026-10-03,901439d00f53aaac7cba1f17b89ed2231f6c053af64bab1cd501a5a0716dfd5b
P-0010267-T01-IM5,EGFR,missense_mutation,EGFR L858 missense,L858R,cBioPortal,unknown,/Users/vasilvasilev/Desktop/cell/data/raw/cbioportal_alterations.csv,P-0010267-T01-IM5,2026-10-03,901439d00f53aaac7cba1f17b89ed2231f6c053af64bab1cd501a5a0716dfd5b
P-0010269-T01-IM5,EGFR,in_frame_del,E746_A750del,E746_A750del,cBioPortal,unknown,/Users/vasilvasilev/Desktop/cell/data/raw/cbioportal_alterations.csv,P-0010269-T01-IM5,2026-10-03,901439d00f53aaac7cba1f17b89ed2231f6c053af64bab1cd501a5a0716dfd5b
P-0010273-T01-IM5,MET,splice_site,MET truncating,X1010_splice,cBioPortal,unknown,/Users/vasilvasilev/Desktop/cell/data/raw/cbioportal_alterations.csv,P-0010273-T01-IM5,2026-10-03,901439d00f53aaac7cba1f17b89ed2231f6c053af64bab1cd501a5a0716dfd5b
P-0010333-T01-IM5,EGFR,in_frame_ins,N771_H773dup,N771_H773dup,cBioPortal,unknown,/Users/vasilvasilev/Desktop/cell/data/raw/cbioportal_alterations.csv,P-0010333-T01-IM5,2026-10-03,901439d00f53aaac7cba1f17b89ed2231f6c053af64bab1cd501a5a0716dfd5b
P-0010337-T01-IM5,EGFR,missense_mutation,EGFR L858 missense,L858R,cBioPortal,unknown,/Users/vasilvasilev/Desktop/cell/data/raw/cbioportal_alterations.csv,P-0010337-T01-IM5,2026-10-03,901439d00f53aaac7cba1f17b89ed2231f6c053af64bab1cd501a5a0716dfd5b
P-0010345-T01-IM5,EGFR,missense_mutation,EGFR S768 missense,S768I,cBioPortal,unknown,/Users/vasilvasilev/Desktop/cell/data/raw/cbioportal_alterations.csv,P-0010345-T01-IM5,2026-10-03,901439d00f53aaac7cba1f17b89ed2231f6c053af64bab1cd501a5a0716dfd5b
P-0010345-T01-IM5,EGFR,missense_mutation,EGFR G719 missense,G719C,cBioPortal,unknown,/Users/vasilvasilev/Desktop/cell/data/raw/cbioportal_alterations.csv,P-0010345-T01-IM5,2026-10-03,901439d00f53aaac7cba1f17b89ed2231f6c053af64bab1cd501a5a0716dfd5b
P-0010345-T02-IM5,EGFR,missense_mutation,EGFR L858 missense,L858R,cBioPortal,unknown,/Users/vasilvasilev/Desktop/cell/data/raw/cbioportal_alterations.csv,P-0010345-T02-IM5,2026-10-03,901439d00f53aaac7cba1f17b89ed2231f6c053af64bab1cd501a5a0716dfd5b
P-0010345-T02-IM5,EGFR,missense_mutation,L833_V834delinsFL,L833_V834delinsFL,cBioPortal,unknown,/Users/vasilvasilev/Desktop/cell/data/raw/cbioportal_alterations.csv,P-0010345-T02-IM5,2026-10-03,901439d00f53aaac7cba1f17b89ed2231f6c053af64bab1cd501a5a0716dfd5b
P-0010359-T01-IM5,EGFR,in_frame_del,E746_A750del,E746_A750del,cBioPortal,unknown,/Users/vasilvasilev/Desktop/cell/data/raw/cbioportal_alterations.csv,P-0010359-T01-IM5,2026-10-03,901439d00f53aaac7cba1f17b89ed2231f6c053af64bab1cd501a5a0716dfd5b
P-0010404-T01-IM5,EGFR,in_frame_del,E746_S752delinsV,E746_S752delinsV,cBioPortal,unknown,/Users/vasilvasilev/Desktop/cell/data/raw/cbioportal_alterations.csv,P-0010404-T01-IM5,2026-10-03,901439d00f53aaac7cba1f17b89ed2231f6c053af64bab1cd501a5a0716dfd5b
P-0010466-T01-IM5,MET,frame_shift_del,MET truncating,D1010fs,cBioPortal,unknown,/Users/vasilvasilev/Desktop/cell/data/raw/cbioportal_alterations.csv,P-0010466-T01-IM5,2026-10-03,901439d00f53aaac7cba1f17b89ed2231f6c053af64bab1cd501a5a0716dfd5b
P-0010487-T01-IM5,EGFR,in_frame_ins,S768_D770dup,S768_D770dup,cBioPortal,unknown,/Users/vasilvasilev/Desktop/cell/data/raw/cbioportal_alterations.csv,P-0010487-T01-IM5,2026-10-03,901439d00f53aaac7cba1f17b89ed2231f6c053af64bab1cd501a5a0716dfd5b
P-0010554-T01-IM5,EGFR,missense_mutation,EGFR L858 missense,L858R,cBioPortal,unknown,/Users/vasilvasilev/Desktop/cell/data/raw/cbioportal_alterations.csv,P-0010554-T01-IM5,2026-10-03,901439d00f53aaac7cba1f17b89ed2231f6c053af64bab1cd501a5a0716dfd5b
P-0010558-T01-IM5,MET,missense_mutation,MET G1346 missense,G1346W,cBioPortal,unknown,/Users/vasilvasilev/Desktop/cell/data/raw/cbioportal_alterations.csv,P-0010558-T01-IM5,2026-10-03,901439d00f53aaac7cba1f17b89ed2231f6c053af64bab1cd501a5a0716dfd5b
P-0010563-T01-IM5,EGFR,in_frame_del,L747_A750delinsP,L747_A750delinsP,cBioPortal,unknown,/Users/vasilvasilev/Desktop/cell/data/raw/cbioportal_alterations.csv,P-0010563-T01-IM5,2026-10-03,901439d00f53aaac7cba1f17b89ed2231f6c053af64bab1cd501a5a0716dfd5b
P-0010566-T01-IM5,EGFR,missense_mutation,EGFR T790 missense,T790M,cBioPortal,unknown,/Users/vasilvasilev/Desktop/cell/data/raw/cbioportal_alterations.csv,P-0010566-T01-IM5,2026-10-03,901439d00f53aaac7cba1f17b89ed2231f6c053af64bab1cd501a5a0716dfd5b
P-0010566-T01-IM5,EGFR,in_frame_del,E746_A750del,E746_A750del,cBioPortal,unknown,/Users/vasilvasilev/Desktop/cell/data/raw/cbioportal_alterations.csv,P-0010566-T01-IM5,2026-10-03,901439d00f53aaac7cba1f17b89ed2231f6c053af64bab1cd501a5a0716dfd5b
P-0010608-T01-IM5,EGFR,in_frame_del,E746_A750del,E746_A750del,cBioPortal,unknown,/Users/vasilvasilev/Desktop/cell/data/raw/cbioportal_alterations.csv,P-0010608-T01-IM5,2026-10-03,901439d00f53aaac7cba1f17b89ed2231f6c053af64bab1cd501a5a0716dfd5b
P-0010610-T01-IM5,EGFR,missense_mutation,EGFR P622 missense,P622A,cBioPortal,unknown,/Users/vasilvasilev/Desktop/cell/data/raw/cbioportal_alterations.csv,P-0010610-T01-IM5,2026-10-03,901439d00f53aaac7cba1f17b89ed2231f6c053af64bab1cd501a5a0716dfd5b
P-0010634-T01-IM5,EGFR,missense_mutation,EGFR S1070 missense,S1070T,cBioPortal,unknown,/Users/vasilvasilev/Desktop/cell/data/raw/cbioportal_alterations.csv,P-0010634-T01-IM5,2026-10-03,901439d00f53aaac7cba1f17b89ed2231f6c053af64bab1cd501a5a0716dfd5b
P-0010637-T01-IM5,MET,frame_shift_del,MET truncating,D1010fs,cBioPortal,unknown,/Users/vasilvasilev/Desktop/cell/data/raw/cbioportal_alterations.csv,P-0010637-T01-IM5,2026-10-03,901439d00f53aaac7cba1f17b89ed2231f6c053af64bab1cd501a5a0716dfd5b
P-0010637-T01-IM5,MET,in_frame_del,F523_S527del,F523_S527del,cBioPortal,unknown,/Users/vasilvasilev/Desktop/cell/data/raw/cbioportal_alterations.csv,P-0010637-T01-IM5,2026-10-03,901439d00f53aaac7cba1f17b89ed2231f6c053af64bab1cd501a5a0716dfd5b
P-0010640-T01-IM5,EGFR,in_frame_del,L747_S752del,L747_S752del,cBioPortal,unknown,/Users/vasilvasilev/Desktop/cell/data/raw/cbioportal_alterations.csv,P-0010640-T01-IM5,2026-10-03,901439d00f53aaac7cba1f17b89ed2231f6c053af64bab1cd501a5a0716dfd5b
P-0010675-T01-IM5,EGFR,in_frame_ins,H773dup,H773dup,cBioPortal,unknown,/Users/vasilvasilev/Desktop/cell/data/raw/cbioportal_alterations.csv,P-0010675-T01-IM5,2026-10-03,901439d00f53aaac7cba1f17b89ed2231f6c053af64bab1cd501a5a0716dfd5b
P-0010700-T01-IM5,EGFR,in_frame_ins,S768_D770dup,S768_D770dup,cBioPortal,unknown,/Users/vasilvasilev/Desktop/cell/data/raw/cbioportal_alterations.csv,P-0010700-T01-IM5,2026-10-03,901439d00f53aaac7cba1f17b89ed2231f6c053af64bab1cd501a5a0716dfd5b
P-0010722-T01-IM5,MET,in_frame_del,R602_S609del,R602_S609del,cBioPortal,unknown,/Users/vasilvasilev/Desktop/cell/data/raw/cbioportal_alterations.csv,P-0010722-T01-IM5,2026-10-03,901439d00f53aaac7cba1f17b89ed2231f6c053af64bab1cd501a5a0716dfd5b
P-0010722-T01-IM5,MET,splice_site,MET truncating,X963_splice,cBioPortal,unknown,/Users/vasilvasilev/Desktop/cell/data/raw/cbioportal_alterations.csv,P-0010722-T01-IM5,2026-10-03,901439d00f53aaac7cba1f17b89ed2231f6c053af64bab1cd501a5a0716dfd5b
P-0010750-T01-IM5,EGFR,missense_mutation,EGFR T790 missense,T790M,cBioPortal,unknown,/Users/vasilvasilev/Desktop/cell/data/raw/cbioportal_alterations.csv,P-0010750-T01-IM5,2026-10-03,901439d00f53aaac7cba1f17b89ed2231f6c053af64bab1cd501a5a0716dfd5b
P-0010750-T01-IM5,EGFR,in_frame_del,E746_A750del,E746_A750del,cBioPortal,unknown,/Users/vasilvasilev/Desktop/cell/data/raw/cbioportal_alterations.csv,P-0010750-T01-IM5,2026-10-03,901439d00f53aaac7cba1f17b89ed2231f6c053af64bab1cd501a5a0716dfd5b
P-0010765-T01-IM5,EGFR,missense_mutation,EGFR T790 missense,T790M,cBioPortal,unknown,/Users/vasilvasilev/Desktop/cell/data/raw/cbioportal_alterations.csv,P-0010765-T01-IM5,2026-10-03,901439d00f53aaac7cba1f17b89ed2231f6c053af64bab1cd501a5a0716dfd5b
P-0010765-T01-IM5,EGFR,in_frame_del,E746_A750del,E746_A750del,cBioPortal,unknown,/Users/vasilvasilev/Desktop/cell/data/raw/cbioportal_alterations.csv,P-0010765-T01-IM5,2026-10-03,901439d00f53aaac7cba1f17b89ed2231f6c053af64bab1cd501a5a0716dfd5b
P-0010793-T01-IM5,EGFR,missense_mutation,EGFR T790 missense,T790M,cBioPortal,unknown,/Users/vasilvasilev/Desktop/cell/data/raw/cbioportal_alterations.csv,P-0010793-T01-IM5,2026-10-03,901439d00f53aaac7cba1f17b89ed2231f6c053af64bab1cd501a5a0716dfd5b
P-0010793-T01-IM5,EGFR,missense_mutation,EGFR L858 missense,L858R,cBioPortal,unknown,/Users/vasilvasilev/Desktop/cell/data/raw/cbioportal_alterations.csv,P-0010793-T01-IM5,2026-10-03,901439d00f53aaac7cba1f17b89ed2231f6c053af64bab1cd501a5a0716dfd5b
P-0010801-T01-IM5,EGFR,missense_mutation,EGFR L858 missense,L858R,cBioPortal,unknown,/Users/vasilvasilev/Desktop/cell/data/raw/cbioportal_alterations.csv,P-0010801-T01-IM5,2026-10-03,901439d00f53aaac7cba1f17b89ed2231f6c053af64bab1cd501a5a0716dfd5b
P-0010836-T01-IM5,EGFR,missense_mutation,EGFR L858 missense,L858R,cBioPortal,unknown,/Users/vasilvasilev/Desktop/cell/data/raw/cbioportal_alterations.csv,P-0010836-T01-IM5,2026-10-03,901439d00f53aaac7cba1f17b89ed2231f6c053af64bab1cd501a5a0716dfd5b
P-0010863-T01-IM5,MET,splice_site,MET truncating,X1010_splice,cBioPortal,unknown,/Users/vasilvasilev/Desktop/cell/data/raw/cbioportal_alterations.csv,P-0010863-T01-IM5,2026-10-03,901439d00f53aaac7cba1f17b89ed2231f6c053af64bab1cd501a5a0716dfd5b
P-0010891-T01-IM5,EGFR,in_frame_ins,D770_N771insY,D770_N771insY,cBioPortal,unknown,/Users/vasilvasilev/Desktop/cell/data/raw/cbioportal_alterations.csv,P-0010891-T01-IM5,2026-10-03,901439d00f53aaac7cba1f17b89ed2231f6c053af64bab1cd501a5a0716dfd5b
P-0010894-T01-IM5,MET,splice_site,MET truncating,X1007_splice,cBioPortal,unknown,/Users/vasilvasilev/Desktop/cell/data/raw/cbioportal_alterations.csv,P-0010894-T01-IM5,2026-10-03,901439d00f53aaac7cba1f17b89ed2231f6c053af64bab1cd501a5a0716dfd5b
P-0010904-T01-IM5,EGFR,splice_site,EGFR truncating,X297_splice,cBioPortal,unknown,/Users/vasilvasilev/Desktop/cell/data/raw/cbioportal_alterations.csv,P-0010904-T01-IM5,2026-10-03,901439d00f53aaac7cba1f17b89ed2231f6c053af64bab1cd501a5a0716dfd5b
P-0010976-T01-IM5,EGFR,frame_shift_del,EGFR truncating,S752Efs*9,cBioPortal,unknown,/Users/vasilvasilev/Desktop/cell/data/raw/cbioportal_alterations.csv,P-0010976-T01-IM5,2026-10-03,901439d00f53aaac7cba1f17b89ed2231f6c053af64bab1cd501a5a0716dfd5b
P-0010976-T01-IM5,EGFR,frame_shift_del,EGFR truncating,L747Qfs*16,cBioPortal,unknown,/Users/vasilvasilev/Desktop/cell/data/raw/cbioportal_alterations.csv,P-0010976-T01-IM5,2026-10-03,901439d00f53aaac7cba1f17b89ed2231f6c053af64bab1cd501a5a0716dfd5b
P-0010983-T01-IM5,MET,splice_site,MET truncating,X1010_splice,cBioPortal,unknown,/Users/vasilvasilev/Desktop/cell/data/raw/cbioportal_alterations.csv,P-0010983-T01-IM5,2026-10-03,901439d00f53aaac7cba1f17b89ed2231f6c053af64bab1cd501a5a0716dfd5b
P-0010995-T01-IM5,EGFR,missense_mutation,H773_V774delinsLM,H773_V774delinsLM,cBioPortal,unknown,/Users/vasilvasilev/Desktop/cell/data/raw/cbioportal_alterations.csv,P-0010995-T01-IM5,2026-10-03,901439d00f53aaac7cba1f17b89ed2231f6c053af64bab1cd501a5a0716dfd5b
P-0011038-T01-IM5,EGFR,missense_mutation,EGFR L858 missense,L858R,cBioPortal,unknown,/Users/vasilvasilev/Desktop/cell/data/raw/cbioportal_alterations.csv,P-0011038-T01-IM5,2026-10-03,901439d00f53aaac7cba1f17b89ed2231f6c053af64bab1cd501a5a0716dfd5b
P-0011100-T01-IM5,EGFR,in_frame_del,E746_T751delinsA,E746_T751delinsA,cBioPortal,unknown,/Users/vasilvasilev/Desktop/cell/data/raw/cbioportal_alterations.csv,P-0011100-T01-IM5,2026-10-03,901439d00f53aaac7cba1f17b89ed2231f6c053af64bab1cd501a5a0716dfd5b
P-0011107-T01-IM5,EGFR,missense_mutation,EGFR G719 missense,G719S,cBioPortal,unknown,/Users/vasilvasilev/Desktop/cell/data/raw/cbioportal_alterations.csv,P-0011107-T01-IM5,2026-10-03,901439d00f53aaac7cba1f17b89ed2231f6c053af64bab1cd501a5a0716dfd5b
P-0011107-T01-IM5,EGFR,missense_mutation,EGFR G598 missense,G598V,cBioPortal,unknown,/Users/vasilvasilev/Desktop/cell/data/raw/cbioportal_alterations.csv,P-0011107-T01-IM5,2026-10-03,901439d00f53aaac7cba1f17b89ed2231f6c053af64bab1cd501a5a0716dfd5b
P-0011132-T01-IM5,MET,missense_mutation,MET S468 missense,S468Y,cBioPortal,unknown,/Users/vasilvasilev/Desktop/cell/data/raw/cbioportal_alterations.csv,P-0011132-T01-IM5,2026-10-03,901439d00f53aaac7cba1f17b89ed2231f6c053af64bab1cd501a5a0716dfd5b
P-0011133-T01-IM5,EGFR,in_frame_del,E746_A750del,E746_A750del,cBioPortal,unknown,/Users/vasilvasilev/Desktop/cell/data/raw/cbioportal_alterations.csv,P-0011133-T01-IM5,2026-10-03,901439d00f53aaac7cba1f17b89ed2231f6c053af64bab1cd501a5a0716dfd5b
P-0011161-T01-IM5,EGFR,in_frame_del,E746_A750del,E746_A750del,cBioPortal,unknown,/Users/vasilvasilev/Desktop/cell/data/raw/cbioportal_alterations.csv,P-0011161-T01-IM5,2026-10-03,901439d00f53aaac7cba1f17b89ed2231f6c053af64bab1cd501a5a0716dfd5b
P-0011189-T01-IM5,EGFR,in_frame_del,L747_T751del,L747_T751del,cBioPortal,unknown,/Users/vasilvasilev/Desktop/cell/data/raw/cbioportal_alterations.csv,P-0011189-T01-IM5,2026-10-03,901439d00f53aaac7cba1f17b89ed2231f6c053af64bab1cd501a5a0716dfd5b
P-0011189-T01-IM5,EGFR,missense_mutation,EGFR T790 missense,T790M,cBioPortal,unknown,/Users/vasilvasilev/Desktop/cell/data/raw/cbioportal_alterations.csv,P-0011189-T01-IM5,2026-10-03,901439d00f53aaac7cba1f17b89ed2231f6c053af64bab1cd501a5a0716dfd5b
P-0011234-T01-IM5,EGFR,in_frame_del,E746_A750del,E746_A750del,cBioPortal,unknown,/Users/vasilvasilev/Desktop/cell/data/raw/cbioportal_alterations.csv,P-0011234-T01-IM5,2026-10-03,901439d00f53aaac7cba1f17b89ed2231f6c053af64bab1cd501a5a0716dfd5b
P-0011234-T02-IM5,EGFR,in_frame_del,E746_A750del,E746_A750del,cBioPortal,unknown,/Users/vasilvasilev/Desktop/cell/data/raw/cbioportal_alterations.csv,P-0011234-T02-IM5,2026-10-03,901439d00f53aaac7cba1f17b89ed2231f6c053af64bab1cd501a5a0716dfd5b
P-0011293-T01-IM5,EGFR,missense_mutation,EGFR M600 missense,M600I,cBioPortal,unknown,/Users/vasilvasilev/Desktop/cell/data/raw/cbioportal_alterations.csv,P-0011293-T01-IM5,2026-10-03,901439d00f53aaac7cba1f17b89ed2231f6c053af64bab1cd501a5a0716dfd5b
P-0011308-T01-IM5,EGFR,missense_mutation,EGFR L858 missense,L858R,cBioPortal,unknown,/Users/vasilvasilev/Desktop/cell/data/raw/cbioportal_alterations.csv,P-0011308-T01-IM5,2026-10-03,901439d00f53aaac7cba1f17b89ed2231f6c053af64bab1cd501a5a0716dfd5b
P-0011309-T01-IM5,EGFR,in_frame_del,E746_A750del,E746_A750del,cBioPortal,unknown,/Users/vasilvasilev/Desktop/cell/data/raw/cbioportal_alterations.csv,P-0011309-T01-IM5,2026-10-03,901439d00f53aaac7cba1f17b89ed2231f6c053af64bab1cd501a5a0716dfd5b
P-0011326-T01-IM5,EGFR,in_frame_del,E746_T751delinsVS,E746_T751delinsVS,cBioPortal,unknown,/Users/vasilvasilev/Desktop/cell/data/raw/cbioportal_alterations.csv,P-0011326-T01-IM5,2026-10-03,901439d00f53aaac7cba1f17b89ed2231f6c053af64bab1cd501a5a0716dfd5b
P-0011333-T01-IM5,EGFR,missense_mutation,EGFR D1009 missense,D1009Y,cBioPortal,unknown,/Users/vasilvasilev/Desktop/cell/data/raw/cbioportal_alterations.csv,P-0011333-T01-IM5,2026-10-03,901439d00f53aaac7cba1f17b89ed2231f6c053af64bab1cd501a5a0716dfd5b
P-0011389-T01-IM5,EGFR,missense_mutation,EGFR L858 missense,L858R,cBioPortal,unknown,/Users/vasilvasilev/Desktop/cell/data/raw/cbioportal_alterations.csv,P-0011389-T01-IM5,2026-10-03,901439d00f53aaac7cba1f17b89ed2231f6c053af64bab1cd501a5a0716dfd5b
P-0011389-T01-IM5,EGFR,missense_mutation,EGFR A289 missense,A289V,cBioPortal,unknown,/Users/vasilvasilev/Desktop/cell/data/raw/cbioportal_alterations.csv,P-0011389-T01-IM5,2026-10-03,901439d00f53aaac7cba1f17b89ed2231f6c053af64bab1cd501a5a0716dfd5b
P-0011395-T01-IM5,MET,splice_site,MET truncating,X963_splice,cBioPortal,unknown,/Users/vasilvasilev/Desktop/cell/data/raw/cbioportal_alterations.csv,P-0011395-T01-IM5,2026-10-03,901439d00f53aaac7cba1f17b89ed2231f6c053af64bab1cd501a5a0716dfd5b
P-0011395-T02-IM5,MET,splice_site,MET truncating,X963_splice,cBioPortal,unknown,/Users/vasilvasilev/Desktop/cell/data/raw/cbioportal_alterations.csv,P-0011395-T02-IM5,2026-10-03,901439d00f53aaac7cba1f17b89ed2231f6c053af64bab1cd501a5a0716dfd5b
P-0011413-T01-IM5,EGFR,in_frame_del,L747_T751del,L747_T751del,cBioPortal,unknown,/Users/vasilvasilev/Desktop/cell/data/raw/cbioportal_alterations.csv,P-0011413-T01-IM5,2026-10-03,901439d00f53aaac7cba1f17b89ed2231f6c053af64bab1cd501a5a0716dfd5b
P-0011541-T01-IM5,EGFR,missense_mutation,EGFR L858 missense,L858R,cBioPortal,unknown,/Users/vasilvasilev/Desktop/cell/data/raw/cbioportal_alterations.csv,P-0011541-T01-IM5,2026-10-03,901439d00f53aaac7cba1f17b89ed2231f6c053af64bab1cd501a5a0716dfd5b
P-0011543-T01-IM5,EGFR,missense_mutation,H773_V774delinsLM,H773_V774delinsLM,cBioPortal,unknown,/Users/vasilvasilev/Desktop/cell/data/raw/cbioportal_alterations.csv,P-0011543-T01-IM5,2026-10-03,901439d00f53aaac7cba1f17b89ed2231f6c053af64bab1cd501a5a0716dfd5b
P-0012043-T01-IM5,EGFR,missense_mutation,EGFR S768 missense,S768I,cBioPortal,unknown,/Users/vasilvasilev/Desktop/cell/data/raw/cbioportal_alterations.csv,P-0012043-T01-IM5,2026-10-03,901439d00f53aaac7cba1f17b89ed2231f6c053af64bab1cd501a5a0716dfd5b
P-0012043-T01-IM5,EGFR,missense_mutation,EGFR G719 missense,G719C,cBioPortal,unknown,/Users/vasilvasilev/Desktop/cell/data/raw/cbioportal_alterations.csv,P-0012043-T01-IM5,2026-10-03,901439d00f53aaac7cba1f17b89ed2231f6c053af64bab1cd501a5a0716dfd5b
P-0012056-T01-IM5,EGFR,missense_mutation,EGFR G1185 missense,G1185S,cBioPortal,unknown,/Users/vasilvasilev/Desktop/cell/data/raw/cbioportal_alterations.csv,P-0012056-T01-IM5,2026-10-03,901439d00f53aaac7cba1f17b89ed2231f6c053af64bab1cd501a5a0716dfd5b
P-0012061-T01-IM5,MET,missense_mutation,MET Y1003 missense,Y1003C,cBioPortal,unknown,/Users/vasilvasilev/Desktop/cell/data/raw/cbioportal_alterations.csv,P-0012061-T01-IM5,2026-10-03,901439d00f53aaac7cba1f17b89ed2231f6c053af64bab1cd501a5a0716dfd5b
P-0012076-T01-IM5,EGFR,missense_mutation,EGFR L858 missense,L858R,cBioPortal,unknown,/Users/vasilvasilev/Desktop/cell/data/raw/cbioportal_alterations.csv,P-0012076-T01-IM5,2026-10-03,901439d00f53aaac7cba1f17b89ed2231f6c053af64bab1cd501a5a0716dfd5b
P-0012079-T01-IM5,EGFR,missense_mutation,EGFR L858 missense,L858R,cBioPortal,unknown,/Users/vasilvasilev/Desktop/cell/data/raw/cbioportal_alterations.csv,P-0012079-T01-IM5,2026-10-03,901439d00f53aaac7cba1f17b89ed2231f6c053af64bab1cd501a5a0716dfd5b
P-0012083-T01-IM5,EGFR,missense_mutation,EGFR L858 missense,L858R,cBioPortal,unknown,/Users/vasilvasilev/Desktop/cell/data/raw/cbioportal_alterations.csv,P-0012083-T01-IM5,2026-10-03,901439d00f53aaac7cba1f17b89ed2231f6c053af64bab1cd501a5a0716dfd5b
P-0012089-T01-IM5,EGFR,in_frame_del,E746_A750del,E746_A750del,cBioPortal,unknown,/Users/vasilvasilev/Desktop/cell/data/raw/cbioportal_alterations.csv,P-0012089-T01-IM5,2026-10-03,901439d00f53aaac7cba1f17b89ed2231f6c053af64bab1cd501a5a0716dfd5b
P-0012098-T01-IM5,EGFR,in_frame_del,E746_T751delinsI,E746_T751delinsI,cBioPortal,unknown,/Users/vasilvasilev/Desktop/cell/data/raw/cbioportal_alterations.csv,P-0012098-T01-IM5,2026-10-03,901439d00f53aaac7cba1f17b89ed2231f6c053af64bab1cd501a5a0716dfd5b
P-0012149-T01-IM5,MET,splice_site,MET truncating,X1010_splice,cBioPortal,unknown,/Users/vasilvasilev/Desktop/cell/data/raw/cbioportal_alterations.csv,P-0012149-T01-IM5,2026-10-03,901439d00f53aaac7cba1f17b89ed2231f6c053af64bab1cd501a5a0716dfd5b
P-0012160-T01-IM5,EGFR,in_frame_del,E746_A750del,E746_A750del,cBioPortal,unknown,/Users/vasilvasilev/Desktop/cell/data/raw/cbioportal_alterations.csv,P-0012160-T01-IM5,2026-10-03,901439d00f53aaac7cba1f17b89ed2231f6c053af64bab1cd501a5a0716dfd5b
P-0012196-T01-IM5,EGFR,in_frame_ins,D770delinsGTH,D770delinsGTH,cBioPortal,unknown,/Users/vasilvasilev/Desktop/cell/data/raw/cbioportal_alterations.csv,P-0012196-T01-IM5,2026-10-03,901439d00f53aaac7cba1f17b89ed2231f6c053af64bab1cd501a5a0716dfd5b
P-0012239-T01-IM5,MET,missense_mutation,MET D1010 missense,D1010N,cBioPortal,unknown,/Users/vasilvasilev/Desktop/cell/data/raw/cbioportal_alterations.csv,P-0012239-T01-IM5,2026-10-03,901439d00f53aaac7cba1f17b89ed2231f6c053af64bab1cd501a5a0716dfd5b
P-0012251-T01-IM5,EGFR,in_frame_del,E746_A750del,E746_A750del,cBioPortal,unknown,/Users/vasilvasilev/Desktop/cell/data/raw/cbioportal_alterations.csv,P-0012251-T01-IM5,2026-10-03,901439d00f53aaac7cba1f17b89ed2231f6c053af64bab1cd501a5a0716dfd5b
P-0012306-T01-IM5,EGFR,in_frame_del,E746_A750del,E746_A750del,cBioPortal,unknown,/Users/vasilvasilev/Desktop/cell/data/raw/cbioportal_alterations.csv,P-0012306-T01-IM5,2026-10-03,901439d00f53aaac7cba1f17b89ed2231f6c053af64bab1cd501a5a0716dfd5b
P-0012393-T01-IM5,EGFR,in_frame_del,E746_A750del,E746_A750del,cBioPortal,unknown,/Users/vasilvasilev/Desktop/cell/data/raw/cbioportal_alterations.csv,P-0012393-T01-IM5,2026-10-03,901439d00f53aaac7cba1f17b89ed2231f6c053af64bab1cd501a5a0716dfd5b
P-0012404-T01-IM5,EGFR,missense_mutation,S768_V769delinsIL,S768_V769delinsIL,cBioPortal,unknown,/Users/vasilvasilev/Desktop/cell/data/raw/cbioportal_alterations.csv,P-0012404-T01-IM5,2026-10-03,901439d00f53aaac7cba1f17b89ed2231f6c053af64bab1cd501a5a0716dfd5b
P-0000110-T01-IM3,EGFR,amplification,amplification,,cBioPortal,unknown,/Users/vasilvasilev/Desktop/cell/data/raw/cbioportal_alterations.csv,P-0000110-T01-IM3,2026-10-03,901439d00f53aaac7cba1f17b89ed2231f6c053af64bab1cd501a5a0716dfd5b
P-0000208-T02-IM5,EGFR,amplification,amplification,,cBioPortal,unknown,/Users/vasilvasilev/Desktop/cell/data/raw/cbioportal_alterations.csv,P-0000208-T02-IM5,2026-10-03,901439d00f53aaac7cba1f17b89ed2231f6c053af64bab1cd501a5a0716dfd5b
P-0000347-T01-IM3,EGFR,amplification,amplification,,cBioPortal,unknown,/Users/vasilvasilev/Desktop/cell/data/raw/cbioportal_alterations.csv,P-0000347-T01-IM3,2026-10-03,901439d00f53aaac7cba1f17b89ed2231f6c053af64bab1cd501a5a0716dfd5b
P-0000348-T01-IM3,EGFR,amplification,amplification,,cBioPortal,unknown,/Users/vasilvasilev/Desktop/cell/data/raw/cbioportal_alterations.csv,P-0000348-T01-IM3,2026-10-03,901439d00f53aaac7cba1f17b89ed2231f6c053af64bab1cd501a5a0716dfd5b
P-0000477-T01-IM3,EGFR,amplification,amplification,,cBioPortal,unknown,/Users/vasilvasilev/Desktop/cell/data/raw/cbioportal_alterations.csv,P-0000477-T01-IM3,2026-10-03,901439d00f53aaac7cba1f17b89ed2231f6c053af64bab1cd501a5a0716dfd5b
P-0000571-T01-IM3,EGFR,amplification,amplification,,cBioPortal,unknown,/Users/vasilvasilev/Desktop/cell/data/raw/cbioportal_alterations.csv,P-0000571-T01-IM3,2026-10-03,901439d00f53aaac7cba1f17b89ed2231f6c053af64bab1cd501a5a0716dfd5b
P-0000628-T01-IM3,EGFR,amplification,amplification,,cBioPortal,unknown,/Users/vasilvasilev/Desktop/cell/data/raw/cbioportal_alterations.csv,P-0000628-T01-IM3,2026-10-03,901439d00f53aaac7cba1f17b89ed2231f6c053af64bab1cd501a5a0716dfd5b
P-0000628-T02-IM5,EGFR,amplification,amplification,,cBioPortal,unknown,/Users/vasilvasilev/Desktop/cell/data/raw/cbioportal_alterations.csv,P-0000628-T02-IM5,2026-10-03,901439d00f53aaac7cba1f17b89ed2231f6c053af64bab1cd501a5a0716dfd5b
P-0000642-T01-IM3,EGFR,amplification,amplification,,cBioPortal,unknown,/Users/vasilvasilev/Desktop/cell/data/raw/cbioportal_alterations.csv,P-0000642-T01-IM3,2026-10-03,901439d00f53aaac7cba1f17b89ed2231f6c053af64bab1cd501a5a0716dfd5b
P-0000900-T01-IM3,EGFR,amplification,amplification,,cBioPortal,unknown,/Users/vasilvasilev/Desktop/cell/data/raw/cbioportal_alterations.csv,P-0000900-T01-IM3,2026-10-03,901439d00f53aaac7cba1f17b89ed2231f6c053af64bab1cd501a5a0716dfd5b
P-0000913-T02-IM5,EGFR,amplification,amplification,,cBioPortal,unknown,/Users/vasilvasilev/Desktop/cell/data/raw/cbioportal_alterations.csv,P-0000913-T02-IM5,2026-10-03,901439d00f53aaac7cba1f17b89ed2231f6c053af64bab1cd501a5a0716dfd5b
P-0000913-T03-IM5,EGFR,amplification,amplification,,cBioPortal,unknown,/Users/vasilvasilev/Desktop/cell/data/raw/cbioportal_alterations.csv,P-0000913-T03-IM5,2026-10-03,901439d00f53aaac7cba1f17b89ed2231f6c053af64bab1cd501a5a0716dfd5b
P-0000929-T01-IM3,EGFR,amplification,amplification,,cBioPortal,unknown,/Users/vasilvasilev/Desktop/cell/data/raw/cbioportal_alterations.csv,P-0000929-T01-IM3,2026-10-03,901439d00f53aaac7cba1f17b89ed2231f6c053af64bab1cd501a5a0716dfd5b
P-0000987-T01-IM3,EGFR,amplification,amplification,,cBioPortal,unknown,/Users/vasilvasilev/Desktop/cell/data/raw/cbioportal_alterations.csv,P-0000987-T01-IM3,2026-10-03,901439d00f53aaac7cba1f17b89ed2231f6c053af64bab1cd501a5a0716dfd5b
P-0001123-T01-IM3,EGFR,amplification,amplification,,cBioPortal,unknown,/Users/vasilvasilev/Desktop/cell/data/raw/cbioportal_alterations.csv,P-0001123-T01-IM3,2026-10-03,901439d00f53aaac7cba1f17b89ed2231f6c053af64bab1cd501a5a0716dfd5b
P-0001131-T01-IM3,EGFR,amplification,amplification,,cBioPortal,unknown,/Users/vasilvasilev/Desktop/cell/data/raw/cbioportal_alterations.csv,P-0001131-T01-IM3,2026-10-03,901439d00f53aaac7cba1f17b89ed2231f6c053af64bab1cd501a5a0716dfd5b
P-0001224-T02-IM3,EGFR,amplification,amplification,,cBioPortal,unknown,/Users/vasilvasilev/Desktop/cell/data/raw/cbioportal_alterations.csv,P-0001224-T02-IM3,2026-10-03,901439d00f53aaac7cba1f17b89ed2231f6c053af64bab1cd501a5a0716dfd5b
P-0001328-T01-IM3,EGFR,amplification,amplification,,cBioPortal,unknown,/Users/vasilvasilev/Desktop/cell/data/raw/cbioportal_alterations.csv,P-0001328-T01-IM3,2026-10-03,901439d00f53aaac7cba1f17b89ed2231f6c053af64bab1cd501a5a0716dfd5b
P-0001357-T02-IM5,EGFR,amplification,amplification,,cBioPortal,unknown,/Users/vasilvasilev/Desktop/cell/data/raw/cbioportal_alterations.csv,P-0001357-T02-IM5,2026-10-03,901439d00f53aaac7cba1f17b89ed2231f6c053af64bab1cd501a5a0716dfd5b
P-0001506-T01-IM3,EGFR,amplification,amplification,,cBioPortal,unknown,/Users/vasilvasilev/Desktop/cell/data/raw/cbioportal_alterations.csv,P-0001506-T01-IM3,2026-10-03,901439d00f53aaac7cba1f17b89ed2231f6c053af64bab1cd501a5a0716dfd5b
P-0001528-T02-IM3,EGFR,amplification,amplification,,cBioPortal,unknown,/Users/vasilvasilev/Desktop/cell/data/raw/cbioportal_alterations.csv,P-0001528-T02-IM3,2026-10-03,901439d00f53aaac7cba1f17b89ed2231f6c053af64bab1cd501a5a0716dfd5b
P-0001528-T03-IM5,EGFR,amplification,amplification,,cBioPortal,unknown,/Users/vasilvasilev/Desktop/cell/data/raw/cbioportal_alterations.csv,P-0001528-T03-IM5,2026-10-03,901439d00f53aaac7cba1f17b89ed2231f6c053af64bab1cd501a5a0716dfd5b
P-0001613-T01-IM3,EGFR,amplification,amplification,,cBioPortal,unknown,/Users/vasilvasilev/Desktop/cell/data/raw/cbioportal_alterations.csv,P-0001613-T01-IM3,2026-10-03,901439d00f53aaac7cba1f17b89ed2231f6c053af64bab1cd501a5a0716dfd5b
P-0001613-T02-IM5,EGFR,amplification,amplification,,cBioPortal,unknown,/Users/vasilvasilev/Desktop/cell/data/raw/cbioportal_alterations.csv,P-0001613-T02-IM5,2026-10-03,901439d00f53aaac7cba1f17b89ed2231f6c053af64bab1cd501a5a0716dfd5b
P-0001665-T01-IM3,EGFR,amplification,amplification,,cBioPortal,unknown,/Users/vasilvasilev/Desktop/cell/data/raw/cbioportal_alterations.csv,P-0001665-T01-IM3,2026-10-03,901439d00f53aaac7cba1f17b89ed2231f6c053af64bab1cd501a5a0716dfd5b
P-0001726-T01-IM3,EGFR,amplification,amplification,,cBioPortal,unknown,/Users/vasilvasilev/Desktop/cell/data/raw/cbioportal_alterations.csv,P-0001726-T01-IM3,2026-10-03,901439d00f53aaac7cba1f17b89ed2231f6c053af64bab1cd501a5a0716dfd5b
P-0001750-T01-IM3,EGFR,amplification,amplification,,cBioPortal,unknown,/Users/vasilvasilev/Desktop/cell/data/raw/cbioportal_alterations.csv,P-0001750-T01-IM3,2026-10-03,901439d00f53aaac7cba1f17b89ed2231f6c053af64bab1cd501a5a0716dfd5b
P-0001802-T01-IM3,EGFR,amplification,amplification,,cBioPortal,unknown,/Users/vasilvasilev/Desktop/cell/data/raw/cbioportal_alterations.csv,P-0001802-T01-IM3,2026-10-03,901439d00f53aaac7cba1f17b89ed2231f6c053af64bab1cd501a5a0716dfd5b
P-0001817-T02-IM5,EGFR,amplification,amplification,,cBioPortal,unknown,/Users/vasilvasilev/Desktop/cell/data/raw/cbioportal_alterations.csv,P-0001817-T02-IM5,2026-10-03,901439d00f53aaac7cba1f17b89ed2231f6c053af64bab1cd501a5a0716dfd5b
P-0001832-T01-IM3,EGFR,amplification,amplification,,cBioPortal,unknown,/Users/vasilvasilev/Desktop/cell/data/raw/cbioportal_alterations.csv,P-0001832-T01-IM3,2026-10-03,901439d00f53aaac7cba1f17b89ed2231f6c053af64bab1cd501a5a0716dfd5b
P-0001927-T01-IM3,EGFR,amplification,amplification,,cBioPortal,unknown,/Users/vasilvasilev/Desktop/cell/data/raw/cbioportal_alterations.csv,P-0001927-T01-IM3,2026-10-03,901439d00f53aaac7cba1f17b89ed2231f6c053af64bab1cd501a5a0716dfd5b
P-0001931-T01-IM3,EGFR,amplification,amplification,,cBioPortal,unknown,/Users/vasilvasilev/Desktop/cell/data/raw/cbioportal_alterations.csv,P-0001931-T01-IM3,2026-10-03,901439d00f53aaac7cba1f17b89ed2231f6c053af64bab1cd501a5a0716dfd5b
P-0001972-T01-IM3,EGFR,amplification,amplification,,cBioPortal,unknown,/Users/vasilvasilev/Desktop/cell/data/raw/cbioportal_alterations.csv,P-0001972-T01-IM3,2026-10-03,901439d00f53aaac7cba1f17b89ed2231f6c053af64bab1cd501a5a0716dfd5b
P-0002046-T01-IM3,EGFR,amplification,amplification,,cBioPortal,unknown,/Users/vasilvasilev/Desktop/cell/data/raw/cbioportal_alterations.csv,P-0002046-T01-IM3,2026-10-03,901439d00f53aaac7cba1f17b89ed2231f6c053af64bab1cd501a5a0716dfd5b
P-0002091-T01-IM3,EGFR,amplification,amplification,,cBioPortal,unknown,/Users/vasilvasilev/Desktop/cell/data/raw/cbioportal_alterations.csv,P-0002091-T01-IM3,2026-10-03,901439d00f53aaac7cba1f17b89ed2231f6c053af64bab1cd501a5a0716dfd5b
P-0002126-T01-IM3,EGFR,amplification,amplification,,cBioPortal,unknown,/Users/vasilvasilev/Desktop/cell/data/raw/cbioportal_alterations.csv,P-0002126-T01-IM3,2026-10-03,901439d00f53aaac7cba1f17b89ed2231f6c053af64bab1cd501a5a0716dfd5b
P-0002218-T02-IM5,EGFR,amplification,amplification,,cBioPortal,unknown,/Users/vasilvasilev/Desktop/cell/data/raw/cbioportal_alterations.csv,P-0002218-T02-IM5,2026-10-03,901439d00f53aaac7cba1f17b89ed2231f6c053af64bab1cd501a5a0716dfd5b
P-0002423-T01-IM3,EGFR,amplification,amplification,,cBioPortal,unknown,/Users/vasilvasilev/Desktop/cell/data/raw/cbioportal_alterations.csv,P-0002423-T01-IM3,2026-10-03,901439d00f53aaac7cba1f17b89ed2231f6c053af64bab1cd501a5a0716dfd5b
P-0002489-T01-IM3,EGFR,amplification,amplification,,cBioPortal,unknown,/Users/vasilvasilev/Desktop/cell/data/raw/cbioportal_alterations.csv,P-0002489-T01-IM3,2026-10-03,901439d00f53aaac7cba1f17b89ed2231f6c053af64bab1cd501a5a0716dfd5b
P-0002506-T01-IM3,EGFR,amplification,amplification,,cBioPortal,unknown,/Users/vasilvasilev/Desktop/cell/data/raw/cbioportal_alterations.csv,P-0002506-T01-IM3,2026-10-03,901439d00f53aaac7cba1f17b89ed2231f6c053af64bab1cd501a5a0716dfd5b
P-0002506-T02-IM5,EGFR,amplification,amplification,,cBioPortal,unknown,/Users/vasilvasilev/Desktop/cell/data/raw/cbioportal_alterations.csv,P-0002506-T02-IM5,2026-10-03,901439d00f53aaac7cba1f17b89ed2231f6c053af64bab1cd501a5a0716dfd5b
P-0002523-T01-IM3,EGFR,amplification,amplification,,cBioPortal,unknown,/Users/vasilvasilev/Desktop/cell/data/raw/cbioportal_alterations.csv,P-0002523-T01-IM3,2026-10-03,901439d00f53aaac7cba1f17b89ed2231f6c053af64bab1cd501a5a0716dfd5b
P-0002524-T01-IM3,EGFR,amplification,amplification,,cBioPortal,unknown,/Users/vasilvasilev/Desktop/cell/data/raw/cbioportal_alterations.csv,P-0002524-T01-IM3,2026-10-03,901439d00f53aaac7cba1f17b89ed2231f6c053af64bab1cd501a5a0716dfd5b
P-0002534-T01-IM3,EGFR,amplification,amplification,,cBioPortal,unknown,/Users/vasilvasilev/Desktop/cell/data/raw/cbioportal_alterations.csv,P-0002534-T01-IM3,2026-10-03,901439d00f53aaac7cba1f17b89ed2231f6c053af64bab1cd501a5a0716dfd5b
P-0002783-T01-IM3,EGFR,amplification,amplification,,cBioPortal,unknown,/Users/vasilvasilev/Desktop/cell/data/raw/cbioportal_alterations.csv,P-0002783-T01-IM3,2026-10-03,901439d00f53aaac7cba1f17b89ed2231f6c053af64bab1cd501a5a0716dfd5b
P-0002861-T01-IM3,EGFR,amplification,amplification,,cBioPortal,unknown,/Users/vasilvasilev/Desktop/cell/data/raw/cbioportal_alterations.csv,P-0002861-T01-IM3,2026-10-03,901439d00f53aaac7cba1f17b89ed2231f6c053af64bab1cd501a5a0716dfd5b
P-0002890-T01-IM3,EGFR,amplification,amplification,,cBioPortal,unknown,/Users/vasilvasilev/Desktop/cell/data/raw/cbioportal_alterations.csv,P-0002890-T01-IM3,2026-10-03,901439d00f53aaac7cba1f17b89ed2231f6c053af64bab1cd501a5a0716dfd5b
P-0002904-T01-IM3,EGFR,amplification,amplification,,cBioPortal,unknown,/Users/vasilvasilev/Desktop/cell/data/raw/cbioportal_alterations.csv,P-0002904-T01-IM3,2026-10-03,901439d00f53aaac7cba1f17b89ed2231f6c053af64bab1cd501a5a0716dfd5b
P-0002916-T02-IM5,EGFR,amplification,amplification,,cBioPortal,unknown,/Users/vasilvasilev/Desktop/cell/data/raw/cbioportal_alterations.csv,P-0002916-T02-IM5,2026-10-03,901439d00f53aaac7cba1f17b89ed2231f6c053af64bab1cd501a5a0716dfd5b
P-0003156-T01-IM5,EGFR,amplification,amplification,,cBioPortal,unknown,/Users/vasilvasilev/Desktop/cell/data/raw/cbioportal_alterations.csv,P-0003156-T01-IM5,2026-10-03,901439d00f53aaac7cba1f17b89ed2231f6c053af64bab1cd501a5a0716dfd5b
P-0003167-T01-IM5,EGFR,amplification,amplification,,cBioPortal,unknown,/Users/vasilvasilev/Desktop/cell/data/raw/cbioportal_alterations.csv,P-0003167-T01-IM5,2026-10-03,901439d00f53aaac7cba1f17b89ed2231f6c053af64bab1cd501a5a0716dfd5b
P-0003229-T01-IM5,EGFR,amplification,amplification,,cBioPortal,unknown,/Users/vasilvasilev/Desktop/cell/data/raw/cbioportal_alterations.csv,P-0003229-T01-IM5,2026-10-03,901439d00f53aaac7cba1f17b89ed2231f6c053af64bab1cd501a5a0716dfd5b
P-0003270-T02-IM5,EGFR,amplification,amplification,,cBioPortal,unknown,/Users/vasilvasilev/Desktop/cell/data/raw/cbioportal_alterations.csv,P-0003270-T02-IM5,2026-10-03,901439d00f53aaac7cba1f17b89ed2231f6c053af64bab1cd501a5a0716dfd5b
P-0003317-T02-IM5,EGFR,amplification,amplification,,cBioPortal,unknown,/Users/vasilvasilev/Desktop/cell/data/raw/cbioportal_alterations.csv,P-0003317-T02-IM5,2026-10-03,901439d00f53aaac7cba1f17b89ed2231f6c053af64bab1cd501a5a0716dfd5b
P-0003425-T01-IM5,EGFR,amplification,amplification,,cBioPortal,unknown,/Users/vasilvasilev/Desktop/cell/data/raw/cbioportal_alterations.csv,P-0003425-T01-IM5,2026-10-03,901439d00f53aaac7cba1f17b89ed2231f6c053af64bab1cd501a5a0716dfd5b
P-0003479-T01-IM5,EGFR,amplification,amplification,,cBioPortal,unknown,/Users/vasilvasilev/Desktop/cell/data/raw/cbioportal_alterations.csv,P-0003479-T01-IM5,2026-10-03,901439d00f53aaac7cba1f17b89ed2231f6c053af64bab1cd501a5a0716dfd5b
P-0003551-T01-IM5,EGFR,amplification,amplification,,cBioPortal,unknown,/Users/vasilvasilev/Desktop/cell/data/raw/cbioportal_alterations.csv,P-0003551-T01-IM5,2026-10-03,901439d00f53aaac7cba1f17b89ed2231f6c053af64bab1cd501a5a0716dfd5b
P-0003654-T01-IM5,EGFR,amplification,amplification,,cBioPortal,unknown,/Users/vasilvasilev/Desktop/cell/data/raw/cbioportal_alterations.csv,P-0003654-T01-IM5,2026-10-03,901439d00f53aaac7cba1f17b89ed2231f6c053af64bab1cd501a5a0716dfd5b
P-0003863-T01-IM5,EGFR,amplification,amplification,,cBioPortal,unknown,/Users/vasilvasilev/Desktop/cell/data/raw/cbioportal_alterations.csv,P-0003863-T01-IM5,2026-10-03,901439d00f53aaac7cba1f17b89ed2231f6c053af64bab1cd501a5a0716dfd5b
P-0004123-T01-IM5,EGFR,amplification,amplification,,cBioPortal,unknown,/Users/vasilvasilev/Desktop/cell/data/raw/cbioportal_alterations.csv,P-0004123-T01-IM5,2026-10-03,901439d00f53aaac7cba1f17b89ed2231f6c053af64bab1cd501a5a0716dfd5b
P-0004129-T01-IM5,EGFR,amplification,amplification,,cBioPortal,unknown,/Users/vasilvasilev/Desktop/cell/data/raw/cbioportal_alterations.csv,P-0004129-T01-IM5,2026-10-03,901439d00f53aaac7cba1f17b89ed2231f6c053af64bab1cd501a5a0716dfd5b
P-0004129-T02-IM5,EGFR,amplification,amplification,,cBioPortal,unknown,/Users/vasilvasilev/Desktop/cell/data/raw/cbioportal_alterations.csv,P-0004129-T02-IM5,2026-10-03,901439d00f53aaac7cba1f17b89ed2231f6c053af64bab1cd501a5a0716dfd5b
P-0004263-T01-IM5,EGFR,amplification,amplification,,cBioPortal,unknown,/Users/vasilvasilev/Desktop/cell/data/raw/cbioportal_alterations.csv,P-0004263-T01-IM5,2026-10-03,901439d00f53aaac7cba1f17b89ed2231f6c053af64bab1cd501a5a0716dfd5b
P-0004328-T02-IM5,EGFR,amplification,amplification,,cBioPortal,unknown,/Users/vasilvasilev/Desktop/cell/data/raw/cbioportal_alterations.csv,P-0004328-T02-IM5,2026-10-03,901439d00f53aaac7cba1f17b89ed2231f6c053af64bab1cd501a5a0716dfd5b
P-0004517-T01-IM5,EGFR,amplification,amplification,,cBioPortal,unknown,/Users/vasilvasilev/Desktop/cell/data/raw/cbioportal_alterations.csv,P-0004517-T01-IM5,2026-10-03,901439d00f53aaac7cba1f17b89ed2231f6c053af64bab1cd501a5a0716dfd5b
P-0004607-T02-IM5,EGFR,amplification,amplification,,cBioPortal,unknown,/Users/vasilvasilev/Desktop/cell/data/raw/cbioportal_alterations.csv,P-0004607-T02-IM5,2026-10-03,901439d00f53aaac7cba1f17b89ed2231f6c053af64bab1cd501a5a0716dfd5b
P-0004691-T02-IM5,EGFR,amplification,amplification,,cBioPortal,unknown,/Users/vasilvasilev/Desktop/cell/data/raw/cbioportal_alterations.csv,P-0004691-T02-IM5,2026-10-03,901439d00f53aaac7cba1f17b89ed2231f6c053af64bab1cd501a5a0716dfd5b
P-0004695-T01-IM5,EGFR,amplification,amplification,,cBioPortal,unknown,/Users/vasilvasilev/Desktop/cell/data/raw/cbioportal_alterations.csv,P-0004695-T01-IM5,2026-10-03,901439d00f53aaac7cba1f17b89ed2231f6c053af64bab1cd501a5a0716dfd5b
P-0004743-T01-IM5,EGFR,amplification,amplification,,cBioPortal,unknown,/Users/vasilvasilev/Desktop/cell/data/raw/cbioportal_alterations.csv,P-0004743-T01-IM5,2026-10-03,901439d00f53aaac7cba1f17b89ed2231f6c053af64bab1cd501a5a0716dfd5b
P-0004759-T01-IM5,EGFR,amplification,amplification,,cBioPortal,unknown,/Users/vasilvasilev/Desktop/cell/data/raw/cbioportal_alterations.csv,P-0004759-T01-IM5,2026-10-03,901439d00f53aaac7cba1f17b89ed2231f6c053af64bab1cd501a5a0716dfd5b
P-0004927-T01-IM5,EGFR,amplification,amplification,,cBioPortal,unknown,/Users/vasilvasilev/Desktop/cell/data/raw/cbioportal_alterations.csv,P-0004927-T01-IM5,2026-10-03,901439d00f53aaac7cba1f17b89ed2231f6c053af64bab1cd501a5a0716dfd5b
P-0005034-T01-IM5,EGFR,amplification,amplification,,cBioPortal,unknown,/Users/vasilvasilev/Desktop/cell/data/raw/cbioportal_alterations.csv,P-0005034-T01-IM5,2026-10-03,901439d00f53aaac7cba1f17b89ed2231f6c053af64bab1cd501a5a0716dfd5b
P-0005063-T01-IM5,EGFR,amplification,amplification,,cBioPortal,unknown,/Users/vasilvasilev/Desktop/cell/data/raw/cbioportal_alterations.csv,P-0005063-T01-IM5,2026-10-03,901439d00f53aaac7cba1f17b89ed2231f6c053af64bab1cd501a5a0716dfd5b
P-0005178-T01-IM5,EGFR,amplification,amplification,,cBioPortal,unknown,/Users/vasilvasilev/Desktop/cell/data/raw/cbioportal_alterations.csv,P-0005178-T01-IM5,2026-10-03,901439d00f53aaac7cba1f17b89ed2231f6c053af64bab1cd501a5a0716dfd5b
P-0005264-T01-IM5,EGFR,amplification,amplification,,cBioPortal,unknown,/Users/vasilvasilev/Desktop/cell/data/raw/cbioportal_alterations.csv,P-0005264-T01-IM5,2026-10-03,901439d00f53aaac7cba1f17b89ed2231f6c053af64bab1cd501a5a0716dfd5b
P-0005504-T01-IM5,EGFR,amplification,amplification,,cBioPortal,unknown,/Users/vasilvasilev/Desktop/cell/data/raw/cbioportal_alterations.csv,P-0005504-T01-IM5,2026-10-03,901439d00f53aaac7cba1f17b89ed2231f6c053af64bab1cd501a5a0716dfd5b
P-0005553-T01-IM5,EGFR,amplification,amplification,,cBioPortal,unknown,/Users/vasilvasilev/Desktop/cell/data/raw/cbioportal_alterations.csv,P-0005553-T01-IM5,2026-10-03,901439d00f53aaac7cba1f17b89ed2231f6c053af64bab1cd501a5a0716dfd5b
P-0005895-T01-IM5,EGFR,amplification,amplification,,cBioPortal,unknown,/Users/vasilvasilev/Desktop/cell/data/raw/cbioportal_alterations.csv,P-0005895-T01-IM5,2026-10-03,901439d00f53aaac7cba1f17b89ed2231f6c053af64bab1cd501a5a0716dfd5b
P-0006003-T01-IM5,EGFR,amplification,amplification,,cBioPortal,unknown,/Users/vasilvasilev/Desktop/cell/data/raw/cbioportal_alterations.csv,P-0006003-T01-IM5,2026-10-03,901439d00f53aaac7cba1f17b89ed2231f6c053af64bab1cd501a5a0716dfd5b
P-0006151-T01-IM5,EGFR,amplification,amplification,,cBioPortal,unknown,/Users/vasilvasilev/Desktop/cell/data/raw/cbioportal_alterations.csv,P-0006151-T01-IM5,2026-10-03,901439d00f53aaac7cba1f17b89ed2231f6c053af64bab1cd501a5a0716dfd5b
P-0006171-T01-IM5,EGFR,amplification,amplification,,cBioPortal,unknown,/Users/vasilvasilev/Desktop/cell/data/raw/cbioportal_alterations.csv,P-0006171-T01-IM5,2026-10-03,901439d00f53aaac7cba1f17b89ed2231f6c053af64bab1cd501a5a0716dfd5b
P-0006268-T01-IM5,EGFR,amplification,amplification,,cBioPortal,unknown,/Users/vasilvasilev/Desktop/cell/data/raw/cbioportal_alterations.csv,P-0006268-T01-IM5,2026-10-03,901439d00f53aaac7cba1f17b89ed2231f6c053af64bab1cd501a5a0716dfd5b
P-0006321-T01-IM5,EGFR,amplification,amplification,,cBioPortal,unknown,/Users/vasilvasilev/Desktop/cell/data/raw/cbioportal_alterations.csv,P-0006321-T01-IM5,2026-10-03,901439d00f53aaac7cba1f17b89ed2231f6c053af64bab1cd501a5a0716dfd5b
P-0006768-T01-IM5,EGFR,amplification,amplification,,cBioPortal,unknown,/Users/vasilvasilev/Desktop/cell/data/raw/cbioportal_alterations.csv,P-0006768-T01-IM5,2026-10-03,901439d00f53aaac7cba1f17b89ed2231f6c053af64bab1cd501a5a0716dfd5b
P-0006995-T01-IM5,EGFR,amplification,amplification,,cBioPortal,unknown,/Users/vasilvasilev/Desktop/cell/data/raw/cbioportal_alterations.csv,P-0006995-T01-IM5,2026-10-03,901439d00f53aaac7cba1f17b89ed2231f6c053af64bab1cd501a5a0716dfd5b
P-0007582-T01-IM5,EGFR,amplification,amplification,,cBioPortal,unknown,/Users/vasilvasilev/Desktop/cell/data/raw/cbioportal_alterations.csv,P-0007582-T01-IM5,2026-10-03,901439d00f53aaac7cba1f17b89ed2231f6c053af64bab1cd501a5a0716dfd5b
P-0007663-T01-IM5,EGFR,amplification,amplification,,cBioPortal,unknown,/Users/vasilvasilev/Desktop/cell/data/raw/cbioportal_alterations.csv,P-0007663-T01-IM5,2026-10-03,901439d00f53aaac7cba1f17b89ed2231f6c053af64bab1cd501a5a0716dfd5b
P-0007870-T01-IM5,EGFR,amplification,amplification,,cBioPortal,unknown,/Users/vasilvasilev/Desktop/cell/data/raw/cbioportal_alterations.csv,P-0007870-T01-IM5,2026-10-03,901439d00f53aaac7cba1f17b89ed2231f6c053af64bab1cd501a5a0716dfd5b
P-0007896-T01-IM5,EGFR,amplification,amplification,,cBioPortal,unknown,/Users/vasilvasilev/Desktop/cell/data/raw/cbioportal_alterations.csv,P-0007896-T01-IM5,2026-10-03,901439d00f53aaac7cba1f17b89ed2231f6c053af64bab1cd501a5a0716dfd5b
P-0007904-T01-IM5,EGFR,amplification,amplification,,cBioPortal,unknown,/Users/vasilvasilev/Desktop/cell/data/raw/cbioportal_alterations.csv,P-0007904-T01-IM5,2026-10-03,901439d00f53aaac7cba1f17b89ed2231f6c053af64bab1cd501a5a0716dfd5b
P-0008058-T01-IM5,EGFR,amplification,amplification,,cBioPortal,unknown,/Users/vasilvasilev/Desktop/cell/data/raw/cbioportal_alterations.csv,P-0008058-T01-IM5,2026-10-03,901439d00f53aaac7cba1f17b89ed2231f6c053af64bab1cd501a5a0716dfd5b
P-0008160-T02-IM5,EGFR,amplification,amplification,,cBioPortal,unknown,/Users/vasilvasilev/Desktop/cell/data/raw/cbioportal_alterations.csv,P-0008160-T02-IM5,2026-10-03,901439d00f53aaac7cba1f17b89ed2231f6c053af64bab1cd501a5a0716dfd5b
P-0008427-T01-IM5,EGFR,amplification,amplification,,cBioPortal,unknown,/Users/vasilvasilev/Desktop/cell/data/raw/cbioportal_alterations.csv,P-0008427-T01-IM5,2026-10-03,901439d00f53aaac7cba1f17b89ed2231f6c053af64bab1cd501a5a0716dfd5b
P-0008514-T01-IM5,EGFR,amplification,amplification,,cBioPortal,unknown,/Users/vasilvasilev/Desktop/cell/data/raw/cbioportal_alterations.csv,P-0008514-T01-IM5,2026-10-03,901439d00f53aaac7cba1f17b89ed2231f6c053af64bab1cd501a5a0716dfd5b
P-0008577-T01-IM5,EGFR,amplification,amplification,,cBioPortal,unknown,/Users/vasilvasilev/Desktop/cell/data/raw/cbioportal_alterations.csv,P-0008577-T01-IM5,2026-10-03,901439d00f53aaac7cba1f17b89ed2231f6c053af64bab1cd501a5a0716dfd5b
P-0008577-T02-IM5,EGFR,amplification,amplification,,cBioPortal,unknown,/Users/vasilvasilev/Desktop/cell/data/raw/cbioportal_alterations.csv,P-0008577-T02-IM5,2026-10-03,901439d00f53aaac7cba1f17b89ed2231f6c053af64bab1cd501a5a0716dfd5b
P-0008602-T01-IM5,EGFR,amplification,amplification,,cBioPortal,unknown,/Users/vasilvasilev/Desktop/cell/data/raw/cbioportal_alterations.csv,P-0008602-T01-IM5,2026-10-03,901439d00f53aaac7cba1f17b89ed2231f6c053af64bab1cd501a5a0716dfd5b
P-0008744-T01-IM5,EGFR,amplification,amplification,,cBioPortal,unknown,/Users/vasilvasilev/Desktop/cell/data/raw/cbioportal_alterations.csv,P-0008744-T01-IM5,2026-10-03,901439d00f53aaac7cba1f17b89ed2231f6c053af64bab1cd501a5a0716dfd5b
P-0008744-T02-IM5,EGFR,amplification,amplification,,cBioPortal,unknown,/Users/vasilvasilev/Desktop/cell/data/raw/cbioportal_alterations.csv,P-0008744-T02-IM5,2026-10-03,901439d00f53aaac7cba1f17b89ed2231f6c053af64bab1cd501a5a0716dfd5b
P-0008796-T01-IM5,EGFR,amplification,amplification,,cBioPortal,unknown,/Users/vasilvasilev/Desktop/cell/data/raw/cbioportal_alterations.csv,P-0008796-T01-IM5,2026-10-03,901439d00f53aaac7cba1f17b89ed2231f6c053af64bab1cd501a5a0716dfd5b
P-0008849-T01-IM5,EGFR,amplification,amplification,,cBioPortal,unknown,/Users/vasilvasilev/Desktop/cell/data/raw/cbioportal_alterations.csv,P-0008849-T01-IM5,2026-10-03,901439d00f53aaac7cba1f17b89ed2231f6c053af64bab1cd501a5a0716dfd5b
P-0008917-T01-IM5,EGFR,amplification,amplification,,cBioPortal,unknown,/Users/vasilvasilev/Desktop/cell/data/raw/cbioportal_alterations.csv,P-0008917-T01-IM5,2026-10-03,901439d00f53aaac7cba1f17b89ed2231f6c053af64bab1cd501a5a0716dfd5b
P-0009346-T01-IM5,EGFR,amplification,amplification,,cBioPortal,unknown,/Users/vasilvasilev/Desktop/cell/data/raw/cbioportal_alterations.csv,P-0009346-T01-IM5,2026-10-03,901439d00f53aaac7cba1f17b89ed2231f6c053af64bab1cd501a5a0716dfd5b
P-0009423-T01-IM5,EGFR,amplification,amplification,,cBioPortal,unknown,/Users/vasilvasilev/Desktop/cell/data/raw/cbioportal_alterations.csv,P-0009423-T01-IM5,2026-10-03,901439d00f53aaac7cba1f17b89ed2231f6c053af64bab1cd501a5a0716dfd5b
P-0009535-T01-IM5,EGFR,amplification,amplification,,cBioPortal,unknown,/Users/vasilvasilev/Desktop/cell/data/raw/cbioportal_alterations.csv,P-0009535-T01-IM5,2026-10-03,901439d00f53aaac7cba1f17b89ed2231f6c053af64bab1cd501a5a0716dfd5b
P-0009623-T01-IM5,EGFR,amplification,amplification,,cBioPortal,unknown,/Users/vasilvasilev/Desktop/cell/data/raw/cbioportal_alterations.csv,P-0009623-T01-IM5,2026-10-03,901439d00f53aaac7cba1f17b89ed2231f6c053af64bab1cd501a5a0716dfd5b
P-0009655-T01-IM5,EGFR,amplification,amplification,,cBioPortal,unknown,/Users/vasilvasilev/Desktop/cell/data/raw/cbioportal_alterations.csv,P-0009655-T01-IM5,2026-10-03,901439d00f53aaac7cba1f17b89ed2231f6c053af64bab1cd501a5a0716dfd5b
P-0009702-T01-IM5,EGFR,amplification,amplification,,cBioPortal,unknown,/Users/vasilvasilev/Desktop/cell/data/raw/cbioportal_alterations.csv,P-0009702-T01-IM5,2026-10-03,901439d00f53aaac7cba1f17b89ed2231f6c053af64bab1cd501a5a0716dfd5b
P-0009764-T01-IM5,EGFR,amplification,amplification,,cBioPortal,unknown,/Users/vasilvasilev/Desktop/cell/data/raw/cbioportal_alterations.csv,P-0009764-T01-IM5,2026-10-03,901439d00f53aaac7cba1f17b89ed2231f6c053af64bab1cd501a5a0716dfd5b
P-0009864-T01-IM5,EGFR,amplification,amplification,,cBioPortal,unknown,/Users/vasilvasilev/Desktop/cell/data/raw/cbioportal_alterations.csv,P-0009864-T01-IM5,2026-10-03,901439d00f53aaac7cba1f17b89ed2231f6c053af64bab1cd501a5a0716dfd5b
P-0009922-T01-IM5,EGFR,amplification,amplification,,cBioPortal,unknown,/Users/vasilvasilev/Desktop/cell/data/raw/cbioportal_alterations.csv,P-0009922-T01-IM5,2026-10-03,901439d00f53aaac7cba1f17b89ed2231f6c053af64bab1cd501a5a0716dfd5b
P-0010053-T01-IM5,EGFR,amplification,amplification,,cBioPortal,unknown,/Users/vasilvasilev/Desktop/cell/data/raw/cbioportal_alterations.csv,P-0010053-T01-IM5,2026-10-03,901439d00f53aaac7cba1f17b89ed2231f6c053af64bab1cd501a5a0716dfd5b
P-0010333-T01-IM5,EGFR,amplification,amplification,,cBioPortal,unknown,/Users/vasilvasilev/Desktop/cell/data/raw/cbioportal_alterations.csv,P-0010333-T01-IM5,2026-10-03,901439d00f53aaac7cba1f17b89ed2231f6c053af64bab1cd501a5a0716dfd5b
P-0010563-T01-IM5,EGFR,amplification,amplification,,cBioPortal,unknown,/Users/vasilvasilev/Desktop/cell/data/raw/cbioportal_alterations.csv,P-0010563-T01-IM5,2026-10-03,901439d00f53aaac7cba1f17b89ed2231f6c053af64bab1cd501a5a0716dfd5b
P-0010566-T01-IM5,EGFR,amplification,amplification,,cBioPortal,unknown,/Users/vasilvasilev/Desktop/cell/data/raw/cbioportal_alterations.csv,P-0010566-T01-IM5,2026-10-03,901439d00f53aaac7cba1f17b89ed2231f6c053af64bab1cd501a5a0716dfd5b
P-0010750-T01-IM5,EGFR,amplification,amplification,,cBioPortal,unknown,/Users/vasilvasilev/Desktop/cell/data/raw/cbioportal_alterations.csv,P-0010750-T01-IM5,2026-10-03,901439d00f53aaac7cba1f17b89ed2231f6c053af64bab1cd501a5a0716dfd5b
P-0010793-T01-IM5,EGFR,amplification,amplification,,cBioPortal,unknown,/Users/vasilvasilev/Desktop/cell/data/raw/cbioportal_alterations.csv,P-0010793-T01-IM5,2026-10-03,901439d00f53aaac7cba1f17b89ed2231f6c053af64bab1cd501a5a0716dfd5b
P-0011038-T01-IM5,EGFR,amplification,amplification,,cBioPortal,unknown,/Users/vasilvasilev/Desktop/cell/data/raw/cbioportal_alterations.csv,P-0011038-T01-IM5,2026-10-03,901439d00f53aaac7cba1f17b89ed2231f6c053af64bab1cd501a5a0716dfd5b
P-0011142-T01-IM5,EGFR,amplification,amplification,,cBioPortal,unknown,/Users/vasilvasilev/Desktop/cell/data/raw/cbioportal_alterations.csv,P-0011142-T01-IM5,2026-10-03,901439d00f53aaac7cba1f17b89ed2231f6c053af64bab1cd501a5a0716dfd5b
P-0011237-T01-IM5,EGFR,amplification,amplification,,cBioPortal,unknown,/Users/vasilvasilev/Desktop/cell/data/raw/cbioportal_alterations.csv,P-0011237-T01-IM5,2026-10-03,901439d00f53aaac7cba1f17b89ed2231f6c053af64bab1cd501a5a0716dfd5b
P-0011293-T01-IM5,EGFR,amplification,amplification,,cBioPortal,unknown,/Users/vasilvasilev/Desktop/cell/data/raw/cbioportal_alterations.csv,P-0011293-T01-IM5,2026-10-03,901439d00f53aaac7cba1f17b89ed2231f6c053af64bab1cd501a5a0716dfd5b
P-0011308-T01-IM5,EGFR,amplification,amplification,,cBioPortal,unknown,/Users/vasilvasilev/Desktop/cell/data/raw/cbioportal_alterations.csv,P-0011308-T01-IM5,2026-10-03,901439d00f53aaac7cba1f17b89ed2231f6c053af64bab1cd501a5a0716dfd5b
P-0012043-T01-IM5,EGFR,amplification,amplification,,cBioPortal,unknown,/Users/vasilvasilev/Desktop/cell/data/raw/cbioportal_alterations.csv,P-0012043-T01-IM5,2026-10-03,901439d00f53aaac7cba1f17b89ed2231f6c053af64bab1cd501a5a0716dfd5b
P-0012076-T01-IM5,EGFR,amplification,amplification,,cBioPortal,unknown,/Users/vasilvasilev/Desktop/cell/data/raw/cbioportal_alterations.csv,P-0012076-T01-IM5,2026-10-03,901439d00f53aaac7cba1f17b89ed2231f6c053af64bab1cd501a5a0716dfd5b
P-0012088-T01-IM5,EGFR,amplification,amplification,,cBioPortal,unknown,/Users/vasilvasilev/Desktop/cell/data/raw/cbioportal_alterations.csv,P-0012088-T01-IM5,2026-10-03,901439d00f53aaac7cba1f17b89ed2231f6c053af64bab1cd501a5a0716dfd5b
P-0012251-T01-IM5,EGFR,amplification,amplification,,cBioPortal,unknown,/Users/vasilvasilev/Desktop/cell/data/raw/cbioportal_alterations.csv,P-0012251-T01-IM5,2026-10-03,901439d00f53aaac7cba1f17b89ed2231f6c053af64bab1cd501a5a0716dfd5b
P-0012393-T01-IM5,EGFR,amplification,amplification,,cBioPortal,unknown,/Users/vasilvasilev/Desktop/cell/data/raw/cbioportal_alterations.csv,P-0012393-T01-IM5,2026-10-03,901439d00f53aaac7cba1f17b89ed2231f6c053af64bab1cd501a5a0716dfd5b
P-0000819-T01-IM3,MET,amplification,amplification,,cBioPortal,unknown,/Users/vasilvasilev/Desktop/cell/data/raw/cbioportal_alterations.csv,P-0000819-T01-IM3,2026-10-03,901439d00f53aaac7cba1f17b89ed2231f6c053af64bab1cd501a5a0716dfd5b
P-0001037-T01-IM3,MET,amplification,amplification,,cBioPortal,unknown,/Users/vasilvasilev/Desktop/cell/data/raw/cbioportal_alterations.csv,P-0001037-T01-IM3,2026-10-03,901439d00f53aaac7cba1f17b89ed2231f6c053af64bab1cd501a5a0716dfd5b
P-0001089-T01-IM3,MET,amplification,amplification,,cBioPortal,unknown,/Users/vasilvasilev/Desktop/cell/data/raw/cbioportal_alterations.csv,P-0001089-T01-IM3,2026-10-03,901439d00f53aaac7cba1f17b89ed2231f6c053af64bab1cd501a5a0716dfd5b
P-0001357-T02-IM5,MET,amplification,amplification,,cBioPortal,unknown,/Users/vasilvasilev/Desktop/cell/data/raw/cbioportal_alterations.csv,P-0001357-T02-IM5,2026-10-03,901439d00f53aaac7cba1f17b89ed2231f6c053af64bab1cd501a5a0716dfd5b
P-0001375-T01-IM3,MET,amplification,amplification,,cBioPortal,unknown,/Users/vasilvasilev/Desktop/cell/data/raw/cbioportal_alterations.csv,P-0001375-T01-IM3,2026-10-03,901439d00f53aaac7cba1f17b89ed2231f6c053af64bab1cd501a5a0716dfd5b
P-0001707-T01-IM3,MET,amplification,amplification,,cBioPortal,unknown,/Users/vasilvasilev/Desktop/cell/data/raw/cbioportal_alterations.csv,P-0001707-T01-IM3,2026-10-03,901439d00f53aaac7cba1f17b89ed2231f6c053af64bab1cd501a5a0716dfd5b
P-0001750-T01-IM3,MET,amplification,amplification,,cBioPortal,unknown,/Users/vasilvasilev/Desktop/cell/data/raw/cbioportal_alterations.csv,P-0001750-T01-IM3,2026-10-03,901439d00f53aaac7cba1f17b89ed2231f6c053af64bab1cd501a5a0716dfd5b
P-0001833-T01-IM3,MET,amplification,amplification,,cBioPortal,unknown,/Users/vasilvasilev/Desktop/cell/data/raw/cbioportal_alterations.csv,P-0001833-T01-IM3,2026-10-03,901439d00f53aaac7cba1f17b89ed2231f6c053af64bab1cd501a5a0716dfd5b
P-0002183-T01-IM3,MET,amplification,amplification,,cBioPortal,unknown,/Users/vasilvasilev/Desktop/cell/data/raw/cbioportal_alterations.csv,P-0002183-T01-IM3,2026-10-03,901439d00f53aaac7cba1f17b89ed2231f6c053af64bab1cd501a5a0716dfd5b
P-0002506-T02-IM5,MET,amplification,amplification,,cBioPortal,unknown,/Users/vasilvasilev/Desktop/cell/data/raw/cbioportal_alterations.csv,P-0002506-T02-IM5,2026-10-03,901439d00f53aaac7cba1f17b89ed2231f6c053af64bab1cd501a5a0716dfd5b
P-0003119-T01-IM5,MET,amplification,amplification,,cBioPortal,unknown,/Users/vasilvasilev/Desktop/cell/data/raw/cbioportal_alterations.csv,P-0003119-T01-IM5,2026-10-03,901439d00f53aaac7cba1f17b89ed2231f6c053af64bab1cd501a5a0716dfd5b
P-0003129-T01-IM5,MET,amplification,amplification,,cBioPortal,unknown,/Users/vasilvasilev/Desktop/cell/data/raw/cbioportal_alterations.csv,P-0003129-T01-IM5,2026-10-03,901439d00f53aaac7cba1f17b89ed2231f6c053af64bab1cd501a5a0716dfd5b
P-0003278-T01-IM5,MET,amplification,amplification,,cBioPortal,unknown,/Users/vasilvasilev/Desktop/cell/data/raw/cbioportal_alterations.csv,P-0003278-T01-IM5,2026-10-03,901439d00f53aaac7cba1f17b89ed2231f6c053af64bab1cd501a5a0716dfd5b
P-0003666-T01-IM5,MET,amplification,amplification,,cBioPortal,unknown,/Users/vasilvasilev/Desktop/cell/data/raw/cbioportal_alterations.csv,P-0003666-T01-IM5,2026-10-03,901439d00f53aaac7cba1f17b89ed2231f6c053af64bab1cd501a5a0716dfd5b
P-0004065-T01-IM5,MET,amplification,amplification,,cBioPortal,unknown,/Users/vasilvasilev/Desktop/cell/data/raw/cbioportal_alterations.csv,P-0004065-T01-IM5,2026-10-03,901439d00f53aaac7cba1f17b89ed2231f6c053af64bab1cd501a5a0716dfd5b
P-0004091-T01-IM5,MET,amplification,amplification,,cBioPortal,unknown,/Users/vasilvasilev/Desktop/cell/data/raw/cbioportal_alterations.csv,P-0004091-T01-IM5,2026-10-03,901439d00f53aaac7cba1f17b89ed2231f6c053af64bab1cd501a5a0716dfd5b
P-0004615-T01-IM5,MET,amplification,amplification,,cBioPortal,unknown,/Users/vasilvasilev/Desktop/cell/data/raw/cbioportal_alterations.csv,P-0004615-T01-IM5,2026-10-03,901439d00f53aaac7cba1f17b89ed2231f6c053af64bab1cd501a5a0716dfd5b
P-0004691-T02-IM5,MET,amplification,amplification,,cBioPortal,unknown,/Users/vasilvasilev/Desktop/cell/data/raw/cbioportal_alterations.csv,P-0004691-T02-IM5,2026-10-03,901439d00f53aaac7cba1f17b89ed2231f6c053af64bab1cd501a5a0716dfd5b
P-0004869-T01-IM5,MET,amplification,amplification,,cBioPortal,unknown,/Users/vasilvasilev/Desktop/cell/data/raw/cbioportal_alterations.csv,P-0004869-T01-IM5,2026-10-03,901439d00f53aaac7cba1f17b89ed2231f6c053af64bab1cd501a5a0716dfd5b
P-0004878-T01-IM5,MET,amplification,amplification,,cBioPortal,unknown,/Users/vasilvasilev/Desktop/cell/data/raw/cbioportal_alterations.csv,P-0004878-T01-IM5,2026-10-03,901439d00f53aaac7cba1f17b89ed2231f6c053af64bab1cd501a5a0716dfd5b
P-0005320-T01-IM5,MET,amplification,amplification,,cBioPortal,unknown,/Users/vasilvasilev/Desktop/cell/data/raw/cbioportal_alterations.csv,P-0005320-T01-IM5,2026-10-03,901439d00f53aaac7cba1f17b89ed2231f6c053af64bab1cd501a5a0716dfd5b
P-0005492-T01-IM5,MET,amplification,amplification,,cBioPortal,unknown,/Users/vasilvasilev/Desktop/cell/data/raw/cbioportal_alterations.csv,P-0005492-T01-IM5,2026-10-03,901439d00f53aaac7cba1f17b89ed2231f6c053af64bab1cd501a5a0716dfd5b
P-0006321-T01-IM5,MET,amplification,amplification,,cBioPortal,unknown,/Users/vasilvasilev/Desktop/cell/data/raw/cbioportal_alterations.csv,P-0006321-T01-IM5,2026-10-03,901439d00f53aaac7cba1f17b89ed2231f6c053af64bab1cd501a5a0716dfd5b
P-0006896-T01-IM5,MET,amplification,amplification,,cBioPortal,unknown,/Users/vasilvasilev/Desktop/cell/data/raw/cbioportal_alterations.csv,P-0006896-T01-IM5,2026-10-03,901439d00f53aaac7cba1f17b89ed2231f6c053af64bab1cd501a5a0716dfd5b
P-0007328-T01-IM5,MET,amplification,amplification,,cBioPortal,unknown,/Users/vasilvasilev/Desktop/cell/data/raw/cbioportal_alterations.csv,P-0007328-T01-IM5,2026-10-03,901439d00f53aaac7cba1f17b89ed2231f6c053af64bab1cd501a5a0716dfd5b
P-0007582-T01-IM5,MET,amplification,amplification,,cBioPortal,unknown,/Users/vasilvasilev/Desktop/cell/data/raw/cbioportal_alterations.csv,P-0007582-T01-IM5,2026-10-03,901439d00f53aaac7cba1f17b89ed2231f6c053af64bab1cd501a5a0716dfd5b
P-0007663-T01-IM5,MET,amplification,amplification,,cBioPortal,unknown,/Users/vasilvasilev/Desktop/cell/data/raw/cbioportal_alterations.csv,P-0007663-T01-IM5,2026-10-03,901439d00f53aaac7cba1f17b89ed2231f6c053af64bab1cd501a5a0716dfd5b
P-0007705-T01-IM5,MET,amplification,amplification,,cBioPortal,unknown,/Users/vasilvasilev/Desktop/cell/data/raw/cbioportal_alterations.csv,P-0007705-T01-IM5,2026-10-03,901439d00f53aaac7cba1f17b89ed2231f6c053af64bab1cd501a5a0716dfd5b
P-0007924-T01-IM5,MET,amplification,amplification,,cBioPortal,unknown,/Users/vasilvasilev/Desktop/cell/data/raw/cbioportal_alterations.csv,P-0007924-T01-IM5,2026-10-03,901439d00f53aaac7cba1f17b89ed2231f6c053af64bab1cd501a5a0716dfd5b
P-0008101-T01-IM5,MET,amplification,amplification,,cBioPortal,unknown,/Users/vasilvasilev/Desktop/cell/data/raw/cbioportal_alterations.csv,P-0008101-T01-IM5,2026-10-03,901439d00f53aaac7cba1f17b89ed2231f6c053af64bab1cd501a5a0716dfd5b
P-0008131-T01-IM5,MET,amplification,amplification,,cBioPortal,unknown,/Users/vasilvasilev/Desktop/cell/data/raw/cbioportal_alterations.csv,P-0008131-T01-IM5,2026-10-03,901439d00f53aaac7cba1f17b89ed2231f6c053af64bab1cd501a5a0716dfd5b
P-0008514-T01-IM5,MET,amplification,amplification,,cBioPortal,unknown,/Users/vasilvasilev/Desktop/cell/data/raw/cbioportal_alterations.csv,P-0008514-T01-IM5,2026-10-03,901439d00f53aaac7cba1f17b89ed2231f6c053af64bab1cd501a5a0716dfd5b
P-0009223-T01-IM5,MET,amplification,amplification,,cBioPortal,unknown,/Users/vasilvasilev/Desktop/cell/data/raw/cbioportal_alterations.csv,P-0009223-T01-IM5,2026-10-03,901439d00f53aaac7cba1f17b89ed2231f6c053af64bab1cd501a5a0716dfd5b
P-0009350-T01-IM5,MET,amplification,amplification,,cBioPortal,unknown,/Users/vasilvasilev/Desktop/cell/data/raw/cbioportal_alterations.csv,P-0009350-T01-IM5,2026-10-03,901439d00f53aaac7cba1f17b89ed2231f6c053af64bab1cd501a5a0716dfd5b
P-0009614-T01-IM5,MET,amplification,amplification,,cBioPortal,unknown,/Users/vasilvasilev/Desktop/cell/data/raw/cbioportal_alterations.csv,P-0009614-T01-IM5,2026-10-03,901439d00f53aaac7cba1f17b89ed2231f6c053af64bab1cd501a5a0716dfd5b
P-0009684-T01-IM5,MET,amplification,amplification,,cBioPortal,unknown,/Users/vasilvasilev/Desktop/cell/data/raw/cbioportal_alterations.csv,P-0009684-T01-IM5,2026-10-03,901439d00f53aaac7cba1f17b89ed2231f6c053af64bab1cd501a5a0716dfd5b
P-0009714-T01-IM5,MET,amplification,amplification,,cBioPortal,unknown,/Users/vasilvasilev/Desktop/cell/data/raw/cbioportal_alterations.csv,P-0009714-T01-IM5,2026-10-03,901439d00f53aaac7cba1f17b89ed2231f6c053af64bab1cd501a5a0716dfd5b
P-0010337-T01-IM5,MET,amplification,amplification,,cBioPortal,unknown,/Users/vasilvasilev/Desktop/cell/data/raw/cbioportal_alterations.csv,P-0010337-T01-IM5,2026-10-03,901439d00f53aaac7cba1f17b89ed2231f6c053af64bab1cd501a5a0716dfd5b
P-0010863-T01-IM5,MET,amplification,amplification,,cBioPortal,unknown,/Users/vasilvasilev/Desktop/cell/data/raw/cbioportal_alterations.csv,P-0010863-T01-IM5,2026-10-03,901439d00f53aaac7cba1f17b89ed2231f6c053af64bab1cd501a5a0716dfd5b
P-0011378-T01-IM5,MET,amplification,amplification,,cBioPortal,unknown,/Users/vasilvasilev/Desktop/cell/data/raw/cbioportal_alterations.csv,P-0011378-T01-IM5,2026-10-03,901439d00f53aaac7cba1f17b89ed2231f6c053af64bab1cd501a5a0716dfd5b
