model_id,drug,metric,value,unit,source,source_version,source_file,source_record_id,download_date,file_sha256
SIDM01132,gefitinib,IC50,8168.219878475665,nM,GDSC,unknown,data/raw/gdsc_drug_response.csv,5286,2026-10-03,b472905ea811c145b1827f382975756a66c2ac5dffbe9ad323148bfdea38cdb5
SIDM00848,gefitinib,IC50,35443.14984385292,nM,GDSC,unknown,data/raw/gdsc_drug_response.csv,5287,2026-10-03,b472905ea811c145b1827f382975756a66c2ac5dffbe9ad323148bfdea38cdb5
SIDM00263,gefitinib,IC50,11657.747728000435,nM,GDSC,unknown,data/raw/gdsc_drug_response.csv,5288,2026-10-03,b472905ea811c145b1827f382975756a66c2ac5dffbe9ad323148bfdea38cdb5
SIDM00269,gefitinib,IC50,12128.4144341814,nM,GDSC,unknown,data/raw/gdsc_drug_response.csv,5289,2026-10-03,b472905ea811c145b1827f382975756a66c2ac5dffbe9ad323148bfdea38cdb5
SIDM00203,gefitinib,IC50,59089.48560265942,nM,GDSC,unknown,data/raw/gdsc_drug_response.csv,5290,2026-10-03,b472905ea811c145b1827f382975756a66c2ac5dffbe9ad323148bfdea38cdb5
SIDM01111,gefitinib,IC50,21003.56110971452,nM,GDSC,unknown,data/raw/gdsc_drug_response.csv,5291,2026-10-03,b472905ea811c145b1827f382975756a66c2ac5dffbe9ad323148bfdea38cdb5
SIDM00909,gefitinib,IC50,115492.08506061482,nM,GDSC,unknown,data/raw/gdsc_drug_response.csv,5292,2026-10-03,b472905ea811c145b1827f382975756a66c2ac5dffbe9ad323148bfdea38cdb5
SIDM00807,gefitinib,IC50,5780.071194523288,nM,GDSC,unknown,data/raw/gdsc_drug_response.csv,5293,2026-10-03,b472905ea811c145b1827f382975756a66c2ac5dffbe9ad323148bfdea38cdb5
SIDM01085,gefitinib,IC50,9990.643450043211,nM,GDSC,unknown,data/raw/gdsc_drug_response.csv,5294,2026-10-03,b472905ea811c145b1827f382975756a66c2ac5dffbe9ad323148bfdea38cdb5
SIDM01160,gefitinib,IC50,54448.48362243029,nM,GDSC,unknown,data/raw/gdsc_drug_response.csv,5295,2026-10-03,b472905ea811c145b1827f382975756a66c2ac5dffbe9ad323148bfdea38cdb5
SIDM01190,gefitinib,IC50,23551.535028135513,nM,GDSC,unknown,data/raw/gdsc_drug_response.csv,5296,2026-10-03,b472905ea811c145b1827f382975756a66c2ac5dffbe9ad323148bfdea38cdb5
SIDM00889,gefitinib,IC50,8383.420454411815,nM,GDSC,unknown,data/raw/gdsc_drug_response.csv,5297,2026-10-03,b472905ea811c145b1827f382975756a66c2ac5dffbe9ad323148bfdea38cdb5
SIDM00905,gefitinib,IC50,11211.566851778925,nM,GDSC,unknown,data/raw/gdsc_drug_response.csv,5298,2026-10-03,b472905ea811c145b1827f382975756a66c2ac5dffbe9ad323148bfdea38cdb5
SIDM00627,gefitinib,IC50,4365.169412029796,nM,GDSC,unknown,data/raw/gdsc_drug_response.csv,5299,2026-10-03,b472905ea811c145b1827f382975756a66c2ac5dffbe9ad323148bfdea38cdb5
SIDM00982,gefitinib,IC50,46854.30999137223,nM,GDSC,unknown,data/raw/gdsc_drug_response.csv,5300,2026-10-03,b472905ea811c145b1827f382975756a66c2ac5dffbe9ad323148bfdea38cdb5
SIDM00998,gefitinib,IC50,13628.211238380156,nM,GDSC,unknown,data/raw/gdsc_drug_response.csv,5301,2026-10-03,b472905ea811c145b1827f382975756a66c2ac5dffbe9ad323148bfdea38cdb5
SIDM00799,gefitinib,IC50,21640.83415198652,nM,GDSC,unknown,data/raw/gdsc_drug_response.csv,5302,2026-10-03,b472905ea811c145b1827f382975756a66c2ac5dffbe9ad323148bfdea38cdb5
SIDM00581,gefitinib,IC50,83726.6227167197,nM,GDSC,unknown,data/raw/gdsc_drug_response.csv,5303,2026-10-03,b472905ea811c145b1827f382975756a66c2ac5dffbe9ad323148bfdea38cdb5
SIDM01171,gefitinib,IC50,27307.51666480125,nM,GDSC,unknown,data/raw/gdsc_drug_response.csv,5304,2026-10-03,b472905ea811c145b1827f382975756a66c2ac5dffbe9ad323148bfdea38cdb5
SIDM01193,gefitinib,IC50,38490.90578444798,nM,GDSC,unknown,data/raw/gdsc_drug_response.csv,5305,2026-10-03,b472905ea811c145b1827f382975756a66c2ac5dffbe9ad323148bfdea38cdb5
SIDM01189,gefitinib,IC50,30981.894950001097,nM,GDSC,unknown,data/raw/gdsc_drug_response.csv,5306,2026-10-03,b472905ea811c145b1827f382975756a66c2ac5dffbe9ad323148bfdea38cdb5
SIDM00315,gefitinib,IC50,24132.898678452297,nM,GDSC,unknown,data/raw/gdsc_drug_response.csv,5307,2026-10-03,b472905ea811c145b1827f382975756a66c2ac5dffbe9ad323148bfdea38cdb5
SIDM00924,gefitinib,IC50,43716.69212530342,nM,GDSC,unknown,data/raw/gdsc_drug_response.csv,5308,2026-10-03,b472905ea811c145b1827f382975756a66c2ac5dffbe9ad323148bfdea38cdb5
SIDM01120,gefitinib,IC50,44002.21616340578,nM,GDSC,unknown,data/raw/gdsc_drug_response.csv,5309,2026-10-03,b472905ea811c145b1827f382975756a66c2ac5dffbe9ad323148bfdea38cdb5
SIDM00922,gefitinib,IC50,19097.606250509136,nM,GDSC,unknown,data/raw/gdsc_drug_response.csv,5310,2026-10-03,b472905ea811c145b1827f382975756a66c2ac5dffbe9ad323148bfdea38cdb5
SIDM00512,gefitinib,IC50,44438.97945727599,nM,GDSC,unknown,data/raw/gdsc_drug_response.csv,5311,2026-10-03,b472905ea811c145b1827f382975756a66c2ac5dffbe9ad323148bfdea38cdb5
SIDM00548,gefitinib,IC50,70879.69477033819,nM,GDSC,unknown,data/raw/gdsc_drug_response.csv,5312,2026-10-03,b472905ea811c145b1827f382975756a66c2ac5dffbe9ad323148bfdea38cdb5
SIDM00734,gefitinib,IC50,9694.79360830262,nM,GDSC,unknown,data/raw/gdsc_drug_response.csv,5313,2026-10-03,b472905ea811c145b1827f382975756a66c2ac5dffbe9ad323148bfdea38cdb5
SIDM00747,gefitinib,IC50,4459.3008782981005,nM,GDSC,unknown,data/raw/gdsc_drug_response.csv,5314,2026-10-03,b472905ea811c145b1827f382975756a66c2ac5dffbe9ad323148bfdea38cdb5
SIDM00746,gefitinib,IC50,1327.6029195765852,nM,GDSC,unknown,data/raw/gdsc_drug_response.csv,5315,2026-10-03,b472905ea811c145b1827f382975756a66c2ac5dffbe9ad323148bfdea38cdb5
SIDM00745,gefitinib,IC50,16503.591105774594,nM,GDSC,unknown,data/raw/gdsc_drug_response.csv,5316,2026-10-03,b472905ea811c145b1827f382975756a66c2ac5dffbe9ad323148bfdea38cdb5
SIDM00742,gefitinib,IC50,16215.16637065675,nM,GDSC,unknown,data/raw/gdsc_drug_response.csv,5317,2026-10-03,b472905ea811c145b1827f382975756a66c2ac5dffbe9ad323148bfdea38cdb5
SIDM00737,gefitinib,IC50,24082.031945515988,nM,GDSC,unknown,data/raw/gdsc_drug_response.csv,5318,2026-10-03,b472905ea811c145b1827f382975756a66c2ac5dffbe9ad323148bfdea38cdb5
SIDM00769,gefitinib,IC50,21161.256793411507,nM,GDSC,unknown,data/raw/gdsc_drug_response.csv,5319,2026-10-03,b472905ea811c145b1827f382975756a66c2ac5dffbe9ad323148bfdea38cdb5
SIDM00709,gefitinib,IC50,27067.56100472131,nM,GDSC,unknown,data/raw/gdsc_drug_response.csv,5320,2026-10-03,b472905ea811c145b1827f382975756a66c2ac5dffbe9ad323148bfdea38cdb5
SIDM00716,gefitinib,IC50,2252.793496217271,nM,GDSC,unknown,data/raw/gdsc_drug_response.csv,5321,2026-10-03,b472905ea811c145b1827f382975756a66c2ac5dffbe9ad323148bfdea38cdb5
SIDM00729,gefitinib,IC50,55793.14430937645,nM,GDSC,unknown,data/raw/gdsc_drug_response.csv,5322,2026-10-03,b472905ea811c145b1827f382975756a66c2ac5dffbe9ad323148bfdea38cdb5
SIDM00727,gefitinib,IC50,57279.454545068176,nM,GDSC,unknown,data/raw/gdsc_drug_response.csv,5323,2026-10-03,b472905ea811c145b1827f382975756a66c2ac5dffbe9ad323148bfdea38cdb5
SIDM00726,gefitinib,IC50,330178.692390827,nM,GDSC,unknown,data/raw/gdsc_drug_response.csv,5324,2026-10-03,b472905ea811c145b1827f382975756a66c2ac5dffbe9ad323148bfdea38cdb5
SIDM00724,gefitinib,IC50,119937.40719624619,nM,GDSC,unknown,data/raw/gdsc_drug_response.csv,5325,2026-10-03,b472905ea811c145b1827f382975756a66c2ac5dffbe9ad323148bfdea38cdb5
SIDM01122,gefitinib,IC50,73070.73904810296,nM,GDSC,unknown,data/raw/gdsc_drug_response.csv,5326,2026-10-03,b472905ea811c145b1827f382975756a66c2ac5dffbe9ad323148bfdea38cdb5
SIDM00509,gefitinib,IC50,32884.25592763526,nM,GDSC,unknown,data/raw/gdsc_drug_response.csv,5327,2026-10-03,b472905ea811c145b1827f382975756a66c2ac5dffbe9ad323148bfdea38cdb5
SIDM00865,gefitinib,IC50,43125.609129767385,nM,GDSC,unknown,data/raw/gdsc_drug_response.csv,5328,2026-10-03,b472905ea811c145b1827f382975756a66c2ac5dffbe9ad323148bfdea38cdb5
SIDM00522,gefitinib,IC50,43704.62798320501,nM,GDSC,unknown,data/raw/gdsc_drug_response.csv,5329,2026-10-03,b472905ea811c145b1827f382975756a66c2ac5dffbe9ad323148bfdea38cdb5
SIDM00654,gefitinib,IC50,43999.972107605354,nM,GDSC,unknown,data/raw/gdsc_drug_response.csv,5330,2026-10-03,b472905ea811c145b1827f382975756a66c2ac5dffbe9ad323148bfdea38cdb5
SIDM00653,gefitinib,IC50,34091.599330668,nM,GDSC,unknown,data/raw/gdsc_drug_response.csv,5331,2026-10-03,b472905ea811c145b1827f382975756a66c2ac5dffbe9ad323148bfdea38cdb5
SIDM00741,gefitinib,IC50,24101.18477315291,nM,GDSC,unknown,data/raw/gdsc_drug_response.csv,5332,2026-10-03,b472905ea811c145b1827f382975756a66c2ac5dffbe9ad323148bfdea38cdb5
SIDM00760,gefitinib,IC50,15513.816283234291,nM,GDSC,unknown,data/raw/gdsc_drug_response.csv,5333,2026-10-03,b472905ea811c145b1827f382975756a66c2ac5dffbe9ad323148bfdea38cdb5
SIDM00735,gefitinib,IC50,9041.119452694087,nM,GDSC,unknown,data/raw/gdsc_drug_response.csv,5334,2026-10-03,b472905ea811c145b1827f382975756a66c2ac5dffbe9ad323148bfdea38cdb5
SIDM00706,gefitinib,IC50,29442.111104430373,nM,GDSC,unknown,data/raw/gdsc_drug_response.csv,5335,2026-10-03,b472905ea811c145b1827f382975756a66c2ac5dffbe9ad323148bfdea38cdb5
SIDM00699,gefitinib,IC50,78105.306540625,nM,GDSC,unknown,data/raw/gdsc_drug_response.csv,5336,2026-10-03,b472905ea811c145b1827f382975756a66c2ac5dffbe9ad323148bfdea38cdb5
SIDM00733,gefitinib,IC50,14640.92954458322,nM,GDSC,unknown,data/raw/gdsc_drug_response.csv,5337,2026-10-03,b472905ea811c145b1827f382975756a66c2ac5dffbe9ad323148bfdea38cdb5
SIDM00730,gefitinib,IC50,108018.33702710512,nM,GDSC,unknown,data/raw/gdsc_drug_response.csv,5338,2026-10-03,b472905ea811c145b1827f382975756a66c2ac5dffbe9ad323148bfdea38cdb5
SIDM00719,gefitinib,IC50,33329.80360956471,nM,GDSC,unknown,data/raw/gdsc_drug_response.csv,5339,2026-10-03,b472905ea811c145b1827f382975756a66c2ac5dffbe9ad323148bfdea38cdb5
SIDM00965,gefitinib,IC50,53798.46848817466,nM,GDSC,unknown,data/raw/gdsc_drug_response.csv,5340,2026-10-03,b472905ea811c145b1827f382975756a66c2ac5dffbe9ad323148bfdea38cdb5
SIDM01128,gefitinib,IC50,13533.985954286292,nM,GDSC,unknown,data/raw/gdsc_drug_response.csv,5341,2026-10-03,b472905ea811c145b1827f382975756a66c2ac5dffbe9ad323148bfdea38cdb5
SIDM01126,gefitinib,IC50,48218.07737417958,nM,GDSC,unknown,data/raw/gdsc_drug_response.csv,5342,2026-10-03,b472905ea811c145b1827f382975756a66c2ac5dffbe9ad323148bfdea38cdb5
SIDM01121,gefitinib,IC50,39692.33118936593,nM,GDSC,unknown,data/raw/gdsc_drug_response.csv,5343,2026-10-03,b472905ea811c145b1827f382975756a66c2ac5dffbe9ad323148bfdea38cdb5
SIDM01131,gefitinib,IC50,6213.417085969396,nM,GDSC,unknown,data/raw/gdsc_drug_response.csv,5344,2026-10-03,b472905ea811c145b1827f382975756a66c2ac5dffbe9ad323148bfdea38cdb5
SIDM00713,gefitinib,IC50,93899.58813538821,nM,GDSC,unknown,data/raw/gdsc_drug_response.csv,5345,2026-10-03,b472905ea811c145b1827f382975756a66c2ac5dffbe9ad323148bfdea38cdb5
SIDM01100,gefitinib,IC50,11516.686687884263,nM,GDSC,unknown,data/raw/gdsc_drug_response.csv,5346,2026-10-03,b472905ea811c145b1827f382975756a66c2ac5dffbe9ad323148bfdea38cdb5
SIDM01099,gefitinib,IC50,34184.523075888465,nM,GDSC,unknown,data/raw/gdsc_drug_response.csv,5347,2026-10-03,b472905ea811c145b1827f382975756a66c2ac5dffbe9ad323148bfdea38cdb5
SIDM01179,gefitinib,IC50,50418.894716987124,nM,GDSC,unknown,data/raw/gdsc_drug_response.csv,5348,2026-10-03,b472905ea811c145b1827f382975756a66c2ac5dffbe9ad323148bfdea38cdb5
SIDM00320,gefitinib,IC50,52333.149294059884,nM,GDSC,unknown,data/raw/gdsc_drug_response.csv,5349,2026-10-03,b472905ea811c145b1827f382975756a66c2ac5dffbe9ad323148bfdea38cdb5
SIDM00368,gefitinib,IC50,31736.20047021621,nM,GDSC,unknown,data/raw/gdsc_drug_response.csv,5350,2026-10-03,b472905ea811c145b1827f382975756a66c2ac5dffbe9ad323148bfdea38cdb5
SIDM00365,gefitinib,IC50,72896.96457903116,nM,GDSC,unknown,data/raw/gdsc_drug_response.csv,5351,2026-10-03,b472905ea811c145b1827f382975756a66c2ac5dffbe9ad323148bfdea38cdb5
SIDM00294,gefitinib,IC50,25131.49901011663,nM,GDSC,unknown,data/raw/gdsc_drug_response.csv,5352,2026-10-03,b472905ea811c145b1827f382975756a66c2ac5dffbe9ad323148bfdea38cdb5
SIDM01098,gefitinib,IC50,40895.907626057,nM,GDSC,unknown,data/raw/gdsc_drug_response.csv,5353,2026-10-03,b472905ea811c145b1827f382975756a66c2ac5dffbe9ad323148bfdea38cdb5
SIDM00715,gefitinib,IC50,24227.51570847241,nM,GDSC,unknown,data/raw/gdsc_drug_response.csv,5354,2026-10-03,b472905ea811c145b1827f382975756a66c2ac5dffbe9ad323148bfdea38cdb5
SIDM00702,gefitinib,IC50,4544.605840016713,nM,GDSC,unknown,data/raw/gdsc_drug_response.csv,5355,2026-10-03,b472905ea811c145b1827f382975756a66c2ac5dffbe9ad323148bfdea38cdb5
SIDM00739,gefitinib,IC50,27122.970804185483,nM,GDSC,unknown,data/raw/gdsc_drug_response.csv,5356,2026-10-03,b472905ea811c145b1827f382975756a66c2ac5dffbe9ad323148bfdea38cdb5
SIDM01124,gefitinib,IC50,12145.114619535383,nM,GDSC,unknown,data/raw/gdsc_drug_response.csv,5357,2026-10-03,b472905ea811c145b1827f382975756a66c2ac5dffbe9ad323148bfdea38cdb5
SIDM01184,gefitinib,IC50,53852.94009626948,nM,GDSC,unknown,data/raw/gdsc_drug_response.csv,5358,2026-10-03,b472905ea811c145b1827f382975756a66c2ac5dffbe9ad323148bfdea38cdb5
SIDM01148,gefitinib,IC50,5281.853089155654,nM,GDSC,unknown,data/raw/gdsc_drug_response.csv,5359,2026-10-03,b472905ea811c145b1827f382975756a66c2ac5dffbe9ad323148bfdea38cdb5
SIDM01101,gefitinib,IC50,77684.67461364357,nM,GDSC,unknown,data/raw/gdsc_drug_response.csv,5360,2026-10-03,b472905ea811c145b1827f382975756a66c2ac5dffbe9ad323148bfdea38cdb5
SIDM00649,gefitinib,IC50,31637.527655260652,nM,GDSC,unknown,data/raw/gdsc_drug_response.csv,5361,2026-10-03,b472905ea811c145b1827f382975756a66c2ac5dffbe9ad323148bfdea38cdb5
SIDM00708,gefitinib,IC50,115472.10665808106,nM,GDSC,unknown,data/raw/gdsc_drug_response.csv,5362,2026-10-03,b472905ea811c145b1827f382975756a66c2ac5dffbe9ad323148bfdea38cdb5
SIDM01182,gefitinib,IC50,52175.23724218105,nM,GDSC,unknown,data/raw/gdsc_drug_response.csv,5363,2026-10-03,b472905ea811c145b1827f382975756a66c2ac5dffbe9ad323148bfdea38cdb5
SIDM01174,gefitinib,IC50,108244.43967776805,nM,GDSC,unknown,data/raw/gdsc_drug_response.csv,5364,2026-10-03,b472905ea811c145b1827f382975756a66c2ac5dffbe9ad323148bfdea38cdb5
SIDM01119,gefitinib,IC50,14577.919194952758,nM,GDSC,unknown,data/raw/gdsc_drug_response.csv,5365,2026-10-03,b472905ea811c145b1827f382975756a66c2ac5dffbe9ad323148bfdea38cdb5
SIDM00921,gefitinib,IC50,84971.84786136981,nM,GDSC,unknown,data/raw/gdsc_drug_response.csv,5366,2026-10-03,b472905ea811c145b1827f382975756a66c2ac5dffbe9ad323148bfdea38cdb5
SIDM00547,gefitinib,IC50,4967.213406150409,nM,GDSC,unknown,data/raw/gdsc_drug_response.csv,5367,2026-10-03,b472905ea811c145b1827f382975756a66c2ac5dffbe9ad323148bfdea38cdb5
SIDM00645,gefitinib,IC50,132278.55972817494,nM,GDSC,unknown,data/raw/gdsc_drug_response.csv,5368,2026-10-03,b472905ea811c145b1827f382975756a66c2ac5dffbe9ad323148bfdea38cdb5
SIDM00771,gefitinib,IC50,21740.111272277558,nM,GDSC,unknown,data/raw/gdsc_drug_response.csv,5369,2026-10-03,b472905ea811c145b1827f382975756a66c2ac5dffbe9ad323148bfdea38cdb5
SIDM00669,gefitinib,IC50,85703.44301492002,nM,GDSC,unknown,data/raw/gdsc_drug_response.csv,5370,2026-10-03,b472905ea811c145b1827f382975756a66c2ac5dffbe9ad323148bfdea38cdb5
SIDM00505,gefitinib,IC50,48851.886697255824,nM,GDSC,unknown,data/raw/gdsc_drug_response.csv,5371,2026-10-03,b472905ea811c145b1827f382975756a66c2ac5dffbe9ad323148bfdea38cdb5
SIDM01078,gefitinib,IC50,12695.7970786084,nM,GDSC,unknown,data/raw/gdsc_drug_response.csv,5372,2026-10-03,b472905ea811c145b1827f382975756a66c2ac5dffbe9ad323148bfdea38cdb5
SIDM00756,gefitinib,IC50,35028.81470260857,nM,GDSC,unknown,data/raw/gdsc_drug_response.csv,5373,2026-10-03,b472905ea811c145b1827f382975756a66c2ac5dffbe9ad323148bfdea38cdb5
SIDM00728,gefitinib,IC50,34226.493229126,nM,GDSC,unknown,data/raw/gdsc_drug_response.csv,5374,2026-10-03,b472905ea811c145b1827f382975756a66c2ac5dffbe9ad323148bfdea38cdb5
SIDM01163,gefitinib,IC50,237724.15764066347,nM,GDSC,unknown,data/raw/gdsc_drug_response.csv,5375,2026-10-03,b472905ea811c145b1827f382975756a66c2ac5dffbe9ad323148bfdea38cdb5
SIDM00347,gefitinib,IC50,54728.57675632749,nM,GDSC,unknown,data/raw/gdsc_drug_response.csv,5376,2026-10-03,b472905ea811c145b1827f382975756a66c2ac5dffbe9ad323148bfdea38cdb5
SIDM00872,gefitinib,IC50,32292.20920334147,nM,GDSC,unknown,data/raw/gdsc_drug_response.csv,5377,2026-10-03,b472905ea811c145b1827f382975756a66c2ac5dffbe9ad323148bfdea38cdb5
SIDM00866,gefitinib,IC50,17018.244934563707,nM,GDSC,unknown,data/raw/gdsc_drug_response.csv,5378,2026-10-03,b472905ea811c145b1827f382975756a66c2ac5dffbe9ad323148bfdea38cdb5
SIDM00885,gefitinib,IC50,33890.813857145535,nM,GDSC,unknown,data/raw/gdsc_drug_response.csv,5379,2026-10-03,b472905ea811c145b1827f382975756a66c2ac5dffbe9ad323148bfdea38cdb5
SIDM00884,gefitinib,IC50,47649.25523154535,nM,GDSC,unknown,data/raw/gdsc_drug_response.csv,5380,2026-10-03,b472905ea811c145b1827f382975756a66c2ac5dffbe9ad323148bfdea38cdb5
SIDM00877,gefitinib,IC50,80806.70946396892,nM,GDSC,unknown,data/raw/gdsc_drug_response.csv,5381,2026-10-03,b472905ea811c145b1827f382975756a66c2ac5dffbe9ad323148bfdea38cdb5
SIDM00874,gefitinib,IC50,17847.13515809368,nM,GDSC,unknown,data/raw/gdsc_drug_response.csv,5382,2026-10-03,b472905ea811c145b1827f382975756a66c2ac5dffbe9ad323148bfdea38cdb5
SIDM00774,gefitinib,IC50,2230.101276697078,nM,GDSC,unknown,data/raw/gdsc_drug_response.csv,5383,2026-10-03,b472905ea811c145b1827f382975756a66c2ac5dffbe9ad323148bfdea38cdb5
SIDM00772,gefitinib,IC50,26790.91935329527,nM,GDSC,unknown,data/raw/gdsc_drug_response.csv,5384,2026-10-03,b472905ea811c145b1827f382975756a66c2ac5dffbe9ad323148bfdea38cdb5
SIDM00675,gefitinib,IC50,100739.90527245909,nM,GDSC,unknown,data/raw/gdsc_drug_response.csv,5385,2026-10-03,b472905ea811c145b1827f382975756a66c2ac5dffbe9ad323148bfdea38cdb5
SIDM00172,gefitinib,IC50,1341.0340560667519,nM,GDSC,unknown,data/raw/gdsc_drug_response.csv,5386,2026-10-03,b472905ea811c145b1827f382975756a66c2ac5dffbe9ad323148bfdea38cdb5
SIDM00174,gefitinib,IC50,10978.754542467643,nM,GDSC,unknown,data/raw/gdsc_drug_response.csv,5387,2026-10-03,b472905ea811c145b1827f382975756a66c2ac5dffbe9ad323148bfdea38cdb5
SIDM00191,gefitinib,IC50,49079.82233844131,nM,GDSC,unknown,data/raw/gdsc_drug_response.csv,5388,2026-10-03,b472905ea811c145b1827f382975756a66c2ac5dffbe9ad323148bfdea38cdb5
SIDM00990,gefitinib,IC50,79117.88852785507,nM,GDSC,unknown,data/raw/gdsc_drug_response.csv,5389,2026-10-03,b472905ea811c145b1827f382975756a66c2ac5dffbe9ad323148bfdea38cdb5
SIDM00986,gefitinib,IC50,3262.5659924006745,nM,GDSC,unknown,data/raw/gdsc_drug_response.csv,5390,2026-10-03,b472905ea811c145b1827f382975756a66c2ac5dffbe9ad323148bfdea38cdb5
SIDM00489,gefitinib,IC50,944.2276379598991,nM,GDSC,unknown,data/raw/gdsc_drug_response.csv,5391,2026-10-03,b472905ea811c145b1827f382975756a66c2ac5dffbe9ad323148bfdea38cdb5
SIDM00961,gefitinib,IC50,27847.745177787405,nM,GDSC,unknown,data/raw/gdsc_drug_response.csv,5392,2026-10-03,b472905ea811c145b1827f382975756a66c2ac5dffbe9ad323148bfdea38cdb5
SIDM00939,gefitinib,IC50,17642.59237826227,nM,GDSC,unknown,data/raw/gdsc_drug_response.csv,5393,2026-10-03,b472905ea811c145b1827f382975756a66c2ac5dffbe9ad323148bfdea38cdb5
SIDM00942,gefitinib,IC50,3934.0325737851995,nM,GDSC,unknown,data/raw/gdsc_drug_response.csv,5394,2026-10-03,b472905ea811c145b1827f382975756a66c2ac5dffbe9ad323148bfdea38cdb5
SIDM00175,gefitinib,IC50,36086.97511152478,nM,GDSC,unknown,data/raw/gdsc_drug_response.csv,5395,2026-10-03,b472905ea811c145b1827f382975756a66c2ac5dffbe9ad323148bfdea38cdb5
SIDM00190,gefitinib,IC50,103241.20018741954,nM,GDSC,unknown,data/raw/gdsc_drug_response.csv,5396,2026-10-03,b472905ea811c145b1827f382975756a66c2ac5dffbe9ad323148bfdea38cdb5
SIDM00953,gefitinib,IC50,36232.48166220977,nM,GDSC,unknown,data/raw/gdsc_drug_response.csv,5397,2026-10-03,b472905ea811c145b1827f382975756a66c2ac5dffbe9ad323148bfdea38cdb5
SIDM00951,gefitinib,IC50,7865.853111611847,nM,GDSC,unknown,data/raw/gdsc_drug_response.csv,5398,2026-10-03,b472905ea811c145b1827f382975756a66c2ac5dffbe9ad323148bfdea38cdb5
SIDM00207,gefitinib,IC50,32535.79929888923,nM,GDSC,unknown,data/raw/gdsc_drug_response.csv,5399,2026-10-03,b472905ea811c145b1827f382975756a66c2ac5dffbe9ad323148bfdea38cdb5
SIDM00524,gefitinib,IC50,15761.543224939047,nM,GDSC,unknown,data/raw/gdsc_drug_response.csv,5400,2026-10-03,b472905ea811c145b1827f382975756a66c2ac5dffbe9ad323148bfdea38cdb5
SIDM00970,gefitinib,IC50,2176.922103430168,nM,GDSC,unknown,data/raw/gdsc_drug_response.csv,5401,2026-10-03,b472905ea811c145b1827f382975756a66c2ac5dffbe9ad323148bfdea38cdb5
SIDM00486,gefitinib,IC50,61689.26939598912,nM,GDSC,unknown,data/raw/gdsc_drug_response.csv,5402,2026-10-03,b472905ea811c145b1827f382975756a66c2ac5dffbe9ad323148bfdea38cdb5
SIDM00278,gefitinib,IC50,1498.5035847540785,nM,GDSC,unknown,data/raw/gdsc_drug_response.csv,5403,2026-10-03,b472905ea811c145b1827f382975756a66c2ac5dffbe9ad323148bfdea38cdb5
SIDM01044,gefitinib,IC50,4182.1480412113,nM,GDSC,unknown,data/raw/gdsc_drug_response.csv,5404,2026-10-03,b472905ea811c145b1827f382975756a66c2ac5dffbe9ad323148bfdea38cdb5
SIDM00188,gefitinib,IC50,10667.278800159824,nM,GDSC,unknown,data/raw/gdsc_drug_response.csv,5405,2026-10-03,b472905ea811c145b1827f382975756a66c2ac5dffbe9ad323148bfdea38cdb5
SIDM00052,gefitinib,IC50,14293.401539932918,nM,GDSC,unknown,data/raw/gdsc_drug_response.csv,5406,2026-10-03,b472905ea811c145b1827f382975756a66c2ac5dffbe9ad323148bfdea38cdb5
SIDM00591,gefitinib,IC50,1534.1492609434783,nM,GDSC,unknown,data/raw/gdsc_drug_response.csv,5407,2026-10-03,b472905ea811c145b1827f382975756a66c2ac5dffbe9ad323148bfdea38cdb5
SIDM00590,gefitinib,IC50,3778.628072619436,nM,GDSC,unknown,data/raw/gdsc_drug_response.csv,5408,2026-10-03,b472905ea811c145b1827f382975756a66c2ac5dffbe9ad323148bfdea38cdb5
SIDM00632,gefitinib,IC50,17894.117007004555,nM,GDSC,unknown,data/raw/gdsc_drug_response.csv,5409,2026-10-03,b472905ea811c145b1827f382975756a66c2ac5dffbe9ad323148bfdea38cdb5
SIDM00223,gefitinib,IC50,10256.71896897071,nM,GDSC,unknown,data/raw/gdsc_drug_response.csv,5410,2026-10-03,b472905ea811c145b1827f382975756a66c2ac5dffbe9ad323148bfdea38cdb5
SIDM00230,gefitinib,IC50,57401.30280389968,nM,GDSC,unknown,data/raw/gdsc_drug_response.csv,5411,2026-10-03,b472905ea811c145b1827f382975756a66c2ac5dffbe9ad323148bfdea38cdb5
SIDM00693,gefitinib,IC50,78698.02029308201,nM,GDSC,unknown,data/raw/gdsc_drug_response.csv,5412,2026-10-03,b472905ea811c145b1827f382975756a66c2ac5dffbe9ad323148bfdea38cdb5
SIDM00606,gefitinib,IC50,24528.458135087127,nM,GDSC,unknown,data/raw/gdsc_drug_response.csv,5413,2026-10-03,b472905ea811c145b1827f382975756a66c2ac5dffbe9ad323148bfdea38cdb5
SIDM00603,gefitinib,IC50,4776.604794082609,nM,GDSC,unknown,data/raw/gdsc_drug_response.csv,5414,2026-10-03,b472905ea811c145b1827f382975756a66c2ac5dffbe9ad323148bfdea38cdb5
SIDM00301,gefitinib,IC50,35418.77334323809,nM,GDSC,unknown,data/raw/gdsc_drug_response.csv,5415,2026-10-03,b472905ea811c145b1827f382975756a66c2ac5dffbe9ad323148bfdea38cdb5
SIDM01032,gefitinib,IC50,1969.6187576772363,nM,GDSC,unknown,data/raw/gdsc_drug_response.csv,5416,2026-10-03,b472905ea811c145b1827f382975756a66c2ac5dffbe9ad323148bfdea38cdb5
SIDM01028,gefitinib,IC50,19908.683632623062,nM,GDSC,unknown,data/raw/gdsc_drug_response.csv,5417,2026-10-03,b472905ea811c145b1827f382975756a66c2ac5dffbe9ad323148bfdea38cdb5
SIDM01025,gefitinib,IC50,2657.186881943641,nM,GDSC,unknown,data/raw/gdsc_drug_response.csv,5418,2026-10-03,b472905ea811c145b1827f382975756a66c2ac5dffbe9ad323148bfdea38cdb5
SIDM01024,gefitinib,IC50,69463.4698000978,nM,GDSC,unknown,data/raw/gdsc_drug_response.csv,5419,2026-10-03,b472905ea811c145b1827f382975756a66c2ac5dffbe9ad323148bfdea38cdb5
SIDM00187,gefitinib,IC50,12974.462469185692,nM,GDSC,unknown,data/raw/gdsc_drug_response.csv,5420,2026-10-03,b472905ea811c145b1827f382975756a66c2ac5dffbe9ad323148bfdea38cdb5
SIDM00186,gefitinib,IC50,8324.774929453826,nM,GDSC,unknown,data/raw/gdsc_drug_response.csv,5421,2026-10-03,b472905ea811c145b1827f382975756a66c2ac5dffbe9ad323148bfdea38cdb5
SIDM00185,gefitinib,IC50,10738.946574938673,nM,GDSC,unknown,data/raw/gdsc_drug_response.csv,5422,2026-10-03,b472905ea811c145b1827f382975756a66c2ac5dffbe9ad323148bfdea38cdb5
SIDM00184,gefitinib,IC50,50242.78728399998,nM,GDSC,unknown,data/raw/gdsc_drug_response.csv,5423,2026-10-03,b472905ea811c145b1827f382975756a66c2ac5dffbe9ad323148bfdea38cdb5
SIDM00183,gefitinib,IC50,20500.61734333581,nM,GDSC,unknown,data/raw/gdsc_drug_response.csv,5424,2026-10-03,b472905ea811c145b1827f382975756a66c2ac5dffbe9ad323148bfdea38cdb5
SIDM00182,gefitinib,IC50,81162.47420375298,nM,GDSC,unknown,data/raw/gdsc_drug_response.csv,5425,2026-10-03,b472905ea811c145b1827f382975756a66c2ac5dffbe9ad323148bfdea38cdb5
SIDM00181,gefitinib,IC50,45598.78174294633,nM,GDSC,unknown,data/raw/gdsc_drug_response.csv,5426,2026-10-03,b472905ea811c145b1827f382975756a66c2ac5dffbe9ad323148bfdea38cdb5
SIDM00180,gefitinib,IC50,5967.463722300185,nM,GDSC,unknown,data/raw/gdsc_drug_response.csv,5427,2026-10-03,b472905ea811c145b1827f382975756a66c2ac5dffbe9ad323148bfdea38cdb5
SIDM00345,gefitinib,IC50,88058.2035654748,nM,GDSC,unknown,data/raw/gdsc_drug_response.csv,5428,2026-10-03,b472905ea811c145b1827f382975756a66c2ac5dffbe9ad323148bfdea38cdb5
SIDM00296,gefitinib,IC50,34399.36139127796,nM,GDSC,unknown,data/raw/gdsc_drug_response.csv,5429,2026-10-03,b472905ea811c145b1827f382975756a66c2ac5dffbe9ad323148bfdea38cdb5
SIDM00292,gefitinib,IC50,221664.06165802357,nM,GDSC,unknown,data/raw/gdsc_drug_response.csv,5430,2026-10-03,b472905ea811c145b1827f382975756a66c2ac5dffbe9ad323148bfdea38cdb5
SIDM00339,gefitinib,IC50,44723.49595060861,nM,GDSC,unknown,data/raw/gdsc_drug_response.csv,5431,2026-10-03,b472905ea811c145b1827f382975756a66c2ac5dffbe9ad323148bfdea38cdb5
SIDM00245,gefitinib,IC50,29380.112503705815,nM,GDSC,unknown,data/raw/gdsc_drug_response.csv,5432,2026-10-03,b472905ea811c145b1827f382975756a66c2ac5dffbe9ad323148bfdea38cdb5
SIDM00053,gefitinib,IC50,122219.05897479414,nM,GDSC,unknown,data/raw/gdsc_drug_response.csv,5433,2026-10-03,b472905ea811c145b1827f382975756a66c2ac5dffbe9ad323148bfdea38cdb5
SIDM00516,gefitinib,IC50,41651.73398336853,nM,GDSC,unknown,data/raw/gdsc_drug_response.csv,5434,2026-10-03,b472905ea811c145b1827f382975756a66c2ac5dffbe9ad323148bfdea38cdb5
SIDM00751,gefitinib,IC50,18105.90267954743,nM,GDSC,unknown,data/raw/gdsc_drug_response.csv,5435,2026-10-03,b472905ea811c145b1827f382975756a66c2ac5dffbe9ad323148bfdea38cdb5
SIDM00493,gefitinib,IC50,4859.55077250887,nM,GDSC,unknown,data/raw/gdsc_drug_response.csv,5436,2026-10-03,b472905ea811c145b1827f382975756a66c2ac5dffbe9ad323148bfdea38cdb5
SIDM00927,gefitinib,IC50,12323.832632165479,nM,GDSC,unknown,data/raw/gdsc_drug_response.csv,5437,2026-10-03,b472905ea811c145b1827f382975756a66c2ac5dffbe9ad323148bfdea38cdb5
SIDM01133,gefitinib,IC50,31555.09292846945,nM,GDSC,unknown,data/raw/gdsc_drug_response.csv,5438,2026-10-03,b472905ea811c145b1827f382975756a66c2ac5dffbe9ad323148bfdea38cdb5
SIDM00237,gefitinib,IC50,247.32846696996984,nM,GDSC,unknown,data/raw/gdsc_drug_response.csv,5439,2026-10-03,b472905ea811c145b1827f382975756a66c2ac5dffbe9ad323148bfdea38cdb5
SIDM00367,gefitinib,IC50,30052.89512696905,nM,GDSC,unknown,data/raw/gdsc_drug_response.csv,5440,2026-10-03,b472905ea811c145b1827f382975756a66c2ac5dffbe9ad323148bfdea38cdb5
SIDM00391,gefitinib,IC50,65474.58159030445,nM,GDSC,unknown,data/raw/gdsc_drug_response.csv,5441,2026-10-03,b472905ea811c145b1827f382975756a66c2ac5dffbe9ad323148bfdea38cdb5
SIDM00417,gefitinib,IC50,57303.80348703349,nM,GDSC,unknown,data/raw/gdsc_drug_response.csv,5442,2026-10-03,b472905ea811c145b1827f382975756a66c2ac5dffbe9ad323148bfdea38cdb5
SIDM01229,gefitinib,IC50,47078.19769947947,nM,GDSC,unknown,data/raw/gdsc_drug_response.csv,5443,2026-10-03,b472905ea811c145b1827f382975756a66c2ac5dffbe9ad323148bfdea38cdb5
SIDM01009,gefitinib,IC50,13129.859663177906,nM,GDSC,unknown,data/raw/gdsc_drug_response.csv,5444,2026-10-03,b472905ea811c145b1827f382975756a66c2ac5dffbe9ad323148bfdea38cdb5
SIDM00395,gefitinib,IC50,31058.67011007162,nM,GDSC,unknown,data/raw/gdsc_drug_response.csv,5445,2026-10-03,b472905ea811c145b1827f382975756a66c2ac5dffbe9ad323148bfdea38cdb5
SIDM00369,gefitinib,IC50,4931.804769154214,nM,GDSC,unknown,data/raw/gdsc_drug_response.csv,5446,2026-10-03,b472905ea811c145b1827f382975756a66c2ac5dffbe9ad323148bfdea38cdb5
SIDM00349,gefitinib,IC50,12669.695995447491,nM,GDSC,unknown,data/raw/gdsc_drug_response.csv,5447,2026-10-03,b472905ea811c145b1827f382975756a66c2ac5dffbe9ad323148bfdea38cdb5
SIDM00326,gefitinib,IC50,14043.111628446657,nM,GDSC,unknown,data/raw/gdsc_drug_response.csv,5448,2026-10-03,b472905ea811c145b1827f382975756a66c2ac5dffbe9ad323148bfdea38cdb5
SIDM00934,gefitinib,IC50,23736.69113144626,nM,GDSC,unknown,data/raw/gdsc_drug_response.csv,5449,2026-10-03,b472905ea811c145b1827f382975756a66c2ac5dffbe9ad323148bfdea38cdb5
SIDM00105,gefitinib,IC50,17955.060550142774,nM,GDSC,unknown,data/raw/gdsc_drug_response.csv,5450,2026-10-03,b472905ea811c145b1827f382975756a66c2ac5dffbe9ad323148bfdea38cdb5
SIDM00088,gefitinib,IC50,139677.75227477358,nM,GDSC,unknown,data/raw/gdsc_drug_response.csv,5451,2026-10-03,b472905ea811c145b1827f382975756a66c2ac5dffbe9ad323148bfdea38cdb5
SIDM00120,gefitinib,IC50,63684.48695304943,nM,GDSC,unknown,data/raw/gdsc_drug_response.csv,5452,2026-10-03,b472905ea811c145b1827f382975756a66c2ac5dffbe9ad323148bfdea38cdb5
SIDM00783,gefitinib,IC50,18059.123244604085,nM,GDSC,unknown,data/raw/gdsc_drug_response.csv,5453,2026-10-03,b472905ea811c145b1827f382975756a66c2ac5dffbe9ad323148bfdea38cdb5
SIDM00789,gefitinib,IC50,34724.969141975555,nM,GDSC,unknown,data/raw/gdsc_drug_response.csv,5454,2026-10-03,b472905ea811c145b1827f382975756a66c2ac5dffbe9ad323148bfdea38cdb5
SIDM00829,gefitinib,IC50,26015.226468265657,nM,GDSC,unknown,data/raw/gdsc_drug_response.csv,5455,2026-10-03,b472905ea811c145b1827f382975756a66c2ac5dffbe9ad323148bfdea38cdb5
SIDM00136,gefitinib,IC50,144939.87481811031,nM,GDSC,unknown,data/raw/gdsc_drug_response.csv,5456,2026-10-03,b472905ea811c145b1827f382975756a66c2ac5dffbe9ad323148bfdea38cdb5
SIDM00791,gefitinib,IC50,21281.26269746616,nM,GDSC,unknown,data/raw/gdsc_drug_response.csv,5457,2026-10-03,b472905ea811c145b1827f382975756a66c2ac5dffbe9ad323148bfdea38cdb5
SIDM00139,gefitinib,IC50,125519.60983112833,nM,GDSC,unknown,data/raw/gdsc_drug_response.csv,5458,2026-10-03,b472905ea811c145b1827f382975756a66c2ac5dffbe9ad323148bfdea38cdb5
SIDM00138,gefitinib,IC50,29120.92535137672,nM,GDSC,unknown,data/raw/gdsc_drug_response.csv,5459,2026-10-03,b472905ea811c145b1827f382975756a66c2ac5dffbe9ad323148bfdea38cdb5
SIDM00144,gefitinib,IC50,38362.6757027295,nM,GDSC,unknown,data/raw/gdsc_drug_response.csv,5460,2026-10-03,b472905ea811c145b1827f382975756a66c2ac5dffbe9ad323148bfdea38cdb5
SIDM00116,gefitinib,IC50,12424.582875116936,nM,GDSC,unknown,data/raw/gdsc_drug_response.csv,5461,2026-10-03,b472905ea811c145b1827f382975756a66c2ac5dffbe9ad323148bfdea38cdb5
SIDM00097,gefitinib,IC50,59881.88268365654,nM,GDSC,unknown,data/raw/gdsc_drug_response.csv,5462,2026-10-03,b472905ea811c145b1827f382975756a66c2ac5dffbe9ad323148bfdea38cdb5
SIDM00148,gefitinib,IC50,98305.30567402803,nM,GDSC,unknown,data/raw/gdsc_drug_response.csv,5463,2026-10-03,b472905ea811c145b1827f382975756a66c2ac5dffbe9ad323148bfdea38cdb5
SIDM00125,gefitinib,IC50,52700.02869266422,nM,GDSC,unknown,data/raw/gdsc_drug_response.csv,5464,2026-10-03,b472905ea811c145b1827f382975756a66c2ac5dffbe9ad323148bfdea38cdb5
SIDM00124,gefitinib,IC50,37206.445038666454,nM,GDSC,unknown,data/raw/gdsc_drug_response.csv,5465,2026-10-03,b472905ea811c145b1827f382975756a66c2ac5dffbe9ad323148bfdea38cdb5
SIDM00903,gefitinib,IC50,13606.60041986503,nM,GDSC,unknown,data/raw/gdsc_drug_response.csv,5466,2026-10-03,b472905ea811c145b1827f382975756a66c2ac5dffbe9ad323148bfdea38cdb5
SIDM00123,gefitinib,IC50,2096.7216377011887,nM,GDSC,unknown,data/raw/gdsc_drug_response.csv,5467,2026-10-03,b472905ea811c145b1827f382975756a66c2ac5dffbe9ad323148bfdea38cdb5
SIDM00122,gefitinib,IC50,94654.17627205563,nM,GDSC,unknown,data/raw/gdsc_drug_response.csv,5468,2026-10-03,b472905ea811c145b1827f382975756a66c2ac5dffbe9ad323148bfdea38cdb5
SIDM00121,gefitinib,IC50,14007.851586256644,nM,GDSC,unknown,data/raw/gdsc_drug_response.csv,5469,2026-10-03,b472905ea811c145b1827f382975756a66c2ac5dffbe9ad323148bfdea38cdb5
SIDM00081,gefitinib,IC50,44940.52729502561,nM,GDSC,unknown,data/raw/gdsc_drug_response.csv,5470,2026-10-03,b472905ea811c145b1827f382975756a66c2ac5dffbe9ad323148bfdea38cdb5
SIDM00082,gefitinib,IC50,27368.699324956946,nM,GDSC,unknown,data/raw/gdsc_drug_response.csv,5471,2026-10-03,b472905ea811c145b1827f382975756a66c2ac5dffbe9ad323148bfdea38cdb5
SIDM00080,gefitinib,IC50,35514.746336802185,nM,GDSC,unknown,data/raw/gdsc_drug_response.csv,5472,2026-10-03,b472905ea811c145b1827f382975756a66c2ac5dffbe9ad323148bfdea38cdb5
SIDM00135,gefitinib,IC50,63181.02381656975,nM,GDSC,unknown,data/raw/gdsc_drug_response.csv,5473,2026-10-03,b472905ea811c145b1827f382975756a66c2ac5dffbe9ad323148bfdea38cdb5
SIDM00145,gefitinib,IC50,18905.180782896925,nM,GDSC,unknown,data/raw/gdsc_drug_response.csv,5474,2026-10-03,b472905ea811c145b1827f382975756a66c2ac5dffbe9ad323148bfdea38cdb5
SIDM00079,gefitinib,IC50,19579.615509310854,nM,GDSC,unknown,data/raw/gdsc_drug_response.csv,5475,2026-10-03,b472905ea811c145b1827f382975756a66c2ac5dffbe9ad323148bfdea38cdb5
SIDM00146,gefitinib,IC50,46174.74483371614,nM,GDSC,unknown,data/raw/gdsc_drug_response.csv,5476,2026-10-03,b472905ea811c145b1827f382975756a66c2ac5dffbe9ad323148bfdea38cdb5
SIDM00826,gefitinib,IC50,41163.13194379744,nM,GDSC,unknown,data/raw/gdsc_drug_response.csv,5477,2026-10-03,b472905ea811c145b1827f382975756a66c2ac5dffbe9ad323148bfdea38cdb5
SIDM00841,gefitinib,IC50,210971.91070640413,nM,GDSC,unknown,data/raw/gdsc_drug_response.csv,5478,2026-10-03,b472905ea811c145b1827f382975756a66c2ac5dffbe9ad323148bfdea38cdb5
SIDM00941,gefitinib,IC50,11133.404460925269,nM,GDSC,unknown,data/raw/gdsc_drug_response.csv,5479,2026-10-03,b472905ea811c145b1827f382975756a66c2ac5dffbe9ad323148bfdea38cdb5
SIDM00087,gefitinib,IC50,21515.809704494535,nM,GDSC,unknown,data/raw/gdsc_drug_response.csv,5480,2026-10-03,b472905ea811c145b1827f382975756a66c2ac5dffbe9ad323148bfdea38cdb5
SIDM00096,gefitinib,IC50,12839.097402044199,nM,GDSC,unknown,data/raw/gdsc_drug_response.csv,5481,2026-10-03,b472905ea811c145b1827f382975756a66c2ac5dffbe9ad323148bfdea38cdb5
SIDM00117,gefitinib,IC50,426.7926418413063,nM,GDSC,unknown,data/raw/gdsc_drug_response.csv,5482,2026-10-03,b472905ea811c145b1827f382975756a66c2ac5dffbe9ad323148bfdea38cdb5
SIDM00151,gefitinib,IC50,2075.545477793751,nM,GDSC,unknown,data/raw/gdsc_drug_response.csv,5483,2026-10-03,b472905ea811c145b1827f382975756a66c2ac5dffbe9ad323148bfdea38cdb5
SIDM00091,gefitinib,IC50,47828.41887671608,nM,GDSC,unknown,data/raw/gdsc_drug_response.csv,5484,2026-10-03,b472905ea811c145b1827f382975756a66c2ac5dffbe9ad323148bfdea38cdb5
SIDM00119,gefitinib,IC50,15547.704388842078,nM,GDSC,unknown,data/raw/gdsc_drug_response.csv,5485,2026-10-03,b472905ea811c145b1827f382975756a66c2ac5dffbe9ad323148bfdea38cdb5
SIDM00118,gefitinib,IC50,36272.214231582286,nM,GDSC,unknown,data/raw/gdsc_drug_response.csv,5486,2026-10-03,b472905ea811c145b1827f382975756a66c2ac5dffbe9ad323148bfdea38cdb5
SIDM00133,gefitinib,IC50,117549.32115234665,nM,GDSC,unknown,data/raw/gdsc_drug_response.csv,5487,2026-10-03,b472905ea811c145b1827f382975756a66c2ac5dffbe9ad323148bfdea38cdb5
SIDM00134,gefitinib,IC50,79409.73755775926,nM,GDSC,unknown,data/raw/gdsc_drug_response.csv,5488,2026-10-03,b472905ea811c145b1827f382975756a66c2ac5dffbe9ad323148bfdea38cdb5
SIDM00149,gefitinib,IC50,43955.95017218015,nM,GDSC,unknown,data/raw/gdsc_drug_response.csv,5489,2026-10-03,b472905ea811c145b1827f382975756a66c2ac5dffbe9ad323148bfdea38cdb5
SIDM00003,gefitinib,IC50,37729.41390762943,nM,GDSC,unknown,data/raw/gdsc_drug_response.csv,5490,2026-10-03,b472905ea811c145b1827f382975756a66c2ac5dffbe9ad323148bfdea38cdb5
SIDM00107,gefitinib,IC50,56167.59560786658,nM,GDSC,unknown,data/raw/gdsc_drug_response.csv,5491,2026-10-03,b472905ea811c145b1827f382975756a66c2ac5dffbe9ad323148bfdea38cdb5
SIDM00108,gefitinib,IC50,70037.44306714147,nM,GDSC,unknown,data/raw/gdsc_drug_response.csv,5492,2026-10-03,b472905ea811c145b1827f382975756a66c2ac5dffbe9ad323148bfdea38cdb5
SIDM00086,gefitinib,IC50,41644.98694898777,nM,GDSC,unknown,data/raw/gdsc_drug_response.csv,5493,2026-10-03,b472905ea811c145b1827f382975756a66c2ac5dffbe9ad323148bfdea38cdb5
SIDM00094,gefitinib,IC50,53690.334788556655,nM,GDSC,unknown,data/raw/gdsc_drug_response.csv,5494,2026-10-03,b472905ea811c145b1827f382975756a66c2ac5dffbe9ad323148bfdea38cdb5
SIDM00113,gefitinib,IC50,91509.33601250286,nM,GDSC,unknown,data/raw/gdsc_drug_response.csv,5495,2026-10-03,b472905ea811c145b1827f382975756a66c2ac5dffbe9ad323148bfdea38cdb5
SIDM00112,gefitinib,IC50,3487.8970844273176,nM,GDSC,unknown,data/raw/gdsc_drug_response.csv,5496,2026-10-03,b472905ea811c145b1827f382975756a66c2ac5dffbe9ad323148bfdea38cdb5
SIDM00095,gefitinib,IC50,43139.02327999898,nM,GDSC,unknown,data/raw/gdsc_drug_response.csv,5497,2026-10-03,b472905ea811c145b1827f382975756a66c2ac5dffbe9ad323148bfdea38cdb5
SIDM00111,gefitinib,IC50,61684.88961334612,nM,GDSC,unknown,data/raw/gdsc_drug_response.csv,5498,2026-10-03,b472905ea811c145b1827f382975756a66c2ac5dffbe9ad323148bfdea38cdb5
SIDM00083,gefitinib,IC50,23677.257777617207,nM,GDSC,unknown,data/raw/gdsc_drug_response.csv,5499,2026-10-03,b472905ea811c145b1827f382975756a66c2ac5dffbe9ad323148bfdea38cdb5
SIDM00084,gefitinib,IC50,36716.56442630444,nM,GDSC,unknown,data/raw/gdsc_drug_response.csv,5500,2026-10-03,b472905ea811c145b1827f382975756a66c2ac5dffbe9ad323148bfdea38cdb5
SIDM00085,gefitinib,IC50,29305.31796307341,nM,GDSC,unknown,data/raw/gdsc_drug_response.csv,5501,2026-10-03,b472905ea811c145b1827f382975756a66c2ac5dffbe9ad323148bfdea38cdb5
SIDM00150,gefitinib,IC50,21539.49011700858,nM,GDSC,unknown,data/raw/gdsc_drug_response.csv,5502,2026-10-03,b472905ea811c145b1827f382975756a66c2ac5dffbe9ad323148bfdea38cdb5
SIDM00092,gefitinib,IC50,51526.28160877845,nM,GDSC,unknown,data/raw/gdsc_drug_response.csv,5503,2026-10-03,b472905ea811c145b1827f382975756a66c2ac5dffbe9ad323148bfdea38cdb5
SIDM00090,gefitinib,IC50,11757.096315083461,nM,GDSC,unknown,data/raw/gdsc_drug_response.csv,5504,2026-10-03,b472905ea811c145b1827f382975756a66c2ac5dffbe9ad323148bfdea38cdb5
SIDM00132,gefitinib,IC50,33952.075970008234,nM,GDSC,unknown,data/raw/gdsc_drug_response.csv,5505,2026-10-03,b472905ea811c145b1827f382975756a66c2ac5dffbe9ad323148bfdea38cdb5
SIDM00984,gefitinib,IC50,21206.653992444866,nM,GDSC,unknown,data/raw/gdsc_drug_response.csv,5506,2026-10-03,b472905ea811c145b1827f382975756a66c2ac5dffbe9ad323148bfdea38cdb5
SIDM00987,gefitinib,IC50,49104.41749000387,nM,GDSC,unknown,data/raw/gdsc_drug_response.csv,5507,2026-10-03,b472905ea811c145b1827f382975756a66c2ac5dffbe9ad323148bfdea38cdb5
SIDM00490,gefitinib,IC50,55743.06455496177,nM,GDSC,unknown,data/raw/gdsc_drug_response.csv,5508,2026-10-03,b472905ea811c145b1827f382975756a66c2ac5dffbe9ad323148bfdea38cdb5
SIDM01245,gefitinib,IC50,21703.18447978151,nM,GDSC,unknown,data/raw/gdsc_drug_response.csv,5509,2026-10-03,b472905ea811c145b1827f382975756a66c2ac5dffbe9ad323148bfdea38cdb5
SIDM00900,gefitinib,IC50,17584.64362730337,nM,GDSC,unknown,data/raw/gdsc_drug_response.csv,5510,2026-10-03,b472905ea811c145b1827f382975756a66c2ac5dffbe9ad323148bfdea38cdb5
SIDM00850,gefitinib,IC50,14839.966791986917,nM,GDSC,unknown,data/raw/gdsc_drug_response.csv,5511,2026-10-03,b472905ea811c145b1827f382975756a66c2ac5dffbe9ad323148bfdea38cdb5
SIDM00494,gefitinib,IC50,26168.175581691237,nM,GDSC,unknown,data/raw/gdsc_drug_response.csv,5512,2026-10-03,b472905ea811c145b1827f382975756a66c2ac5dffbe9ad323148bfdea38cdb5
SIDM00797,gefitinib,IC50,33617.27258793282,nM,GDSC,unknown,data/raw/gdsc_drug_response.csv,5513,2026-10-03,b472905ea811c145b1827f382975756a66c2ac5dffbe9ad323148bfdea38cdb5
SIDM00795,gefitinib,IC50,72361.10997277263,nM,GDSC,unknown,data/raw/gdsc_drug_response.csv,5514,2026-10-03,b472905ea811c145b1827f382975756a66c2ac5dffbe9ad323148bfdea38cdb5
SIDM00796,gefitinib,IC50,8299.066179674106,nM,GDSC,unknown,data/raw/gdsc_drug_response.csv,5515,2026-10-03,b472905ea811c145b1827f382975756a66c2ac5dffbe9ad323148bfdea38cdb5
SIDM00997,gefitinib,IC50,73922.55565569061,nM,GDSC,unknown,data/raw/gdsc_drug_response.csv,5516,2026-10-03,b472905ea811c145b1827f382975756a66c2ac5dffbe9ad323148bfdea38cdb5
SIDM00983,gefitinib,IC50,28675.669195840896,nM,GDSC,unknown,data/raw/gdsc_drug_response.csv,5517,2026-10-03,b472905ea811c145b1827f382975756a66c2ac5dffbe9ad323148bfdea38cdb5
SIDM00999,gefitinib,IC50,12849.347090852947,nM,GDSC,unknown,data/raw/gdsc_drug_response.csv,5518,2026-10-03,b472905ea811c145b1827f382975756a66c2ac5dffbe9ad323148bfdea38cdb5
SIDM01076,gefitinib,IC50,10326.155031004077,nM,GDSC,unknown,data/raw/gdsc_drug_response.csv,5519,2026-10-03,b472905ea811c145b1827f382975756a66c2ac5dffbe9ad323148bfdea38cdb5
SIDM00893,gefitinib,IC50,31816.94469770708,nM,GDSC,unknown,data/raw/gdsc_drug_response.csv,5520,2026-10-03,b472905ea811c145b1827f382975756a66c2ac5dffbe9ad323148bfdea38cdb5
SIDM00210,gefitinib,IC50,6842.396255262008,nM,GDSC,unknown,data/raw/gdsc_drug_response.csv,5521,2026-10-03,b472905ea811c145b1827f382975756a66c2ac5dffbe9ad323148bfdea38cdb5
SIDM00513,gefitinib,IC50,441.925041788514,nM,GDSC,unknown,data/raw/gdsc_drug_response.csv,5522,2026-10-03,b472905ea811c145b1827f382975756a66c2ac5dffbe9ad323148bfdea38cdb5
SIDM00952,gefitinib,IC50,14453.375703872816,nM,GDSC,unknown,data/raw/gdsc_drug_response.csv,5523,2026-10-03,b472905ea811c145b1827f382975756a66c2ac5dffbe9ad323148bfdea38cdb5
SIDM00506,gefitinib,IC50,44770.5698248651,nM,GDSC,unknown,data/raw/gdsc_drug_response.csv,5524,2026-10-03,b472905ea811c145b1827f382975756a66c2ac5dffbe9ad323148bfdea38cdb5
SIDM00954,gefitinib,IC50,7152.93670248002,nM,GDSC,unknown,data/raw/gdsc_drug_response.csv,5525,2026-10-03,b472905ea811c145b1827f382975756a66c2ac5dffbe9ad323148bfdea38cdb5
SIDM00515,gefitinib,IC50,29795.548405889418,nM,GDSC,unknown,data/raw/gdsc_drug_response.csv,5526,2026-10-03,b472905ea811c145b1827f382975756a66c2ac5dffbe9ad323148bfdea38cdb5
SIDM00140,gefitinib,IC50,46628.22292631578,nM,GDSC,unknown,data/raw/gdsc_drug_response.csv,5527,2026-10-03,b472905ea811c145b1827f382975756a66c2ac5dffbe9ad323148bfdea38cdb5
SIDM00956,gefitinib,IC50,43875.759843217464,nM,GDSC,unknown,data/raw/gdsc_drug_response.csv,5528,2026-10-03,b472905ea811c145b1827f382975756a66c2ac5dffbe9ad323148bfdea38cdb5
SIDM00284,gefitinib,IC50,44405.88474689063,nM,GDSC,unknown,data/raw/gdsc_drug_response.csv,5529,2026-10-03,b472905ea811c145b1827f382975756a66c2ac5dffbe9ad323148bfdea38cdb5
SIDM00910,gefitinib,IC50,12642.535980960178,nM,GDSC,unknown,data/raw/gdsc_drug_response.csv,5530,2026-10-03,b472905ea811c145b1827f382975756a66c2ac5dffbe9ad323148bfdea38cdb5
SIDM00130,gefitinib,IC50,11025.524567283677,nM,GDSC,unknown,data/raw/gdsc_drug_response.csv,5531,2026-10-03,b472905ea811c145b1827f382975756a66c2ac5dffbe9ad323148bfdea38cdb5
SIDM00923,gefitinib,IC50,5361.356385149054,nM,GDSC,unknown,data/raw/gdsc_drug_response.csv,5532,2026-10-03,b472905ea811c145b1827f382975756a66c2ac5dffbe9ad323148bfdea38cdb5
SIDM00919,gefitinib,IC50,19916.2304537521,nM,GDSC,unknown,data/raw/gdsc_drug_response.csv,5533,2026-10-03,b472905ea811c145b1827f382975756a66c2ac5dffbe9ad323148bfdea38cdb5
SIDM00940,gefitinib,IC50,254640.05526354795,nM,GDSC,unknown,data/raw/gdsc_drug_response.csv,5534,2026-10-03,b472905ea811c145b1827f382975756a66c2ac5dffbe9ad323148bfdea38cdb5
SIDM00930,gefitinib,IC50,31321.100255765356,nM,GDSC,unknown,data/raw/gdsc_drug_response.csv,5535,2026-10-03,b472905ea811c145b1827f382975756a66c2ac5dffbe9ad323148bfdea38cdb5
SIDM00931,gefitinib,IC50,58224.07913405031,nM,GDSC,unknown,data/raw/gdsc_drug_response.csv,5536,2026-10-03,b472905ea811c145b1827f382975756a66c2ac5dffbe9ad323148bfdea38cdb5
SIDM00890,gefitinib,IC50,52910.29857641473,nM,GDSC,unknown,data/raw/gdsc_drug_response.csv,5537,2026-10-03,b472905ea811c145b1827f382975756a66c2ac5dffbe9ad323148bfdea38cdb5
SIDM00845,gefitinib,IC50,22530.456136990586,nM,GDSC,unknown,data/raw/gdsc_drug_response.csv,5538,2026-10-03,b472905ea811c145b1827f382975756a66c2ac5dffbe9ad323148bfdea38cdb5
SIDM00886,gefitinib,IC50,953.191930011858,nM,GDSC,unknown,data/raw/gdsc_drug_response.csv,5539,2026-10-03,b472905ea811c145b1827f382975756a66c2ac5dffbe9ad323148bfdea38cdb5
SIDM00887,gefitinib,IC50,38865.88991444523,nM,GDSC,unknown,data/raw/gdsc_drug_response.csv,5540,2026-10-03,b472905ea811c145b1827f382975756a66c2ac5dffbe9ad323148bfdea38cdb5
SIDM00888,gefitinib,IC50,18772.123934426385,nM,GDSC,unknown,data/raw/gdsc_drug_response.csv,5541,2026-10-03,b472905ea811c145b1827f382975756a66c2ac5dffbe9ad323148bfdea38cdb5
SIDM00867,gefitinib,IC50,288598.94766826084,nM,GDSC,unknown,data/raw/gdsc_drug_response.csv,5542,2026-10-03,b472905ea811c145b1827f382975756a66c2ac5dffbe9ad323148bfdea38cdb5
SIDM00949,gefitinib,IC50,9408.212706406313,nM,GDSC,unknown,data/raw/gdsc_drug_response.csv,5543,2026-10-03,b472905ea811c145b1827f382975756a66c2ac5dffbe9ad323148bfdea38cdb5
SIDM00831,gefitinib,IC50,11575.953819617493,nM,GDSC,unknown,data/raw/gdsc_drug_response.csv,5544,2026-10-03,b472905ea811c145b1827f382975756a66c2ac5dffbe9ad323148bfdea38cdb5
SIDM00948,gefitinib,IC50,35716.722625745264,nM,GDSC,unknown,data/raw/gdsc_drug_response.csv,5545,2026-10-03,b472905ea811c145b1827f382975756a66c2ac5dffbe9ad323148bfdea38cdb5
SIDM00947,gefitinib,IC50,102124.84138159866,nM,GDSC,unknown,data/raw/gdsc_drug_response.csv,5546,2026-10-03,b472905ea811c145b1827f382975756a66c2ac5dffbe9ad323148bfdea38cdb5
SIDM00281,gefitinib,IC50,23105.137606344648,nM,GDSC,unknown,data/raw/gdsc_drug_response.csv,5547,2026-10-03,b472905ea811c145b1827f382975756a66c2ac5dffbe9ad323148bfdea38cdb5
SIDM00981,gefitinib,IC50,5585.92477092318,nM,GDSC,unknown,data/raw/gdsc_drug_response.csv,5548,2026-10-03,b472905ea811c145b1827f382975756a66c2ac5dffbe9ad323148bfdea38cdb5
SIDM00864,gefitinib,IC50,12031.557625092048,nM,GDSC,unknown,data/raw/gdsc_drug_response.csv,5549,2026-10-03,b472905ea811c145b1827f382975756a66c2ac5dffbe9ad323148bfdea38cdb5
SIDM01001,gefitinib,IC50,7233.72414730431,nM,GDSC,unknown,data/raw/gdsc_drug_response.csv,5550,2026-10-03,b472905ea811c145b1827f382975756a66c2ac5dffbe9ad323148bfdea38cdb5
SIDM00863,gefitinib,IC50,16821.62060862431,nM,GDSC,unknown,data/raw/gdsc_drug_response.csv,5551,2026-10-03,b472905ea811c145b1827f382975756a66c2ac5dffbe9ad323148bfdea38cdb5
SIDM00793,gefitinib,IC50,32382.495031803577,nM,GDSC,unknown,data/raw/gdsc_drug_response.csv,5552,2026-10-03,b472905ea811c145b1827f382975756a66c2ac5dffbe9ad323148bfdea38cdb5
SIDM00280,gefitinib,IC50,9841.872621292549,nM,GDSC,unknown,data/raw/gdsc_drug_response.csv,5553,2026-10-03,b472905ea811c145b1827f382975756a66c2ac5dffbe9ad323148bfdea38cdb5
SIDM00279,gefitinib,IC50,36277.546638996675,nM,GDSC,unknown,data/raw/gdsc_drug_response.csv,5554,2026-10-03,b472905ea811c145b1827f382975756a66c2ac5dffbe9ad323148bfdea38cdb5
SIDM01056,gefitinib,IC50,74433.19412988087,nM,GDSC,unknown,data/raw/gdsc_drug_response.csv,5555,2026-10-03,b472905ea811c145b1827f382975756a66c2ac5dffbe9ad323148bfdea38cdb5
SIDM01051,gefitinib,IC50,16624.65775226347,nM,GDSC,unknown,data/raw/gdsc_drug_response.csv,5556,2026-10-03,b472905ea811c145b1827f382975756a66c2ac5dffbe9ad323148bfdea38cdb5
SIDM01047,gefitinib,IC50,23293.794625150727,nM,GDSC,unknown,data/raw/gdsc_drug_response.csv,5557,2026-10-03,b472905ea811c145b1827f382975756a66c2ac5dffbe9ad323148bfdea38cdb5
SIDM00277,gefitinib,IC50,7472.883982963033,nM,GDSC,unknown,data/raw/gdsc_drug_response.csv,5558,2026-10-03,b472905ea811c145b1827f382975756a66c2ac5dffbe9ad323148bfdea38cdb5
SIDM00276,gefitinib,IC50,3694.3809383560897,nM,GDSC,unknown,data/raw/gdsc_drug_response.csv,5559,2026-10-03,b472905ea811c145b1827f382975756a66c2ac5dffbe9ad323148bfdea38cdb5
SIDM01042,gefitinib,IC50,22588.546821201133,nM,GDSC,unknown,data/raw/gdsc_drug_response.csv,5560,2026-10-03,b472905ea811c145b1827f382975756a66c2ac5dffbe9ad323148bfdea38cdb5
SIDM00860,gefitinib,IC50,1858.7626046126836,nM,GDSC,unknown,data/raw/gdsc_drug_response.csv,5561,2026-10-03,b472905ea811c145b1827f382975756a66c2ac5dffbe9ad323148bfdea38cdb5
SIDM00213,gefitinib,IC50,10554.275093769538,nM,GDSC,unknown,data/raw/gdsc_drug_response.csv,5562,2026-10-03,b472905ea811c145b1827f382975756a66c2ac5dffbe9ad323148bfdea38cdb5
SIDM00857,gefitinib,IC50,25231.444139594627,nM,GDSC,unknown,data/raw/gdsc_drug_response.csv,5563,2026-10-03,b472905ea811c145b1827f382975756a66c2ac5dffbe9ad323148bfdea38cdb5
SIDM01055,gefitinib,IC50,35791.87813747513,nM,GDSC,unknown,data/raw/gdsc_drug_response.csv,5564,2026-10-03,b472905ea811c145b1827f382975756a66c2ac5dffbe9ad323148bfdea38cdb5
SIDM00274,gefitinib,IC50,9448.188216474193,nM,GDSC,unknown,data/raw/gdsc_drug_response.csv,5565,2026-10-03,b472905ea811c145b1827f382975756a66c2ac5dffbe9ad323148bfdea38cdb5
SIDM01057,gefitinib,IC50,8971.142168356917,nM,GDSC,unknown,data/raw/gdsc_drug_response.csv,5566,2026-10-03,b472905ea811c145b1827f382975756a66c2ac5dffbe9ad323148bfdea38cdb5
SIDM00273,gefitinib,IC50,6219.316417574081,nM,GDSC,unknown,data/raw/gdsc_drug_response.csv,5567,2026-10-03,b472905ea811c145b1827f382975756a66c2ac5dffbe9ad323148bfdea38cdb5
SIDM00227,gefitinib,IC50,45677.14210431811,nM,GDSC,unknown,data/raw/gdsc_drug_response.csv,5568,2026-10-03,b472905ea811c145b1827f382975756a66c2ac5dffbe9ad323148bfdea38cdb5
SIDM00544,gefitinib,IC50,16283.02249038687,nM,GDSC,unknown,data/raw/gdsc_drug_response.csv,5569,2026-10-03,b472905ea811c145b1827f382975756a66c2ac5dffbe9ad323148bfdea38cdb5
SIDM01259,gefitinib,IC50,44959.90083698817,nM,GDSC,unknown,data/raw/gdsc_drug_response.csv,5570,2026-10-03,b472905ea811c145b1827f382975756a66c2ac5dffbe9ad323148bfdea38cdb5
SIDM00853,gefitinib,IC50,73343.14175904098,nM,GDSC,unknown,data/raw/gdsc_drug_response.csv,5571,2026-10-03,b472905ea811c145b1827f382975756a66c2ac5dffbe9ad323148bfdea38cdb5
SIDM01043,gefitinib,IC50,19051.846004475894,nM,GDSC,unknown,data/raw/gdsc_drug_response.csv,5572,2026-10-03,b472905ea811c145b1827f382975756a66c2ac5dffbe9ad323148bfdea38cdb5
SIDM00852,gefitinib,IC50,28158.323648776226,nM,GDSC,unknown,data/raw/gdsc_drug_response.csv,5573,2026-10-03,b472905ea811c145b1827f382975756a66c2ac5dffbe9ad323148bfdea38cdb5
SIDM01251,gefitinib,IC50,10555.488905198143,nM,GDSC,unknown,data/raw/gdsc_drug_response.csv,5574,2026-10-03,b472905ea811c145b1827f382975756a66c2ac5dffbe9ad323148bfdea38cdb5
SIDM01073,gefitinib,IC50,24348.90793846802,nM,GDSC,unknown,data/raw/gdsc_drug_response.csv,5575,2026-10-03,b472905ea811c145b1827f382975756a66c2ac5dffbe9ad323148bfdea38cdb5
SIDM00882,gefitinib,IC50,10963.800693389472,nM,GDSC,unknown,data/raw/gdsc_drug_response.csv,5576,2026-10-03,b472905ea811c145b1827f382975756a66c2ac5dffbe9ad323148bfdea38cdb5
SIDM00878,gefitinib,IC50,18837.05611927245,nM,GDSC,unknown,data/raw/gdsc_drug_response.csv,5577,2026-10-03,b472905ea811c145b1827f382975756a66c2ac5dffbe9ad323148bfdea38cdb5
SIDM00875,gefitinib,IC50,3653.3808530906185,nM,GDSC,unknown,data/raw/gdsc_drug_response.csv,5578,2026-10-03,b472905ea811c145b1827f382975756a66c2ac5dffbe9ad323148bfdea38cdb5
SIDM00673,gefitinib,IC50,23597.151367990617,nM,GDSC,unknown,data/raw/gdsc_drug_response.csv,5579,2026-10-03,b472905ea811c145b1827f382975756a66c2ac5dffbe9ad323148bfdea38cdb5
SIDM00596,gefitinib,IC50,90981.84671787587,nM,GDSC,unknown,data/raw/gdsc_drug_response.csv,5580,2026-10-03,b472905ea811c145b1827f382975756a66c2ac5dffbe9ad323148bfdea38cdb5
SIDM00594,gefitinib,IC50,11468.567129316476,nM,GDSC,unknown,data/raw/gdsc_drug_response.csv,5581,2026-10-03,b472905ea811c145b1827f382975756a66c2ac5dffbe9ad323148bfdea38cdb5
SIDM00290,gefitinib,IC50,23278.053341137565,nM,GDSC,unknown,data/raw/gdsc_drug_response.csv,5582,2026-10-03,b472905ea811c145b1827f382975756a66c2ac5dffbe9ad323148bfdea38cdb5
SIDM00671,gefitinib,IC50,66691.79954427607,nM,GDSC,unknown,data/raw/gdsc_drug_response.csv,5583,2026-10-03,b472905ea811c145b1827f382975756a66c2ac5dffbe9ad323148bfdea38cdb5
SIDM00064,gefitinib,IC50,48739.60773245379,nM,GDSC,unknown,data/raw/gdsc_drug_response.csv,5584,2026-10-03,b472905ea811c145b1827f382975756a66c2ac5dffbe9ad323148bfdea38cdb5
SIDM00291,gefitinib,IC50,46617.35981597544,nM,GDSC,unknown,data/raw/gdsc_drug_response.csv,5585,2026-10-03,b472905ea811c145b1827f382975756a66c2ac5dffbe9ad323148bfdea38cdb5
SIDM00806,gefitinib,IC50,25306.492920963075,nM,GDSC,unknown,data/raw/gdsc_drug_response.csv,5586,2026-10-03,b472905ea811c145b1827f382975756a66c2ac5dffbe9ad323148bfdea38cdb5
SIDM00589,gefitinib,IC50,2568.099163108967,nM,GDSC,unknown,data/raw/gdsc_drug_response.csv,5587,2026-10-03,b472905ea811c145b1827f382975756a66c2ac5dffbe9ad323148bfdea38cdb5
SIDM00588,gefitinib,IC50,2226.760859151753,nM,GDSC,unknown,data/raw/gdsc_drug_response.csv,5588,2026-10-03,b472905ea811c145b1827f382975756a66c2ac5dffbe9ad323148bfdea38cdb5
SIDM00661,gefitinib,IC50,64594.35350984495,nM,GDSC,unknown,data/raw/gdsc_drug_response.csv,5589,2026-10-03,b472905ea811c145b1827f382975756a66c2ac5dffbe9ad323148bfdea38cdb5
SIDM00828,gefitinib,IC50,76333.73676475817,nM,GDSC,unknown,data/raw/gdsc_drug_response.csv,5590,2026-10-03,b472905ea811c145b1827f382975756a66c2ac5dffbe9ad323148bfdea38cdb5
SIDM00676,gefitinib,IC50,56182.59435813793,nM,GDSC,unknown,data/raw/gdsc_drug_response.csv,5591,2026-10-03,b472905ea811c145b1827f382975756a66c2ac5dffbe9ad323148bfdea38cdb5
SIDM00678,gefitinib,IC50,6420.962316469296,nM,GDSC,unknown,data/raw/gdsc_drug_response.csv,5592,2026-10-03,b472905ea811c145b1827f382975756a66c2ac5dffbe9ad323148bfdea38cdb5
SIDM00695,gefitinib,IC50,21661.792621708435,nM,GDSC,unknown,data/raw/gdsc_drug_response.csv,5593,2026-10-03,b472905ea811c145b1827f382975756a66c2ac5dffbe9ad323148bfdea38cdb5
SIDM00679,gefitinib,IC50,20139.49877620809,nM,GDSC,unknown,data/raw/gdsc_drug_response.csv,5594,2026-10-03,b472905ea811c145b1827f382975756a66c2ac5dffbe9ad323148bfdea38cdb5
SIDM00587,gefitinib,IC50,7502.685326550207,nM,GDSC,unknown,data/raw/gdsc_drug_response.csv,5595,2026-10-03,b472905ea811c145b1827f382975756a66c2ac5dffbe9ad323148bfdea38cdb5
SIDM00585,gefitinib,IC50,84706.97942710934,nM,GDSC,unknown,data/raw/gdsc_drug_response.csv,5596,2026-10-03,b472905ea811c145b1827f382975756a66c2ac5dffbe9ad323148bfdea38cdb5
SIDM00599,gefitinib,IC50,37061.95604665042,nM,GDSC,unknown,data/raw/gdsc_drug_response.csv,5597,2026-10-03,b472905ea811c145b1827f382975756a66c2ac5dffbe9ad323148bfdea38cdb5
SIDM00694,gefitinib,IC50,11009.835393642674,nM,GDSC,unknown,data/raw/gdsc_drug_response.csv,5598,2026-10-03,b472905ea811c145b1827f382975756a66c2ac5dffbe9ad323148bfdea38cdb5
SIDM01060,gefitinib,IC50,41308.033632609,nM,GDSC,unknown,data/raw/gdsc_drug_response.csv,5599,2026-10-03,b472905ea811c145b1827f382975756a66c2ac5dffbe9ad323148bfdea38cdb5
SIDM01206,gefitinib,IC50,12800.39461823551,nM,GDSC,unknown,data/raw/gdsc_drug_response.csv,5600,2026-10-03,b472905ea811c145b1827f382975756a66c2ac5dffbe9ad323148bfdea38cdb5
SIDM01059,gefitinib,IC50,13488.749936659438,nM,GDSC,unknown,data/raw/gdsc_drug_response.csv,5601,2026-10-03,b472905ea811c145b1827f382975756a66c2ac5dffbe9ad323148bfdea38cdb5
SIDM00225,gefitinib,IC50,92491.24579632514,nM,GDSC,unknown,data/raw/gdsc_drug_response.csv,5602,2026-10-03,b472905ea811c145b1827f382975756a66c2ac5dffbe9ad323148bfdea38cdb5
SIDM00224,gefitinib,IC50,94459.10599058607,nM,GDSC,unknown,data/raw/gdsc_drug_response.csv,5603,2026-10-03,b472905ea811c145b1827f382975756a66c2ac5dffbe9ad323148bfdea38cdb5
SIDM01039,gefitinib,IC50,12680.58394001027,nM,GDSC,unknown,data/raw/gdsc_drug_response.csv,5604,2026-10-03,b472905ea811c145b1827f382975756a66c2ac5dffbe9ad323148bfdea38cdb5
SIDM01218,gefitinib,IC50,40489.83682384441,nM,GDSC,unknown,data/raw/gdsc_drug_response.csv,5605,2026-10-03,b472905ea811c145b1827f382975756a66c2ac5dffbe9ad323148bfdea38cdb5
SIDM00808,gefitinib,IC50,20464.404273659362,nM,GDSC,unknown,data/raw/gdsc_drug_response.csv,5606,2026-10-03,b472905ea811c145b1827f382975756a66c2ac5dffbe9ad323148bfdea38cdb5
SIDM01013,gefitinib,IC50,23799.700581760637,nM,GDSC,unknown,data/raw/gdsc_drug_response.csv,5607,2026-10-03,b472905ea811c145b1827f382975756a66c2ac5dffbe9ad323148bfdea38cdb5
SIDM01012,gefitinib,IC50,6893.3349810323925,nM,GDSC,unknown,data/raw/gdsc_drug_response.csv,5608,2026-10-03,b472905ea811c145b1827f382975756a66c2ac5dffbe9ad323148bfdea38cdb5
SIDM00613,gefitinib,IC50,73596.39179436465,nM,GDSC,unknown,data/raw/gdsc_drug_response.csv,5609,2026-10-03,b472905ea811c145b1827f382975756a66c2ac5dffbe9ad323148bfdea38cdb5
SIDM01007,gefitinib,IC50,6182.742850813451,nM,GDSC,unknown,data/raw/gdsc_drug_response.csv,5610,2026-10-03,b472905ea811c145b1827f382975756a66c2ac5dffbe9ad323148bfdea38cdb5
SIDM01010,gefitinib,IC50,26387.515484864034,nM,GDSC,unknown,data/raw/gdsc_drug_response.csv,5611,2026-10-03,b472905ea811c145b1827f382975756a66c2ac5dffbe9ad323148bfdea38cdb5
SIDM01008,gefitinib,IC50,43387.74378689467,nM,GDSC,unknown,data/raw/gdsc_drug_response.csv,5612,2026-10-03,b472905ea811c145b1827f382975756a66c2ac5dffbe9ad323148bfdea38cdb5
SIDM01005,gefitinib,IC50,8470.283676366556,nM,GDSC,unknown,data/raw/gdsc_drug_response.csv,5613,2026-10-03,b472905ea811c145b1827f382975756a66c2ac5dffbe9ad323148bfdea38cdb5
SIDM00687,gefitinib,IC50,192719.73822732668,nM,GDSC,unknown,data/raw/gdsc_drug_response.csv,5614,2026-10-03,b472905ea811c145b1827f382975756a66c2ac5dffbe9ad323148bfdea38cdb5
SIDM01003,gefitinib,IC50,9272.22154746757,nM,GDSC,unknown,data/raw/gdsc_drug_response.csv,5615,2026-10-03,b472905ea811c145b1827f382975756a66c2ac5dffbe9ad323148bfdea38cdb5
SIDM00785,gefitinib,IC50,28256.48531731249,nM,GDSC,unknown,data/raw/gdsc_drug_response.csv,5616,2026-10-03,b472905ea811c145b1827f382975756a66c2ac5dffbe9ad323148bfdea38cdb5
SIDM00612,gefitinib,IC50,217772.0775433625,nM,GDSC,unknown,data/raw/gdsc_drug_response.csv,5617,2026-10-03,b472905ea811c145b1827f382975756a66c2ac5dffbe9ad323148bfdea38cdb5
SIDM01019,gefitinib,IC50,19423.059612192006,nM,GDSC,unknown,data/raw/gdsc_drug_response.csv,5618,2026-10-03,b472905ea811c145b1827f382975756a66c2ac5dffbe9ad323148bfdea38cdb5
SIDM01020,gefitinib,IC50,12525.34260137469,nM,GDSC,unknown,data/raw/gdsc_drug_response.csv,5619,2026-10-03,b472905ea811c145b1827f382975756a66c2ac5dffbe9ad323148bfdea38cdb5
SIDM00607,gefitinib,IC50,46715.73285922704,nM,GDSC,unknown,data/raw/gdsc_drug_response.csv,5620,2026-10-03,b472905ea811c145b1827f382975756a66c2ac5dffbe9ad323148bfdea38cdb5
SIDM00533,gefitinib,IC50,125229.74370755712,nM,GDSC,unknown,data/raw/gdsc_drug_response.csv,5621,2026-10-03,b472905ea811c145b1827f382975756a66c2ac5dffbe9ad323148bfdea38cdb5
SIDM00531,gefitinib,IC50,12159.733984207423,nM,GDSC,unknown,data/raw/gdsc_drug_response.csv,5622,2026-10-03,b472905ea811c145b1827f382975756a66c2ac5dffbe9ad323148bfdea38cdb5
SIDM00541,gefitinib,IC50,10402.394291632832,nM,GDSC,unknown,data/raw/gdsc_drug_response.csv,5623,2026-10-03,b472905ea811c145b1827f382975756a66c2ac5dffbe9ad323148bfdea38cdb5
SIDM00534,gefitinib,IC50,18430.151648529583,nM,GDSC,unknown,data/raw/gdsc_drug_response.csv,5624,2026-10-03,b472905ea811c145b1827f382975756a66c2ac5dffbe9ad323148bfdea38cdb5
SIDM00535,gefitinib,IC50,174277.6993014682,nM,GDSC,unknown,data/raw/gdsc_drug_response.csv,5625,2026-10-03,b472905ea811c145b1827f382975756a66c2ac5dffbe9ad323148bfdea38cdb5
SIDM00537,gefitinib,IC50,16352.209077660425,nM,GDSC,unknown,data/raw/gdsc_drug_response.csv,5626,2026-10-03,b472905ea811c145b1827f382975756a66c2ac5dffbe9ad323148bfdea38cdb5
SIDM00523,gefitinib,IC50,31304.410557528725,nM,GDSC,unknown,data/raw/gdsc_drug_response.csv,5627,2026-10-03,b472905ea811c145b1827f382975756a66c2ac5dffbe9ad323148bfdea38cdb5
SIDM00855,gefitinib,IC50,30779.719028800042,nM,GDSC,unknown,data/raw/gdsc_drug_response.csv,5628,2026-10-03,b472905ea811c145b1827f382975756a66c2ac5dffbe9ad323148bfdea38cdb5
SIDM00856,gefitinib,IC50,51293.49802541247,nM,GDSC,unknown,data/raw/gdsc_drug_response.csv,5629,2026-10-03,b472905ea811c145b1827f382975756a66c2ac5dffbe9ad323148bfdea38cdb5
SIDM00553,gefitinib,IC50,15021.627560207911,nM,GDSC,unknown,data/raw/gdsc_drug_response.csv,5630,2026-10-03,b472905ea811c145b1827f382975756a66c2ac5dffbe9ad323148bfdea38cdb5
SIDM00308,gefitinib,IC50,23982.27462047977,nM,GDSC,unknown,data/raw/gdsc_drug_response.csv,5631,2026-10-03,b472905ea811c145b1827f382975756a66c2ac5dffbe9ad323148bfdea38cdb5
SIDM01033,gefitinib,IC50,16985.142647209883,nM,GDSC,unknown,data/raw/gdsc_drug_response.csv,5632,2026-10-03,b472905ea811c145b1827f382975756a66c2ac5dffbe9ad323148bfdea38cdb5
SIDM00555,gefitinib,IC50,67156.51903903445,nM,GDSC,unknown,data/raw/gdsc_drug_response.csv,5633,2026-10-03,b472905ea811c145b1827f382975756a66c2ac5dffbe9ad323148bfdea38cdb5
SIDM00556,gefitinib,IC50,79358.69350893005,nM,GDSC,unknown,data/raw/gdsc_drug_response.csv,5634,2026-10-03,b472905ea811c145b1827f382975756a66c2ac5dffbe9ad323148bfdea38cdb5
SIDM01031,gefitinib,IC50,3899.5259715815605,nM,GDSC,unknown,data/raw/gdsc_drug_response.csv,5635,2026-10-03,b472905ea811c145b1827f382975756a66c2ac5dffbe9ad323148bfdea38cdb5
SIDM01030,gefitinib,IC50,6373.756415901381,nM,GDSC,unknown,data/raw/gdsc_drug_response.csv,5636,2026-10-03,b472905ea811c145b1827f382975756a66c2ac5dffbe9ad323148bfdea38cdb5
SIDM01029,gefitinib,IC50,3225.7194156808137,nM,GDSC,unknown,data/raw/gdsc_drug_response.csv,5637,2026-10-03,b472905ea811c145b1827f382975756a66c2ac5dffbe9ad323148bfdea38cdb5
SIDM01027,gefitinib,IC50,535.0254302704519,nM,GDSC,unknown,data/raw/gdsc_drug_response.csv,5638,2026-10-03,b472905ea811c145b1827f382975756a66c2ac5dffbe9ad323148bfdea38cdb5
SIDM01026,gefitinib,IC50,29841.439058685664,nM,GDSC,unknown,data/raw/gdsc_drug_response.csv,5639,2026-10-03,b472905ea811c145b1827f382975756a66c2ac5dffbe9ad323148bfdea38cdb5
SIDM00327,gefitinib,IC50,14129.587456701836,nM,GDSC,unknown,data/raw/gdsc_drug_response.csv,5640,2026-10-03,b472905ea811c145b1827f382975756a66c2ac5dffbe9ad323148bfdea38cdb5
SIDM00329,gefitinib,IC50,22072.621624365842,nM,GDSC,unknown,data/raw/gdsc_drug_response.csv,5641,2026-10-03,b472905ea811c145b1827f382975756a66c2ac5dffbe9ad323148bfdea38cdb5
SIDM00346,gefitinib,IC50,18407.422867937126,nM,GDSC,unknown,data/raw/gdsc_drug_response.csv,5642,2026-10-03,b472905ea811c145b1827f382975756a66c2ac5dffbe9ad323148bfdea38cdb5
SIDM00297,gefitinib,IC50,37791.49207836818,nM,GDSC,unknown,data/raw/gdsc_drug_response.csv,5643,2026-10-03,b472905ea811c145b1827f382975756a66c2ac5dffbe9ad323148bfdea38cdb5
SIDM00549,gefitinib,IC50,18564.459996020563,nM,GDSC,unknown,data/raw/gdsc_drug_response.csv,5644,2026-10-03,b472905ea811c145b1827f382975756a66c2ac5dffbe9ad323148bfdea38cdb5
SIDM00683,gefitinib,IC50,56141.70831377108,nM,GDSC,unknown,data/raw/gdsc_drug_response.csv,5645,2026-10-03,b472905ea811c145b1827f382975756a66c2ac5dffbe9ad323148bfdea38cdb5
SIDM00342,gefitinib,IC50,16425.237106923065,nM,GDSC,unknown,data/raw/gdsc_drug_response.csv,5646,2026-10-03,b472905ea811c145b1827f382975756a66c2ac5dffbe9ad323148bfdea38cdb5
SIDM00839,gefitinib,IC50,5033.653185893446,nM,GDSC,unknown,data/raw/gdsc_drug_response.csv,5647,2026-10-03,b472905ea811c145b1827f382975756a66c2ac5dffbe9ad323148bfdea38cdb5
SIDM00340,gefitinib,IC50,25320.23807809159,nM,GDSC,unknown,data/raw/gdsc_drug_response.csv,5648,2026-10-03,b472905ea811c145b1827f382975756a66c2ac5dffbe9ad323148bfdea38cdb5
SIDM00776,gefitinib,IC50,58189.44611131153,nM,GDSC,unknown,data/raw/gdsc_drug_response.csv,5649,2026-10-03,b472905ea811c145b1827f382975756a66c2ac5dffbe9ad323148bfdea38cdb5
SIDM00660,gefitinib,IC50,87864.95205675614,nM,GDSC,unknown,data/raw/gdsc_drug_response.csv,5650,2026-10-03,b472905ea811c145b1827f382975756a66c2ac5dffbe9ad323148bfdea38cdb5
SIDM01219,gefitinib,IC50,418624.35903773806,nM,GDSC,unknown,data/raw/gdsc_drug_response.csv,5651,2026-10-03,b472905ea811c145b1827f382975756a66c2ac5dffbe9ad323148bfdea38cdb5
SIDM00637,gefitinib,IC50,11202.242707540116,nM,GDSC,unknown,data/raw/gdsc_drug_response.csv,5652,2026-10-03,b472905ea811c145b1827f382975756a66c2ac5dffbe9ad323148bfdea38cdb5
SIDM01246,gefitinib,IC50,25582.28193624242,nM,GDSC,unknown,data/raw/gdsc_drug_response.csv,5653,2026-10-03,b472905ea811c145b1827f382975756a66c2ac5dffbe9ad323148bfdea38cdb5
SIDM00633,gefitinib,IC50,642.1881176931495,nM,GDSC,unknown,data/raw/gdsc_drug_response.csv,5654,2026-10-03,b472905ea811c145b1827f382975756a66c2ac5dffbe9ad323148bfdea38cdb5
SIDM00528,gefitinib,IC50,21043.169117873334,nM,GDSC,unknown,data/raw/gdsc_drug_response.csv,5655,2026-10-03,b472905ea811c145b1827f382975756a66c2ac5dffbe9ad323148bfdea38cdb5
SIDM00272,gefitinib,IC50,6070.560863126615,nM,GDSC,unknown,data/raw/gdsc_drug_response.csv,5656,2026-10-03,b472905ea811c145b1827f382975756a66c2ac5dffbe9ad323148bfdea38cdb5
SIDM00628,gefitinib,IC50,6230.446502659583,nM,GDSC,unknown,data/raw/gdsc_drug_response.csv,5657,2026-10-03,b472905ea811c145b1827f382975756a66c2ac5dffbe9ad323148bfdea38cdb5
SIDM00337,gefitinib,IC50,26179.718292103338,nM,GDSC,unknown,data/raw/gdsc_drug_response.csv,5658,2026-10-03,b472905ea811c145b1827f382975756a66c2ac5dffbe9ad323148bfdea38cdb5
SIDM00336,gefitinib,IC50,61959.9370766365,nM,GDSC,unknown,data/raw/gdsc_drug_response.csv,5659,2026-10-03,b472905ea811c145b1827f382975756a66c2ac5dffbe9ad323148bfdea38cdb5
SIDM00526,gefitinib,IC50,32429.126985798433,nM,GDSC,unknown,data/raw/gdsc_drug_response.csv,5660,2026-10-03,b472905ea811c145b1827f382975756a66c2ac5dffbe9ad323148bfdea38cdb5
SIDM00625,gefitinib,IC50,35306.74421711825,nM,GDSC,unknown,data/raw/gdsc_drug_response.csv,5661,2026-10-03,b472905ea811c145b1827f382975756a66c2ac5dffbe9ad323148bfdea38cdb5
SIDM00545,gefitinib,IC50,137609.2297608415,nM,GDSC,unknown,data/raw/gdsc_drug_response.csv,5662,2026-10-03,b472905ea811c145b1827f382975756a66c2ac5dffbe9ad323148bfdea38cdb5
SIDM00335,gefitinib,IC50,109404.38812332903,nM,GDSC,unknown,data/raw/gdsc_drug_response.csv,5663,2026-10-03,b472905ea811c145b1827f382975756a66c2ac5dffbe9ad323148bfdea38cdb5
SIDM00334,gefitinib,IC50,52290.61973429243,nM,GDSC,unknown,data/raw/gdsc_drug_response.csv,5664,2026-10-03,b472905ea811c145b1827f382975756a66c2ac5dffbe9ad323148bfdea38cdb5
SIDM00525,gefitinib,IC50,59009.17852343167,nM,GDSC,unknown,data/raw/gdsc_drug_response.csv,5665,2026-10-03,b472905ea811c145b1827f382975756a66c2ac5dffbe9ad323148bfdea38cdb5
SIDM00331,gefitinib,IC50,17845.885902357073,nM,GDSC,unknown,data/raw/gdsc_drug_response.csv,5666,2026-10-03,b472905ea811c145b1827f382975756a66c2ac5dffbe9ad323148bfdea38cdb5
SIDM00376,gefitinib,IC50,24625.143144109028,nM,GDSC,unknown,data/raw/gdsc_drug_response.csv,5667,2026-10-03,b472905ea811c145b1827f382975756a66c2ac5dffbe9ad323148bfdea38cdb5
SIDM00386,gefitinib,IC50,58705.41668474469,nM,GDSC,unknown,data/raw/gdsc_drug_response.csv,5668,2026-10-03,b472905ea811c145b1827f382975756a66c2ac5dffbe9ad323148bfdea38cdb5
SIDM00387,gefitinib,IC50,10350.336176446757,nM,GDSC,unknown,data/raw/gdsc_drug_response.csv,5669,2026-10-03,b472905ea811c145b1827f382975756a66c2ac5dffbe9ad323148bfdea38cdb5
SIDM00388,gefitinib,IC50,22288.16900971011,nM,GDSC,unknown,data/raw/gdsc_drug_response.csv,5670,2026-10-03,b472905ea811c145b1827f382975756a66c2ac5dffbe9ad323148bfdea38cdb5
SIDM00271,gefitinib,IC50,22191.426043021933,nM,GDSC,unknown,data/raw/gdsc_drug_response.csv,5671,2026-10-03,b472905ea811c145b1827f382975756a66c2ac5dffbe9ad323148bfdea38cdb5
SIDM00260,gefitinib,IC50,36251.254949572445,nM,GDSC,unknown,data/raw/gdsc_drug_response.csv,5672,2026-10-03,b472905ea811c145b1827f382975756a66c2ac5dffbe9ad323148bfdea38cdb5
SIDM00441,gefitinib,IC50,10985.409684024602,nM,GDSC,unknown,data/raw/gdsc_drug_response.csv,5673,2026-10-03,b472905ea811c145b1827f382975756a66c2ac5dffbe9ad323148bfdea38cdb5
SIDM00561,gefitinib,IC50,24675.824521015693,nM,GDSC,unknown,data/raw/gdsc_drug_response.csv,5674,2026-10-03,b472905ea811c145b1827f382975756a66c2ac5dffbe9ad323148bfdea38cdb5
SIDM00438,gefitinib,IC50,43679.02457373852,nM,GDSC,unknown,data/raw/gdsc_drug_response.csv,5675,2026-10-03,b472905ea811c145b1827f382975756a66c2ac5dffbe9ad323148bfdea38cdb5
SIDM00532,gefitinib,IC50,128129.43962191758,nM,GDSC,unknown,data/raw/gdsc_drug_response.csv,5676,2026-10-03,b472905ea811c145b1827f382975756a66c2ac5dffbe9ad323148bfdea38cdb5
SIDM00504,gefitinib,IC50,27897.69307709746,nM,GDSC,unknown,data/raw/gdsc_drug_response.csv,5677,2026-10-03,b472905ea811c145b1827f382975756a66c2ac5dffbe9ad323148bfdea38cdb5
SIDM00433,gefitinib,IC50,19490.477247348572,nM,GDSC,unknown,data/raw/gdsc_drug_response.csv,5678,2026-10-03,b472905ea811c145b1827f382975756a66c2ac5dffbe9ad323148bfdea38cdb5
SIDM00431,gefitinib,IC50,6767.582953096881,nM,GDSC,unknown,data/raw/gdsc_drug_response.csv,5679,2026-10-03,b472905ea811c145b1827f382975756a66c2ac5dffbe9ad323148bfdea38cdb5
SIDM01023,gefitinib,IC50,5882.500931674068,nM,GDSC,unknown,data/raw/gdsc_drug_response.csv,5680,2026-10-03,b472905ea811c145b1827f382975756a66c2ac5dffbe9ad323148bfdea38cdb5
SIDM00623,gefitinib,IC50,25829.209430505427,nM,GDSC,unknown,data/raw/gdsc_drug_response.csv,5681,2026-10-03,b472905ea811c145b1827f382975756a66c2ac5dffbe9ad323148bfdea38cdb5
SIDM00222,gefitinib,IC50,73589.84200696481,nM,GDSC,unknown,data/raw/gdsc_drug_response.csv,5682,2026-10-03,b472905ea811c145b1827f382975756a66c2ac5dffbe9ad323148bfdea38cdb5
SIDM00562,gefitinib,IC50,22411.651950998064,nM,GDSC,unknown,data/raw/gdsc_drug_response.csv,5683,2026-10-03,b472905ea811c145b1827f382975756a66c2ac5dffbe9ad323148bfdea38cdb5
SIDM00640,gefitinib,IC50,4557.312109219787,nM,GDSC,unknown,data/raw/gdsc_drug_response.csv,5684,2026-10-03,b472905ea811c145b1827f382975756a66c2ac5dffbe9ad323148bfdea38cdb5
SIDM00657,gefitinib,IC50,8935.2399203783,nM,GDSC,unknown,data/raw/gdsc_drug_response.csv,5685,2026-10-03,b472905ea811c145b1827f382975756a66c2ac5dffbe9ad323148bfdea38cdb5
SIDM00429,gefitinib,IC50,14587.835551184335,nM,GDSC,unknown,data/raw/gdsc_drug_response.csv,5686,2026-10-03,b472905ea811c145b1827f382975756a66c2ac5dffbe9ad323148bfdea38cdb5
SIDM00641,gefitinib,IC50,17446.98754114074,nM,GDSC,unknown,data/raw/gdsc_drug_response.csv,5687,2026-10-03,b472905ea811c145b1827f382975756a66c2ac5dffbe9ad323148bfdea38cdb5
SIDM00244,gefitinib,IC50,3471.198765981664,nM,GDSC,unknown,data/raw/gdsc_drug_response.csv,5688,2026-10-03,b472905ea811c145b1827f382975756a66c2ac5dffbe9ad323148bfdea38cdb5
SIDM00655,gefitinib,IC50,12754.268501397906,nM,GDSC,unknown,data/raw/gdsc_drug_response.csv,5689,2026-10-03,b472905ea811c145b1827f382975756a66c2ac5dffbe9ad323148bfdea38cdb5
SIDM00777,gefitinib,IC50,2037.6842673361336,nM,GDSC,unknown,data/raw/gdsc_drug_response.csv,5690,2026-10-03,b472905ea811c145b1827f382975756a66c2ac5dffbe9ad323148bfdea38cdb5
SIDM01130,gefitinib,IC50,53275.7896487182,nM,GDSC,unknown,data/raw/gdsc_drug_response.csv,5691,2026-10-03,b472905ea811c145b1827f382975756a66c2ac5dffbe9ad323148bfdea38cdb5
SIDM01146,gefitinib,IC50,29731.943305201934,nM,GDSC,unknown,data/raw/gdsc_drug_response.csv,5692,2026-10-03,b472905ea811c145b1827f382975756a66c2ac5dffbe9ad323148bfdea38cdb5
SIDM01144,gefitinib,IC50,36812.29895232691,nM,GDSC,unknown,data/raw/gdsc_drug_response.csv,5693,2026-10-03,b472905ea811c145b1827f382975756a66c2ac5dffbe9ad323148bfdea38cdb5
SIDM01145,gefitinib,IC50,17443.254285279567,nM,GDSC,unknown,data/raw/gdsc_drug_response.csv,5694,2026-10-03,b472905ea811c145b1827f382975756a66c2ac5dffbe9ad323148bfdea38cdb5
SIDM00577,gefitinib,IC50,31985.798262737415,nM,GDSC,unknown,data/raw/gdsc_drug_response.csv,5695,2026-10-03,b472905ea811c145b1827f382975756a66c2ac5dffbe9ad323148bfdea38cdb5
SIDM00576,gefitinib,IC50,32779.260055063416,nM,GDSC,unknown,data/raw/gdsc_drug_response.csv,5696,2026-10-03,b472905ea811c145b1827f382975756a66c2ac5dffbe9ad323148bfdea38cdb5
SIDM00575,gefitinib,IC50,356344.5144088954,nM,GDSC,unknown,data/raw/gdsc_drug_response.csv,5697,2026-10-03,b472905ea811c145b1827f382975756a66c2ac5dffbe9ad323148bfdea38cdb5
SIDM00573,gefitinib,IC50,112821.1701399275,nM,GDSC,unknown,data/raw/gdsc_drug_response.csv,5698,2026-10-03,b472905ea811c145b1827f382975756a66c2ac5dffbe9ad323148bfdea38cdb5
SIDM00580,gefitinib,IC50,28533.2764242392,nM,GDSC,unknown,data/raw/gdsc_drug_response.csv,5699,2026-10-03,b472905ea811c145b1827f382975756a66c2ac5dffbe9ad323148bfdea38cdb5
SIDM00574,gefitinib,IC50,61010.37916833715,nM,GDSC,unknown,data/raw/gdsc_drug_response.csv,5700,2026-10-03,b472905ea811c145b1827f382975756a66c2ac5dffbe9ad323148bfdea38cdb5
SIDM01203,gefitinib,IC50,41689.61262279283,nM,GDSC,unknown,data/raw/gdsc_drug_response.csv,5701,2026-10-03,b472905ea811c145b1827f382975756a66c2ac5dffbe9ad323148bfdea38cdb5
SIDM00572,gefitinib,IC50,1810.6646720585766,nM,GDSC,unknown,data/raw/gdsc_drug_response.csv,5702,2026-10-03,b472905ea811c145b1827f382975756a66c2ac5dffbe9ad323148bfdea38cdb5
SIDM00778,gefitinib,IC50,10005.410533225288,nM,GDSC,unknown,data/raw/gdsc_drug_response.csv,5703,2026-10-03,b472905ea811c145b1827f382975756a66c2ac5dffbe9ad323148bfdea38cdb5
SIDM00779,gefitinib,IC50,89987.70051078287,nM,GDSC,unknown,data/raw/gdsc_drug_response.csv,5704,2026-10-03,b472905ea811c145b1827f382975756a66c2ac5dffbe9ad323148bfdea38cdb5
SIDM01127,gefitinib,IC50,26792.044595538035,nM,GDSC,unknown,data/raw/gdsc_drug_response.csv,5705,2026-10-03,b472905ea811c145b1827f382975756a66c2ac5dffbe9ad323148bfdea38cdb5
SIDM00925,gefitinib,IC50,137722.52877308306,nM,GDSC,unknown,data/raw/gdsc_drug_response.csv,5706,2026-10-03,b472905ea811c145b1827f382975756a66c2ac5dffbe9ad323148bfdea38cdb5
SIDM01147,gefitinib,IC50,7192.400625916151,nM,GDSC,unknown,data/raw/gdsc_drug_response.csv,5707,2026-10-03,b472905ea811c145b1827f382975756a66c2ac5dffbe9ad323148bfdea38cdb5
SIDM00722,gefitinib,IC50,168005.37954638017,nM,GDSC,unknown,data/raw/gdsc_drug_response.csv,5708,2026-10-03,b472905ea811c145b1827f382975756a66c2ac5dffbe9ad323148bfdea38cdb5
SIDM00755,gefitinib,IC50,77490.8604711061,nM,GDSC,unknown,data/raw/gdsc_drug_response.csv,5709,2026-10-03,b472905ea811c145b1827f382975756a66c2ac5dffbe9ad323148bfdea38cdb5
SIDM00718,gefitinib,IC50,18981.95896649739,nM,GDSC,unknown,data/raw/gdsc_drug_response.csv,5710,2026-10-03,b472905ea811c145b1827f382975756a66c2ac5dffbe9ad323148bfdea38cdb5
SIDM00651,gefitinib,IC50,26904.592582246853,nM,GDSC,unknown,data/raw/gdsc_drug_response.csv,5711,2026-10-03,b472905ea811c145b1827f382975756a66c2ac5dffbe9ad323148bfdea38cdb5
SIDM00652,gefitinib,IC50,22769.114717887514,nM,GDSC,unknown,data/raw/gdsc_drug_response.csv,5712,2026-10-03,b472905ea811c145b1827f382975756a66c2ac5dffbe9ad323148bfdea38cdb5
SIDM00697,gefitinib,IC50,32643.01835722106,nM,GDSC,unknown,data/raw/gdsc_drug_response.csv,5713,2026-10-03,b472905ea811c145b1827f382975756a66c2ac5dffbe9ad323148bfdea38cdb5
SIDM00720,gefitinib,IC50,278103.9598273698,nM,GDSC,unknown,data/raw/gdsc_drug_response.csv,5714,2026-10-03,b472905ea811c145b1827f382975756a66c2ac5dffbe9ad323148bfdea38cdb5
SIDM00748,gefitinib,IC50,24780.325209873296,nM,GDSC,unknown,data/raw/gdsc_drug_response.csv,5715,2026-10-03,b472905ea811c145b1827f382975756a66c2ac5dffbe9ad323148bfdea38cdb5
SIDM00749,gefitinib,IC50,19368.886694391087,nM,GDSC,unknown,data/raw/gdsc_drug_response.csv,5716,2026-10-03,b472905ea811c145b1827f382975756a66c2ac5dffbe9ad323148bfdea38cdb5
SIDM00743,gefitinib,IC50,1776.6116805554343,nM,GDSC,unknown,data/raw/gdsc_drug_response.csv,5717,2026-10-03,b472905ea811c145b1827f382975756a66c2ac5dffbe9ad323148bfdea38cdb5
SIDM00740,gefitinib,IC50,33731.90077030343,nM,GDSC,unknown,data/raw/gdsc_drug_response.csv,5718,2026-10-03,b472905ea811c145b1827f382975756a66c2ac5dffbe9ad323148bfdea38cdb5
SIDM00738,gefitinib,IC50,66741.03625845259,nM,GDSC,unknown,data/raw/gdsc_drug_response.csv,5719,2026-10-03,b472905ea811c145b1827f382975756a66c2ac5dffbe9ad323148bfdea38cdb5
SIDM00758,gefitinib,IC50,50863.01303595174,nM,GDSC,unknown,data/raw/gdsc_drug_response.csv,5720,2026-10-03,b472905ea811c145b1827f382975756a66c2ac5dffbe9ad323148bfdea38cdb5
SIDM00710,gefitinib,IC50,43425.37727251654,nM,GDSC,unknown,data/raw/gdsc_drug_response.csv,5721,2026-10-03,b472905ea811c145b1827f382975756a66c2ac5dffbe9ad323148bfdea38cdb5
SIDM00731,gefitinib,IC50,66442.90450502104,nM,GDSC,unknown,data/raw/gdsc_drug_response.csv,5722,2026-10-03,b472905ea811c145b1827f382975756a66c2ac5dffbe9ad323148bfdea38cdb5
SIDM01129,gefitinib,IC50,19638.285445370988,nM,GDSC,unknown,data/raw/gdsc_drug_response.csv,5723,2026-10-03,b472905ea811c145b1827f382975756a66c2ac5dffbe9ad323148bfdea38cdb5
SIDM01117,gefitinib,IC50,35282.88492337736,nM,GDSC,unknown,data/raw/gdsc_drug_response.csv,5724,2026-10-03,b472905ea811c145b1827f382975756a66c2ac5dffbe9ad323148bfdea38cdb5
SIDM00567,gefitinib,IC50,54736.294029705125,nM,GDSC,unknown,data/raw/gdsc_drug_response.csv,5725,2026-10-03,b472905ea811c145b1827f382975756a66c2ac5dffbe9ad323148bfdea38cdb5
SIDM00457,gefitinib,IC50,16459.091511275077,nM,GDSC,unknown,data/raw/gdsc_drug_response.csv,5726,2026-10-03,b472905ea811c145b1827f382975756a66c2ac5dffbe9ad323148bfdea38cdb5
SIDM00239,gefitinib,IC50,74751.2548932914,nM,GDSC,unknown,data/raw/gdsc_drug_response.csv,5727,2026-10-03,b472905ea811c145b1827f382975756a66c2ac5dffbe9ad323148bfdea38cdb5
SIDM00463,gefitinib,IC50,22938.988099892387,nM,GDSC,unknown,data/raw/gdsc_drug_response.csv,5728,2026-10-03,b472905ea811c145b1827f382975756a66c2ac5dffbe9ad323148bfdea38cdb5
SIDM00364,gefitinib,IC50,10543.515221641559,nM,GDSC,unknown,data/raw/gdsc_drug_response.csv,5729,2026-10-03,b472905ea811c145b1827f382975756a66c2ac5dffbe9ad323148bfdea38cdb5
SIDM00363,gefitinib,IC50,23705.474191169247,nM,GDSC,unknown,data/raw/gdsc_drug_response.csv,5730,2026-10-03,b472905ea811c145b1827f382975756a66c2ac5dffbe9ad323148bfdea38cdb5
SIDM01140,gefitinib,IC50,37713.94801865119,nM,GDSC,unknown,data/raw/gdsc_drug_response.csv,5731,2026-10-03,b472905ea811c145b1827f382975756a66c2ac5dffbe9ad323148bfdea38cdb5
SIDM00241,gefitinib,IC50,23187.399357943432,nM,GDSC,unknown,data/raw/gdsc_drug_response.csv,5732,2026-10-03,b472905ea811c145b1827f382975756a66c2ac5dffbe9ad323148bfdea38cdb5
SIDM00220,gefitinib,IC50,8259.689532813241,nM,GDSC,unknown,data/raw/gdsc_drug_response.csv,5733,2026-10-03,b472905ea811c145b1827f382975756a66c2ac5dffbe9ad323148bfdea38cdb5
SIDM00451,gefitinib,IC50,11383.933280990028,nM,GDSC,unknown,data/raw/gdsc_drug_response.csv,5734,2026-10-03,b472905ea811c145b1827f382975756a66c2ac5dffbe9ad323148bfdea38cdb5
SIDM00844,gefitinib,IC50,20435.69241050352,nM,GDSC,unknown,data/raw/gdsc_drug_response.csv,5735,2026-10-03,b472905ea811c145b1827f382975756a66c2ac5dffbe9ad323148bfdea38cdb5
SIDM00359,gefitinib,IC50,51810.35330257344,nM,GDSC,unknown,data/raw/gdsc_drug_response.csv,5736,2026-10-03,b472905ea811c145b1827f382975756a66c2ac5dffbe9ad323148bfdea38cdb5
SIDM00847,gefitinib,IC50,52223.41721779382,nM,GDSC,unknown,data/raw/gdsc_drug_response.csv,5737,2026-10-03,b472905ea811c145b1827f382975756a66c2ac5dffbe9ad323148bfdea38cdb5
SIDM00447,gefitinib,IC50,22571.792336142462,nM,GDSC,unknown,data/raw/gdsc_drug_response.csv,5738,2026-10-03,b472905ea811c145b1827f382975756a66c2ac5dffbe9ad323148bfdea38cdb5
SIDM01092,gefitinib,IC50,37670.45122511466,nM,GDSC,unknown,data/raw/gdsc_drug_response.csv,5739,2026-10-03,b472905ea811c145b1827f382975756a66c2ac5dffbe9ad323148bfdea38cdb5
SIDM01090,gefitinib,IC50,40350.024423218485,nM,GDSC,unknown,data/raw/gdsc_drug_response.csv,5740,2026-10-03,b472905ea811c145b1827f382975756a66c2ac5dffbe9ad323148bfdea38cdb5
SIDM00352,gefitinib,IC50,3929.5503320143207,nM,GDSC,unknown,data/raw/gdsc_drug_response.csv,5741,2026-10-03,b472905ea811c145b1827f382975756a66c2ac5dffbe9ad323148bfdea38cdb5
SIDM00813,gefitinib,IC50,19892.942090470344,nM,GDSC,unknown,data/raw/gdsc_drug_response.csv,5742,2026-10-03,b472905ea811c145b1827f382975756a66c2ac5dffbe9ad323148bfdea38cdb5
SIDM00403,gefitinib,IC50,18440.40166208588,nM,GDSC,unknown,data/raw/gdsc_drug_response.csv,5743,2026-10-03,b472905ea811c145b1827f382975756a66c2ac5dffbe9ad323148bfdea38cdb5
SIDM01086,gefitinib,IC50,16058.141828696229,nM,GDSC,unknown,data/raw/gdsc_drug_response.csv,5744,2026-10-03,b472905ea811c145b1827f382975756a66c2ac5dffbe9ad323148bfdea38cdb5
SIDM00402,gefitinib,IC50,24021.757928347623,nM,GDSC,unknown,data/raw/gdsc_drug_response.csv,5745,2026-10-03,b472905ea811c145b1827f382975756a66c2ac5dffbe9ad323148bfdea38cdb5
SIDM00401,gefitinib,IC50,27873.488385862234,nM,GDSC,unknown,data/raw/gdsc_drug_response.csv,5746,2026-10-03,b472905ea811c145b1827f382975756a66c2ac5dffbe9ad323148bfdea38cdb5
SIDM01084,gefitinib,IC50,61781.687389884195,nM,GDSC,unknown,data/raw/gdsc_drug_response.csv,5747,2026-10-03,b472905ea811c145b1827f382975756a66c2ac5dffbe9ad323148bfdea38cdb5
SIDM00351,gefitinib,IC50,11615.320970761943,nM,GDSC,unknown,data/raw/gdsc_drug_response.csv,5748,2026-10-03,b472905ea811c145b1827f382975756a66c2ac5dffbe9ad323148bfdea38cdb5
SIDM01080,gefitinib,IC50,11119.029390656797,nM,GDSC,unknown,data/raw/gdsc_drug_response.csv,5749,2026-10-03,b472905ea811c145b1827f382975756a66c2ac5dffbe9ad323148bfdea38cdb5
SIDM00383,gefitinib,IC50,36220.237152846596,nM,GDSC,unknown,data/raw/gdsc_drug_response.csv,5750,2026-10-03,b472905ea811c145b1827f382975756a66c2ac5dffbe9ad323148bfdea38cdb5
SIDM00382,gefitinib,IC50,17037.367158744466,nM,GDSC,unknown,data/raw/gdsc_drug_response.csv,5751,2026-10-03,b472905ea811c145b1827f382975756a66c2ac5dffbe9ad323148bfdea38cdb5
SIDM01079,gefitinib,IC50,43544.134066438965,nM,GDSC,unknown,data/raw/gdsc_drug_response.csv,5752,2026-10-03,b472905ea811c145b1827f382975756a66c2ac5dffbe9ad323148bfdea38cdb5
SIDM00396,gefitinib,IC50,3742.3134885088175,nM,GDSC,unknown,data/raw/gdsc_drug_response.csv,5753,2026-10-03,b472905ea811c145b1827f382975756a66c2ac5dffbe9ad323148bfdea38cdb5
SIDM01095,gefitinib,IC50,9370.22398081138,nM,GDSC,unknown,data/raw/gdsc_drug_response.csv,5754,2026-10-03,b472905ea811c145b1827f382975756a66c2ac5dffbe9ad323148bfdea38cdb5
SIDM01112,gefitinib,IC50,55207.45508215649,nM,GDSC,unknown,data/raw/gdsc_drug_response.csv,5755,2026-10-03,b472905ea811c145b1827f382975756a66c2ac5dffbe9ad323148bfdea38cdb5
SIDM01096,gefitinib,IC50,12263.716195075349,nM,GDSC,unknown,data/raw/gdsc_drug_response.csv,5756,2026-10-03,b472905ea811c145b1827f382975756a66c2ac5dffbe9ad323148bfdea38cdb5
SIDM01110,gefitinib,IC50,48702.04397758037,nM,GDSC,unknown,data/raw/gdsc_drug_response.csv,5757,2026-10-03,b472905ea811c145b1827f382975756a66c2ac5dffbe9ad323148bfdea38cdb5
SIDM01109,gefitinib,IC50,34244.192901096394,nM,GDSC,unknown,data/raw/gdsc_drug_response.csv,5758,2026-10-03,b472905ea811c145b1827f382975756a66c2ac5dffbe9ad323148bfdea38cdb5
SIDM01108,gefitinib,IC50,166143.68728380563,nM,GDSC,unknown,data/raw/gdsc_drug_response.csv,5759,2026-10-03,b472905ea811c145b1827f382975756a66c2ac5dffbe9ad323148bfdea38cdb5
SIDM00380,gefitinib,IC50,13476.44032815863,nM,GDSC,unknown,data/raw/gdsc_drug_response.csv,5760,2026-10-03,b472905ea811c145b1827f382975756a66c2ac5dffbe9ad323148bfdea38cdb5
SIDM01107,gefitinib,IC50,103119.6536585599,nM,GDSC,unknown,data/raw/gdsc_drug_response.csv,5761,2026-10-03,b472905ea811c145b1827f382975756a66c2ac5dffbe9ad323148bfdea38cdb5
SIDM01105,gefitinib,IC50,41850.761805183545,nM,GDSC,unknown,data/raw/gdsc_drug_response.csv,5762,2026-10-03,b472905ea811c145b1827f382975756a66c2ac5dffbe9ad323148bfdea38cdb5
SIDM01106,gefitinib,IC50,62434.9990280676,nM,GDSC,unknown,data/raw/gdsc_drug_response.csv,5763,2026-10-03,b472905ea811c145b1827f382975756a66c2ac5dffbe9ad323148bfdea38cdb5
SIDM00392,gefitinib,IC50,25373.694810508518,nM,GDSC,unknown,data/raw/gdsc_drug_response.csv,5764,2026-10-03,b472905ea811c145b1827f382975756a66c2ac5dffbe9ad323148bfdea38cdb5
SIDM01104,gefitinib,IC50,36523.1388197383,nM,GDSC,unknown,data/raw/gdsc_drug_response.csv,5765,2026-10-03,b472905ea811c145b1827f382975756a66c2ac5dffbe9ad323148bfdea38cdb5
SIDM01103,gefitinib,IC50,8100.736633898634,nM,GDSC,unknown,data/raw/gdsc_drug_response.csv,5766,2026-10-03,b472905ea811c145b1827f382975756a66c2ac5dffbe9ad323148bfdea38cdb5
SIDM00379,gefitinib,IC50,75194.49323375958,nM,GDSC,unknown,data/raw/gdsc_drug_response.csv,5767,2026-10-03,b472905ea811c145b1827f382975756a66c2ac5dffbe9ad323148bfdea38cdb5
SIDM01097,gefitinib,IC50,21021.610919991388,nM,GDSC,unknown,data/raw/gdsc_drug_response.csv,5768,2026-10-03,b472905ea811c145b1827f382975756a66c2ac5dffbe9ad323148bfdea38cdb5
SIDM01113,gefitinib,IC50,47336.75239397723,nM,GDSC,unknown,data/raw/gdsc_drug_response.csv,5769,2026-10-03,b472905ea811c145b1827f382975756a66c2ac5dffbe9ad323148bfdea38cdb5
SIDM00373,gefitinib,IC50,36613.975068480555,nM,GDSC,unknown,data/raw/gdsc_drug_response.csv,5770,2026-10-03,b472905ea811c145b1827f382975756a66c2ac5dffbe9ad323148bfdea38cdb5
SIDM01180,gefitinib,IC50,80909.6419077166,nM,GDSC,unknown,data/raw/gdsc_drug_response.csv,5771,2026-10-03,b472905ea811c145b1827f382975756a66c2ac5dffbe9ad323148bfdea38cdb5
SIDM01199,gefitinib,IC50,79101.82922655815,nM,GDSC,unknown,data/raw/gdsc_drug_response.csv,5772,2026-10-03,b472905ea811c145b1827f382975756a66c2ac5dffbe9ad323148bfdea38cdb5
SIDM01194,gefitinib,IC50,25072.609617705395,nM,GDSC,unknown,data/raw/gdsc_drug_response.csv,5773,2026-10-03,b472905ea811c145b1827f382975756a66c2ac5dffbe9ad323148bfdea38cdb5
SIDM00781,gefitinib,IC50,81535.05088492982,nM,GDSC,unknown,data/raw/gdsc_drug_response.csv,5774,2026-10-03,b472905ea811c145b1827f382975756a66c2ac5dffbe9ad323148bfdea38cdb5
SIDM00390,gefitinib,IC50,25665.302951133184,nM,GDSC,unknown,data/raw/gdsc_drug_response.csv,5775,2026-10-03,b472905ea811c145b1827f382975756a66c2ac5dffbe9ad323148bfdea38cdb5
SIDM01154,gefitinib,IC50,38817.80371423067,nM,GDSC,unknown,data/raw/gdsc_drug_response.csv,5776,2026-10-03,b472905ea811c145b1827f382975756a66c2ac5dffbe9ad323148bfdea38cdb5
SIDM00814,gefitinib,IC50,2836.7357292289835,nM,GDSC,unknown,data/raw/gdsc_drug_response.csv,5777,2026-10-03,b472905ea811c145b1827f382975756a66c2ac5dffbe9ad323148bfdea38cdb5
SIDM01155,gefitinib,IC50,82760.17769606193,nM,GDSC,unknown,data/raw/gdsc_drug_response.csv,5778,2026-10-03,b472905ea811c145b1827f382975756a66c2ac5dffbe9ad323148bfdea38cdb5
SIDM00835,gefitinib,IC50,32594.155722972333,nM,GDSC,unknown,data/raw/gdsc_drug_response.csv,5779,2026-10-03,b472905ea811c145b1827f382975756a66c2ac5dffbe9ad323148bfdea38cdb5
SIDM00812,gefitinib,IC50,201314.42715538322,nM,GDSC,unknown,data/raw/gdsc_drug_response.csv,5780,2026-10-03,b472905ea811c145b1827f382975756a66c2ac5dffbe9ad323148bfdea38cdb5
SIDM00834,gefitinib,IC50,11645.676555301348,nM,GDSC,unknown,data/raw/gdsc_drug_response.csv,5781,2026-10-03,b472905ea811c145b1827f382975756a66c2ac5dffbe9ad323148bfdea38cdb5
SIDM00420,gefitinib,IC50,74434.75724337017,nM,GDSC,unknown,data/raw/gdsc_drug_response.csv,5782,2026-10-03,b472905ea811c145b1827f382975756a66c2ac5dffbe9ad323148bfdea38cdb5
SIDM01164,gefitinib,IC50,30286.74021298477,nM,GDSC,unknown,data/raw/gdsc_drug_response.csv,5783,2026-10-03,b472905ea811c145b1827f382975756a66c2ac5dffbe9ad323148bfdea38cdb5
SIDM00837,gefitinib,IC50,1307.2360202306925,nM,GDSC,unknown,data/raw/gdsc_drug_response.csv,5784,2026-10-03,b472905ea811c145b1827f382975756a66c2ac5dffbe9ad323148bfdea38cdb5
SIDM01168,gefitinib,IC50,133277.57720239932,nM,GDSC,unknown,data/raw/gdsc_drug_response.csv,5785,2026-10-03,b472905ea811c145b1827f382975756a66c2ac5dffbe9ad323148bfdea38cdb5
SIDM01175,gefitinib,IC50,240818.37050563487,nM,GDSC,unknown,data/raw/gdsc_drug_response.csv,5786,2026-10-03,b472905ea811c145b1827f382975756a66c2ac5dffbe9ad323148bfdea38cdb5
SIDM00833,gefitinib,IC50,43465.26007225694,nM,GDSC,unknown,data/raw/gdsc_drug_response.csv,5787,2026-10-03,b472905ea811c145b1827f382975756a66c2ac5dffbe9ad323148bfdea38cdb5
SIDM01159,gefitinib,IC50,79303.79628965045,nM,GDSC,unknown,data/raw/gdsc_drug_response.csv,5788,2026-10-03,b472905ea811c145b1827f382975756a66c2ac5dffbe9ad323148bfdea38cdb5
SIDM00832,gefitinib,IC50,78324.0728851307,nM,GDSC,unknown,data/raw/gdsc_drug_response.csv,5789,2026-10-03,b472905ea811c145b1827f382975756a66c2ac5dffbe9ad323148bfdea38cdb5
SIDM01178,gefitinib,IC50,14610.186632800336,nM,GDSC,unknown,data/raw/gdsc_drug_response.csv,5790,2026-10-03,b472905ea811c145b1827f382975756a66c2ac5dffbe9ad323148bfdea38cdb5
SIDM01161,gefitinib,IC50,44578.06848148939,nM,GDSC,unknown,data/raw/gdsc_drug_response.csv,5791,2026-10-03,b472905ea811c145b1827f382975756a66c2ac5dffbe9ad323148bfdea38cdb5
SIDM00782,gefitinib,IC50,19213.304850294604,nM,GDSC,unknown,data/raw/gdsc_drug_response.csv,5792,2026-10-03,b472905ea811c145b1827f382975756a66c2ac5dffbe9ad323148bfdea38cdb5
SIDM00370,gefitinib,IC50,6430.748892663362,nM,GDSC,unknown,data/raw/gdsc_drug_response.csv,5793,2026-10-03,b472905ea811c145b1827f382975756a66c2ac5dffbe9ad323148bfdea38cdb5
SIDM00252,gefitinib,IC50,31144.136712862888,nM,GDSC,unknown,data/raw/gdsc_drug_response.csv,5794,2026-10-03,b472905ea811c145b1827f382975756a66c2ac5dffbe9ad323148bfdea38cdb5
SIDM00251,gefitinib,IC50,18529.443361652447,nM,GDSC,unknown,data/raw/gdsc_drug_response.csv,5795,2026-10-03,b472905ea811c145b1827f382975756a66c2ac5dffbe9ad323148bfdea38cdb5
SIDM01172,gefitinib,IC50,21594.313151441656,nM,GDSC,unknown,data/raw/gdsc_drug_response.csv,5796,2026-10-03,b472905ea811c145b1827f382975756a66c2ac5dffbe9ad323148bfdea38cdb5
SIDM01205,gefitinib,IC50,11681.180003569563,nM,GDSC,unknown,data/raw/gdsc_drug_response.csv,5797,2026-10-03,b472905ea811c145b1827f382975756a66c2ac5dffbe9ad323148bfdea38cdb5
SIDM00321,gefitinib,IC50,120356.11824054149,nM,GDSC,unknown,data/raw/gdsc_drug_response.csv,5798,2026-10-03,b472905ea811c145b1827f382975756a66c2ac5dffbe9ad323148bfdea38cdb5
SIDM01191,gefitinib,IC50,82591.10606733567,nM,GDSC,unknown,data/raw/gdsc_drug_response.csv,5799,2026-10-03,b472905ea811c145b1827f382975756a66c2ac5dffbe9ad323148bfdea38cdb5
SIDM00424,gefitinib,IC50,23592.833484388677,nM,GDSC,unknown,data/raw/gdsc_drug_response.csv,5800,2026-10-03,b472905ea811c145b1827f382975756a66c2ac5dffbe9ad323148bfdea38cdb5
SIDM01186,gefitinib,IC50,15925.12419226199,nM,GDSC,unknown,data/raw/gdsc_drug_response.csv,5801,2026-10-03,b472905ea811c145b1827f382975756a66c2ac5dffbe9ad323148bfdea38cdb5
SIDM01183,gefitinib,IC50,52868.93889667048,nM,GDSC,unknown,data/raw/gdsc_drug_response.csv,5802,2026-10-03,b472905ea811c145b1827f382975756a66c2ac5dffbe9ad323148bfdea38cdb5
SIDM00317,gefitinib,IC50,357738.7602308894,nM,GDSC,unknown,data/raw/gdsc_drug_response.csv,5803,2026-10-03,b472905ea811c145b1827f382975756a66c2ac5dffbe9ad323148bfdea38cdb5
SIDM01000,gefitinib,IC50,96113.1362324188,nM,GDSC,unknown,data/raw/gdsc_drug_response.csv,5804,2026-10-03,b472905ea811c145b1827f382975756a66c2ac5dffbe9ad323148bfdea38cdb5
SIDM00412,gefitinib,IC50,22750.610950422546,nM,GDSC,unknown,data/raw/gdsc_drug_response.csv,5805,2026-10-03,b472905ea811c145b1827f382975756a66c2ac5dffbe9ad323148bfdea38cdb5
SIDM00411,gefitinib,IC50,164384.79655996786,nM,GDSC,unknown,data/raw/gdsc_drug_response.csv,5806,2026-10-03,b472905ea811c145b1827f382975756a66c2ac5dffbe9ad323148bfdea38cdb5
SIDM00316,gefitinib,IC50,63141.73743908587,nM,GDSC,unknown,data/raw/gdsc_drug_response.csv,5807,2026-10-03,b472905ea811c145b1827f382975756a66c2ac5dffbe9ad323148bfdea38cdb5
SIDM00971,gefitinib,IC50,193161.3789731305,nM,GDSC,unknown,data/raw/gdsc_drug_response.csv,5808,2026-10-03,b472905ea811c145b1827f382975756a66c2ac5dffbe9ad323148bfdea38cdb5
SIDM00235,gefitinib,IC50,7960.469654998639,nM,GDSC,unknown,data/raw/gdsc_drug_response.csv,5809,2026-10-03,b472905ea811c145b1827f382975756a66c2ac5dffbe9ad323148bfdea38cdb5
SIDM00554,gefitinib,IC50,120727.38654441037,nM,GDSC,unknown,data/raw/gdsc_drug_response.csv,5810,2026-10-03,b472905ea811c145b1827f382975756a66c2ac5dffbe9ad323148bfdea38cdb5
SIDM01018,gefitinib,IC50,27589.630621229186,nM,GDSC,unknown,data/raw/gdsc_drug_response.csv,5811,2026-10-03,b472905ea811c145b1827f382975756a66c2ac5dffbe9ad323148bfdea38cdb5
SIDM00584,gefitinib,IC50,91696.57238569742,nM,GDSC,unknown,data/raw/gdsc_drug_response.csv,5812,2026-10-03,b472905ea811c145b1827f382975756a66c2ac5dffbe9ad323148bfdea38cdb5
SIDM00479,gefitinib,IC50,2127.6625866446157,nM,GDSC,unknown,data/raw/gdsc_drug_response.csv,5813,2026-10-03,b472905ea811c145b1827f382975756a66c2ac5dffbe9ad323148bfdea38cdb5
SIDM01177,gefitinib,IC50,9096.547991853175,nM,GDSC,unknown,data/raw/gdsc_drug_response.csv,5814,2026-10-03,b472905ea811c145b1827f382975756a66c2ac5dffbe9ad323148bfdea38cdb5
SIDM01150,gefitinib,IC50,23169.714120009583,nM,GDSC,unknown,data/raw/gdsc_drug_response.csv,5815,2026-10-03,b472905ea811c145b1827f382975756a66c2ac5dffbe9ad323148bfdea38cdb5
SIDM01247,gefitinib,IC50,6882.238758784824,nM,GDSC,unknown,data/raw/gdsc_drug_response.csv,5816,2026-10-03,b472905ea811c145b1827f382975756a66c2ac5dffbe9ad323148bfdea38cdb5
SIDM00467,gefitinib,IC50,8456.572925517572,nM,GDSC,unknown,data/raw/gdsc_drug_response.csv,5817,2026-10-03,b472905ea811c145b1827f382975756a66c2ac5dffbe9ad323148bfdea38cdb5
SIDM00469,gefitinib,IC50,68206.09975003175,nM,GDSC,unknown,data/raw/gdsc_drug_response.csv,5818,2026-10-03,b472905ea811c145b1827f382975756a66c2ac5dffbe9ad323148bfdea38cdb5
SIDM00480,gefitinib,IC50,58795.892675070696,nM,GDSC,unknown,data/raw/gdsc_drug_response.csv,5819,2026-10-03,b472905ea811c145b1827f382975756a66c2ac5dffbe9ad323148bfdea38cdb5
SIDM00477,gefitinib,IC50,11516.732754723145,nM,GDSC,unknown,data/raw/gdsc_drug_response.csv,5820,2026-10-03,b472905ea811c145b1827f382975756a66c2ac5dffbe9ad323148bfdea38cdb5
SIDM00282,gefitinib,IC50,5549.156864990623,nM,GDSC,unknown,data/raw/gdsc_drug_response.csv,5821,2026-10-03,b472905ea811c145b1827f382975756a66c2ac5dffbe9ad323148bfdea38cdb5
SIDM00286,gefitinib,IC50,42647.25880465224,nM,GDSC,unknown,data/raw/gdsc_drug_response.csv,5822,2026-10-03,b472905ea811c145b1827f382975756a66c2ac5dffbe9ad323148bfdea38cdb5
SIDM01248,gefitinib,IC50,58249.64511611264,nM,GDSC,unknown,data/raw/gdsc_drug_response.csv,5823,2026-10-03,b472905ea811c145b1827f382975756a66c2ac5dffbe9ad323148bfdea38cdb5
SIDM00842,gefitinib,IC50,31231.681115703283,nM,GDSC,unknown,data/raw/gdsc_drug_response.csv,5824,2026-10-03,b472905ea811c145b1827f382975756a66c2ac5dffbe9ad323148bfdea38cdb5
SIDM00233,gefitinib,IC50,17953.39080715586,nM,GDSC,unknown,data/raw/gdsc_drug_response.csv,5825,2026-10-03,b472905ea811c145b1827f382975756a66c2ac5dffbe9ad323148bfdea38cdb5
SIDM00917,gefitinib,IC50,13088.36935039873,nM,GDSC,unknown,data/raw/gdsc_drug_response.csv,5826,2026-10-03,b472905ea811c145b1827f382975756a66c2ac5dffbe9ad323148bfdea38cdb5
SIDM00957,gefitinib,IC50,47059.37018615338,nM,GDSC,unknown,data/raw/gdsc_drug_response.csv,5827,2026-10-03,b472905ea811c145b1827f382975756a66c2ac5dffbe9ad323148bfdea38cdb5
SIDM00142,gefitinib,IC50,81269.35433150403,nM,GDSC,unknown,data/raw/gdsc_drug_response.csv,5828,2026-10-03,b472905ea811c145b1827f382975756a66c2ac5dffbe9ad323148bfdea38cdb5
SIDM00143,gefitinib,IC50,20447.71213109244,nM,GDSC,unknown,data/raw/gdsc_drug_response.csv,5829,2026-10-03,b472905ea811c145b1827f382975756a66c2ac5dffbe9ad323148bfdea38cdb5
SIDM00343,gefitinib,IC50,43546.57260622518,nM,GDSC,unknown,data/raw/gdsc_drug_response.csv,5830,2026-10-03,b472905ea811c145b1827f382975756a66c2ac5dffbe9ad323148bfdea38cdb5
SIDM00267,gefitinib,IC50,2213.500059343806,nM,GDSC,unknown,data/raw/gdsc_drug_response.csv,5831,2026-10-03,b472905ea811c145b1827f382975756a66c2ac5dffbe9ad323148bfdea38cdb5
SIDM00794,gefitinib,IC50,2613.3188406259924,nM,GDSC,unknown,data/raw/gdsc_drug_response.csv,5832,2026-10-03,b472905ea811c145b1827f382975756a66c2ac5dffbe9ad323148bfdea38cdb5
SIDM00988,gefitinib,IC50,46182.87230400327,nM,GDSC,unknown,data/raw/gdsc_drug_response.csv,5833,2026-10-03,b472905ea811c145b1827f382975756a66c2ac5dffbe9ad323148bfdea38cdb5
SIDM01233,gefitinib,IC50,52664.257518869716,nM,GDSC,unknown,data/raw/gdsc_drug_response.csv,5834,2026-10-03,b472905ea811c145b1827f382975756a66c2ac5dffbe9ad323148bfdea38cdb5
SIDM01082,gefitinib,IC50,24978.18889831564,nM,GDSC,unknown,data/raw/gdsc_drug_response.csv,5835,2026-10-03,b472905ea811c145b1827f382975756a66c2ac5dffbe9ad323148bfdea38cdb5
SIDM00899,gefitinib,IC50,64453.49783603807,nM,GDSC,unknown,data/raw/gdsc_drug_response.csv,5836,2026-10-03,b472905ea811c145b1827f382975756a66c2ac5dffbe9ad323148bfdea38cdb5
SIDM00907,gefitinib,IC50,40043.36532535964,nM,GDSC,unknown,data/raw/gdsc_drug_response.csv,5837,2026-10-03,b472905ea811c145b1827f382975756a66c2ac5dffbe9ad323148bfdea38cdb5
SIDM00898,gefitinib,IC50,3132.702341638596,nM,GDSC,unknown,data/raw/gdsc_drug_response.csv,5838,2026-10-03,b472905ea811c145b1827f382975756a66c2ac5dffbe9ad323148bfdea38cdb5
SIDM00287,gefitinib,IC50,12129.384746148098,nM,GDSC,unknown,data/raw/gdsc_drug_response.csv,5839,2026-10-03,b472905ea811c145b1827f382975756a66c2ac5dffbe9ad323148bfdea38cdb5
SIDM00985,gefitinib,IC50,8311.308023245194,nM,GDSC,unknown,data/raw/gdsc_drug_response.csv,5840,2026-10-03,b472905ea811c145b1827f382975756a66c2ac5dffbe9ad323148bfdea38cdb5
SIDM00962,gefitinib,IC50,14907.254892674577,nM,GDSC,unknown,data/raw/gdsc_drug_response.csv,5841,2026-10-03,b472905ea811c145b1827f382975756a66c2ac5dffbe9ad323148bfdea38cdb5
SIDM00306,gefitinib,IC50,64994.26271000227,nM,GDSC,unknown,data/raw/gdsc_drug_response.csv,5842,2026-10-03,b472905ea811c145b1827f382975756a66c2ac5dffbe9ad323148bfdea38cdb5
SIDM00324,gefitinib,IC50,35048.43633238558,nM,GDSC,unknown,data/raw/gdsc_drug_response.csv,5843,2026-10-03,b472905ea811c145b1827f382975756a66c2ac5dffbe9ad323148bfdea38cdb5
SIDM00901,gefitinib,IC50,35157.32538148928,nM,GDSC,unknown,data/raw/gdsc_drug_response.csv,5844,2026-10-03,b472905ea811c145b1827f382975756a66c2ac5dffbe9ad323148bfdea38cdb5
SIDM00798,gefitinib,IC50,71075.94832187967,nM,GDSC,unknown,data/raw/gdsc_drug_response.csv,5845,2026-10-03,b472905ea811c145b1827f382975756a66c2ac5dffbe9ad323148bfdea38cdb5
SIDM00569,gefitinib,IC50,40522.12008696449,nM,GDSC,unknown,data/raw/gdsc_drug_response.csv,5846,2026-10-03,b472905ea811c145b1827f382975756a66c2ac5dffbe9ad323148bfdea38cdb5
SIDM01237,gefitinib,IC50,91104.93736516616,nM,GDSC,unknown,data/raw/gdsc_drug_response.csv,5847,2026-10-03,b472905ea811c145b1827f382975756a66c2ac5dffbe9ad323148bfdea38cdb5
SIDM00810,gefitinib,IC50,12635.938299322836,nM,GDSC,unknown,data/raw/gdsc_drug_response.csv,5848,2026-10-03,b472905ea811c145b1827f382975756a66c2ac5dffbe9ad323148bfdea38cdb5
SIDM00928,gefitinib,IC50,45783.69393009327,nM,GDSC,unknown,data/raw/gdsc_drug_response.csv,5849,2026-10-03,b472905ea811c145b1827f382975756a66c2ac5dffbe9ad323148bfdea38cdb5
SIDM01228,gefitinib,IC50,10101.19769015048,nM,GDSC,unknown,data/raw/gdsc_drug_response.csv,5850,2026-10-03,b472905ea811c145b1827f382975756a66c2ac5dffbe9ad323148bfdea38cdb5
SIDM01089,gefitinib,IC50,28871.328233160584,nM,GDSC,unknown,data/raw/gdsc_drug_response.csv,5851,2026-10-03,b472905ea811c145b1827f382975756a66c2ac5dffbe9ad323148bfdea38cdb5
SIDM00698,gefitinib,IC50,44584.443601092426,nM,GDSC,unknown,data/raw/gdsc_drug_response.csv,5852,2026-10-03,b472905ea811c145b1827f382975756a66c2ac5dffbe9ad323148bfdea38cdb5
SIDM00744,gefitinib,IC50,21065.50776886616,nM,GDSC,unknown,data/raw/gdsc_drug_response.csv,5853,2026-10-03,b472905ea811c145b1827f382975756a66c2ac5dffbe9ad323148bfdea38cdb5
SIDM01087,gefitinib,IC50,36748.9994706575,nM,GDSC,unknown,data/raw/gdsc_drug_response.csv,5854,2026-10-03,b472905ea811c145b1827f382975756a66c2ac5dffbe9ad323148bfdea38cdb5
SIDM01081,gefitinib,IC50,40520.82339986881,nM,GDSC,unknown,data/raw/gdsc_drug_response.csv,5855,2026-10-03,b472905ea811c145b1827f382975756a66c2ac5dffbe9ad323148bfdea38cdb5
SIDM01197,gefitinib,IC50,67477.68833150066,nM,GDSC,unknown,data/raw/gdsc_drug_response.csv,5856,2026-10-03,b472905ea811c145b1827f382975756a66c2ac5dffbe9ad323148bfdea38cdb5
SIDM01198,gefitinib,IC50,24393.726778459088,nM,GDSC,unknown,data/raw/gdsc_drug_response.csv,5857,2026-10-03,b472905ea811c145b1827f382975756a66c2ac5dffbe9ad323148bfdea38cdb5
SIDM01165,gefitinib,IC50,59849.255949186685,nM,GDSC,unknown,data/raw/gdsc_drug_response.csv,5858,2026-10-03,b472905ea811c145b1827f382975756a66c2ac5dffbe9ad323148bfdea38cdb5
SIDM01187,gefitinib,IC50,42156.631372117816,nM,GDSC,unknown,data/raw/gdsc_drug_response.csv,5859,2026-10-03,b472905ea811c145b1827f382975756a66c2ac5dffbe9ad323148bfdea38cdb5
SIDM01083,gefitinib,IC50,1916.5620844161476,nM,GDSC,unknown,data/raw/gdsc_drug_response.csv,5860,2026-10-03,b472905ea811c145b1827f382975756a66c2ac5dffbe9ad323148bfdea38cdb5
SIDM00943,gefitinib,IC50,78525.23200836734,nM,GDSC,unknown,data/raw/gdsc_drug_response.csv,5861,2026-10-03,b472905ea811c145b1827f382975756a66c2ac5dffbe9ad323148bfdea38cdb5
SIDM00937,gefitinib,IC50,1798.8489713517467,nM,GDSC,unknown,data/raw/gdsc_drug_response.csv,5862,2026-10-03,b472905ea811c145b1827f382975756a66c2ac5dffbe9ad323148bfdea38cdb5
SIDM00895,gefitinib,IC50,12235.285116816181,nM,GDSC,unknown,data/raw/gdsc_drug_response.csv,5863,2026-10-03,b472905ea811c145b1827f382975756a66c2ac5dffbe9ad323148bfdea38cdb5
SIDM00896,gefitinib,IC50,18763.54703375943,nM,GDSC,unknown,data/raw/gdsc_drug_response.csv,5864,2026-10-03,b472905ea811c145b1827f382975756a66c2ac5dffbe9ad323148bfdea38cdb5
SIDM00849,gefitinib,IC50,38129.947614393,nM,GDSC,unknown,data/raw/gdsc_drug_response.csv,5865,2026-10-03,b472905ea811c145b1827f382975756a66c2ac5dffbe9ad323148bfdea38cdb5
SIDM00801,gefitinib,IC50,43753.6045883254,nM,GDSC,unknown,data/raw/gdsc_drug_response.csv,5866,2026-10-03,b472905ea811c145b1827f382975756a66c2ac5dffbe9ad323148bfdea38cdb5
SIDM00803,gefitinib,IC50,4424.720001673999,nM,GDSC,unknown,data/raw/gdsc_drug_response.csv,5867,2026-10-03,b472905ea811c145b1827f382975756a66c2ac5dffbe9ad323148bfdea38cdb5
SIDM00980,gefitinib,IC50,6127.182380567848,nM,GDSC,unknown,data/raw/gdsc_drug_response.csv,5868,2026-10-03,b472905ea811c145b1827f382975756a66c2ac5dffbe9ad323148bfdea38cdb5
SIDM00995,gefitinib,IC50,3283.175190414795,nM,GDSC,unknown,data/raw/gdsc_drug_response.csv,5869,2026-10-03,b472905ea811c145b1827f382975756a66c2ac5dffbe9ad323148bfdea38cdb5
SIDM00989,gefitinib,IC50,37191.081949561754,nM,GDSC,unknown,data/raw/gdsc_drug_response.csv,5870,2026-10-03,b472905ea811c145b1827f382975756a66c2ac5dffbe9ad323148bfdea38cdb5
SIDM00933,gefitinib,IC50,22608.704794084973,nM,GDSC,unknown,data/raw/gdsc_drug_response.csv,5871,2026-10-03,b472905ea811c145b1827f382975756a66c2ac5dffbe9ad323148bfdea38cdb5
SIDM00384,gefitinib,IC50,15934.315640398709,nM,GDSC,unknown,data/raw/gdsc_drug_response.csv,5872,2026-10-03,b472905ea811c145b1827f382975756a66c2ac5dffbe9ad323148bfdea38cdb5
SIDM00355,gefitinib,IC50,35605.63813867781,nM,GDSC,unknown,data/raw/gdsc_drug_response.csv,5873,2026-10-03,b472905ea811c145b1827f382975756a66c2ac5dffbe9ad323148bfdea38cdb5
SIDM00543,gefitinib,IC50,44258.25908382964,nM,GDSC,unknown,data/raw/gdsc_drug_response.csv,5874,2026-10-03,b472905ea811c145b1827f382975756a66c2ac5dffbe9ad323148bfdea38cdb5
SIDM00492,gefitinib,IC50,36041.53415669764,nM,GDSC,unknown,data/raw/gdsc_drug_response.csv,5875,2026-10-03,b472905ea811c145b1827f382975756a66c2ac5dffbe9ad323148bfdea38cdb5
SIDM00502,gefitinib,IC50,24153.51697668393,nM,GDSC,unknown,data/raw/gdsc_drug_response.csv,5876,2026-10-03,b472905ea811c145b1827f382975756a66c2ac5dffbe9ad323148bfdea38cdb5
SIDM00495,gefitinib,IC50,9233.78462791267,nM,GDSC,unknown,data/raw/gdsc_drug_response.csv,5877,2026-10-03,b472905ea811c145b1827f382975756a66c2ac5dffbe9ad323148bfdea38cdb5
SIDM00540,gefitinib,IC50,308.77574805714835,nM,GDSC,unknown,data/raw/gdsc_drug_response.csv,5878,2026-10-03,b472905ea811c145b1827f382975756a66c2ac5dffbe9ad323148bfdea38cdb5
SIDM00511,gefitinib,IC50,39794.90941642343,nM,GDSC,unknown,data/raw/gdsc_drug_response.csv,5879,2026-10-03,b472905ea811c145b1827f382975756a66c2ac5dffbe9ad323148bfdea38cdb5
SIDM00285,gefitinib,IC50,22904.60541120582,nM,GDSC,unknown,data/raw/gdsc_drug_response.csv,5880,2026-10-03,b472905ea811c145b1827f382975756a66c2ac5dffbe9ad323148bfdea38cdb5
SIDM00243,gefitinib,IC50,10434.994359579694,nM,GDSC,unknown,data/raw/gdsc_drug_response.csv,5881,2026-10-03,b472905ea811c145b1827f382975756a66c2ac5dffbe9ad323148bfdea38cdb5
SIDM00212,gefitinib,IC50,57139.063094379024,nM,GDSC,unknown,data/raw/gdsc_drug_response.csv,5882,2026-10-03,b472905ea811c145b1827f382975756a66c2ac5dffbe9ad323148bfdea38cdb5
SIDM00211,gefitinib,IC50,2216.1711507597543,nM,GDSC,unknown,data/raw/gdsc_drug_response.csv,5883,2026-10-03,b472905ea811c145b1827f382975756a66c2ac5dffbe9ad323148bfdea38cdb5
SIDM00446,gefitinib,IC50,13909.568714125506,nM,GDSC,unknown,data/raw/gdsc_drug_response.csv,5884,2026-10-03,b472905ea811c145b1827f382975756a66c2ac5dffbe9ad323148bfdea38cdb5
SIDM00332,gefitinib,IC50,169001.7381869392,nM,GDSC,unknown,data/raw/gdsc_drug_response.csv,5885,2026-10-03,b472905ea811c145b1827f382975756a66c2ac5dffbe9ad323148bfdea38cdb5
SIDM00958,gefitinib,IC50,13776.524218660077,nM,GDSC,unknown,data/raw/gdsc_drug_response.csv,5886,2026-10-03,b472905ea811c145b1827f382975756a66c2ac5dffbe9ad323148bfdea38cdb5
SIDM00932,gefitinib,IC50,2409.9090302357727,nM,GDSC,unknown,data/raw/gdsc_drug_response.csv,5887,2026-10-03,b472905ea811c145b1827f382975756a66c2ac5dffbe9ad323148bfdea38cdb5
SIDM01052,gefitinib,IC50,147318.66063498482,nM,GDSC,unknown,data/raw/gdsc_drug_response.csv,5888,2026-10-03,b472905ea811c145b1827f382975756a66c2ac5dffbe9ad323148bfdea38cdb5
SIDM00681,gefitinib,IC50,31364.321847456195,nM,GDSC,unknown,data/raw/gdsc_drug_response.csv,5889,2026-10-03,b472905ea811c145b1827f382975756a66c2ac5dffbe9ad323148bfdea38cdb5
SIDM00499,gefitinib,IC50,74044.9247340757,nM,GDSC,unknown,data/raw/gdsc_drug_response.csv,5890,2026-10-03,b472905ea811c145b1827f382975756a66c2ac5dffbe9ad323148bfdea38cdb5
SIDM00996,gefitinib,IC50,101745.13399152254,nM,GDSC,unknown,data/raw/gdsc_drug_response.csv,5891,2026-10-03,b472905ea811c145b1827f382975756a66c2ac5dffbe9ad323148bfdea38cdb5
SIDM00992,gefitinib,IC50,64875.56172352416,nM,GDSC,unknown,data/raw/gdsc_drug_response.csv,5892,2026-10-03,b472905ea811c145b1827f382975756a66c2ac5dffbe9ad323148bfdea38cdb5
SIDM00964,gefitinib,IC50,1420.414882905886,nM,GDSC,unknown,data/raw/gdsc_drug_response.csv,5893,2026-10-03,b472905ea811c145b1827f382975756a66c2ac5dffbe9ad323148bfdea38cdb5
SIDM00938,gefitinib,IC50,28249.139586116413,nM,GDSC,unknown,data/raw/gdsc_drug_response.csv,5894,2026-10-03,b472905ea811c145b1827f382975756a66c2ac5dffbe9ad323148bfdea38cdb5
SIDM00935,gefitinib,IC50,666.0756675203573,nM,GDSC,unknown,data/raw/gdsc_drug_response.csv,5895,2026-10-03,b472905ea811c145b1827f382975756a66c2ac5dffbe9ad323148bfdea38cdb5
SIDM00488,gefitinib,IC50,17628.81889286101,nM,GDSC,unknown,data/raw/gdsc_drug_response.csv,5896,2026-10-03,b472905ea811c145b1827f382975756a66c2ac5dffbe9ad323148bfdea38cdb5
SIDM01064,gefitinib,IC50,38186.95633103643,nM,GDSC,unknown,data/raw/gdsc_drug_response.csv,5897,2026-10-03,b472905ea811c145b1827f382975756a66c2ac5dffbe9ad323148bfdea38cdb5
SIDM00592,gefitinib,IC50,8023.606427159676,nM,GDSC,unknown,data/raw/gdsc_drug_response.csv,5898,2026-10-03,b472905ea811c145b1827f382975756a66c2ac5dffbe9ad323148bfdea38cdb5
SIDM00496,gefitinib,IC50,26923.782397114028,nM,GDSC,unknown,data/raw/gdsc_drug_response.csv,5899,2026-10-03,b472905ea811c145b1827f382975756a66c2ac5dffbe9ad323148bfdea38cdb5
SIDM00302,gefitinib,IC50,29421.420573897572,nM,GDSC,unknown,data/raw/gdsc_drug_response.csv,5900,2026-10-03,b472905ea811c145b1827f382975756a66c2ac5dffbe9ad323148bfdea38cdb5
SIDM00686,gefitinib,IC50,39294.59587979681,nM,GDSC,unknown,data/raw/gdsc_drug_response.csv,5901,2026-10-03,b472905ea811c145b1827f382975756a66c2ac5dffbe9ad323148bfdea38cdb5
SIDM01210,gefitinib,IC50,23207.441928132215,nM,GDSC,unknown,data/raw/gdsc_drug_response.csv,5902,2026-10-03,b472905ea811c145b1827f382975756a66c2ac5dffbe9ad323148bfdea38cdb5
SIDM00557,gefitinib,IC50,31887.11469074433,nM,GDSC,unknown,data/raw/gdsc_drug_response.csv,5903,2026-10-03,b472905ea811c145b1827f382975756a66c2ac5dffbe9ad323148bfdea38cdb5
SIDM00056,gefitinib,IC50,37173.346033824004,nM,GDSC,unknown,data/raw/gdsc_drug_response.csv,5904,2026-10-03,b472905ea811c145b1827f382975756a66c2ac5dffbe9ad323148bfdea38cdb5
SIDM00312,gefitinib,IC50,14537.114501942777,nM,GDSC,unknown,data/raw/gdsc_drug_response.csv,5905,2026-10-03,b472905ea811c145b1827f382975756a66c2ac5dffbe9ad323148bfdea38cdb5
SIDM00630,gefitinib,IC50,15915.4446596292,nM,GDSC,unknown,data/raw/gdsc_drug_response.csv,5906,2026-10-03,b472905ea811c145b1827f382975756a66c2ac5dffbe9ad323148bfdea38cdb5
SIDM00721,gefitinib,IC50,101971.05515266475,nM,GDSC,unknown,data/raw/gdsc_drug_response.csv,5907,2026-10-03,b472905ea811c145b1827f382975756a66c2ac5dffbe9ad323148bfdea38cdb5
SIDM00759,gefitinib,IC50,13643.715326962285,nM,GDSC,unknown,data/raw/gdsc_drug_response.csv,5908,2026-10-03,b472905ea811c145b1827f382975756a66c2ac5dffbe9ad323148bfdea38cdb5
SIDM01157,gefitinib,IC50,12417.478045887245,nM,GDSC,unknown,data/raw/gdsc_drug_response.csv,5909,2026-10-03,b472905ea811c145b1827f382975756a66c2ac5dffbe9ad323148bfdea38cdb5
SIDM01173,gefitinib,IC50,31626.235073733453,nM,GDSC,unknown,data/raw/gdsc_drug_response.csv,5910,2026-10-03,b472905ea811c145b1827f382975756a66c2ac5dffbe9ad323148bfdea38cdb5
SIDM00560,gefitinib,IC50,20290.86936725698,nM,GDSC,unknown,data/raw/gdsc_drug_response.csv,5911,2026-10-03,b472905ea811c145b1827f382975756a66c2ac5dffbe9ad323148bfdea38cdb5
SIDM00529,gefitinib,IC50,59509.7997101032,nM,GDSC,unknown,data/raw/gdsc_drug_response.csv,5912,2026-10-03,b472905ea811c145b1827f382975756a66c2ac5dffbe9ad323148bfdea38cdb5
SIDM01242,gefitinib,IC50,23192.03730159393,nM,GDSC,unknown,data/raw/gdsc_drug_response.csv,5913,2026-10-03,b472905ea811c145b1827f382975756a66c2ac5dffbe9ad323148bfdea38cdb5
SIDM00247,gefitinib,IC50,109140.60444539624,nM,GDSC,unknown,data/raw/gdsc_drug_response.csv,5914,2026-10-03,b472905ea811c145b1827f382975756a66c2ac5dffbe9ad323148bfdea38cdb5
SIDM01116,gefitinib,IC50,56692.50414692589,nM,GDSC,unknown,data/raw/gdsc_drug_response.csv,5915,2026-10-03,b472905ea811c145b1827f382975756a66c2ac5dffbe9ad323148bfdea38cdb5
SIDM00299,gefitinib,IC50,89759.78082659864,nM,GDSC,unknown,data/raw/gdsc_drug_response.csv,5916,2026-10-03,b472905ea811c145b1827f382975756a66c2ac5dffbe9ad323148bfdea38cdb5
SIDM00242,gefitinib,IC50,15452.73484036065,nM,GDSC,unknown,data/raw/gdsc_drug_response.csv,5917,2026-10-03,b472905ea811c145b1827f382975756a66c2ac5dffbe9ad323148bfdea38cdb5
SIDM01138,gefitinib,IC50,7110.645305756588,nM,GDSC,unknown,data/raw/gdsc_drug_response.csv,5918,2026-10-03,b472905ea811c145b1827f382975756a66c2ac5dffbe9ad323148bfdea38cdb5
SIDM01136,gefitinib,IC50,63358.49537587465,nM,GDSC,unknown,data/raw/gdsc_drug_response.csv,5919,2026-10-03,b472905ea811c145b1827f382975756a66c2ac5dffbe9ad323148bfdea38cdb5
SIDM01135,gefitinib,IC50,96121.2100749589,nM,GDSC,unknown,data/raw/gdsc_drug_response.csv,5920,2026-10-03,b472905ea811c145b1827f382975756a66c2ac5dffbe9ad323148bfdea38cdb5
SIDM01088,gefitinib,IC50,10952.053796507831,nM,GDSC,unknown,data/raw/gdsc_drug_response.csv,5921,2026-10-03,b472905ea811c145b1827f382975756a66c2ac5dffbe9ad323148bfdea38cdb5
SIDM00218,gefitinib,IC50,804908.8168426497,nM,GDSC,unknown,data/raw/gdsc_drug_response.csv,5922,2026-10-03,b472905ea811c145b1827f382975756a66c2ac5dffbe9ad323148bfdea38cdb5
SIDM01093,gefitinib,IC50,42468.43100349255,nM,GDSC,unknown,data/raw/gdsc_drug_response.csv,5923,2026-10-03,b472905ea811c145b1827f382975756a66c2ac5dffbe9ad323148bfdea38cdb5
SIDM00381,gefitinib,IC50,12219.07188050257,nM,GDSC,unknown,data/raw/gdsc_drug_response.csv,5924,2026-10-03,b472905ea811c145b1827f382975756a66c2ac5dffbe9ad323148bfdea38cdb5
SIDM00484,gefitinib,IC50,218728.88612327524,nM,GDSC,unknown,data/raw/gdsc_drug_response.csv,5925,2026-10-03,b472905ea811c145b1827f382975756a66c2ac5dffbe9ad323148bfdea38cdb5
SIDM00319,gefitinib,IC50,8271.865020540325,nM,GDSC,unknown,data/raw/gdsc_drug_response.csv,5926,2026-10-03,b472905ea811c145b1827f382975756a66c2ac5dffbe9ad323148bfdea38cdb5
SIDM00325,gefitinib,IC50,44827.91284594518,nM,GDSC,unknown,data/raw/gdsc_drug_response.csv,5927,2026-10-03,b472905ea811c145b1827f382975756a66c2ac5dffbe9ad323148bfdea38cdb5
SIDM00348,gefitinib,IC50,2700.081614105703,nM,GDSC,unknown,data/raw/gdsc_drug_response.csv,5928,2026-10-03,b472905ea811c145b1827f382975756a66c2ac5dffbe9ad323148bfdea38cdb5
SIDM00328,gefitinib,IC50,843.2110470000214,nM,GDSC,unknown,data/raw/gdsc_drug_response.csv,5929,2026-10-03,b472905ea811c145b1827f382975756a66c2ac5dffbe9ad323148bfdea38cdb5
SIDM00023,gefitinib,IC50,2030.2399742840312,nM,GDSC,unknown,data/raw/gdsc_drug_response.csv,5930,2026-10-03,b472905ea811c145b1827f382975756a66c2ac5dffbe9ad323148bfdea38cdb5
SIDM00234,gefitinib,IC50,18765.79879450643,nM,GDSC,unknown,data/raw/gdsc_drug_response.csv,5931,2026-10-03,b472905ea811c145b1827f382975756a66c2ac5dffbe9ad323148bfdea38cdb5
SIDM00410,gefitinib,IC50,21141.607114539474,nM,GDSC,unknown,data/raw/gdsc_drug_response.csv,5932,2026-10-03,b472905ea811c145b1827f382975756a66c2ac5dffbe9ad323148bfdea38cdb5
SIDM00963,gefitinib,IC50,28242.501818281944,nM,GDSC,unknown,data/raw/gdsc_drug_response.csv,5933,2026-10-03,b472905ea811c145b1827f382975756a66c2ac5dffbe9ad323148bfdea38cdb5
SIDM00481,gefitinib,IC50,26053.41881272982,nM,GDSC,unknown,data/raw/gdsc_drug_response.csv,5934,2026-10-03,b472905ea811c145b1827f382975756a66c2ac5dffbe9ad323148bfdea38cdb5
SIDM00344,gefitinib,IC50,46482.59772156022,nM,GDSC,unknown,data/raw/gdsc_drug_response.csv,5935,2026-10-03,b472905ea811c145b1827f382975756a66c2ac5dffbe9ad323148bfdea38cdb5
SIDM00157,gefitinib,IC50,10229.891767545585,nM,GDSC,unknown,data/raw/gdsc_drug_response.csv,5936,2026-10-03,b472905ea811c145b1827f382975756a66c2ac5dffbe9ad323148bfdea38cdb5
SIDM01021,gefitinib,IC50,37746.16948686776,nM,GDSC,unknown,data/raw/gdsc_drug_response.csv,5937,2026-10-03,b472905ea811c145b1827f382975756a66c2ac5dffbe9ad323148bfdea38cdb5
SIDM00622,gefitinib,IC50,62726.06054742853,nM,GDSC,unknown,data/raw/gdsc_drug_response.csv,5938,2026-10-03,b472905ea811c145b1827f382975756a66c2ac5dffbe9ad323148bfdea38cdb5
SIDM00732,gefitinib,IC50,42567.923492854854,nM,GDSC,unknown,data/raw/gdsc_drug_response.csv,5939,2026-10-03,b472905ea811c145b1827f382975756a66c2ac5dffbe9ad323148bfdea38cdb5
SIDM00620,gefitinib,IC50,34782.83437503552,nM,GDSC,unknown,data/raw/gdsc_drug_response.csv,5940,2026-10-03,b472905ea811c145b1827f382975756a66c2ac5dffbe9ad323148bfdea38cdb5
SIDM00542,gefitinib,IC50,67405.59322437465,nM,GDSC,unknown,data/raw/gdsc_drug_response.csv,5941,2026-10-03,b472905ea811c145b1827f382975756a66c2ac5dffbe9ad323148bfdea38cdb5
SIDM00209,gefitinib,IC50,28653.196281724773,nM,GDSC,unknown,data/raw/gdsc_drug_response.csv,5942,2026-10-03,b472905ea811c145b1827f382975756a66c2ac5dffbe9ad323148bfdea38cdb5
SIDM00208,gefitinib,IC50,59088.42200149102,nM,GDSC,unknown,data/raw/gdsc_drug_response.csv,5943,2026-10-03,b472905ea811c145b1827f382975756a66c2ac5dffbe9ad323148bfdea38cdb5
SIDM00206,gefitinib,IC50,25108.915945115226,nM,GDSC,unknown,data/raw/gdsc_drug_response.csv,5944,2026-10-03,b472905ea811c145b1827f382975756a66c2ac5dffbe9ad323148bfdea38cdb5
SIDM00920,gefitinib,IC50,34198.30221499809,nM,GDSC,unknown,data/raw/gdsc_drug_response.csv,5945,2026-10-03,b472905ea811c145b1827f382975756a66c2ac5dffbe9ad323148bfdea38cdb5
SIDM00283,gefitinib,IC50,36912.34323036001,nM,GDSC,unknown,data/raw/gdsc_drug_response.csv,5946,2026-10-03,b472905ea811c145b1827f382975756a66c2ac5dffbe9ad323148bfdea38cdb5
SIDM00918,gefitinib,IC50,17439.24279813266,nM,GDSC,unknown,data/raw/gdsc_drug_response.csv,5947,2026-10-03,b472905ea811c145b1827f382975756a66c2ac5dffbe9ad323148bfdea38cdb5
SIDM00892,gefitinib,IC50,632704.8236264862,nM,GDSC,unknown,data/raw/gdsc_drug_response.csv,5948,2026-10-03,b472905ea811c145b1827f382975756a66c2ac5dffbe9ad323148bfdea38cdb5
SIDM00659,gefitinib,IC50,76425.16295532424,nM,GDSC,unknown,data/raw/gdsc_drug_response.csv,5949,2026-10-03,b472905ea811c145b1827f382975756a66c2ac5dffbe9ad323148bfdea38cdb5
SIDM00289,gefitinib,IC50,11149.5150088948,nM,GDSC,unknown,data/raw/gdsc_drug_response.csv,5950,2026-10-03,b472905ea811c145b1827f382975756a66c2ac5dffbe9ad323148bfdea38cdb5
SIDM00240,gefitinib,IC50,5077.982311922339,nM,GDSC,unknown,data/raw/gdsc_drug_response.csv,5951,2026-10-03,b472905ea811c145b1827f382975756a66c2ac5dffbe9ad323148bfdea38cdb5
SIDM00261,gefitinib,IC50,9546.51341120582,nM,GDSC,unknown,data/raw/gdsc_drug_response.csv,5952,2026-10-03,b472905ea811c145b1827f382975756a66c2ac5dffbe9ad323148bfdea38cdb5
SIDM00264,gefitinib,IC50,12776.81244001008,nM,GDSC,unknown,data/raw/gdsc_drug_response.csv,5953,2026-10-03,b472905ea811c145b1827f382975756a66c2ac5dffbe9ad323148bfdea38cdb5
SIDM00262,gefitinib,IC50,99275.6177885283,nM,GDSC,unknown,data/raw/gdsc_drug_response.csv,5954,2026-10-03,b472905ea811c145b1827f382975756a66c2ac5dffbe9ad323148bfdea38cdb5
SIDM00266,gefitinib,IC50,19061.06932980674,nM,GDSC,unknown,data/raw/gdsc_drug_response.csv,5955,2026-10-03,b472905ea811c145b1827f382975756a66c2ac5dffbe9ad323148bfdea38cdb5
SIDM00201,gefitinib,IC50,16462.070876463033,nM,GDSC,unknown,data/raw/gdsc_drug_response.csv,5956,2026-10-03,b472905ea811c145b1827f382975756a66c2ac5dffbe9ad323148bfdea38cdb5
SIDM00202,gefitinib,IC50,43669.8529416331,nM,GDSC,unknown,data/raw/gdsc_drug_response.csv,5957,2026-10-03,b472905ea811c145b1827f382975756a66c2ac5dffbe9ad323148bfdea38cdb5
SIDM00200,gefitinib,IC50,5550.111402059235,nM,GDSC,unknown,data/raw/gdsc_drug_response.csv,5958,2026-10-03,b472905ea811c145b1827f382975756a66c2ac5dffbe9ad323148bfdea38cdb5
SIDM00205,gefitinib,IC50,10787.9416880241,nM,GDSC,unknown,data/raw/gdsc_drug_response.csv,5959,2026-10-03,b472905ea811c145b1827f382975756a66c2ac5dffbe9ad323148bfdea38cdb5
SIDM00197,gefitinib,IC50,40428.298593723106,nM,GDSC,unknown,data/raw/gdsc_drug_response.csv,5960,2026-10-03,b472905ea811c145b1827f382975756a66c2ac5dffbe9ad323148bfdea38cdb5
SIDM00198,gefitinib,IC50,23549.72162975508,nM,GDSC,unknown,data/raw/gdsc_drug_response.csv,5961,2026-10-03,b472905ea811c145b1827f382975756a66c2ac5dffbe9ad323148bfdea38cdb5
SIDM00621,gefitinib,IC50,47473.75347961067,nM,GDSC,unknown,data/raw/gdsc_drug_response.csv,5962,2026-10-03,b472905ea811c145b1827f382975756a66c2ac5dffbe9ad323148bfdea38cdb5
SIDM00196,gefitinib,IC50,42702.94980786832,nM,GDSC,unknown,data/raw/gdsc_drug_response.csv,5963,2026-10-03,b472905ea811c145b1827f382975756a66c2ac5dffbe9ad323148bfdea38cdb5
SIDM00195,gefitinib,IC50,44404.59699490546,nM,GDSC,unknown,data/raw/gdsc_drug_response.csv,5964,2026-10-03,b472905ea811c145b1827f382975756a66c2ac5dffbe9ad323148bfdea38cdb5
SIDM00330,gefitinib,IC50,14562.969920148105,nM,GDSC,unknown,data/raw/gdsc_drug_response.csv,5965,2026-10-03,b472905ea811c145b1827f382975756a66c2ac5dffbe9ad323148bfdea38cdb5
SIDM00259,gefitinib,IC50,21208.26575939466,nM,GDSC,unknown,data/raw/gdsc_drug_response.csv,5966,2026-10-03,b472905ea811c145b1827f382975756a66c2ac5dffbe9ad323148bfdea38cdb5
SIDM00258,gefitinib,IC50,29814.564031111815,nM,GDSC,unknown,data/raw/gdsc_drug_response.csv,5967,2026-10-03,b472905ea811c145b1827f382975756a66c2ac5dffbe9ad323148bfdea38cdb5
SIDM00253,gefitinib,IC50,28941.541929451112,nM,GDSC,unknown,data/raw/gdsc_drug_response.csv,5968,2026-10-03,b472905ea811c145b1827f382975756a66c2ac5dffbe9ad323148bfdea38cdb5
SIDM00156,gefitinib,IC50,51456.150583297,nM,GDSC,unknown,data/raw/gdsc_drug_response.csv,5969,2026-10-03,b472905ea811c145b1827f382975756a66c2ac5dffbe9ad323148bfdea38cdb5
SIDM00255,gefitinib,IC50,18347.10873571512,nM,GDSC,unknown,data/raw/gdsc_drug_response.csv,5970,2026-10-03,b472905ea811c145b1827f382975756a66c2ac5dffbe9ad323148bfdea38cdb5
SIDM00254,gefitinib,IC50,14405.614119322147,nM,GDSC,unknown,data/raw/gdsc_drug_response.csv,5971,2026-10-03,b472905ea811c145b1827f382975756a66c2ac5dffbe9ad323148bfdea38cdb5
SIDM00257,gefitinib,IC50,30697.64679418341,nM,GDSC,unknown,data/raw/gdsc_drug_response.csv,5972,2026-10-03,b472905ea811c145b1827f382975756a66c2ac5dffbe9ad323148bfdea38cdb5
SIDM00256,gefitinib,IC50,9992.871611963394,nM,GDSC,unknown,data/raw/gdsc_drug_response.csv,5973,2026-10-03,b472905ea811c145b1827f382975756a66c2ac5dffbe9ad323148bfdea38cdb5
SIDM00578,gefitinib,IC50,59830.82521683284,nM,GDSC,unknown,data/raw/gdsc_drug_response.csv,5974,2026-10-03,b472905ea811c145b1827f382975756a66c2ac5dffbe9ad323148bfdea38cdb5
SIDM00427,gefitinib,IC50,8191.991248514405,nM,GDSC,unknown,data/raw/gdsc_drug_response.csv,5975,2026-10-03,b472905ea811c145b1827f382975756a66c2ac5dffbe9ad323148bfdea38cdb5
SIDM00179,gefitinib,IC50,14093.532440646974,nM,GDSC,unknown,data/raw/gdsc_drug_response.csv,5976,2026-10-03,b472905ea811c145b1827f382975756a66c2ac5dffbe9ad323148bfdea38cdb5
SIDM01016,gefitinib,IC50,18530.11043362069,nM,GDSC,unknown,data/raw/gdsc_drug_response.csv,5977,2026-10-03,b472905ea811c145b1827f382975756a66c2ac5dffbe9ad323148bfdea38cdb5
SIDM00680,gefitinib,IC50,31964.119241533917,nM,GDSC,unknown,data/raw/gdsc_drug_response.csv,5978,2026-10-03,b472905ea811c145b1827f382975756a66c2ac5dffbe9ad323148bfdea38cdb5
SIDM00485,gefitinib,IC50,13000.866381868645,nM,GDSC,unknown,data/raw/gdsc_drug_response.csv,5979,2026-10-03,b472905ea811c145b1827f382975756a66c2ac5dffbe9ad323148bfdea38cdb5
SIDM00501,gefitinib,IC50,9060.433802687854,nM,GDSC,unknown,data/raw/gdsc_drug_response.csv,5980,2026-10-03,b472905ea811c145b1827f382975756a66c2ac5dffbe9ad323148bfdea38cdb5
SIDM00487,gefitinib,IC50,1030.800824850538,nM,GDSC,unknown,data/raw/gdsc_drug_response.csv,5981,2026-10-03,b472905ea811c145b1827f382975756a66c2ac5dffbe9ad323148bfdea38cdb5
SIDM00955,gefitinib,IC50,56721.708305987035,nM,GDSC,unknown,data/raw/gdsc_drug_response.csv,5982,2026-10-03,b472905ea811c145b1827f382975756a66c2ac5dffbe9ad323148bfdea38cdb5
SIDM01045,gefitinib,IC50,77558.69464714236,nM,GDSC,unknown,data/raw/gdsc_drug_response.csv,5983,2026-10-03,b472905ea811c145b1827f382975756a66c2ac5dffbe9ad323148bfdea38cdb5
SIDM00861,gefitinib,IC50,64158.46251652394,nM,GDSC,unknown,data/raw/gdsc_drug_response.csv,5984,2026-10-03,b472905ea811c145b1827f382975756a66c2ac5dffbe9ad323148bfdea38cdb5
SIDM01040,gefitinib,IC50,142093.17437579192,nM,GDSC,unknown,data/raw/gdsc_drug_response.csv,5985,2026-10-03,b472905ea811c145b1827f382975756a66c2ac5dffbe9ad323148bfdea38cdb5
SIDM00129,gefitinib,IC50,10850.921421269813,nM,GDSC,unknown,data/raw/gdsc_drug_response.csv,5986,2026-10-03,b472905ea811c145b1827f382975756a66c2ac5dffbe9ad323148bfdea38cdb5
SIDM00101,gefitinib,IC50,108944.21911486324,nM,GDSC,unknown,data/raw/gdsc_drug_response.csv,5987,2026-10-03,b472905ea811c145b1827f382975756a66c2ac5dffbe9ad323148bfdea38cdb5
SIDM00100,gefitinib,IC50,96045.5924420714,nM,GDSC,unknown,data/raw/gdsc_drug_response.csv,5988,2026-10-03,b472905ea811c145b1827f382975756a66c2ac5dffbe9ad323148bfdea38cdb5
SIDM00098,gefitinib,IC50,68989.61596423126,nM,GDSC,unknown,data/raw/gdsc_drug_response.csv,5989,2026-10-03,b472905ea811c145b1827f382975756a66c2ac5dffbe9ad323148bfdea38cdb5
SIDM00309,gefitinib,IC50,48702.57970301062,nM,GDSC,unknown,data/raw/gdsc_drug_response.csv,5990,2026-10-03,b472905ea811c145b1827f382975756a66c2ac5dffbe9ad323148bfdea38cdb5
SIDM00310,gefitinib,IC50,48222.75475453415,nM,GDSC,unknown,data/raw/gdsc_drug_response.csv,5991,2026-10-03,b472905ea811c145b1827f382975756a66c2ac5dffbe9ad323148bfdea38cdb5
SIDM00311,gefitinib,IC50,33235.87949303877,nM,GDSC,unknown,data/raw/gdsc_drug_response.csv,5992,2026-10-03,b472905ea811c145b1827f382975756a66c2ac5dffbe9ad323148bfdea38cdb5
SIDM00519,gefitinib,IC50,80979.49706684862,nM,GDSC,unknown,data/raw/gdsc_drug_response.csv,5993,2026-10-03,b472905ea811c145b1827f382975756a66c2ac5dffbe9ad323148bfdea38cdb5
SIDM00518,gefitinib,IC50,21918.148669395174,nM,GDSC,unknown,data/raw/gdsc_drug_response.csv,5994,2026-10-03,b472905ea811c145b1827f382975756a66c2ac5dffbe9ad323148bfdea38cdb5
SIDM00517,gefitinib,IC50,435.2938320272161,nM,GDSC,unknown,data/raw/gdsc_drug_response.csv,5995,2026-10-03,b472905ea811c145b1827f382975756a66c2ac5dffbe9ad323148bfdea38cdb5
SIDM00114,gefitinib,IC50,15041.484242666149,nM,GDSC,unknown,data/raw/gdsc_drug_response.csv,5996,2026-10-03,b472905ea811c145b1827f382975756a66c2ac5dffbe9ad323148bfdea38cdb5
SIDM00598,gefitinib,IC50,6949.126720811025,nM,GDSC,unknown,data/raw/gdsc_drug_response.csv,5997,2026-10-03,b472905ea811c145b1827f382975756a66c2ac5dffbe9ad323148bfdea38cdb5
SIDM01072,gefitinib,IC50,17270.019132431797,nM,GDSC,unknown,data/raw/gdsc_drug_response.csv,5998,2026-10-03,b472905ea811c145b1827f382975756a66c2ac5dffbe9ad323148bfdea38cdb5
SIDM01070,gefitinib,IC50,54178.871081687976,nM,GDSC,unknown,data/raw/gdsc_drug_response.csv,5999,2026-10-03,b472905ea811c145b1827f382975756a66c2ac5dffbe9ad323148bfdea38cdb5
SIDM01069,gefitinib,IC50,47800.35183331861,nM,GDSC,unknown,data/raw/gdsc_drug_response.csv,6000,2026-10-03,b472905ea811c145b1827f382975756a66c2ac5dffbe9ad323148bfdea38cdb5
SIDM01067,gefitinib,IC50,64.84574391871514,nM,GDSC,unknown,data/raw/gdsc_drug_response.csv,6001,2026-10-03,b472905ea811c145b1827f382975756a66c2ac5dffbe9ad323148bfdea38cdb5
SIDM00672,gefitinib,IC50,8604.71234255373,nM,GDSC,unknown,data/raw/gdsc_drug_response.csv,6002,2026-10-03,b472905ea811c145b1827f382975756a66c2ac5dffbe9ad323148bfdea38cdb5
SIDM00667,gefitinib,IC50,22350.70803553328,nM,GDSC,unknown,data/raw/gdsc_drug_response.csv,6003,2026-10-03,b472905ea811c145b1827f382975756a66c2ac5dffbe9ad323148bfdea38cdb5
SIDM00666,gefitinib,IC50,5839.592400678344,nM,GDSC,unknown,data/raw/gdsc_drug_response.csv,6004,2026-10-03,b472905ea811c145b1827f382975756a66c2ac5dffbe9ad323148bfdea38cdb5
SIDM00665,gefitinib,IC50,47694.448143560556,nM,GDSC,unknown,data/raw/gdsc_drug_response.csv,6005,2026-10-03,b472905ea811c145b1827f382975756a66c2ac5dffbe9ad323148bfdea38cdb5
SIDM01066,gefitinib,IC50,13888.595003580398,nM,GDSC,unknown,data/raw/gdsc_drug_response.csv,6006,2026-10-03,b472905ea811c145b1827f382975756a66c2ac5dffbe9ad323148bfdea38cdb5
SIDM00600,gefitinib,IC50,40176.65075943609,nM,GDSC,unknown,data/raw/gdsc_drug_response.csv,6007,2026-10-03,b472905ea811c145b1827f382975756a66c2ac5dffbe9ad323148bfdea38cdb5
SIDM00602,gefitinib,IC50,45035.496953351845,nM,GDSC,unknown,data/raw/gdsc_drug_response.csv,6008,2026-10-03,b472905ea811c145b1827f382975756a66c2ac5dffbe9ad323148bfdea38cdb5
SIDM00617,gefitinib,IC50,59363.34806613881,nM,GDSC,unknown,data/raw/gdsc_drug_response.csv,6009,2026-10-03,b472905ea811c145b1827f382975756a66c2ac5dffbe9ad323148bfdea38cdb5
SIDM00616,gefitinib,IC50,87096.52618520343,nM,GDSC,unknown,data/raw/gdsc_drug_response.csv,6010,2026-10-03,b472905ea811c145b1827f382975756a66c2ac5dffbe9ad323148bfdea38cdb5
SIDM00615,gefitinib,IC50,55065.53382379252,nM,GDSC,unknown,data/raw/gdsc_drug_response.csv,6011,2026-10-03,b472905ea811c145b1827f382975756a66c2ac5dffbe9ad323148bfdea38cdb5
SIDM00614,gefitinib,IC50,104076.79082549809,nM,GDSC,unknown,data/raw/gdsc_drug_response.csv,6012,2026-10-03,b472905ea811c145b1827f382975756a66c2ac5dffbe9ad323148bfdea38cdb5
SIDM00128,gefitinib,IC50,2887.329423527679,nM,GDSC,unknown,data/raw/gdsc_drug_response.csv,6013,2026-10-03,b472905ea811c145b1827f382975756a66c2ac5dffbe9ad323148bfdea38cdb5
SIDM00127,gefitinib,IC50,688.9242196579748,nM,GDSC,unknown,data/raw/gdsc_drug_response.csv,6014,2026-10-03,b472905ea811c145b1827f382975756a66c2ac5dffbe9ad323148bfdea38cdb5
SIDM00552,gefitinib,IC50,27864.62602574547,nM,GDSC,unknown,data/raw/gdsc_drug_response.csv,6015,2026-10-03,b472905ea811c145b1827f382975756a66c2ac5dffbe9ad323148bfdea38cdb5
SIDM00551,gefitinib,IC50,4112.186984486655,nM,GDSC,unknown,data/raw/gdsc_drug_response.csv,6016,2026-10-03,b472905ea811c145b1827f382975756a66c2ac5dffbe9ad323148bfdea38cdb5
SIDM00685,gefitinib,IC50,48824.39082585934,nM,GDSC,unknown,data/raw/gdsc_drug_response.csv,6017,2026-10-03,b472905ea811c145b1827f382975756a66c2ac5dffbe9ad323148bfdea38cdb5
SIDM00684,gefitinib,IC50,21612.459995096175,nM,GDSC,unknown,data/raw/gdsc_drug_response.csv,6018,2026-10-03,b472905ea811c145b1827f382975756a66c2ac5dffbe9ad323148bfdea38cdb5
SIDM00629,gefitinib,IC50,105260.26526336206,nM,GDSC,unknown,data/raw/gdsc_drug_response.csv,6019,2026-10-03,b472905ea811c145b1827f382975756a66c2ac5dffbe9ad323148bfdea38cdb5
SIDM00527,gefitinib,IC50,38244.585702808894,nM,GDSC,unknown,data/raw/gdsc_drug_response.csv,6020,2026-10-03,b472905ea811c145b1827f382975756a66c2ac5dffbe9ad323148bfdea38cdb5
SIDM00333,gefitinib,IC50,21012.153323196268,nM,GDSC,unknown,data/raw/gdsc_drug_response.csv,6021,2026-10-03,b472905ea811c145b1827f382975756a66c2ac5dffbe9ad323148bfdea38cdb5
SIDM00442,gefitinib,IC50,17143.412687971817,nM,GDSC,unknown,data/raw/gdsc_drug_response.csv,6022,2026-10-03,b472905ea811c145b1827f382975756a66c2ac5dffbe9ad323148bfdea38cdb5
SIDM00638,gefitinib,IC50,20906.288523386498,nM,GDSC,unknown,data/raw/gdsc_drug_response.csv,6023,2026-10-03,b472905ea811c145b1827f382975756a66c2ac5dffbe9ad323148bfdea38cdb5
SIDM00579,gefitinib,IC50,7365.2942382564,nM,GDSC,unknown,data/raw/gdsc_drug_response.csv,6024,2026-10-03,b472905ea811c145b1827f382975756a66c2ac5dffbe9ad323148bfdea38cdb5
SIDM00770,gefitinib,IC50,107694.22914033038,nM,GDSC,unknown,data/raw/gdsc_drug_response.csv,6025,2026-10-03,b472905ea811c145b1827f382975756a66c2ac5dffbe9ad323148bfdea38cdb5
SIDM00768,gefitinib,IC50,2831.175510086861,nM,GDSC,unknown,data/raw/gdsc_drug_response.csv,6026,2026-10-03,b472905ea811c145b1827f382975756a66c2ac5dffbe9ad323148bfdea38cdb5
SIDM00763,gefitinib,IC50,53303.180443428835,nM,GDSC,unknown,data/raw/gdsc_drug_response.csv,6027,2026-10-03,b472905ea811c145b1827f382975756a66c2ac5dffbe9ad323148bfdea38cdb5
SIDM00762,gefitinib,IC50,25730.781527333187,nM,GDSC,unknown,data/raw/gdsc_drug_response.csv,6028,2026-10-03,b472905ea811c145b1827f382975756a66c2ac5dffbe9ad323148bfdea38cdb5
SIDM00761,gefitinib,IC50,55532.47584616431,nM,GDSC,unknown,data/raw/gdsc_drug_response.csv,6029,2026-10-03,b472905ea811c145b1827f382975756a66c2ac5dffbe9ad323148bfdea38cdb5
SIDM00753,gefitinib,IC50,64468.13044078463,nM,GDSC,unknown,data/raw/gdsc_drug_response.csv,6030,2026-10-03,b472905ea811c145b1827f382975756a66c2ac5dffbe9ad323148bfdea38cdb5
SIDM00704,gefitinib,IC50,26020.06575042804,nM,GDSC,unknown,data/raw/gdsc_drug_response.csv,6031,2026-10-03,b472905ea811c145b1827f382975756a66c2ac5dffbe9ad323148bfdea38cdb5
SIDM00137,gefitinib,IC50,75440.7062480526,nM,GDSC,unknown,data/raw/gdsc_drug_response.csv,6032,2026-10-03,b472905ea811c145b1827f382975756a66c2ac5dffbe9ad323148bfdea38cdb5
SIDM01125,gefitinib,IC50,25220.79871650996,nM,GDSC,unknown,data/raw/gdsc_drug_response.csv,6033,2026-10-03,b472905ea811c145b1827f382975756a66c2ac5dffbe9ad323148bfdea38cdb5
SIDM01134,gefitinib,IC50,62236.08647992484,nM,GDSC,unknown,data/raw/gdsc_drug_response.csv,6034,2026-10-03,b472905ea811c145b1827f382975756a66c2ac5dffbe9ad323148bfdea38cdb5
SIDM01149,gefitinib,IC50,19239.6258772668,nM,GDSC,unknown,data/raw/gdsc_drug_response.csv,6035,2026-10-03,b472905ea811c145b1827f382975756a66c2ac5dffbe9ad323148bfdea38cdb5
SIDM00565,gefitinib,IC50,16704.263729841306,nM,GDSC,unknown,data/raw/gdsc_drug_response.csv,6036,2026-10-03,b472905ea811c145b1827f382975756a66c2ac5dffbe9ad323148bfdea38cdb5
SIDM01141,gefitinib,IC50,202907.05154036504,nM,GDSC,unknown,data/raw/gdsc_drug_response.csv,6037,2026-10-03,b472905ea811c145b1827f382975756a66c2ac5dffbe9ad323148bfdea38cdb5
SIDM00564,gefitinib,IC50,19166.404868363396,nM,GDSC,unknown,data/raw/gdsc_drug_response.csv,6038,2026-10-03,b472905ea811c145b1827f382975756a66c2ac5dffbe9ad323148bfdea38cdb5
SIDM00466,gefitinib,IC50,81988.00860120724,nM,GDSC,unknown,data/raw/gdsc_drug_response.csv,6039,2026-10-03,b472905ea811c145b1827f382975756a66c2ac5dffbe9ad323148bfdea38cdb5
SIDM00465,gefitinib,IC50,1108.9027356851425,nM,GDSC,unknown,data/raw/gdsc_drug_response.csv,6040,2026-10-03,b472905ea811c145b1827f382975756a66c2ac5dffbe9ad323148bfdea38cdb5
SIDM00453,gefitinib,IC50,20287.075329438896,nM,GDSC,unknown,data/raw/gdsc_drug_response.csv,6041,2026-10-03,b472905ea811c145b1827f382975756a66c2ac5dffbe9ad323148bfdea38cdb5
SIDM00361,gefitinib,IC50,170.58015080833908,nM,GDSC,unknown,data/raw/gdsc_drug_response.csv,6042,2026-10-03,b472905ea811c145b1827f382975756a66c2ac5dffbe9ad323148bfdea38cdb5
SIDM00270,gefitinib,IC50,1614.3299839939098,nM,GDSC,unknown,data/raw/gdsc_drug_response.csv,6043,2026-10-03,b472905ea811c145b1827f382975756a66c2ac5dffbe9ad323148bfdea38cdb5
SIDM00115,gefitinib,IC50,4230.0930903881845,nM,GDSC,unknown,data/raw/gdsc_drug_response.csv,6044,2026-10-03,b472905ea811c145b1827f382975756a66c2ac5dffbe9ad323148bfdea38cdb5
SIDM00473,gefitinib,IC50,6019.926199341581,nM,GDSC,unknown,data/raw/gdsc_drug_response.csv,6045,2026-10-03,b472905ea811c145b1827f382975756a66c2ac5dffbe9ad323148bfdea38cdb5
SIDM00358,gefitinib,IC50,11257.53857733926,nM,GDSC,unknown,data/raw/gdsc_drug_response.csv,6046,2026-10-03,b472905ea811c145b1827f382975756a66c2ac5dffbe9ad323148bfdea38cdb5
SIDM00426,gefitinib,IC50,12085.990839548283,nM,GDSC,unknown,data/raw/gdsc_drug_response.csv,6047,2026-10-03,b472905ea811c145b1827f382975756a66c2ac5dffbe9ad323148bfdea38cdb5
SIDM00394,gefitinib,IC50,55479.467647175006,nM,GDSC,unknown,data/raw/gdsc_drug_response.csv,6048,2026-10-03,b472905ea811c145b1827f382975756a66c2ac5dffbe9ad323148bfdea38cdb5
SIDM00377,gefitinib,IC50,71929.46600234661,nM,GDSC,unknown,data/raw/gdsc_drug_response.csv,6049,2026-10-03,b472905ea811c145b1827f382975756a66c2ac5dffbe9ad323148bfdea38cdb5
SIDM01181,gefitinib,IC50,48728.837469302845,nM,GDSC,unknown,data/raw/gdsc_drug_response.csv,6050,2026-10-03,b472905ea811c145b1827f382975756a66c2ac5dffbe9ad323148bfdea38cdb5
SIDM01188,gefitinib,IC50,115039.66707785809,nM,GDSC,unknown,data/raw/gdsc_drug_response.csv,6051,2026-10-03,b472905ea811c145b1827f382975756a66c2ac5dffbe9ad323148bfdea38cdb5
SIDM00371,gefitinib,IC50,119558.0467145303,nM,GDSC,unknown,data/raw/gdsc_drug_response.csv,6052,2026-10-03,b472905ea811c145b1827f382975756a66c2ac5dffbe9ad323148bfdea38cdb5
SIDM01162,gefitinib,IC50,35056.63862611831,nM,GDSC,unknown,data/raw/gdsc_drug_response.csv,6053,2026-10-03,b472905ea811c145b1827f382975756a66c2ac5dffbe9ad323148bfdea38cdb5
SIDM00419,gefitinib,IC50,13588.42055105412,nM,GDSC,unknown,data/raw/gdsc_drug_response.csv,6054,2026-10-03,b472905ea811c145b1827f382975756a66c2ac5dffbe9ad323148bfdea38cdb5
SIDM01169,gefitinib,IC50,59083.87236816003,nM,GDSC,unknown,data/raw/gdsc_drug_response.csv,6055,2026-10-03,b472905ea811c145b1827f382975756a66c2ac5dffbe9ad323148bfdea38cdb5
SIDM00418,gefitinib,IC50,203608.6970256384,nM,GDSC,unknown,data/raw/gdsc_drug_response.csv,6056,2026-10-03,b472905ea811c145b1827f382975756a66c2ac5dffbe9ad323148bfdea38cdb5
SIDM00318,gefitinib,IC50,136322.5815052401,nM,GDSC,unknown,data/raw/gdsc_drug_response.csv,6057,2026-10-03,b472905ea811c145b1827f382975756a66c2ac5dffbe9ad323148bfdea38cdb5
SIDM00975,gefitinib,IC50,80952.85919448391,nM,GDSC,unknown,data/raw/gdsc_drug_response.csv,6058,2026-10-03,b472905ea811c145b1827f382975756a66c2ac5dffbe9ad323148bfdea38cdb5
SIDM01176,gefitinib,IC50,16275.778157362292,nM,GDSC,unknown,data/raw/gdsc_drug_response.csv,6059,2026-10-03,b472905ea811c145b1827f382975756a66c2ac5dffbe9ad323148bfdea38cdb5
SIDM00046,gefitinib,IC50,645.3948364103595,nM,GDSC,unknown,data/raw/gdsc_drug_response.csv,6060,2026-10-03,b472905ea811c145b1827f382975756a66c2ac5dffbe9ad323148bfdea38cdb5
SIDM01240,gefitinib,IC50,13477.855428684563,nM,GDSC,unknown,data/raw/gdsc_drug_response.csv,6061,2026-10-03,b472905ea811c145b1827f382975756a66c2ac5dffbe9ad323148bfdea38cdb5
SIDM00462,gefitinib,IC50,29130.39119023142,nM,GDSC,unknown,data/raw/gdsc_drug_response.csv,6062,2026-10-03,b472905ea811c145b1827f382975756a66c2ac5dffbe9ad323148bfdea38cdb5
SIDM00491,gefitinib,IC50,53285.00715761895,nM,GDSC,unknown,data/raw/gdsc_drug_response.csv,6063,2026-10-03,b472905ea811c145b1827f382975756a66c2ac5dffbe9ad323148bfdea38cdb5
SIDM00077,gefitinib,IC50,46198.43855473564,nM,GDSC,unknown,data/raw/gdsc_drug_response.csv,6064,2026-10-03,b472905ea811c145b1827f382975756a66c2ac5dffbe9ad323148bfdea38cdb5
SIDM00078,gefitinib,IC50,22447.741325102757,nM,GDSC,unknown,data/raw/gdsc_drug_response.csv,6065,2026-10-03,b472905ea811c145b1827f382975756a66c2ac5dffbe9ad323148bfdea38cdb5
SIDM00936,gefitinib,IC50,6948.473533599548,nM,GDSC,unknown,data/raw/gdsc_drug_response.csv,6066,2026-10-03,b472905ea811c145b1827f382975756a66c2ac5dffbe9ad323148bfdea38cdb5
SIDM00929,gefitinib,IC50,39827.91307445577,nM,GDSC,unknown,data/raw/gdsc_drug_response.csv,6067,2026-10-03,b472905ea811c145b1827f382975756a66c2ac5dffbe9ad323148bfdea38cdb5
SIDM00051,gefitinib,IC50,38740.98176233922,nM,GDSC,unknown,data/raw/gdsc_drug_response.csv,6068,2026-10-03,b472905ea811c145b1827f382975756a66c2ac5dffbe9ad323148bfdea38cdb5
SIDM00050,gefitinib,IC50,106662.21799936716,nM,GDSC,unknown,data/raw/gdsc_drug_response.csv,6069,2026-10-03,b472905ea811c145b1827f382975756a66c2ac5dffbe9ad323148bfdea38cdb5
SIDM00944,gefitinib,IC50,163837.97792358685,nM,GDSC,unknown,data/raw/gdsc_drug_response.csv,6070,2026-10-03,b472905ea811c145b1827f382975756a66c2ac5dffbe9ad323148bfdea38cdb5
SIDM00199,gefitinib,IC50,40527.388305002554,nM,GDSC,unknown,data/raw/gdsc_drug_response.csv,6071,2026-10-03,b472905ea811c145b1827f382975756a66c2ac5dffbe9ad323148bfdea38cdb5
SIDM00950,gefitinib,IC50,16411.626227850298,nM,GDSC,unknown,data/raw/gdsc_drug_response.csv,6072,2026-10-03,b472905ea811c145b1827f382975756a66c2ac5dffbe9ad323148bfdea38cdb5
SIDM01002,gefitinib,IC50,51393.00121203035,nM,GDSC,unknown,data/raw/gdsc_drug_response.csv,6073,2026-10-03,b472905ea811c145b1827f382975756a66c2ac5dffbe9ad323148bfdea38cdb5
SIDM00503,gefitinib,IC50,85669.76817935378,nM,GDSC,unknown,data/raw/gdsc_drug_response.csv,6074,2026-10-03,b472905ea811c145b1827f382975756a66c2ac5dffbe9ad323148bfdea38cdb5
SIDM00858,gefitinib,IC50,118964.96047942997,nM,GDSC,unknown,data/raw/gdsc_drug_response.csv,6075,2026-10-03,b472905ea811c145b1827f382975756a66c2ac5dffbe9ad323148bfdea38cdb5
SIDM00104,gefitinib,IC50,42087.25654609938,nM,GDSC,unknown,data/raw/gdsc_drug_response.csv,6076,2026-10-03,b472905ea811c145b1827f382975756a66c2ac5dffbe9ad323148bfdea38cdb5
SIDM00103,gefitinib,IC50,27707.16378073546,nM,GDSC,unknown,data/raw/gdsc_drug_response.csv,6077,2026-10-03,b472905ea811c145b1827f382975756a66c2ac5dffbe9ad323148bfdea38cdb5
SIDM00102,gefitinib,IC50,157021.38401647692,nM,GDSC,unknown,data/raw/gdsc_drug_response.csv,6078,2026-10-03,b472905ea811c145b1827f382975756a66c2ac5dffbe9ad323148bfdea38cdb5
SIDM00099,gefitinib,IC50,369202.7680398616,nM,GDSC,unknown,data/raw/gdsc_drug_response.csv,6079,2026-10-03,b472905ea811c145b1827f382975756a66c2ac5dffbe9ad323148bfdea38cdb5
SIDM00154,gefitinib,IC50,48189.396151651796,nM,GDSC,unknown,data/raw/gdsc_drug_response.csv,6080,2026-10-03,b472905ea811c145b1827f382975756a66c2ac5dffbe9ad323148bfdea38cdb5
SIDM00520,gefitinib,IC50,51878.58061124208,nM,GDSC,unknown,data/raw/gdsc_drug_response.csv,6081,2026-10-03,b472905ea811c145b1827f382975756a66c2ac5dffbe9ad323148bfdea38cdb5
SIDM00881,gefitinib,IC50,73223.68981775358,nM,GDSC,unknown,data/raw/gdsc_drug_response.csv,6082,2026-10-03,b472905ea811c145b1827f382975756a66c2ac5dffbe9ad323148bfdea38cdb5
SIDM01068,gefitinib,IC50,55770.1064984121,nM,GDSC,unknown,data/raw/gdsc_drug_response.csv,6083,2026-10-03,b472905ea811c145b1827f382975756a66c2ac5dffbe9ad323148bfdea38cdb5
SIDM01062,gefitinib,IC50,2240.0719816145624,nM,GDSC,unknown,data/raw/gdsc_drug_response.csv,6084,2026-10-03,b472905ea811c145b1827f382975756a66c2ac5dffbe9ad323148bfdea38cdb5
SIDM00994,gefitinib,IC50,11623.187205479151,nM,GDSC,unknown,data/raw/gdsc_drug_response.csv,6085,2026-10-03,b472905ea811c145b1827f382975756a66c2ac5dffbe9ad323148bfdea38cdb5
SIDM00993,gefitinib,IC50,15988.472598689728,nM,GDSC,unknown,data/raw/gdsc_drug_response.csv,6086,2026-10-03,b472905ea811c145b1827f382975756a66c2ac5dffbe9ad323148bfdea38cdb5
SIDM00510,gefitinib,IC50,18580.599523366072,nM,GDSC,unknown,data/raw/gdsc_drug_response.csv,6087,2026-10-03,b472905ea811c145b1827f382975756a66c2ac5dffbe9ad323148bfdea38cdb5
SIDM00946,gefitinib,IC50,7548.644419089858,nM,GDSC,unknown,data/raw/gdsc_drug_response.csv,6088,2026-10-03,b472905ea811c145b1827f382975756a66c2ac5dffbe9ad323148bfdea38cdb5
SIDM01048,gefitinib,IC50,21320.925323053918,nM,GDSC,unknown,data/raw/gdsc_drug_response.csv,6089,2026-10-03,b472905ea811c145b1827f382975756a66c2ac5dffbe9ad323148bfdea38cdb5
SIDM00859,gefitinib,IC50,7517.337354027487,nM,GDSC,unknown,data/raw/gdsc_drug_response.csv,6090,2026-10-03,b472905ea811c145b1827f382975756a66c2ac5dffbe9ad323148bfdea38cdb5
SIDM00846,gefitinib,IC50,12451.249757484038,nM,GDSC,unknown,data/raw/gdsc_drug_response.csv,6091,2026-10-03,b472905ea811c145b1827f382975756a66c2ac5dffbe9ad323148bfdea38cdb5
SIDM00670,gefitinib,IC50,215188.20127595688,nM,GDSC,unknown,data/raw/gdsc_drug_response.csv,6092,2026-10-03,b472905ea811c145b1827f382975756a66c2ac5dffbe9ad323148bfdea38cdb5
SIDM00664,gefitinib,IC50,80101.77390828983,nM,GDSC,unknown,data/raw/gdsc_drug_response.csv,6093,2026-10-03,b472905ea811c145b1827f382975756a66c2ac5dffbe9ad323148bfdea38cdb5
SIDM00663,gefitinib,IC50,19462.392233319584,nM,GDSC,unknown,data/raw/gdsc_drug_response.csv,6094,2026-10-03,b472905ea811c145b1827f382975756a66c2ac5dffbe9ad323148bfdea38cdb5
SIDM00662,gefitinib,IC50,78627.45981998242,nM,GDSC,unknown,data/raw/gdsc_drug_response.csv,6095,2026-10-03,b472905ea811c145b1827f382975756a66c2ac5dffbe9ad323148bfdea38cdb5
SIDM00586,gefitinib,IC50,70703.28247198852,nM,GDSC,unknown,data/raw/gdsc_drug_response.csv,6096,2026-10-03,b472905ea811c145b1827f382975756a66c2ac5dffbe9ad323148bfdea38cdb5
SIDM00618,gefitinib,IC50,17995.252983928036,nM,GDSC,unknown,data/raw/gdsc_drug_response.csv,6097,2026-10-03,b472905ea811c145b1827f382975756a66c2ac5dffbe9ad323148bfdea38cdb5
SIDM00690,gefitinib,IC50,1860.2781136214776,nM,GDSC,unknown,data/raw/gdsc_drug_response.csv,6098,2026-10-03,b472905ea811c145b1827f382975756a66c2ac5dffbe9ad323148bfdea38cdb5
SIDM01037,gefitinib,IC50,52295.11692096581,nM,GDSC,unknown,data/raw/gdsc_drug_response.csv,6099,2026-10-03,b472905ea811c145b1827f382975756a66c2ac5dffbe9ad323148bfdea38cdb5
SIDM00126,gefitinib,IC50,17029.242272549156,nM,GDSC,unknown,data/raw/gdsc_drug_response.csv,6100,2026-10-03,b472905ea811c145b1827f382975756a66c2ac5dffbe9ad323148bfdea38cdb5
SIDM00619,gefitinib,IC50,36019.771643007734,nM,GDSC,unknown,data/raw/gdsc_drug_response.csv,6101,2026-10-03,b472905ea811c145b1827f382975756a66c2ac5dffbe9ad323148bfdea38cdb5
SIDM00611,gefitinib,IC50,68929.20752340669,nM,GDSC,unknown,data/raw/gdsc_drug_response.csv,6102,2026-10-03,b472905ea811c145b1827f382975756a66c2ac5dffbe9ad323148bfdea38cdb5
SIDM00609,gefitinib,IC50,46918.02828542464,nM,GDSC,unknown,data/raw/gdsc_drug_response.csv,6103,2026-10-03,b472905ea811c145b1827f382975756a66c2ac5dffbe9ad323148bfdea38cdb5
SIDM00604,gefitinib,IC50,7858.965641438452,nM,GDSC,unknown,data/raw/gdsc_drug_response.csv,6104,2026-10-03,b472905ea811c145b1827f382975756a66c2ac5dffbe9ad323148bfdea38cdb5
SIDM00583,gefitinib,IC50,26785.267065649048,nM,GDSC,unknown,data/raw/gdsc_drug_response.csv,6105,2026-10-03,b472905ea811c145b1827f382975756a66c2ac5dffbe9ad323148bfdea38cdb5
SIDM00582,gefitinib,IC50,128919.47697942308,nM,GDSC,unknown,data/raw/gdsc_drug_response.csv,6106,2026-10-03,b472905ea811c145b1827f382975756a66c2ac5dffbe9ad323148bfdea38cdb5
SIDM00571,gefitinib,IC50,30012.591191698048,nM,GDSC,unknown,data/raw/gdsc_drug_response.csv,6107,2026-10-03,b472905ea811c145b1827f382975756a66c2ac5dffbe9ad323148bfdea38cdb5
SIDM00550,gefitinib,IC50,13243.197177225538,nM,GDSC,unknown,data/raw/gdsc_drug_response.csv,6108,2026-10-03,b472905ea811c145b1827f382975756a66c2ac5dffbe9ad323148bfdea38cdb5
SIDM00300,gefitinib,IC50,2785.1897391018647,nM,GDSC,unknown,data/raw/gdsc_drug_response.csv,6109,2026-10-03,b472905ea811c145b1827f382975756a66c2ac5dffbe9ad323148bfdea38cdb5
SIDM00341,gefitinib,IC50,4124.331722518641,nM,GDSC,unknown,data/raw/gdsc_drug_response.csv,6110,2026-10-03,b472905ea811c145b1827f382975756a66c2ac5dffbe9ad323148bfdea38cdb5
SIDM00658,gefitinib,IC50,24661.590677125936,nM,GDSC,unknown,data/raw/gdsc_drug_response.csv,6111,2026-10-03,b472905ea811c145b1827f382975756a66c2ac5dffbe9ad323148bfdea38cdb5
SIDM00750,gefitinib,IC50,2315.37809922239,nM,GDSC,unknown,data/raw/gdsc_drug_response.csv,6112,2026-10-03,b472905ea811c145b1827f382975756a66c2ac5dffbe9ad323148bfdea38cdb5
SIDM00792,gefitinib,IC50,9761.0307062721,nM,GDSC,unknown,data/raw/gdsc_drug_response.csv,6113,2026-10-03,b472905ea811c145b1827f382975756a66c2ac5dffbe9ad323148bfdea38cdb5
SIDM00754,gefitinib,IC50,6087.137875083213,nM,GDSC,unknown,data/raw/gdsc_drug_response.csv,6114,2026-10-03,b472905ea811c145b1827f382975756a66c2ac5dffbe9ad323148bfdea38cdb5
SIDM00703,gefitinib,IC50,4512.88211816672,nM,GDSC,unknown,data/raw/gdsc_drug_response.csv,6115,2026-10-03,b472905ea811c145b1827f382975756a66c2ac5dffbe9ad323148bfdea38cdb5
SIDM00700,gefitinib,IC50,312553.9205337008,nM,GDSC,unknown,data/raw/gdsc_drug_response.csv,6116,2026-10-03,b472905ea811c145b1827f382975756a66c2ac5dffbe9ad323148bfdea38cdb5
SIDM00926,gefitinib,IC50,38186.34534462304,nM,GDSC,unknown,data/raw/gdsc_drug_response.csv,6117,2026-10-03,b472905ea811c145b1827f382975756a66c2ac5dffbe9ad323148bfdea38cdb5
SIDM00723,gefitinib,IC50,96439.41622026401,nM,GDSC,unknown,data/raw/gdsc_drug_response.csv,6118,2026-10-03,b472905ea811c145b1827f382975756a66c2ac5dffbe9ad323148bfdea38cdb5
SIDM00570,gefitinib,IC50,48030.345064286026,nM,GDSC,unknown,data/raw/gdsc_drug_response.csv,6119,2026-10-03,b472905ea811c145b1827f382975756a66c2ac5dffbe9ad323148bfdea38cdb5
SIDM00568,gefitinib,IC50,73615.2348824764,nM,GDSC,unknown,data/raw/gdsc_drug_response.csv,6120,2026-10-03,b472905ea811c145b1827f382975756a66c2ac5dffbe9ad323148bfdea38cdb5
SIDM00478,gefitinib,IC50,1457.035657286875,nM,GDSC,unknown,data/raw/gdsc_drug_response.csv,6121,2026-10-03,b472905ea811c145b1827f382975756a66c2ac5dffbe9ad323148bfdea38cdb5
SIDM00566,gefitinib,IC50,14443.955174340243,nM,GDSC,unknown,data/raw/gdsc_drug_response.csv,6122,2026-10-03,b472905ea811c145b1827f382975756a66c2ac5dffbe9ad323148bfdea38cdb5
SIDM00425,gefitinib,IC50,31161.42650621238,nM,GDSC,unknown,data/raw/gdsc_drug_response.csv,6123,2026-10-03,b472905ea811c145b1827f382975756a66c2ac5dffbe9ad323148bfdea38cdb5
SIDM01139,gefitinib,IC50,38303.60434564187,nM,GDSC,unknown,data/raw/gdsc_drug_response.csv,6124,2026-10-03,b472905ea811c145b1827f382975756a66c2ac5dffbe9ad323148bfdea38cdb5
SIDM01137,gefitinib,IC50,140307.71852099642,nM,GDSC,unknown,data/raw/gdsc_drug_response.csv,6125,2026-10-03,b472905ea811c145b1827f382975756a66c2ac5dffbe9ad323148bfdea38cdb5
SIDM00455,gefitinib,IC50,115849.50753678575,nM,GDSC,unknown,data/raw/gdsc_drug_response.csv,6126,2026-10-03,b472905ea811c145b1827f382975756a66c2ac5dffbe9ad323148bfdea38cdb5
SIDM00044,gefitinib,IC50,48818.044067600225,nM,GDSC,unknown,data/raw/gdsc_drug_response.csv,6127,2026-10-03,b472905ea811c145b1827f382975756a66c2ac5dffbe9ad323148bfdea38cdb5
SIDM00043,gefitinib,IC50,8358.441614739473,nM,GDSC,unknown,data/raw/gdsc_drug_response.csv,6128,2026-10-03,b472905ea811c145b1827f382975756a66c2ac5dffbe9ad323148bfdea38cdb5
SIDM00042,gefitinib,IC50,10122.86776799566,nM,GDSC,unknown,data/raw/gdsc_drug_response.csv,6129,2026-10-03,b472905ea811c145b1827f382975756a66c2ac5dffbe9ad323148bfdea38cdb5
SIDM00360,gefitinib,IC50,108766.24085348708,nM,GDSC,unknown,data/raw/gdsc_drug_response.csv,6130,2026-10-03,b472905ea811c145b1827f382975756a66c2ac5dffbe9ad323148bfdea38cdb5
SIDM00356,gefitinib,IC50,6071.089024896411,nM,GDSC,unknown,data/raw/gdsc_drug_response.csv,6131,2026-10-03,b472905ea811c145b1827f382975756a66c2ac5dffbe9ad323148bfdea38cdb5
SIDM00354,gefitinib,IC50,1428.8658247032515,nM,GDSC,unknown,data/raw/gdsc_drug_response.csv,6132,2026-10-03,b472905ea811c145b1827f382975756a66c2ac5dffbe9ad323148bfdea38cdb5
SIDM00353,gefitinib,IC50,94853.63316784118,nM,GDSC,unknown,data/raw/gdsc_drug_response.csv,6133,2026-10-03,b472905ea811c145b1827f382975756a66c2ac5dffbe9ad323148bfdea38cdb5
SIDM00350,gefitinib,IC50,1343.9768268160906,nM,GDSC,unknown,data/raw/gdsc_drug_response.csv,6134,2026-10-03,b472905ea811c145b1827f382975756a66c2ac5dffbe9ad323148bfdea38cdb5
SIDM00399,gefitinib,IC50,2932.7601197537797,nM,GDSC,unknown,data/raw/gdsc_drug_response.csv,6135,2026-10-03,b472905ea811c145b1827f382975756a66c2ac5dffbe9ad323148bfdea38cdb5
SIDM00375,gefitinib,IC50,14275.460297057865,nM,GDSC,unknown,data/raw/gdsc_drug_response.csv,6136,2026-10-03,b472905ea811c145b1827f382975756a66c2ac5dffbe9ad323148bfdea38cdb5
SIDM00041,gefitinib,IC50,30013.22146273089,nM,GDSC,unknown,data/raw/gdsc_drug_response.csv,6137,2026-10-03,b472905ea811c145b1827f382975756a66c2ac5dffbe9ad323148bfdea38cdb5
SIDM01156,gefitinib,IC50,314163.3268872693,nM,GDSC,unknown,data/raw/gdsc_drug_response.csv,6138,2026-10-03,b472905ea811c145b1827f382975756a66c2ac5dffbe9ad323148bfdea38cdb5
SIDM00322,gefitinib,IC50,2336.9087289462755,nM,GDSC,unknown,data/raw/gdsc_drug_response.csv,6139,2026-10-03,b472905ea811c145b1827f382975756a66c2ac5dffbe9ad323148bfdea38cdb5
SIDM00040,gefitinib,IC50,32428.86755382028,nM,GDSC,unknown,data/raw/gdsc_drug_response.csv,6140,2026-10-03,b472905ea811c145b1827f382975756a66c2ac5dffbe9ad323148bfdea38cdb5
SIDM01170,gefitinib,IC50,14478.691256001966,nM,GDSC,unknown,data/raw/gdsc_drug_response.csv,6141,2026-10-03,b472905ea811c145b1827f382975756a66c2ac5dffbe9ad323148bfdea38cdb5
SIDM01077,gefitinib,IC50,90244.53126722429,nM,GDSC,unknown,data/raw/gdsc_drug_response.csv,6142,2026-10-03,b472905ea811c145b1827f382975756a66c2ac5dffbe9ad323148bfdea38cdb5
SIDM00976,gefitinib,IC50,72328.77178473824,nM,GDSC,unknown,data/raw/gdsc_drug_response.csv,6143,2026-10-03,b472905ea811c145b1827f382975756a66c2ac5dffbe9ad323148bfdea38cdb5
SIDM00974,gefitinib,IC50,21580.00086686886,nM,GDSC,unknown,data/raw/gdsc_drug_response.csv,6144,2026-10-03,b472905ea811c145b1827f382975756a66c2ac5dffbe9ad323148bfdea38cdb5
SIDM00973,gefitinib,IC50,21117.097068861498,nM,GDSC,unknown,data/raw/gdsc_drug_response.csv,6145,2026-10-03,b472905ea811c145b1827f382975756a66c2ac5dffbe9ad323148bfdea38cdb5
SIDM00854,gefitinib,IC50,11342.990771600918,nM,GDSC,unknown,data/raw/gdsc_drug_response.csv,6146,2026-10-03,b472905ea811c145b1827f382975756a66c2ac5dffbe9ad323148bfdea38cdb5
SIDM01058,gefitinib,IC50,61032.652021282,nM,GDSC,unknown,data/raw/gdsc_drug_response.csv,6147,2026-10-03,b472905ea811c145b1827f382975756a66c2ac5dffbe9ad323148bfdea38cdb5
SIDM00879,gefitinib,IC50,39829.38673450208,nM,GDSC,unknown,data/raw/gdsc_drug_response.csv,6148,2026-10-03,b472905ea811c145b1827f382975756a66c2ac5dffbe9ad323148bfdea38cdb5
SIDM01071,gefitinib,IC50,16496.397108457848,nM,GDSC,unknown,data/raw/gdsc_drug_response.csv,6149,2026-10-03,b472905ea811c145b1827f382975756a66c2ac5dffbe9ad323148bfdea38cdb5
SIDM01261,gefitinib,IC50,51136.166184916176,nM,GDSC,unknown,data/raw/gdsc_drug_response.csv,6150,2026-10-03,b472905ea811c145b1827f382975756a66c2ac5dffbe9ad323148bfdea38cdb5
SIDM00176,gefitinib,IC50,58276.5043930988,nM,GDSC,unknown,data/raw/gdsc_drug_response.csv,6151,2026-10-03,b472905ea811c145b1827f382975756a66c2ac5dffbe9ad323148bfdea38cdb5
SIDM00508,gefitinib,IC50,44052.847819615985,nM,GDSC,unknown,data/raw/gdsc_drug_response.csv,6152,2026-10-03,b472905ea811c145b1827f382975756a66c2ac5dffbe9ad323148bfdea38cdb5
SIDM00507,gefitinib,IC50,17843.49471385936,nM,GDSC,unknown,data/raw/gdsc_drug_response.csv,6153,2026-10-03,b472905ea811c145b1827f382975756a66c2ac5dffbe9ad323148bfdea38cdb5
SIDM00668,gefitinib,IC50,13389.689895166723,nM,GDSC,unknown,data/raw/gdsc_drug_response.csv,6154,2026-10-03,b472905ea811c145b1827f382975756a66c2ac5dffbe9ad323148bfdea38cdb5
SIDM00045,gefitinib,IC50,11331.891417655777,nM,GDSC,unknown,data/raw/gdsc_drug_response.csv,6155,2026-10-03,b472905ea811c145b1827f382975756a66c2ac5dffbe9ad323148bfdea38cdb5
SIDM00428,gefitinib,IC50,10554.53895394512,nM,GDSC,unknown,data/raw/gdsc_drug_response.csv,6156,2026-10-03,b472905ea811c145b1827f382975756a66c2ac5dffbe9ad323148bfdea38cdb5
SIDM01038,gefitinib,IC50,10201.196323190548,nM,GDSC,unknown,data/raw/gdsc_drug_response.csv,6157,2026-10-03,b472905ea811c145b1827f382975756a66c2ac5dffbe9ad323148bfdea38cdb5
SIDM01036,gefitinib,IC50,18710.539973040668,nM,GDSC,unknown,data/raw/gdsc_drug_response.csv,6158,2026-10-03,b472905ea811c145b1827f382975756a66c2ac5dffbe9ad323148bfdea38cdb5
SIDM00689,gefitinib,IC50,5022.817343091958,nM,GDSC,unknown,data/raw/gdsc_drug_response.csv,6159,2026-10-03,b472905ea811c145b1827f382975756a66c2ac5dffbe9ad323148bfdea38cdb5
SIDM00688,gefitinib,IC50,14298.776869410549,nM,GDSC,unknown,data/raw/gdsc_drug_response.csv,6160,2026-10-03,b472905ea811c145b1827f382975756a66c2ac5dffbe9ad323148bfdea38cdb5
SIDM01011,gefitinib,IC50,23690.876115736333,nM,GDSC,unknown,data/raw/gdsc_drug_response.csv,6161,2026-10-03,b472905ea811c145b1827f382975756a66c2ac5dffbe9ad323148bfdea38cdb5
SIDM01017,gefitinib,IC50,15922.687834646682,nM,GDSC,unknown,data/raw/gdsc_drug_response.csv,6162,2026-10-03,b472905ea811c145b1827f382975756a66c2ac5dffbe9ad323148bfdea38cdb5
SIDM01006,gefitinib,IC50,33399.46894480123,nM,GDSC,unknown,data/raw/gdsc_drug_response.csv,6163,2026-10-03,b472905ea811c145b1827f382975756a66c2ac5dffbe9ad323148bfdea38cdb5
SIDM01004,gefitinib,IC50,24322.990155182866,nM,GDSC,unknown,data/raw/gdsc_drug_response.csv,6164,2026-10-03,b472905ea811c145b1827f382975756a66c2ac5dffbe9ad323148bfdea38cdb5
SIDM01034,gefitinib,IC50,25165.55010716683,nM,GDSC,unknown,data/raw/gdsc_drug_response.csv,6165,2026-10-03,b472905ea811c145b1827f382975756a66c2ac5dffbe9ad323148bfdea38cdb5
SIDM00313,gefitinib,IC50,31179.661273868012,nM,GDSC,unknown,data/raw/gdsc_drug_response.csv,6166,2026-10-03,b472905ea811c145b1827f382975756a66c2ac5dffbe9ad323148bfdea38cdb5
SIDM00631,gefitinib,IC50,6952.226722577513,nM,GDSC,unknown,data/raw/gdsc_drug_response.csv,6167,2026-10-03,b472905ea811c145b1827f382975756a66c2ac5dffbe9ad323148bfdea38cdb5
SIDM00338,gefitinib,IC50,37603.231844001944,nM,GDSC,unknown,data/raw/gdsc_drug_response.csv,6168,2026-10-03,b472905ea811c145b1827f382975756a66c2ac5dffbe9ad323148bfdea38cdb5
SIDM00437,gefitinib,IC50,2866.308600535764,nM,GDSC,unknown,data/raw/gdsc_drug_response.csv,6169,2026-10-03,b472905ea811c145b1827f382975756a66c2ac5dffbe9ad323148bfdea38cdb5
SIDM00435,gefitinib,IC50,16984.378332987962,nM,GDSC,unknown,data/raw/gdsc_drug_response.csv,6170,2026-10-03,b472905ea811c145b1827f382975756a66c2ac5dffbe9ad323148bfdea38cdb5
SIDM00434,gefitinib,IC50,24539.203952912605,nM,GDSC,unknown,data/raw/gdsc_drug_response.csv,6171,2026-10-03,b472905ea811c145b1827f382975756a66c2ac5dffbe9ad323148bfdea38cdb5
SIDM01217,gefitinib,IC50,5987.691826184788,nM,GDSC,unknown,data/raw/gdsc_drug_response.csv,6172,2026-10-03,b472905ea811c145b1827f382975756a66c2ac5dffbe9ad323148bfdea38cdb5
SIDM00646,gefitinib,IC50,27240.531695086054,nM,GDSC,unknown,data/raw/gdsc_drug_response.csv,6173,2026-10-03,b472905ea811c145b1827f382975756a66c2ac5dffbe9ad323148bfdea38cdb5
SIDM00766,gefitinib,IC50,22947.61478113238,nM,GDSC,unknown,data/raw/gdsc_drug_response.csv,6174,2026-10-03,b472905ea811c145b1827f382975756a66c2ac5dffbe9ad323148bfdea38cdb5
SIDM00711,gefitinib,IC50,146010.12958196536,nM,GDSC,unknown,data/raw/gdsc_drug_response.csv,6175,2026-10-03,b472905ea811c145b1827f382975756a66c2ac5dffbe9ad323148bfdea38cdb5
SIDM01123,gefitinib,IC50,13341.466940547602,nM,GDSC,unknown,data/raw/gdsc_drug_response.csv,6176,2026-10-03,b472905ea811c145b1827f382975756a66c2ac5dffbe9ad323148bfdea38cdb5
SIDM01201,gefitinib,IC50,12325.841580609374,nM,GDSC,unknown,data/raw/gdsc_drug_response.csv,6177,2026-10-03,b472905ea811c145b1827f382975756a66c2ac5dffbe9ad323148bfdea38cdb5
SIDM00443,gefitinib,IC50,16798.893144788974,nM,GDSC,unknown,data/raw/gdsc_drug_response.csv,6178,2026-10-03,b472905ea811c145b1827f382975756a66c2ac5dffbe9ad323148bfdea38cdb5
SIDM00460,gefitinib,IC50,12907.493058714073,nM,GDSC,unknown,data/raw/gdsc_drug_response.csv,6179,2026-10-03,b472905ea811c145b1827f382975756a66c2ac5dffbe9ad323148bfdea38cdb5
SIDM00458,gefitinib,IC50,15164.724892099037,nM,GDSC,unknown,data/raw/gdsc_drug_response.csv,6180,2026-10-03,b472905ea811c145b1827f382975756a66c2ac5dffbe9ad323148bfdea38cdb5
SIDM00362,gefitinib,IC50,8209.688654261488,nM,GDSC,unknown,data/raw/gdsc_drug_response.csv,6181,2026-10-03,b472905ea811c145b1827f382975756a66c2ac5dffbe9ad323148bfdea38cdb5
SIDM00450,gefitinib,IC50,16314.250668519737,nM,GDSC,unknown,data/raw/gdsc_drug_response.csv,6182,2026-10-03,b472905ea811c145b1827f382975756a66c2ac5dffbe9ad323148bfdea38cdb5
SIDM01114,gefitinib,IC50,20305.8292500203,nM,GDSC,unknown,data/raw/gdsc_drug_response.csv,6183,2026-10-03,b472905ea811c145b1827f382975756a66c2ac5dffbe9ad323148bfdea38cdb5
SIDM00449,gefitinib,IC50,13286.706179723673,nM,GDSC,unknown,data/raw/gdsc_drug_response.csv,6184,2026-10-03,b472905ea811c145b1827f382975756a66c2ac5dffbe9ad323148bfdea38cdb5
SIDM00448,gefitinib,IC50,31714.658904286196,nM,GDSC,unknown,data/raw/gdsc_drug_response.csv,6185,2026-10-03,b472905ea811c145b1827f382975756a66c2ac5dffbe9ad323148bfdea38cdb5
SIDM00415,gefitinib,IC50,41391.47741093443,nM,GDSC,unknown,data/raw/gdsc_drug_response.csv,6186,2026-10-03,b472905ea811c145b1827f382975756a66c2ac5dffbe9ad323148bfdea38cdb5
SIDM00374,gefitinib,IC50,36098.45259443331,nM,GDSC,unknown,data/raw/gdsc_drug_response.csv,6187,2026-10-03,b472905ea811c145b1827f382975756a66c2ac5dffbe9ad323148bfdea38cdb5
SIDM00389,gefitinib,IC50,4065.4929395915024,nM,GDSC,unknown,data/raw/gdsc_drug_response.csv,6188,2026-10-03,b472905ea811c145b1827f382975756a66c2ac5dffbe9ad323148bfdea38cdb5
SIDM00404,gefitinib,IC50,10332.54889966646,nM,GDSC,unknown,data/raw/gdsc_drug_response.csv,6189,2026-10-03,b472905ea811c145b1827f382975756a66c2ac5dffbe9ad323148bfdea38cdb5
SIDM00405,gefitinib,IC50,15366.717970912265,nM,GDSC,unknown,data/raw/gdsc_drug_response.csv,6190,2026-10-03,b472905ea811c145b1827f382975756a66c2ac5dffbe9ad323148bfdea38cdb5
SIDM00406,gefitinib,IC50,3340.641986348714,nM,GDSC,unknown,data/raw/gdsc_drug_response.csv,6191,2026-10-03,b472905ea811c145b1827f382975756a66c2ac5dffbe9ad323148bfdea38cdb5
SIDM00407,gefitinib,IC50,11539.69695111655,nM,GDSC,unknown,data/raw/gdsc_drug_response.csv,6192,2026-10-03,b472905ea811c145b1827f382975756a66c2ac5dffbe9ad323148bfdea38cdb5
SIDM00423,gefitinib,IC50,10441.747985492733,nM,GDSC,unknown,data/raw/gdsc_drug_response.csv,6193,2026-10-03,b472905ea811c145b1827f382975756a66c2ac5dffbe9ad323148bfdea38cdb5
SIDM00422,gefitinib,IC50,29787.26639468548,nM,GDSC,unknown,data/raw/gdsc_drug_response.csv,6194,2026-10-03,b472905ea811c145b1827f382975756a66c2ac5dffbe9ad323148bfdea38cdb5
SIDM00421,gefitinib,IC50,9810.782147385455,nM,GDSC,unknown,data/raw/gdsc_drug_response.csv,6195,2026-10-03,b472905ea811c145b1827f382975756a66c2ac5dffbe9ad323148bfdea38cdb5
SIDM00323,gefitinib,IC50,20658.379003729275,nM,GDSC,unknown,data/raw/gdsc_drug_response.csv,6196,2026-10-03,b472905ea811c145b1827f382975756a66c2ac5dffbe9ad323148bfdea38cdb5
SIDM00416,gefitinib,IC50,32623.405797352953,nM,GDSC,unknown,data/raw/gdsc_drug_response.csv,6197,2026-10-03,b472905ea811c145b1827f382975756a66c2ac5dffbe9ad323148bfdea38cdb5
SIDM01102,gefitinib,IC50,24532.849122074913,nM,GDSC,unknown,data/raw/gdsc_drug_response.csv,6198,2026-10-03,b472905ea811c145b1827f382975756a66c2ac5dffbe9ad323148bfdea38cdb5
SIDM00413,gefitinib,IC50,19236.047639640037,nM,GDSC,unknown,data/raw/gdsc_drug_response.csv,6199,2026-10-03,b472905ea811c145b1827f382975756a66c2ac5dffbe9ad323148bfdea38cdb5
SIDM01118,gefitinib,IC50,74351.43698331302,nM,GDSC,unknown,data/raw/gdsc_drug_response.csv,6200,2026-10-03,b472905ea811c145b1827f382975756a66c2ac5dffbe9ad323148bfdea38cdb5
SIDM00969,gefitinib,IC50,30226.982930804494,nM,GDSC,unknown,data/raw/gdsc_drug_response.csv,6201,2026-10-03,b472905ea811c145b1827f382975756a66c2ac5dffbe9ad323148bfdea38cdb5
SIDM00968,gefitinib,IC50,23524.654526821014,nM,GDSC,unknown,data/raw/gdsc_drug_response.csv,6202,2026-10-03,b472905ea811c145b1827f382975756a66c2ac5dffbe9ad323148bfdea38cdb5
SIDM00305,gefitinib,IC50,22479.594801078845,nM,GDSC,unknown,data/raw/gdsc_drug_response.csv,6203,2026-10-03,b472905ea811c145b1827f382975756a66c2ac5dffbe9ad323148bfdea38cdb5
SIDM00304,gefitinib,IC50,12608.926304505418,nM,GDSC,unknown,data/raw/gdsc_drug_response.csv,6204,2026-10-03,b472905ea811c145b1827f382975756a66c2ac5dffbe9ad323148bfdea38cdb5
SIDM00303,gefitinib,IC50,6050.778854270446,nM,GDSC,unknown,data/raw/gdsc_drug_response.csv,6205,2026-10-03,b472905ea811c145b1827f382975756a66c2ac5dffbe9ad323148bfdea38cdb5
SIDM00474,gefitinib,IC50,19760.302482077437,nM,GDSC,unknown,data/raw/gdsc_drug_response.csv,6206,2026-10-03,b472905ea811c145b1827f382975756a66c2ac5dffbe9ad323148bfdea38cdb5
SIDM00476,gefitinib,IC50,25206.628609804226,nM,GDSC,unknown,data/raw/gdsc_drug_response.csv,6207,2026-10-03,b472905ea811c145b1827f382975756a66c2ac5dffbe9ad323148bfdea38cdb5
SIDM00475,gefitinib,IC50,59763.79244065548,nM,GDSC,unknown,data/raw/gdsc_drug_response.csv,6208,2026-10-03,b472905ea811c145b1827f382975756a66c2ac5dffbe9ad323148bfdea38cdb5
SIDM00967,gefitinib,IC50,523.1740911701652,nM,GDSC,unknown,data/raw/gdsc_drug_response.csv,6209,2026-10-03,b472905ea811c145b1827f382975756a66c2ac5dffbe9ad323148bfdea38cdb5
SIDM00966,gefitinib,IC50,12228.912193560986,nM,GDSC,unknown,data/raw/gdsc_drug_response.csv,6210,2026-10-03,b472905ea811c145b1827f382975756a66c2ac5dffbe9ad323148bfdea38cdb5
SIDM00238,gefitinib,IC50,71852.255225469,nM,GDSC,unknown,data/raw/gdsc_drug_response.csv,6211,2026-10-03,b472905ea811c145b1827f382975756a66c2ac5dffbe9ad323148bfdea38cdb5
SIDM00472,gefitinib,IC50,112611.96824755767,nM,GDSC,unknown,data/raw/gdsc_drug_response.csv,6212,2026-10-03,b472905ea811c145b1827f382975756a66c2ac5dffbe9ad323148bfdea38cdb5
SIDM00815,gefitinib,IC50,5422.652028865457,nM,GDSC,unknown,data/raw/gdsc_drug_response.csv,6213,2026-10-03,b472905ea811c145b1827f382975756a66c2ac5dffbe9ad323148bfdea38cdb5
SIDM01041,gefitinib,IC50,46885.85355521508,nM,GDSC,unknown,data/raw/gdsc_drug_response.csv,6214,2026-10-03,b472905ea811c145b1827f382975756a66c2ac5dffbe9ad323148bfdea38cdb5
SIDM00445,gefitinib,IC50,29342.999501859576,nM,GDSC,unknown,data/raw/gdsc_drug_response.csv,6215,2026-10-03,b472905ea811c145b1827f382975756a66c2ac5dffbe9ad323148bfdea38cdb5
SIDM00444,gefitinib,IC50,4376.721814560843,nM,GDSC,unknown,data/raw/gdsc_drug_response.csv,6216,2026-10-03,b472905ea811c145b1827f382975756a66c2ac5dffbe9ad323148bfdea38cdb5
SIDM00393,gefitinib,IC50,592.0702414728795,nM,GDSC,unknown,data/raw/gdsc_drug_response.csv,6217,2026-10-03,b472905ea811c145b1827f382975756a66c2ac5dffbe9ad323148bfdea38cdb5
SIDM00483,gefitinib,IC50,16770.409598247104,nM,GDSC,unknown,data/raw/gdsc_drug_response.csv,6218,2026-10-03,b472905ea811c145b1827f382975756a66c2ac5dffbe9ad323148bfdea38cdb5
SIDM00539,gefitinib,IC50,36394.33024461943,nM,GDSC,unknown,data/raw/gdsc_drug_response.csv,6219,2026-10-03,b472905ea811c145b1827f382975756a66c2ac5dffbe9ad323148bfdea38cdb5
SIDM00538,gefitinib,IC50,55145.38161805943,nM,GDSC,unknown,data/raw/gdsc_drug_response.csv,6220,2026-10-03,b472905ea811c145b1827f382975756a66c2ac5dffbe9ad323148bfdea38cdb5
SIDM00530,gefitinib,IC50,1205.0523379707356,nM,GDSC,unknown,data/raw/gdsc_drug_response.csv,6221,2026-10-03,b472905ea811c145b1827f382975756a66c2ac5dffbe9ad323148bfdea38cdb5
SIDM00048,gefitinib,IC50,4873.157089235509,nM,GDSC,unknown,data/raw/gdsc_drug_response.csv,6222,2026-10-03,b472905ea811c145b1827f382975756a66c2ac5dffbe9ad323148bfdea38cdb5
SIDM00047,gefitinib,IC50,11592.774313286754,nM,GDSC,unknown,data/raw/gdsc_drug_response.csv,6223,2026-10-03,b472905ea811c145b1827f382975756a66c2ac5dffbe9ad323148bfdea38cdb5
SIDM00250,gefitinib,IC50,4045.8513577659705,nM,GDSC,unknown,data/raw/gdsc_drug_response.csv,6224,2026-10-03,b472905ea811c145b1827f382975756a66c2ac5dffbe9ad323148bfdea38cdb5
SIDM01185,gefitinib,IC50,42728.23743855473,nM,GDSC,unknown,data/raw/gdsc_drug_response.csv,6225,2026-10-03,b472905ea811c145b1827f382975756a66c2ac5dffbe9ad323148bfdea38cdb5
SIDM00231,gefitinib,IC50,19591.52353521356,nM,GDSC,unknown,data/raw/gdsc_drug_response.csv,6226,2026-10-03,b472905ea811c145b1827f382975756a66c2ac5dffbe9ad323148bfdea38cdb5
SIDM00232,gefitinib,IC50,13318.872308443662,nM,GDSC,unknown,data/raw/gdsc_drug_response.csv,6227,2026-10-03,b472905ea811c145b1827f382975756a66c2ac5dffbe9ad323148bfdea38cdb5
SIDM00819,gefitinib,IC50,21415.1368194301,nM,GDSC,unknown,data/raw/gdsc_drug_response.csv,6228,2026-10-03,b472905ea811c145b1827f382975756a66c2ac5dffbe9ad323148bfdea38cdb5
SIDM00818,gefitinib,IC50,10995.949745063059,nM,GDSC,unknown,data/raw/gdsc_drug_response.csv,6229,2026-10-03,b472905ea811c145b1827f382975756a66c2ac5dffbe9ad323148bfdea38cdb5
SIDM00817,gefitinib,IC50,48229.60287191411,nM,GDSC,unknown,data/raw/gdsc_drug_response.csv,6230,2026-10-03,b472905ea811c145b1827f382975756a66c2ac5dffbe9ad323148bfdea38cdb5
SIDM00820,gefitinib,IC50,9016.939725904722,nM,GDSC,unknown,data/raw/gdsc_drug_response.csv,6231,2026-10-03,b472905ea811c145b1827f382975756a66c2ac5dffbe9ad323148bfdea38cdb5
SIDM00821,gefitinib,IC50,16257.396915402102,nM,GDSC,unknown,data/raw/gdsc_drug_response.csv,6232,2026-10-03,b472905ea811c145b1827f382975756a66c2ac5dffbe9ad323148bfdea38cdb5
SIDM00816,gefitinib,IC50,8351.590501955518,nM,GDSC,unknown,data/raw/gdsc_drug_response.csv,6233,2026-10-03,b472905ea811c145b1827f382975756a66c2ac5dffbe9ad323148bfdea38cdb5
SIDM00608,gefitinib,IC50,31425.44766877055,nM,GDSC,unknown,data/raw/gdsc_drug_response.csv,6234,2026-10-03,b472905ea811c145b1827f382975756a66c2ac5dffbe9ad323148bfdea38cdb5
SIDM01265,gefitinib,IC50,16596.685387949878,nM,GDSC,unknown,data/raw/gdsc_drug_response.csv,6235,2026-10-03,b472905ea811c145b1827f382975756a66c2ac5dffbe9ad323148bfdea38cdb5
SIDM00459,gefitinib,IC50,6668.687073518904,nM,GDSC,unknown,data/raw/gdsc_drug_response.csv,6236,2026-10-03,b472905ea811c145b1827f382975756a66c2ac5dffbe9ad323148bfdea38cdb5
SIDM00216,gefitinib,IC50,3229.2535130061474,nM,GDSC,unknown,data/raw/gdsc_drug_response.csv,6237,2026-10-03,b472905ea811c145b1827f382975756a66c2ac5dffbe9ad323148bfdea38cdb5
SIDM00215,gefitinib,IC50,6280.596750935971,nM,GDSC,unknown,data/raw/gdsc_drug_response.csv,6238,2026-10-03,b472905ea811c145b1827f382975756a66c2ac5dffbe9ad323148bfdea38cdb5
SIDM00214,gefitinib,IC50,62033.09295586714,nM,GDSC,unknown,data/raw/gdsc_drug_response.csv,6239,2026-10-03,b472905ea811c145b1827f382975756a66c2ac5dffbe9ad323148bfdea38cdb5
SIDM00194,gefitinib,IC50,43439.10186010529,nM,GDSC,unknown,data/raw/gdsc_drug_response.csv,6240,2026-10-03,b472905ea811c145b1827f382975756a66c2ac5dffbe9ad323148bfdea38cdb5
SIDM00193,gefitinib,IC50,36707.900339502296,nM,GDSC,unknown,data/raw/gdsc_drug_response.csv,6241,2026-10-03,b472905ea811c145b1827f382975756a66c2ac5dffbe9ad323148bfdea38cdb5
SIDM00498,gefitinib,IC50,27394.218842975955,nM,GDSC,unknown,data/raw/gdsc_drug_response.csv,6242,2026-10-03,b472905ea811c145b1827f382975756a66c2ac5dffbe9ad323148bfdea38cdb5
SIDM00049,gefitinib,IC50,152.75346455141303,nM,GDSC,unknown,data/raw/gdsc_drug_response.csv,6243,2026-10-03,b472905ea811c145b1827f382975756a66c2ac5dffbe9ad323148bfdea38cdb5
SIDM01132,erlotinib,IC50,8407.02780911438,nM,GDSC,unknown,data/raw/gdsc_drug_response.csv,60823,2026-10-03,b472905ea811c145b1827f382975756a66c2ac5dffbe9ad323148bfdea38cdb5
SIDM00848,erlotinib,IC50,12632.76707681478,nM,GDSC,unknown,data/raw/gdsc_drug_response.csv,60824,2026-10-03,b472905ea811c145b1827f382975756a66c2ac5dffbe9ad323148bfdea38cdb5
SIDM00263,erlotinib,IC50,16747.131669579147,nM,GDSC,unknown,data/raw/gdsc_drug_response.csv,60825,2026-10-03,b472905ea811c145b1827f382975756a66c2ac5dffbe9ad323148bfdea38cdb5
SIDM00269,erlotinib,IC50,20710.876560860732,nM,GDSC,unknown,data/raw/gdsc_drug_response.csv,60826,2026-10-03,b472905ea811c145b1827f382975756a66c2ac5dffbe9ad323148bfdea38cdb5
SIDM00203,erlotinib,IC50,31181.157933528706,nM,GDSC,unknown,data/raw/gdsc_drug_response.csv,60827,2026-10-03,b472905ea811c145b1827f382975756a66c2ac5dffbe9ad323148bfdea38cdb5
SIDM01111,erlotinib,IC50,5077.444074324372,nM,GDSC,unknown,data/raw/gdsc_drug_response.csv,60828,2026-10-03,b472905ea811c145b1827f382975756a66c2ac5dffbe9ad323148bfdea38cdb5
SIDM00909,erlotinib,IC50,39565.36047593746,nM,GDSC,unknown,data/raw/gdsc_drug_response.csv,60829,2026-10-03,b472905ea811c145b1827f382975756a66c2ac5dffbe9ad323148bfdea38cdb5
SIDM00807,erlotinib,IC50,1958.8410552210455,nM,GDSC,unknown,data/raw/gdsc_drug_response.csv,60830,2026-10-03,b472905ea811c145b1827f382975756a66c2ac5dffbe9ad323148bfdea38cdb5
SIDM01085,erlotinib,IC50,7651.517544535044,nM,GDSC,unknown,data/raw/gdsc_drug_response.csv,60831,2026-10-03,b472905ea811c145b1827f382975756a66c2ac5dffbe9ad323148bfdea38cdb5
SIDM01160,erlotinib,IC50,53982.28839080428,nM,GDSC,unknown,data/raw/gdsc_drug_response.csv,60832,2026-10-03,b472905ea811c145b1827f382975756a66c2ac5dffbe9ad323148bfdea38cdb5
SIDM01190,erlotinib,IC50,10524.869705848609,nM,GDSC,unknown,data/raw/gdsc_drug_response.csv,60833,2026-10-03,b472905ea811c145b1827f382975756a66c2ac5dffbe9ad323148bfdea38cdb5
SIDM00889,erlotinib,IC50,5773.399066189459,nM,GDSC,unknown,data/raw/gdsc_drug_response.csv,60834,2026-10-03,b472905ea811c145b1827f382975756a66c2ac5dffbe9ad323148bfdea38cdb5
SIDM00905,erlotinib,IC50,6821.429131662795,nM,GDSC,unknown,data/raw/gdsc_drug_response.csv,60835,2026-10-03,b472905ea811c145b1827f382975756a66c2ac5dffbe9ad323148bfdea38cdb5
SIDM00627,erlotinib,IC50,3836.1796938753732,nM,GDSC,unknown,data/raw/gdsc_drug_response.csv,60836,2026-10-03,b472905ea811c145b1827f382975756a66c2ac5dffbe9ad323148bfdea38cdb5
SIDM00982,erlotinib,IC50,29297.90465545171,nM,GDSC,unknown,data/raw/gdsc_drug_response.csv,60837,2026-10-03,b472905ea811c145b1827f382975756a66c2ac5dffbe9ad323148bfdea38cdb5
SIDM00998,erlotinib,IC50,13172.047886707085,nM,GDSC,unknown,data/raw/gdsc_drug_response.csv,60838,2026-10-03,b472905ea811c145b1827f382975756a66c2ac5dffbe9ad323148bfdea38cdb5
SIDM00799,erlotinib,IC50,19764.215409335906,nM,GDSC,unknown,data/raw/gdsc_drug_response.csv,60839,2026-10-03,b472905ea811c145b1827f382975756a66c2ac5dffbe9ad323148bfdea38cdb5
SIDM00581,erlotinib,IC50,10386.428478884085,nM,GDSC,unknown,data/raw/gdsc_drug_response.csv,60840,2026-10-03,b472905ea811c145b1827f382975756a66c2ac5dffbe9ad323148bfdea38cdb5
SIDM01171,erlotinib,IC50,44983.960819407366,nM,GDSC,unknown,data/raw/gdsc_drug_response.csv,60841,2026-10-03,b472905ea811c145b1827f382975756a66c2ac5dffbe9ad323148bfdea38cdb5
SIDM01193,erlotinib,IC50,19844.7601501153,nM,GDSC,unknown,data/raw/gdsc_drug_response.csv,60842,2026-10-03,b472905ea811c145b1827f382975756a66c2ac5dffbe9ad323148bfdea38cdb5
SIDM01189,erlotinib,IC50,11581.998044916892,nM,GDSC,unknown,data/raw/gdsc_drug_response.csv,60843,2026-10-03,b472905ea811c145b1827f382975756a66c2ac5dffbe9ad323148bfdea38cdb5
SIDM00315,erlotinib,IC50,34162.99360884485,nM,GDSC,unknown,data/raw/gdsc_drug_response.csv,60844,2026-10-03,b472905ea811c145b1827f382975756a66c2ac5dffbe9ad323148bfdea38cdb5
SIDM00924,erlotinib,IC50,95441.26193609758,nM,GDSC,unknown,data/raw/gdsc_drug_response.csv,60845,2026-10-03,b472905ea811c145b1827f382975756a66c2ac5dffbe9ad323148bfdea38cdb5
SIDM01120,erlotinib,IC50,13632.000407774565,nM,GDSC,unknown,data/raw/gdsc_drug_response.csv,60846,2026-10-03,b472905ea811c145b1827f382975756a66c2ac5dffbe9ad323148bfdea38cdb5
SIDM00922,erlotinib,IC50,22976.56997578476,nM,GDSC,unknown,data/raw/gdsc_drug_response.csv,60847,2026-10-03,b472905ea811c145b1827f382975756a66c2ac5dffbe9ad323148bfdea38cdb5
SIDM00512,erlotinib,IC50,12806.156092048097,nM,GDSC,unknown,data/raw/gdsc_drug_response.csv,60848,2026-10-03,b472905ea811c145b1827f382975756a66c2ac5dffbe9ad323148bfdea38cdb5
SIDM00548,erlotinib,IC50,42905.88517106982,nM,GDSC,unknown,data/raw/gdsc_drug_response.csv,60849,2026-10-03,b472905ea811c145b1827f382975756a66c2ac5dffbe9ad323148bfdea38cdb5
SIDM00734,erlotinib,IC50,35458.996473290936,nM,GDSC,unknown,data/raw/gdsc_drug_response.csv,60850,2026-10-03,b472905ea811c145b1827f382975756a66c2ac5dffbe9ad323148bfdea38cdb5
SIDM00747,erlotinib,IC50,1643.9781404790529,nM,GDSC,unknown,data/raw/gdsc_drug_response.csv,60851,2026-10-03,b472905ea811c145b1827f382975756a66c2ac5dffbe9ad323148bfdea38cdb5
SIDM00746,erlotinib,IC50,909.2238095355574,nM,GDSC,unknown,data/raw/gdsc_drug_response.csv,60852,2026-10-03,b472905ea811c145b1827f382975756a66c2ac5dffbe9ad323148bfdea38cdb5
SIDM00745,erlotinib,IC50,3169.8174516476074,nM,GDSC,unknown,data/raw/gdsc_drug_response.csv,60853,2026-10-03,b472905ea811c145b1827f382975756a66c2ac5dffbe9ad323148bfdea38cdb5
SIDM00742,erlotinib,IC50,6035.821693727461,nM,GDSC,unknown,data/raw/gdsc_drug_response.csv,60854,2026-10-03,b472905ea811c145b1827f382975756a66c2ac5dffbe9ad323148bfdea38cdb5
SIDM00737,erlotinib,IC50,148377.09908638406,nM,GDSC,unknown,data/raw/gdsc_drug_response.csv,60855,2026-10-03,b472905ea811c145b1827f382975756a66c2ac5dffbe9ad323148bfdea38cdb5
SIDM00769,erlotinib,IC50,47914.58755924291,nM,GDSC,unknown,data/raw/gdsc_drug_response.csv,60856,2026-10-03,b472905ea811c145b1827f382975756a66c2ac5dffbe9ad323148bfdea38cdb5
SIDM00709,erlotinib,IC50,70921.02968034477,nM,GDSC,unknown,data/raw/gdsc_drug_response.csv,60857,2026-10-03,b472905ea811c145b1827f382975756a66c2ac5dffbe9ad323148bfdea38cdb5
SIDM00716,erlotinib,IC50,1740.2677835896463,nM,GDSC,unknown,data/raw/gdsc_drug_response.csv,60858,2026-10-03,b472905ea811c145b1827f382975756a66c2ac5dffbe9ad323148bfdea38cdb5
SIDM00729,erlotinib,IC50,36476.71092156279,nM,GDSC,unknown,data/raw/gdsc_drug_response.csv,60859,2026-10-03,b472905ea811c145b1827f382975756a66c2ac5dffbe9ad323148bfdea38cdb5
SIDM00727,erlotinib,IC50,39536.88366927539,nM,GDSC,unknown,data/raw/gdsc_drug_response.csv,60860,2026-10-03,b472905ea811c145b1827f382975756a66c2ac5dffbe9ad323148bfdea38cdb5
SIDM00726,erlotinib,IC50,142327.25233412493,nM,GDSC,unknown,data/raw/gdsc_drug_response.csv,60861,2026-10-03,b472905ea811c145b1827f382975756a66c2ac5dffbe9ad323148bfdea38cdb5
SIDM00724,erlotinib,IC50,24544.431360053673,nM,GDSC,unknown,data/raw/gdsc_drug_response.csv,60862,2026-10-03,b472905ea811c145b1827f382975756a66c2ac5dffbe9ad323148bfdea38cdb5
SIDM01122,erlotinib,IC50,25063.910931477392,nM,GDSC,unknown,data/raw/gdsc_drug_response.csv,60863,2026-10-03,b472905ea811c145b1827f382975756a66c2ac5dffbe9ad323148bfdea38cdb5
SIDM00509,erlotinib,IC50,28595.4324349524,nM,GDSC,unknown,data/raw/gdsc_drug_response.csv,60864,2026-10-03,b472905ea811c145b1827f382975756a66c2ac5dffbe9ad323148bfdea38cdb5
SIDM00865,erlotinib,IC50,28752.306784292,nM,GDSC,unknown,data/raw/gdsc_drug_response.csv,60865,2026-10-03,b472905ea811c145b1827f382975756a66c2ac5dffbe9ad323148bfdea38cdb5
SIDM00522,erlotinib,IC50,10144.472744798652,nM,GDSC,unknown,data/raw/gdsc_drug_response.csv,60866,2026-10-03,b472905ea811c145b1827f382975756a66c2ac5dffbe9ad323148bfdea38cdb5
SIDM00654,erlotinib,IC50,37064.068638353376,nM,GDSC,unknown,data/raw/gdsc_drug_response.csv,60867,2026-10-03,b472905ea811c145b1827f382975756a66c2ac5dffbe9ad323148bfdea38cdb5
SIDM00653,erlotinib,IC50,13118.730261716684,nM,GDSC,unknown,data/raw/gdsc_drug_response.csv,60868,2026-10-03,b472905ea811c145b1827f382975756a66c2ac5dffbe9ad323148bfdea38cdb5
SIDM00741,erlotinib,IC50,8841.344872708638,nM,GDSC,unknown,data/raw/gdsc_drug_response.csv,60869,2026-10-03,b472905ea811c145b1827f382975756a66c2ac5dffbe9ad323148bfdea38cdb5
SIDM00760,erlotinib,IC50,9803.083705433553,nM,GDSC,unknown,data/raw/gdsc_drug_response.csv,60870,2026-10-03,b472905ea811c145b1827f382975756a66c2ac5dffbe9ad323148bfdea38cdb5
SIDM00735,erlotinib,IC50,136761.29036799166,nM,GDSC,unknown,data/raw/gdsc_drug_response.csv,60871,2026-10-03,b472905ea811c145b1827f382975756a66c2ac5dffbe9ad323148bfdea38cdb5
SIDM00706,erlotinib,IC50,3583.7079334173013,nM,GDSC,unknown,data/raw/gdsc_drug_response.csv,60872,2026-10-03,b472905ea811c145b1827f382975756a66c2ac5dffbe9ad323148bfdea38cdb5
SIDM00699,erlotinib,IC50,22528.924118062514,nM,GDSC,unknown,data/raw/gdsc_drug_response.csv,60873,2026-10-03,b472905ea811c145b1827f382975756a66c2ac5dffbe9ad323148bfdea38cdb5
SIDM00733,erlotinib,IC50,23840.885858478145,nM,GDSC,unknown,data/raw/gdsc_drug_response.csv,60874,2026-10-03,b472905ea811c145b1827f382975756a66c2ac5dffbe9ad323148bfdea38cdb5
SIDM00730,erlotinib,IC50,26576.968636553825,nM,GDSC,unknown,data/raw/gdsc_drug_response.csv,60875,2026-10-03,b472905ea811c145b1827f382975756a66c2ac5dffbe9ad323148bfdea38cdb5
SIDM00719,erlotinib,IC50,511498.6775738643,nM,GDSC,unknown,data/raw/gdsc_drug_response.csv,60876,2026-10-03,b472905ea811c145b1827f382975756a66c2ac5dffbe9ad323148bfdea38cdb5
SIDM00965,erlotinib,IC50,18436.658640478025,nM,GDSC,unknown,data/raw/gdsc_drug_response.csv,60877,2026-10-03,b472905ea811c145b1827f382975756a66c2ac5dffbe9ad323148bfdea38cdb5
SIDM01128,erlotinib,IC50,14090.65765326737,nM,GDSC,unknown,data/raw/gdsc_drug_response.csv,60878,2026-10-03,b472905ea811c145b1827f382975756a66c2ac5dffbe9ad323148bfdea38cdb5
SIDM01126,erlotinib,IC50,40480.88955861556,nM,GDSC,unknown,data/raw/gdsc_drug_response.csv,60879,2026-10-03,b472905ea811c145b1827f382975756a66c2ac5dffbe9ad323148bfdea38cdb5
SIDM01121,erlotinib,IC50,23331.86446733971,nM,GDSC,unknown,data/raw/gdsc_drug_response.csv,60880,2026-10-03,b472905ea811c145b1827f382975756a66c2ac5dffbe9ad323148bfdea38cdb5
SIDM01131,erlotinib,IC50,5643.254849350927,nM,GDSC,unknown,data/raw/gdsc_drug_response.csv,60881,2026-10-03,b472905ea811c145b1827f382975756a66c2ac5dffbe9ad323148bfdea38cdb5
SIDM00713,erlotinib,IC50,13176.777500813349,nM,GDSC,unknown,data/raw/gdsc_drug_response.csv,60882,2026-10-03,b472905ea811c145b1827f382975756a66c2ac5dffbe9ad323148bfdea38cdb5
SIDM01100,erlotinib,IC50,2873.833923072906,nM,GDSC,unknown,data/raw/gdsc_drug_response.csv,60883,2026-10-03,b472905ea811c145b1827f382975756a66c2ac5dffbe9ad323148bfdea38cdb5
SIDM01099,erlotinib,IC50,33725.222515120004,nM,GDSC,unknown,data/raw/gdsc_drug_response.csv,60884,2026-10-03,b472905ea811c145b1827f382975756a66c2ac5dffbe9ad323148bfdea38cdb5
SIDM01179,erlotinib,IC50,30469.159252962007,nM,GDSC,unknown,data/raw/gdsc_drug_response.csv,60885,2026-10-03,b472905ea811c145b1827f382975756a66c2ac5dffbe9ad323148bfdea38cdb5
SIDM00320,erlotinib,IC50,86444.27615091829,nM,GDSC,unknown,data/raw/gdsc_drug_response.csv,60886,2026-10-03,b472905ea811c145b1827f382975756a66c2ac5dffbe9ad323148bfdea38cdb5
SIDM00368,erlotinib,IC50,11070.644882586637,nM,GDSC,unknown,data/raw/gdsc_drug_response.csv,60887,2026-10-03,b472905ea811c145b1827f382975756a66c2ac5dffbe9ad323148bfdea38cdb5
SIDM00365,erlotinib,IC50,144793.2698594155,nM,GDSC,unknown,data/raw/gdsc_drug_response.csv,60888,2026-10-03,b472905ea811c145b1827f382975756a66c2ac5dffbe9ad323148bfdea38cdb5
SIDM00294,erlotinib,IC50,42412.74895742552,nM,GDSC,unknown,data/raw/gdsc_drug_response.csv,60889,2026-10-03,b472905ea811c145b1827f382975756a66c2ac5dffbe9ad323148bfdea38cdb5
SIDM01098,erlotinib,IC50,38939.22120996645,nM,GDSC,unknown,data/raw/gdsc_drug_response.csv,60890,2026-10-03,b472905ea811c145b1827f382975756a66c2ac5dffbe9ad323148bfdea38cdb5
SIDM00715,erlotinib,IC50,6956.684528480842,nM,GDSC,unknown,data/raw/gdsc_drug_response.csv,60891,2026-10-03,b472905ea811c145b1827f382975756a66c2ac5dffbe9ad323148bfdea38cdb5
SIDM00702,erlotinib,IC50,1695.4768013382895,nM,GDSC,unknown,data/raw/gdsc_drug_response.csv,60892,2026-10-03,b472905ea811c145b1827f382975756a66c2ac5dffbe9ad323148bfdea38cdb5
SIDM00739,erlotinib,IC50,33381.43810033719,nM,GDSC,unknown,data/raw/gdsc_drug_response.csv,60893,2026-10-03,b472905ea811c145b1827f382975756a66c2ac5dffbe9ad323148bfdea38cdb5
SIDM01124,erlotinib,IC50,31377.905539473235,nM,GDSC,unknown,data/raw/gdsc_drug_response.csv,60894,2026-10-03,b472905ea811c145b1827f382975756a66c2ac5dffbe9ad323148bfdea38cdb5
SIDM01184,erlotinib,IC50,65368.27179532229,nM,GDSC,unknown,data/raw/gdsc_drug_response.csv,60895,2026-10-03,b472905ea811c145b1827f382975756a66c2ac5dffbe9ad323148bfdea38cdb5
SIDM01148,erlotinib,IC50,17254.224292167026,nM,GDSC,unknown,data/raw/gdsc_drug_response.csv,60896,2026-10-03,b472905ea811c145b1827f382975756a66c2ac5dffbe9ad323148bfdea38cdb5
SIDM01101,erlotinib,IC50,55035.7514268586,nM,GDSC,unknown,data/raw/gdsc_drug_response.csv,60897,2026-10-03,b472905ea811c145b1827f382975756a66c2ac5dffbe9ad323148bfdea38cdb5
SIDM00649,erlotinib,IC50,65624.2964439353,nM,GDSC,unknown,data/raw/gdsc_drug_response.csv,60898,2026-10-03,b472905ea811c145b1827f382975756a66c2ac5dffbe9ad323148bfdea38cdb5
SIDM00708,erlotinib,IC50,77143.32073401813,nM,GDSC,unknown,data/raw/gdsc_drug_response.csv,60899,2026-10-03,b472905ea811c145b1827f382975756a66c2ac5dffbe9ad323148bfdea38cdb5
SIDM01182,erlotinib,IC50,57655.866375332735,nM,GDSC,unknown,data/raw/gdsc_drug_response.csv,60900,2026-10-03,b472905ea811c145b1827f382975756a66c2ac5dffbe9ad323148bfdea38cdb5
SIDM01174,erlotinib,IC50,17582.023710591537,nM,GDSC,unknown,data/raw/gdsc_drug_response.csv,60901,2026-10-03,b472905ea811c145b1827f382975756a66c2ac5dffbe9ad323148bfdea38cdb5
SIDM01119,erlotinib,IC50,103867.91044332836,nM,GDSC,unknown,data/raw/gdsc_drug_response.csv,60902,2026-10-03,b472905ea811c145b1827f382975756a66c2ac5dffbe9ad323148bfdea38cdb5
SIDM00921,erlotinib,IC50,49537.502054986275,nM,GDSC,unknown,data/raw/gdsc_drug_response.csv,60903,2026-10-03,b472905ea811c145b1827f382975756a66c2ac5dffbe9ad323148bfdea38cdb5
SIDM00547,erlotinib,IC50,16490.871740977247,nM,GDSC,unknown,data/raw/gdsc_drug_response.csv,60904,2026-10-03,b472905ea811c145b1827f382975756a66c2ac5dffbe9ad323148bfdea38cdb5
SIDM00645,erlotinib,IC50,23676.050268262297,nM,GDSC,unknown,data/raw/gdsc_drug_response.csv,60905,2026-10-03,b472905ea811c145b1827f382975756a66c2ac5dffbe9ad323148bfdea38cdb5
SIDM00771,erlotinib,IC50,11241.766567016526,nM,GDSC,unknown,data/raw/gdsc_drug_response.csv,60906,2026-10-03,b472905ea811c145b1827f382975756a66c2ac5dffbe9ad323148bfdea38cdb5
SIDM00669,erlotinib,IC50,13279.666091236662,nM,GDSC,unknown,data/raw/gdsc_drug_response.csv,60907,2026-10-03,b472905ea811c145b1827f382975756a66c2ac5dffbe9ad323148bfdea38cdb5
SIDM00505,erlotinib,IC50,132446.26288086345,nM,GDSC,unknown,data/raw/gdsc_drug_response.csv,60908,2026-10-03,b472905ea811c145b1827f382975756a66c2ac5dffbe9ad323148bfdea38cdb5
SIDM01078,erlotinib,IC50,16091.078693597805,nM,GDSC,unknown,data/raw/gdsc_drug_response.csv,60909,2026-10-03,b472905ea811c145b1827f382975756a66c2ac5dffbe9ad323148bfdea38cdb5
SIDM00756,erlotinib,IC50,19390.281753201107,nM,GDSC,unknown,data/raw/gdsc_drug_response.csv,60910,2026-10-03,b472905ea811c145b1827f382975756a66c2ac5dffbe9ad323148bfdea38cdb5
SIDM00728,erlotinib,IC50,64003.51476148957,nM,GDSC,unknown,data/raw/gdsc_drug_response.csv,60911,2026-10-03,b472905ea811c145b1827f382975756a66c2ac5dffbe9ad323148bfdea38cdb5
SIDM01163,erlotinib,IC50,208639.73320421408,nM,GDSC,unknown,data/raw/gdsc_drug_response.csv,60912,2026-10-03,b472905ea811c145b1827f382975756a66c2ac5dffbe9ad323148bfdea38cdb5
SIDM00347,erlotinib,IC50,25838.09620698743,nM,GDSC,unknown,data/raw/gdsc_drug_response.csv,60913,2026-10-03,b472905ea811c145b1827f382975756a66c2ac5dffbe9ad323148bfdea38cdb5
SIDM00872,erlotinib,IC50,11104.53962571134,nM,GDSC,unknown,data/raw/gdsc_drug_response.csv,60914,2026-10-03,b472905ea811c145b1827f382975756a66c2ac5dffbe9ad323148bfdea38cdb5
SIDM00866,erlotinib,IC50,7563.9686034426195,nM,GDSC,unknown,data/raw/gdsc_drug_response.csv,60915,2026-10-03,b472905ea811c145b1827f382975756a66c2ac5dffbe9ad323148bfdea38cdb5
SIDM00885,erlotinib,IC50,11897.710658843758,nM,GDSC,unknown,data/raw/gdsc_drug_response.csv,60916,2026-10-03,b472905ea811c145b1827f382975756a66c2ac5dffbe9ad323148bfdea38cdb5
SIDM00884,erlotinib,IC50,23161.953565744792,nM,GDSC,unknown,data/raw/gdsc_drug_response.csv,60917,2026-10-03,b472905ea811c145b1827f382975756a66c2ac5dffbe9ad323148bfdea38cdb5
SIDM00877,erlotinib,IC50,162766.23006202618,nM,GDSC,unknown,data/raw/gdsc_drug_response.csv,60918,2026-10-03,b472905ea811c145b1827f382975756a66c2ac5dffbe9ad323148bfdea38cdb5
SIDM00874,erlotinib,IC50,9917.57067824439,nM,GDSC,unknown,data/raw/gdsc_drug_response.csv,60919,2026-10-03,b472905ea811c145b1827f382975756a66c2ac5dffbe9ad323148bfdea38cdb5
SIDM00774,erlotinib,IC50,7362.238275303695,nM,GDSC,unknown,data/raw/gdsc_drug_response.csv,60920,2026-10-03,b472905ea811c145b1827f382975756a66c2ac5dffbe9ad323148bfdea38cdb5
SIDM00772,erlotinib,IC50,15061.412357304202,nM,GDSC,unknown,data/raw/gdsc_drug_response.csv,60921,2026-10-03,b472905ea811c145b1827f382975756a66c2ac5dffbe9ad323148bfdea38cdb5
SIDM00675,erlotinib,IC50,75979.38093575672,nM,GDSC,unknown,data/raw/gdsc_drug_response.csv,60922,2026-10-03,b472905ea811c145b1827f382975756a66c2ac5dffbe9ad323148bfdea38cdb5
SIDM00172,erlotinib,IC50,664.21459266053,nM,GDSC,unknown,data/raw/gdsc_drug_response.csv,60923,2026-10-03,b472905ea811c145b1827f382975756a66c2ac5dffbe9ad323148bfdea38cdb5
SIDM00174,erlotinib,IC50,44392.25423266433,nM,GDSC,unknown,data/raw/gdsc_drug_response.csv,60924,2026-10-03,b472905ea811c145b1827f382975756a66c2ac5dffbe9ad323148bfdea38cdb5
SIDM00191,erlotinib,IC50,45968.85031303704,nM,GDSC,unknown,data/raw/gdsc_drug_response.csv,60925,2026-10-03,b472905ea811c145b1827f382975756a66c2ac5dffbe9ad323148bfdea38cdb5
SIDM00990,erlotinib,IC50,71968.53430847109,nM,GDSC,unknown,data/raw/gdsc_drug_response.csv,60926,2026-10-03,b472905ea811c145b1827f382975756a66c2ac5dffbe9ad323148bfdea38cdb5
SIDM00986,erlotinib,IC50,8644.34197512019,nM,GDSC,unknown,data/raw/gdsc_drug_response.csv,60927,2026-10-03,b472905ea811c145b1827f382975756a66c2ac5dffbe9ad323148bfdea38cdb5
SIDM00489,erlotinib,IC50,908.2360202153495,nM,GDSC,unknown,data/raw/gdsc_drug_response.csv,60928,2026-10-03,b472905ea811c145b1827f382975756a66c2ac5dffbe9ad323148bfdea38cdb5
SIDM00961,erlotinib,IC50,2180.8942519380234,nM,GDSC,unknown,data/raw/gdsc_drug_response.csv,60929,2026-10-03,b472905ea811c145b1827f382975756a66c2ac5dffbe9ad323148bfdea38cdb5
SIDM00939,erlotinib,IC50,7513.173902515912,nM,GDSC,unknown,data/raw/gdsc_drug_response.csv,60930,2026-10-03,b472905ea811c145b1827f382975756a66c2ac5dffbe9ad323148bfdea38cdb5
SIDM00942,erlotinib,IC50,2553.579243725523,nM,GDSC,unknown,data/raw/gdsc_drug_response.csv,60931,2026-10-03,b472905ea811c145b1827f382975756a66c2ac5dffbe9ad323148bfdea38cdb5
SIDM00175,erlotinib,IC50,56609.96331398241,nM,GDSC,unknown,data/raw/gdsc_drug_response.csv,60932,2026-10-03,b472905ea811c145b1827f382975756a66c2ac5dffbe9ad323148bfdea38cdb5
SIDM00190,erlotinib,IC50,155238.40002707552,nM,GDSC,unknown,data/raw/gdsc_drug_response.csv,60933,2026-10-03,b472905ea811c145b1827f382975756a66c2ac5dffbe9ad323148bfdea38cdb5
SIDM00953,erlotinib,IC50,16972.83288161988,nM,GDSC,unknown,data/raw/gdsc_drug_response.csv,60934,2026-10-03,b472905ea811c145b1827f382975756a66c2ac5dffbe9ad323148bfdea38cdb5
SIDM00951,erlotinib,IC50,5150.629807927778,nM,GDSC,unknown,data/raw/gdsc_drug_response.csv,60935,2026-10-03,b472905ea811c145b1827f382975756a66c2ac5dffbe9ad323148bfdea38cdb5
SIDM00207,erlotinib,IC50,46725.871273235636,nM,GDSC,unknown,data/raw/gdsc_drug_response.csv,60936,2026-10-03,b472905ea811c145b1827f382975756a66c2ac5dffbe9ad323148bfdea38cdb5
SIDM00524,erlotinib,IC50,84568.42753744939,nM,GDSC,unknown,data/raw/gdsc_drug_response.csv,60937,2026-10-03,b472905ea811c145b1827f382975756a66c2ac5dffbe9ad323148bfdea38cdb5
SIDM00970,erlotinib,IC50,4654.441849021178,nM,GDSC,unknown,data/raw/gdsc_drug_response.csv,60938,2026-10-03,b472905ea811c145b1827f382975756a66c2ac5dffbe9ad323148bfdea38cdb5
SIDM00486,erlotinib,IC50,18439.350589147005,nM,GDSC,unknown,data/raw/gdsc_drug_response.csv,60939,2026-10-03,b472905ea811c145b1827f382975756a66c2ac5dffbe9ad323148bfdea38cdb5
SIDM00278,erlotinib,IC50,721.3974826882528,nM,GDSC,unknown,data/raw/gdsc_drug_response.csv,60940,2026-10-03,b472905ea811c145b1827f382975756a66c2ac5dffbe9ad323148bfdea38cdb5
SIDM01044,erlotinib,IC50,7543.098203925586,nM,GDSC,unknown,data/raw/gdsc_drug_response.csv,60941,2026-10-03,b472905ea811c145b1827f382975756a66c2ac5dffbe9ad323148bfdea38cdb5
SIDM00188,erlotinib,IC50,23845.845278498506,nM,GDSC,unknown,data/raw/gdsc_drug_response.csv,60942,2026-10-03,b472905ea811c145b1827f382975756a66c2ac5dffbe9ad323148bfdea38cdb5
SIDM00052,erlotinib,IC50,86677.6443584134,nM,GDSC,unknown,data/raw/gdsc_drug_response.csv,60943,2026-10-03,b472905ea811c145b1827f382975756a66c2ac5dffbe9ad323148bfdea38cdb5
SIDM00591,erlotinib,IC50,1534.7323484422452,nM,GDSC,unknown,data/raw/gdsc_drug_response.csv,60944,2026-10-03,b472905ea811c145b1827f382975756a66c2ac5dffbe9ad323148bfdea38cdb5
SIDM00590,erlotinib,IC50,2069.69240579197,nM,GDSC,unknown,data/raw/gdsc_drug_response.csv,60945,2026-10-03,b472905ea811c145b1827f382975756a66c2ac5dffbe9ad323148bfdea38cdb5
SIDM00632,erlotinib,IC50,7085.064664079458,nM,GDSC,unknown,data/raw/gdsc_drug_response.csv,60946,2026-10-03,b472905ea811c145b1827f382975756a66c2ac5dffbe9ad323148bfdea38cdb5
SIDM00223,erlotinib,IC50,43243.54613798412,nM,GDSC,unknown,data/raw/gdsc_drug_response.csv,60947,2026-10-03,b472905ea811c145b1827f382975756a66c2ac5dffbe9ad323148bfdea38cdb5
SIDM00230,erlotinib,IC50,25430.671883868392,nM,GDSC,unknown,data/raw/gdsc_drug_response.csv,60948,2026-10-03,b472905ea811c145b1827f382975756a66c2ac5dffbe9ad323148bfdea38cdb5
SIDM00693,erlotinib,IC50,18154.50973327216,nM,GDSC,unknown,data/raw/gdsc_drug_response.csv,60949,2026-10-03,b472905ea811c145b1827f382975756a66c2ac5dffbe9ad323148bfdea38cdb5
SIDM00606,erlotinib,IC50,25939.684081561318,nM,GDSC,unknown,data/raw/gdsc_drug_response.csv,60950,2026-10-03,b472905ea811c145b1827f382975756a66c2ac5dffbe9ad323148bfdea38cdb5
SIDM00603,erlotinib,IC50,7201.591188440676,nM,GDSC,unknown,data/raw/gdsc_drug_response.csv,60951,2026-10-03,b472905ea811c145b1827f382975756a66c2ac5dffbe9ad323148bfdea38cdb5
SIDM00301,erlotinib,IC50,166099.8311396285,nM,GDSC,unknown,data/raw/gdsc_drug_response.csv,60952,2026-10-03,b472905ea811c145b1827f382975756a66c2ac5dffbe9ad323148bfdea38cdb5
SIDM01032,erlotinib,IC50,1703.6244313887767,nM,GDSC,unknown,data/raw/gdsc_drug_response.csv,60953,2026-10-03,b472905ea811c145b1827f382975756a66c2ac5dffbe9ad323148bfdea38cdb5
SIDM01028,erlotinib,IC50,7140.472852507176,nM,GDSC,unknown,data/raw/gdsc_drug_response.csv,60954,2026-10-03,b472905ea811c145b1827f382975756a66c2ac5dffbe9ad323148bfdea38cdb5
SIDM01025,erlotinib,IC50,837.4547890198038,nM,GDSC,unknown,data/raw/gdsc_drug_response.csv,60955,2026-10-03,b472905ea811c145b1827f382975756a66c2ac5dffbe9ad323148bfdea38cdb5
SIDM01024,erlotinib,IC50,31021.60818833054,nM,GDSC,unknown,data/raw/gdsc_drug_response.csv,60956,2026-10-03,b472905ea811c145b1827f382975756a66c2ac5dffbe9ad323148bfdea38cdb5
SIDM00187,erlotinib,IC50,4404.7301606604115,nM,GDSC,unknown,data/raw/gdsc_drug_response.csv,60957,2026-10-03,b472905ea811c145b1827f382975756a66c2ac5dffbe9ad323148bfdea38cdb5
SIDM00186,erlotinib,IC50,11550.329907733441,nM,GDSC,unknown,data/raw/gdsc_drug_response.csv,60958,2026-10-03,b472905ea811c145b1827f382975756a66c2ac5dffbe9ad323148bfdea38cdb5
SIDM00185,erlotinib,IC50,78630.99813528582,nM,GDSC,unknown,data/raw/gdsc_drug_response.csv,60959,2026-10-03,b472905ea811c145b1827f382975756a66c2ac5dffbe9ad323148bfdea38cdb5
SIDM00184,erlotinib,IC50,167798.35656929275,nM,GDSC,unknown,data/raw/gdsc_drug_response.csv,60960,2026-10-03,b472905ea811c145b1827f382975756a66c2ac5dffbe9ad323148bfdea38cdb5
SIDM00183,erlotinib,IC50,50930.80771054534,nM,GDSC,unknown,data/raw/gdsc_drug_response.csv,60961,2026-10-03,b472905ea811c145b1827f382975756a66c2ac5dffbe9ad323148bfdea38cdb5
SIDM00182,erlotinib,IC50,6732.792562406899,nM,GDSC,unknown,data/raw/gdsc_drug_response.csv,60962,2026-10-03,b472905ea811c145b1827f382975756a66c2ac5dffbe9ad323148bfdea38cdb5
SIDM00181,erlotinib,IC50,45591.486521500745,nM,GDSC,unknown,data/raw/gdsc_drug_response.csv,60963,2026-10-03,b472905ea811c145b1827f382975756a66c2ac5dffbe9ad323148bfdea38cdb5
SIDM00180,erlotinib,IC50,1757.299050673999,nM,GDSC,unknown,data/raw/gdsc_drug_response.csv,60964,2026-10-03,b472905ea811c145b1827f382975756a66c2ac5dffbe9ad323148bfdea38cdb5
SIDM00345,erlotinib,IC50,51422.56068526139,nM,GDSC,unknown,data/raw/gdsc_drug_response.csv,60965,2026-10-03,b472905ea811c145b1827f382975756a66c2ac5dffbe9ad323148bfdea38cdb5
SIDM00296,erlotinib,IC50,33237.67427899017,nM,GDSC,unknown,data/raw/gdsc_drug_response.csv,60966,2026-10-03,b472905ea811c145b1827f382975756a66c2ac5dffbe9ad323148bfdea38cdb5
SIDM00292,erlotinib,IC50,188477.00310451802,nM,GDSC,unknown,data/raw/gdsc_drug_response.csv,60967,2026-10-03,b472905ea811c145b1827f382975756a66c2ac5dffbe9ad323148bfdea38cdb5
SIDM00339,erlotinib,IC50,20252.92039112545,nM,GDSC,unknown,data/raw/gdsc_drug_response.csv,60968,2026-10-03,b472905ea811c145b1827f382975756a66c2ac5dffbe9ad323148bfdea38cdb5
SIDM00245,erlotinib,IC50,29396.452388324862,nM,GDSC,unknown,data/raw/gdsc_drug_response.csv,60969,2026-10-03,b472905ea811c145b1827f382975756a66c2ac5dffbe9ad323148bfdea38cdb5
SIDM00053,erlotinib,IC50,103206.72338450348,nM,GDSC,unknown,data/raw/gdsc_drug_response.csv,60970,2026-10-03,b472905ea811c145b1827f382975756a66c2ac5dffbe9ad323148bfdea38cdb5
SIDM00516,erlotinib,IC50,9404.092811563745,nM,GDSC,unknown,data/raw/gdsc_drug_response.csv,60971,2026-10-03,b472905ea811c145b1827f382975756a66c2ac5dffbe9ad323148bfdea38cdb5
SIDM00751,erlotinib,IC50,8521.66717912688,nM,GDSC,unknown,data/raw/gdsc_drug_response.csv,60972,2026-10-03,b472905ea811c145b1827f382975756a66c2ac5dffbe9ad323148bfdea38cdb5
SIDM00493,erlotinib,IC50,1376.1434699116467,nM,GDSC,unknown,data/raw/gdsc_drug_response.csv,60973,2026-10-03,b472905ea811c145b1827f382975756a66c2ac5dffbe9ad323148bfdea38cdb5
SIDM00927,erlotinib,IC50,119100.06236539088,nM,GDSC,unknown,data/raw/gdsc_drug_response.csv,60974,2026-10-03,b472905ea811c145b1827f382975756a66c2ac5dffbe9ad323148bfdea38cdb5
SIDM01133,erlotinib,IC50,42319.75507159089,nM,GDSC,unknown,data/raw/gdsc_drug_response.csv,60975,2026-10-03,b472905ea811c145b1827f382975756a66c2ac5dffbe9ad323148bfdea38cdb5
SIDM00237,erlotinib,IC50,114.67250452701425,nM,GDSC,unknown,data/raw/gdsc_drug_response.csv,60976,2026-10-03,b472905ea811c145b1827f382975756a66c2ac5dffbe9ad323148bfdea38cdb5
SIDM00367,erlotinib,IC50,28446.32561901461,nM,GDSC,unknown,data/raw/gdsc_drug_response.csv,60977,2026-10-03,b472905ea811c145b1827f382975756a66c2ac5dffbe9ad323148bfdea38cdb5
SIDM00391,erlotinib,IC50,60490.238202901426,nM,GDSC,unknown,data/raw/gdsc_drug_response.csv,60978,2026-10-03,b472905ea811c145b1827f382975756a66c2ac5dffbe9ad323148bfdea38cdb5
SIDM00417,erlotinib,IC50,50214.458341484526,nM,GDSC,unknown,data/raw/gdsc_drug_response.csv,60979,2026-10-03,b472905ea811c145b1827f382975756a66c2ac5dffbe9ad323148bfdea38cdb5
SIDM01229,erlotinib,IC50,34121.0330797263,nM,GDSC,unknown,data/raw/gdsc_drug_response.csv,60980,2026-10-03,b472905ea811c145b1827f382975756a66c2ac5dffbe9ad323148bfdea38cdb5
SIDM01009,erlotinib,IC50,4880.7846701365215,nM,GDSC,unknown,data/raw/gdsc_drug_response.csv,60981,2026-10-03,b472905ea811c145b1827f382975756a66c2ac5dffbe9ad323148bfdea38cdb5
SIDM00395,erlotinib,IC50,48147.634051674664,nM,GDSC,unknown,data/raw/gdsc_drug_response.csv,60982,2026-10-03,b472905ea811c145b1827f382975756a66c2ac5dffbe9ad323148bfdea38cdb5
SIDM00369,erlotinib,IC50,1368.7131611607183,nM,GDSC,unknown,data/raw/gdsc_drug_response.csv,60983,2026-10-03,b472905ea811c145b1827f382975756a66c2ac5dffbe9ad323148bfdea38cdb5
SIDM00349,erlotinib,IC50,19566.57982674579,nM,GDSC,unknown,data/raw/gdsc_drug_response.csv,60984,2026-10-03,b472905ea811c145b1827f382975756a66c2ac5dffbe9ad323148bfdea38cdb5
SIDM00326,erlotinib,IC50,14101.892383862463,nM,GDSC,unknown,data/raw/gdsc_drug_response.csv,60985,2026-10-03,b472905ea811c145b1827f382975756a66c2ac5dffbe9ad323148bfdea38cdb5
SIDM00934,erlotinib,IC50,35842.63117883354,nM,GDSC,unknown,data/raw/gdsc_drug_response.csv,60986,2026-10-03,b472905ea811c145b1827f382975756a66c2ac5dffbe9ad323148bfdea38cdb5
SIDM00105,erlotinib,IC50,8229.325046788124,nM,GDSC,unknown,data/raw/gdsc_drug_response.csv,60987,2026-10-03,b472905ea811c145b1827f382975756a66c2ac5dffbe9ad323148bfdea38cdb5
SIDM00088,erlotinib,IC50,66711.00954865264,nM,GDSC,unknown,data/raw/gdsc_drug_response.csv,60988,2026-10-03,b472905ea811c145b1827f382975756a66c2ac5dffbe9ad323148bfdea38cdb5
SIDM00120,erlotinib,IC50,34712.991093953664,nM,GDSC,unknown,data/raw/gdsc_drug_response.csv,60989,2026-10-03,b472905ea811c145b1827f382975756a66c2ac5dffbe9ad323148bfdea38cdb5
SIDM00783,erlotinib,IC50,40016.98544073692,nM,GDSC,unknown,data/raw/gdsc_drug_response.csv,60990,2026-10-03,b472905ea811c145b1827f382975756a66c2ac5dffbe9ad323148bfdea38cdb5
SIDM00789,erlotinib,IC50,8508.877242670624,nM,GDSC,unknown,data/raw/gdsc_drug_response.csv,60991,2026-10-03,b472905ea811c145b1827f382975756a66c2ac5dffbe9ad323148bfdea38cdb5
SIDM00829,erlotinib,IC50,22998.799064983796,nM,GDSC,unknown,data/raw/gdsc_drug_response.csv,60992,2026-10-03,b472905ea811c145b1827f382975756a66c2ac5dffbe9ad323148bfdea38cdb5
SIDM00136,erlotinib,IC50,78453.88500459767,nM,GDSC,unknown,data/raw/gdsc_drug_response.csv,60993,2026-10-03,b472905ea811c145b1827f382975756a66c2ac5dffbe9ad323148bfdea38cdb5
SIDM00791,erlotinib,IC50,29971.172409514103,nM,GDSC,unknown,data/raw/gdsc_drug_response.csv,60994,2026-10-03,b472905ea811c145b1827f382975756a66c2ac5dffbe9ad323148bfdea38cdb5
SIDM00139,erlotinib,IC50,172938.14721165175,nM,GDSC,unknown,data/raw/gdsc_drug_response.csv,60995,2026-10-03,b472905ea811c145b1827f382975756a66c2ac5dffbe9ad323148bfdea38cdb5
SIDM00138,erlotinib,IC50,22376.806537324606,nM,GDSC,unknown,data/raw/gdsc_drug_response.csv,60996,2026-10-03,b472905ea811c145b1827f382975756a66c2ac5dffbe9ad323148bfdea38cdb5
SIDM00144,erlotinib,IC50,8078.700254482806,nM,GDSC,unknown,data/raw/gdsc_drug_response.csv,60997,2026-10-03,b472905ea811c145b1827f382975756a66c2ac5dffbe9ad323148bfdea38cdb5
SIDM00116,erlotinib,IC50,17041.780408329734,nM,GDSC,unknown,data/raw/gdsc_drug_response.csv,60998,2026-10-03,b472905ea811c145b1827f382975756a66c2ac5dffbe9ad323148bfdea38cdb5
SIDM00097,erlotinib,IC50,13533.187472670425,nM,GDSC,unknown,data/raw/gdsc_drug_response.csv,60999,2026-10-03,b472905ea811c145b1827f382975756a66c2ac5dffbe9ad323148bfdea38cdb5
SIDM00148,erlotinib,IC50,57885.50454767338,nM,GDSC,unknown,data/raw/gdsc_drug_response.csv,61000,2026-10-03,b472905ea811c145b1827f382975756a66c2ac5dffbe9ad323148bfdea38cdb5
SIDM00125,erlotinib,IC50,4929.585956278434,nM,GDSC,unknown,data/raw/gdsc_drug_response.csv,61001,2026-10-03,b472905ea811c145b1827f382975756a66c2ac5dffbe9ad323148bfdea38cdb5
SIDM00124,erlotinib,IC50,62535.16259115694,nM,GDSC,unknown,data/raw/gdsc_drug_response.csv,61002,2026-10-03,b472905ea811c145b1827f382975756a66c2ac5dffbe9ad323148bfdea38cdb5
SIDM00903,erlotinib,IC50,8313.228157165493,nM,GDSC,unknown,data/raw/gdsc_drug_response.csv,61003,2026-10-03,b472905ea811c145b1827f382975756a66c2ac5dffbe9ad323148bfdea38cdb5
SIDM00123,erlotinib,IC50,1068.3025639554414,nM,GDSC,unknown,data/raw/gdsc_drug_response.csv,61004,2026-10-03,b472905ea811c145b1827f382975756a66c2ac5dffbe9ad323148bfdea38cdb5
SIDM00122,erlotinib,IC50,81290.97485515843,nM,GDSC,unknown,data/raw/gdsc_drug_response.csv,61005,2026-10-03,b472905ea811c145b1827f382975756a66c2ac5dffbe9ad323148bfdea38cdb5
SIDM00121,erlotinib,IC50,6256.212687327048,nM,GDSC,unknown,data/raw/gdsc_drug_response.csv,61006,2026-10-03,b472905ea811c145b1827f382975756a66c2ac5dffbe9ad323148bfdea38cdb5
SIDM00081,erlotinib,IC50,6349.182090735552,nM,GDSC,unknown,data/raw/gdsc_drug_response.csv,61007,2026-10-03,b472905ea811c145b1827f382975756a66c2ac5dffbe9ad323148bfdea38cdb5
SIDM00082,erlotinib,IC50,32322.610473756235,nM,GDSC,unknown,data/raw/gdsc_drug_response.csv,61008,2026-10-03,b472905ea811c145b1827f382975756a66c2ac5dffbe9ad323148bfdea38cdb5
SIDM00080,erlotinib,IC50,172745.77412928434,nM,GDSC,unknown,data/raw/gdsc_drug_response.csv,61009,2026-10-03,b472905ea811c145b1827f382975756a66c2ac5dffbe9ad323148bfdea38cdb5
SIDM00135,erlotinib,IC50,36460.44593585321,nM,GDSC,unknown,data/raw/gdsc_drug_response.csv,61010,2026-10-03,b472905ea811c145b1827f382975756a66c2ac5dffbe9ad323148bfdea38cdb5
SIDM00145,erlotinib,IC50,6890.199227054151,nM,GDSC,unknown,data/raw/gdsc_drug_response.csv,61011,2026-10-03,b472905ea811c145b1827f382975756a66c2ac5dffbe9ad323148bfdea38cdb5
SIDM00079,erlotinib,IC50,11333.40999284801,nM,GDSC,unknown,data/raw/gdsc_drug_response.csv,61012,2026-10-03,b472905ea811c145b1827f382975756a66c2ac5dffbe9ad323148bfdea38cdb5
SIDM00146,erlotinib,IC50,25176.197386603006,nM,GDSC,unknown,data/raw/gdsc_drug_response.csv,61013,2026-10-03,b472905ea811c145b1827f382975756a66c2ac5dffbe9ad323148bfdea38cdb5
SIDM00826,erlotinib,IC50,38496.83384038738,nM,GDSC,unknown,data/raw/gdsc_drug_response.csv,61014,2026-10-03,b472905ea811c145b1827f382975756a66c2ac5dffbe9ad323148bfdea38cdb5
SIDM00841,erlotinib,IC50,146569.3946614031,nM,GDSC,unknown,data/raw/gdsc_drug_response.csv,61015,2026-10-03,b472905ea811c145b1827f382975756a66c2ac5dffbe9ad323148bfdea38cdb5
SIDM00941,erlotinib,IC50,3722.412575969845,nM,GDSC,unknown,data/raw/gdsc_drug_response.csv,61016,2026-10-03,b472905ea811c145b1827f382975756a66c2ac5dffbe9ad323148bfdea38cdb5
SIDM00087,erlotinib,IC50,7128.251692922464,nM,GDSC,unknown,data/raw/gdsc_drug_response.csv,61017,2026-10-03,b472905ea811c145b1827f382975756a66c2ac5dffbe9ad323148bfdea38cdb5
SIDM00096,erlotinib,IC50,14501.281139909219,nM,GDSC,unknown,data/raw/gdsc_drug_response.csv,61018,2026-10-03,b472905ea811c145b1827f382975756a66c2ac5dffbe9ad323148bfdea38cdb5
SIDM00117,erlotinib,IC50,296.5613998079213,nM,GDSC,unknown,data/raw/gdsc_drug_response.csv,61019,2026-10-03,b472905ea811c145b1827f382975756a66c2ac5dffbe9ad323148bfdea38cdb5
SIDM00151,erlotinib,IC50,984.4826541517705,nM,GDSC,unknown,data/raw/gdsc_drug_response.csv,61020,2026-10-03,b472905ea811c145b1827f382975756a66c2ac5dffbe9ad323148bfdea38cdb5
SIDM00091,erlotinib,IC50,123320.29559618069,nM,GDSC,unknown,data/raw/gdsc_drug_response.csv,61021,2026-10-03,b472905ea811c145b1827f382975756a66c2ac5dffbe9ad323148bfdea38cdb5
SIDM00119,erlotinib,IC50,5617.029694066477,nM,GDSC,unknown,data/raw/gdsc_drug_response.csv,61022,2026-10-03,b472905ea811c145b1827f382975756a66c2ac5dffbe9ad323148bfdea38cdb5
SIDM00118,erlotinib,IC50,23084.09841079392,nM,GDSC,unknown,data/raw/gdsc_drug_response.csv,61023,2026-10-03,b472905ea811c145b1827f382975756a66c2ac5dffbe9ad323148bfdea38cdb5
SIDM00133,erlotinib,IC50,17293.97197443441,nM,GDSC,unknown,data/raw/gdsc_drug_response.csv,61024,2026-10-03,b472905ea811c145b1827f382975756a66c2ac5dffbe9ad323148bfdea38cdb5
SIDM00134,erlotinib,IC50,10062.875914403161,nM,GDSC,unknown,data/raw/gdsc_drug_response.csv,61025,2026-10-03,b472905ea811c145b1827f382975756a66c2ac5dffbe9ad323148bfdea38cdb5
SIDM00149,erlotinib,IC50,30421.938216340805,nM,GDSC,unknown,data/raw/gdsc_drug_response.csv,61026,2026-10-03,b472905ea811c145b1827f382975756a66c2ac5dffbe9ad323148bfdea38cdb5
SIDM00003,erlotinib,IC50,5411.368400667966,nM,GDSC,unknown,data/raw/gdsc_drug_response.csv,61027,2026-10-03,b472905ea811c145b1827f382975756a66c2ac5dffbe9ad323148bfdea38cdb5
SIDM00107,erlotinib,IC50,25866.22335405403,nM,GDSC,unknown,data/raw/gdsc_drug_response.csv,61028,2026-10-03,b472905ea811c145b1827f382975756a66c2ac5dffbe9ad323148bfdea38cdb5
SIDM00108,erlotinib,IC50,18042.40823672263,nM,GDSC,unknown,data/raw/gdsc_drug_response.csv,61029,2026-10-03,b472905ea811c145b1827f382975756a66c2ac5dffbe9ad323148bfdea38cdb5
SIDM00086,erlotinib,IC50,24377.75411903621,nM,GDSC,unknown,data/raw/gdsc_drug_response.csv,61030,2026-10-03,b472905ea811c145b1827f382975756a66c2ac5dffbe9ad323148bfdea38cdb5
SIDM00094,erlotinib,IC50,11157.913755427719,nM,GDSC,unknown,data/raw/gdsc_drug_response.csv,61031,2026-10-03,b472905ea811c145b1827f382975756a66c2ac5dffbe9ad323148bfdea38cdb5
SIDM00113,erlotinib,IC50,10209.656621251497,nM,GDSC,unknown,data/raw/gdsc_drug_response.csv,61032,2026-10-03,b472905ea811c145b1827f382975756a66c2ac5dffbe9ad323148bfdea38cdb5
SIDM00112,erlotinib,IC50,5496.365194291962,nM,GDSC,unknown,data/raw/gdsc_drug_response.csv,61033,2026-10-03,b472905ea811c145b1827f382975756a66c2ac5dffbe9ad323148bfdea38cdb5
SIDM00095,erlotinib,IC50,122146.84885113337,nM,GDSC,unknown,data/raw/gdsc_drug_response.csv,61034,2026-10-03,b472905ea811c145b1827f382975756a66c2ac5dffbe9ad323148bfdea38cdb5
SIDM00111,erlotinib,IC50,15740.846158092352,nM,GDSC,unknown,data/raw/gdsc_drug_response.csv,61035,2026-10-03,b472905ea811c145b1827f382975756a66c2ac5dffbe9ad323148bfdea38cdb5
SIDM00083,erlotinib,IC50,7661.47864715272,nM,GDSC,unknown,data/raw/gdsc_drug_response.csv,61036,2026-10-03,b472905ea811c145b1827f382975756a66c2ac5dffbe9ad323148bfdea38cdb5
SIDM00084,erlotinib,IC50,235299.22451522844,nM,GDSC,unknown,data/raw/gdsc_drug_response.csv,61037,2026-10-03,b472905ea811c145b1827f382975756a66c2ac5dffbe9ad323148bfdea38cdb5
SIDM00085,erlotinib,IC50,16057.756437917049,nM,GDSC,unknown,data/raw/gdsc_drug_response.csv,61038,2026-10-03,b472905ea811c145b1827f382975756a66c2ac5dffbe9ad323148bfdea38cdb5
SIDM00150,erlotinib,IC50,9578.950166332797,nM,GDSC,unknown,data/raw/gdsc_drug_response.csv,61039,2026-10-03,b472905ea811c145b1827f382975756a66c2ac5dffbe9ad323148bfdea38cdb5
SIDM00092,erlotinib,IC50,18405.600623275797,nM,GDSC,unknown,data/raw/gdsc_drug_response.csv,61040,2026-10-03,b472905ea811c145b1827f382975756a66c2ac5dffbe9ad323148bfdea38cdb5
SIDM00090,erlotinib,IC50,5540.340716270863,nM,GDSC,unknown,data/raw/gdsc_drug_response.csv,61041,2026-10-03,b472905ea811c145b1827f382975756a66c2ac5dffbe9ad323148bfdea38cdb5
SIDM00132,erlotinib,IC50,19006.613546596873,nM,GDSC,unknown,data/raw/gdsc_drug_response.csv,61042,2026-10-03,b472905ea811c145b1827f382975756a66c2ac5dffbe9ad323148bfdea38cdb5
SIDM00984,erlotinib,IC50,10239.911735560057,nM,GDSC,unknown,data/raw/gdsc_drug_response.csv,61043,2026-10-03,b472905ea811c145b1827f382975756a66c2ac5dffbe9ad323148bfdea38cdb5
SIDM00987,erlotinib,IC50,14552.12454796036,nM,GDSC,unknown,data/raw/gdsc_drug_response.csv,61044,2026-10-03,b472905ea811c145b1827f382975756a66c2ac5dffbe9ad323148bfdea38cdb5
SIDM00490,erlotinib,IC50,54259.440732539806,nM,GDSC,unknown,data/raw/gdsc_drug_response.csv,61045,2026-10-03,b472905ea811c145b1827f382975756a66c2ac5dffbe9ad323148bfdea38cdb5
SIDM01245,erlotinib,IC50,4450.742783992257,nM,GDSC,unknown,data/raw/gdsc_drug_response.csv,61046,2026-10-03,b472905ea811c145b1827f382975756a66c2ac5dffbe9ad323148bfdea38cdb5
SIDM00900,erlotinib,IC50,18483.343958882262,nM,GDSC,unknown,data/raw/gdsc_drug_response.csv,61047,2026-10-03,b472905ea811c145b1827f382975756a66c2ac5dffbe9ad323148bfdea38cdb5
SIDM00850,erlotinib,IC50,7901.8112077566675,nM,GDSC,unknown,data/raw/gdsc_drug_response.csv,61048,2026-10-03,b472905ea811c145b1827f382975756a66c2ac5dffbe9ad323148bfdea38cdb5
SIDM00494,erlotinib,IC50,297463.9377526256,nM,GDSC,unknown,data/raw/gdsc_drug_response.csv,61049,2026-10-03,b472905ea811c145b1827f382975756a66c2ac5dffbe9ad323148bfdea38cdb5
SIDM00797,erlotinib,IC50,7992.6070846171215,nM,GDSC,unknown,data/raw/gdsc_drug_response.csv,61050,2026-10-03,b472905ea811c145b1827f382975756a66c2ac5dffbe9ad323148bfdea38cdb5
SIDM00795,erlotinib,IC50,36564.542987052664,nM,GDSC,unknown,data/raw/gdsc_drug_response.csv,61051,2026-10-03,b472905ea811c145b1827f382975756a66c2ac5dffbe9ad323148bfdea38cdb5
SIDM00796,erlotinib,IC50,12491.707198186527,nM,GDSC,unknown,data/raw/gdsc_drug_response.csv,61052,2026-10-03,b472905ea811c145b1827f382975756a66c2ac5dffbe9ad323148bfdea38cdb5
SIDM00997,erlotinib,IC50,39910.20278080491,nM,GDSC,unknown,data/raw/gdsc_drug_response.csv,61053,2026-10-03,b472905ea811c145b1827f382975756a66c2ac5dffbe9ad323148bfdea38cdb5
SIDM00983,erlotinib,IC50,9839.619090501395,nM,GDSC,unknown,data/raw/gdsc_drug_response.csv,61054,2026-10-03,b472905ea811c145b1827f382975756a66c2ac5dffbe9ad323148bfdea38cdb5
SIDM00999,erlotinib,IC50,10788.50267557743,nM,GDSC,unknown,data/raw/gdsc_drug_response.csv,61055,2026-10-03,b472905ea811c145b1827f382975756a66c2ac5dffbe9ad323148bfdea38cdb5
SIDM01076,erlotinib,IC50,2486.4848344534394,nM,GDSC,unknown,data/raw/gdsc_drug_response.csv,61056,2026-10-03,b472905ea811c145b1827f382975756a66c2ac5dffbe9ad323148bfdea38cdb5
SIDM00893,erlotinib,IC50,16644.68589471953,nM,GDSC,unknown,data/raw/gdsc_drug_response.csv,61057,2026-10-03,b472905ea811c145b1827f382975756a66c2ac5dffbe9ad323148bfdea38cdb5
SIDM00210,erlotinib,IC50,10153.50534445214,nM,GDSC,unknown,data/raw/gdsc_drug_response.csv,61058,2026-10-03,b472905ea811c145b1827f382975756a66c2ac5dffbe9ad323148bfdea38cdb5
SIDM00513,erlotinib,IC50,617.1352952138935,nM,GDSC,unknown,data/raw/gdsc_drug_response.csv,61059,2026-10-03,b472905ea811c145b1827f382975756a66c2ac5dffbe9ad323148bfdea38cdb5
SIDM00952,erlotinib,IC50,21107.301008683262,nM,GDSC,unknown,data/raw/gdsc_drug_response.csv,61060,2026-10-03,b472905ea811c145b1827f382975756a66c2ac5dffbe9ad323148bfdea38cdb5
SIDM00506,erlotinib,IC50,40272.74751997628,nM,GDSC,unknown,data/raw/gdsc_drug_response.csv,61061,2026-10-03,b472905ea811c145b1827f382975756a66c2ac5dffbe9ad323148bfdea38cdb5
SIDM00954,erlotinib,IC50,6854.415204232826,nM,GDSC,unknown,data/raw/gdsc_drug_response.csv,61062,2026-10-03,b472905ea811c145b1827f382975756a66c2ac5dffbe9ad323148bfdea38cdb5
SIDM00515,erlotinib,IC50,24420.281596395504,nM,GDSC,unknown,data/raw/gdsc_drug_response.csv,61063,2026-10-03,b472905ea811c145b1827f382975756a66c2ac5dffbe9ad323148bfdea38cdb5
SIDM00140,erlotinib,IC50,28941.48404642513,nM,GDSC,unknown,data/raw/gdsc_drug_response.csv,61064,2026-10-03,b472905ea811c145b1827f382975756a66c2ac5dffbe9ad323148bfdea38cdb5
SIDM00956,erlotinib,IC50,33444.25423262873,nM,GDSC,unknown,data/raw/gdsc_drug_response.csv,61065,2026-10-03,b472905ea811c145b1827f382975756a66c2ac5dffbe9ad323148bfdea38cdb5
SIDM00284,erlotinib,IC50,58072.60279150246,nM,GDSC,unknown,data/raw/gdsc_drug_response.csv,61066,2026-10-03,b472905ea811c145b1827f382975756a66c2ac5dffbe9ad323148bfdea38cdb5
SIDM00910,erlotinib,IC50,19066.78850843958,nM,GDSC,unknown,data/raw/gdsc_drug_response.csv,61067,2026-10-03,b472905ea811c145b1827f382975756a66c2ac5dffbe9ad323148bfdea38cdb5
SIDM00130,erlotinib,IC50,22274.599647073508,nM,GDSC,unknown,data/raw/gdsc_drug_response.csv,61068,2026-10-03,b472905ea811c145b1827f382975756a66c2ac5dffbe9ad323148bfdea38cdb5
SIDM00923,erlotinib,IC50,4679.910566384218,nM,GDSC,unknown,data/raw/gdsc_drug_response.csv,61069,2026-10-03,b472905ea811c145b1827f382975756a66c2ac5dffbe9ad323148bfdea38cdb5
SIDM00919,erlotinib,IC50,18545.051723161007,nM,GDSC,unknown,data/raw/gdsc_drug_response.csv,61070,2026-10-03,b472905ea811c145b1827f382975756a66c2ac5dffbe9ad323148bfdea38cdb5
SIDM00940,erlotinib,IC50,79539.121900782,nM,GDSC,unknown,data/raw/gdsc_drug_response.csv,61071,2026-10-03,b472905ea811c145b1827f382975756a66c2ac5dffbe9ad323148bfdea38cdb5
SIDM00930,erlotinib,IC50,46016.31465394744,nM,GDSC,unknown,data/raw/gdsc_drug_response.csv,61072,2026-10-03,b472905ea811c145b1827f382975756a66c2ac5dffbe9ad323148bfdea38cdb5
SIDM00931,erlotinib,IC50,26790.89256238932,nM,GDSC,unknown,data/raw/gdsc_drug_response.csv,61073,2026-10-03,b472905ea811c145b1827f382975756a66c2ac5dffbe9ad323148bfdea38cdb5
SIDM00890,erlotinib,IC50,148611.12575912316,nM,GDSC,unknown,data/raw/gdsc_drug_response.csv,61074,2026-10-03,b472905ea811c145b1827f382975756a66c2ac5dffbe9ad323148bfdea38cdb5
SIDM00845,erlotinib,IC50,4895.693788227857,nM,GDSC,unknown,data/raw/gdsc_drug_response.csv,61075,2026-10-03,b472905ea811c145b1827f382975756a66c2ac5dffbe9ad323148bfdea38cdb5
SIDM00886,erlotinib,IC50,4877.861955559515,nM,GDSC,unknown,data/raw/gdsc_drug_response.csv,61076,2026-10-03,b472905ea811c145b1827f382975756a66c2ac5dffbe9ad323148bfdea38cdb5
SIDM00887,erlotinib,IC50,12216.188519788717,nM,GDSC,unknown,data/raw/gdsc_drug_response.csv,61077,2026-10-03,b472905ea811c145b1827f382975756a66c2ac5dffbe9ad323148bfdea38cdb5
SIDM00888,erlotinib,IC50,12408.429003168621,nM,GDSC,unknown,data/raw/gdsc_drug_response.csv,61078,2026-10-03,b472905ea811c145b1827f382975756a66c2ac5dffbe9ad323148bfdea38cdb5
SIDM00867,erlotinib,IC50,36642.61839506513,nM,GDSC,unknown,data/raw/gdsc_drug_response.csv,61079,2026-10-03,b472905ea811c145b1827f382975756a66c2ac5dffbe9ad323148bfdea38cdb5
SIDM00949,erlotinib,IC50,1980.4914084515235,nM,GDSC,unknown,data/raw/gdsc_drug_response.csv,61080,2026-10-03,b472905ea811c145b1827f382975756a66c2ac5dffbe9ad323148bfdea38cdb5
SIDM00831,erlotinib,IC50,2848.4414925865863,nM,GDSC,unknown,data/raw/gdsc_drug_response.csv,61081,2026-10-03,b472905ea811c145b1827f382975756a66c2ac5dffbe9ad323148bfdea38cdb5
SIDM00948,erlotinib,IC50,14884.717270032856,nM,GDSC,unknown,data/raw/gdsc_drug_response.csv,61082,2026-10-03,b472905ea811c145b1827f382975756a66c2ac5dffbe9ad323148bfdea38cdb5
SIDM00947,erlotinib,IC50,16722.99970903676,nM,GDSC,unknown,data/raw/gdsc_drug_response.csv,61083,2026-10-03,b472905ea811c145b1827f382975756a66c2ac5dffbe9ad323148bfdea38cdb5
SIDM00281,erlotinib,IC50,12628.927299299183,nM,GDSC,unknown,data/raw/gdsc_drug_response.csv,61084,2026-10-03,b472905ea811c145b1827f382975756a66c2ac5dffbe9ad323148bfdea38cdb5
SIDM00981,erlotinib,IC50,11227.296492406682,nM,GDSC,unknown,data/raw/gdsc_drug_response.csv,61085,2026-10-03,b472905ea811c145b1827f382975756a66c2ac5dffbe9ad323148bfdea38cdb5
SIDM00864,erlotinib,IC50,5930.123268134052,nM,GDSC,unknown,data/raw/gdsc_drug_response.csv,61086,2026-10-03,b472905ea811c145b1827f382975756a66c2ac5dffbe9ad323148bfdea38cdb5
SIDM01001,erlotinib,IC50,6118.071913054383,nM,GDSC,unknown,data/raw/gdsc_drug_response.csv,61087,2026-10-03,b472905ea811c145b1827f382975756a66c2ac5dffbe9ad323148bfdea38cdb5
SIDM00863,erlotinib,IC50,7627.750662008389,nM,GDSC,unknown,data/raw/gdsc_drug_response.csv,61088,2026-10-03,b472905ea811c145b1827f382975756a66c2ac5dffbe9ad323148bfdea38cdb5
SIDM00793,erlotinib,IC50,17815.69837847376,nM,GDSC,unknown,data/raw/gdsc_drug_response.csv,61089,2026-10-03,b472905ea811c145b1827f382975756a66c2ac5dffbe9ad323148bfdea38cdb5
SIDM00280,erlotinib,IC50,5852.172735109383,nM,GDSC,unknown,data/raw/gdsc_drug_response.csv,61090,2026-10-03,b472905ea811c145b1827f382975756a66c2ac5dffbe9ad323148bfdea38cdb5
SIDM00279,erlotinib,IC50,182352.75035934875,nM,GDSC,unknown,data/raw/gdsc_drug_response.csv,61091,2026-10-03,b472905ea811c145b1827f382975756a66c2ac5dffbe9ad323148bfdea38cdb5
SIDM01056,erlotinib,IC50,51571.07740845245,nM,GDSC,unknown,data/raw/gdsc_drug_response.csv,61092,2026-10-03,b472905ea811c145b1827f382975756a66c2ac5dffbe9ad323148bfdea38cdb5
SIDM01051,erlotinib,IC50,5493.639673140716,nM,GDSC,unknown,data/raw/gdsc_drug_response.csv,61093,2026-10-03,b472905ea811c145b1827f382975756a66c2ac5dffbe9ad323148bfdea38cdb5
SIDM01047,erlotinib,IC50,4557.922829959799,nM,GDSC,unknown,data/raw/gdsc_drug_response.csv,61094,2026-10-03,b472905ea811c145b1827f382975756a66c2ac5dffbe9ad323148bfdea38cdb5
SIDM00277,erlotinib,IC50,3487.2588576603976,nM,GDSC,unknown,data/raw/gdsc_drug_response.csv,61095,2026-10-03,b472905ea811c145b1827f382975756a66c2ac5dffbe9ad323148bfdea38cdb5
SIDM00276,erlotinib,IC50,9086.810804148665,nM,GDSC,unknown,data/raw/gdsc_drug_response.csv,61096,2026-10-03,b472905ea811c145b1827f382975756a66c2ac5dffbe9ad323148bfdea38cdb5
SIDM01042,erlotinib,IC50,7128.729301785608,nM,GDSC,unknown,data/raw/gdsc_drug_response.csv,61097,2026-10-03,b472905ea811c145b1827f382975756a66c2ac5dffbe9ad323148bfdea38cdb5
SIDM00860,erlotinib,IC50,2196.605029402384,nM,GDSC,unknown,data/raw/gdsc_drug_response.csv,61098,2026-10-03,b472905ea811c145b1827f382975756a66c2ac5dffbe9ad323148bfdea38cdb5
SIDM00213,erlotinib,IC50,11661.572096417356,nM,GDSC,unknown,data/raw/gdsc_drug_response.csv,61099,2026-10-03,b472905ea811c145b1827f382975756a66c2ac5dffbe9ad323148bfdea38cdb5
SIDM00857,erlotinib,IC50,11240.046708304324,nM,GDSC,unknown,data/raw/gdsc_drug_response.csv,61100,2026-10-03,b472905ea811c145b1827f382975756a66c2ac5dffbe9ad323148bfdea38cdb5
SIDM01055,erlotinib,IC50,67567.49336409023,nM,GDSC,unknown,data/raw/gdsc_drug_response.csv,61101,2026-10-03,b472905ea811c145b1827f382975756a66c2ac5dffbe9ad323148bfdea38cdb5
SIDM00274,erlotinib,IC50,11117.27272279349,nM,GDSC,unknown,data/raw/gdsc_drug_response.csv,61102,2026-10-03,b472905ea811c145b1827f382975756a66c2ac5dffbe9ad323148bfdea38cdb5
SIDM01057,erlotinib,IC50,7039.27371946943,nM,GDSC,unknown,data/raw/gdsc_drug_response.csv,61103,2026-10-03,b472905ea811c145b1827f382975756a66c2ac5dffbe9ad323148bfdea38cdb5
SIDM00273,erlotinib,IC50,14550.800364877736,nM,GDSC,unknown,data/raw/gdsc_drug_response.csv,61104,2026-10-03,b472905ea811c145b1827f382975756a66c2ac5dffbe9ad323148bfdea38cdb5
SIDM00227,erlotinib,IC50,25928.791701806927,nM,GDSC,unknown,data/raw/gdsc_drug_response.csv,61105,2026-10-03,b472905ea811c145b1827f382975756a66c2ac5dffbe9ad323148bfdea38cdb5
SIDM00544,erlotinib,IC50,13412.874107246476,nM,GDSC,unknown,data/raw/gdsc_drug_response.csv,61106,2026-10-03,b472905ea811c145b1827f382975756a66c2ac5dffbe9ad323148bfdea38cdb5
SIDM01259,erlotinib,IC50,25454.10432165467,nM,GDSC,unknown,data/raw/gdsc_drug_response.csv,61107,2026-10-03,b472905ea811c145b1827f382975756a66c2ac5dffbe9ad323148bfdea38cdb5
SIDM00853,erlotinib,IC50,60611.582186321444,nM,GDSC,unknown,data/raw/gdsc_drug_response.csv,61108,2026-10-03,b472905ea811c145b1827f382975756a66c2ac5dffbe9ad323148bfdea38cdb5
SIDM01043,erlotinib,IC50,26931.29518038735,nM,GDSC,unknown,data/raw/gdsc_drug_response.csv,61109,2026-10-03,b472905ea811c145b1827f382975756a66c2ac5dffbe9ad323148bfdea38cdb5
SIDM00852,erlotinib,IC50,8240.944820251483,nM,GDSC,unknown,data/raw/gdsc_drug_response.csv,61110,2026-10-03,b472905ea811c145b1827f382975756a66c2ac5dffbe9ad323148bfdea38cdb5
SIDM01251,erlotinib,IC50,3175.2170747260807,nM,GDSC,unknown,data/raw/gdsc_drug_response.csv,61111,2026-10-03,b472905ea811c145b1827f382975756a66c2ac5dffbe9ad323148bfdea38cdb5
SIDM01073,erlotinib,IC50,15026.044567978935,nM,GDSC,unknown,data/raw/gdsc_drug_response.csv,61112,2026-10-03,b472905ea811c145b1827f382975756a66c2ac5dffbe9ad323148bfdea38cdb5
SIDM00882,erlotinib,IC50,10977.371306540988,nM,GDSC,unknown,data/raw/gdsc_drug_response.csv,61113,2026-10-03,b472905ea811c145b1827f382975756a66c2ac5dffbe9ad323148bfdea38cdb5
SIDM00878,erlotinib,IC50,41985.444554835965,nM,GDSC,unknown,data/raw/gdsc_drug_response.csv,61114,2026-10-03,b472905ea811c145b1827f382975756a66c2ac5dffbe9ad323148bfdea38cdb5
SIDM00875,erlotinib,IC50,2246.2878291550496,nM,GDSC,unknown,data/raw/gdsc_drug_response.csv,61115,2026-10-03,b472905ea811c145b1827f382975756a66c2ac5dffbe9ad323148bfdea38cdb5
SIDM00673,erlotinib,IC50,13804.753646698005,nM,GDSC,unknown,data/raw/gdsc_drug_response.csv,61116,2026-10-03,b472905ea811c145b1827f382975756a66c2ac5dffbe9ad323148bfdea38cdb5
SIDM00596,erlotinib,IC50,41405.47009492971,nM,GDSC,unknown,data/raw/gdsc_drug_response.csv,61117,2026-10-03,b472905ea811c145b1827f382975756a66c2ac5dffbe9ad323148bfdea38cdb5
SIDM00594,erlotinib,IC50,16996.713468770202,nM,GDSC,unknown,data/raw/gdsc_drug_response.csv,61118,2026-10-03,b472905ea811c145b1827f382975756a66c2ac5dffbe9ad323148bfdea38cdb5
SIDM00290,erlotinib,IC50,4539.854667604421,nM,GDSC,unknown,data/raw/gdsc_drug_response.csv,61119,2026-10-03,b472905ea811c145b1827f382975756a66c2ac5dffbe9ad323148bfdea38cdb5
SIDM00671,erlotinib,IC50,49746.494559175495,nM,GDSC,unknown,data/raw/gdsc_drug_response.csv,61120,2026-10-03,b472905ea811c145b1827f382975756a66c2ac5dffbe9ad323148bfdea38cdb5
SIDM00064,erlotinib,IC50,14162.462804308554,nM,GDSC,unknown,data/raw/gdsc_drug_response.csv,61121,2026-10-03,b472905ea811c145b1827f382975756a66c2ac5dffbe9ad323148bfdea38cdb5
SIDM00291,erlotinib,IC50,34377.9028855199,nM,GDSC,unknown,data/raw/gdsc_drug_response.csv,61122,2026-10-03,b472905ea811c145b1827f382975756a66c2ac5dffbe9ad323148bfdea38cdb5
SIDM00806,erlotinib,IC50,5577.189635682871,nM,GDSC,unknown,data/raw/gdsc_drug_response.csv,61123,2026-10-03,b472905ea811c145b1827f382975756a66c2ac5dffbe9ad323148bfdea38cdb5
SIDM00589,erlotinib,IC50,1533.5203886741165,nM,GDSC,unknown,data/raw/gdsc_drug_response.csv,61124,2026-10-03,b472905ea811c145b1827f382975756a66c2ac5dffbe9ad323148bfdea38cdb5
SIDM00588,erlotinib,IC50,1652.8465775796753,nM,GDSC,unknown,data/raw/gdsc_drug_response.csv,61125,2026-10-03,b472905ea811c145b1827f382975756a66c2ac5dffbe9ad323148bfdea38cdb5
SIDM00828,erlotinib,IC50,19080.578781114044,nM,GDSC,unknown,data/raw/gdsc_drug_response.csv,61126,2026-10-03,b472905ea811c145b1827f382975756a66c2ac5dffbe9ad323148bfdea38cdb5
SIDM00676,erlotinib,IC50,17010.622468392936,nM,GDSC,unknown,data/raw/gdsc_drug_response.csv,61127,2026-10-03,b472905ea811c145b1827f382975756a66c2ac5dffbe9ad323148bfdea38cdb5
SIDM00678,erlotinib,IC50,4841.928055600668,nM,GDSC,unknown,data/raw/gdsc_drug_response.csv,61128,2026-10-03,b472905ea811c145b1827f382975756a66c2ac5dffbe9ad323148bfdea38cdb5
SIDM00695,erlotinib,IC50,11066.660167720622,nM,GDSC,unknown,data/raw/gdsc_drug_response.csv,61129,2026-10-03,b472905ea811c145b1827f382975756a66c2ac5dffbe9ad323148bfdea38cdb5
SIDM00679,erlotinib,IC50,8043.159671848805,nM,GDSC,unknown,data/raw/gdsc_drug_response.csv,61130,2026-10-03,b472905ea811c145b1827f382975756a66c2ac5dffbe9ad323148bfdea38cdb5
SIDM00587,erlotinib,IC50,4764.892611899235,nM,GDSC,unknown,data/raw/gdsc_drug_response.csv,61131,2026-10-03,b472905ea811c145b1827f382975756a66c2ac5dffbe9ad323148bfdea38cdb5
SIDM00585,erlotinib,IC50,35133.81299657876,nM,GDSC,unknown,data/raw/gdsc_drug_response.csv,61132,2026-10-03,b472905ea811c145b1827f382975756a66c2ac5dffbe9ad323148bfdea38cdb5
SIDM00599,erlotinib,IC50,20711.932842500293,nM,GDSC,unknown,data/raw/gdsc_drug_response.csv,61133,2026-10-03,b472905ea811c145b1827f382975756a66c2ac5dffbe9ad323148bfdea38cdb5
SIDM00694,erlotinib,IC50,6283.869794396993,nM,GDSC,unknown,data/raw/gdsc_drug_response.csv,61134,2026-10-03,b472905ea811c145b1827f382975756a66c2ac5dffbe9ad323148bfdea38cdb5
SIDM01060,erlotinib,IC50,14058.370731868605,nM,GDSC,unknown,data/raw/gdsc_drug_response.csv,61135,2026-10-03,b472905ea811c145b1827f382975756a66c2ac5dffbe9ad323148bfdea38cdb5
SIDM01206,erlotinib,IC50,7299.267495226643,nM,GDSC,unknown,data/raw/gdsc_drug_response.csv,61136,2026-10-03,b472905ea811c145b1827f382975756a66c2ac5dffbe9ad323148bfdea38cdb5
SIDM01059,erlotinib,IC50,13079.315331859974,nM,GDSC,unknown,data/raw/gdsc_drug_response.csv,61137,2026-10-03,b472905ea811c145b1827f382975756a66c2ac5dffbe9ad323148bfdea38cdb5
SIDM00225,erlotinib,IC50,55054.576872814396,nM,GDSC,unknown,data/raw/gdsc_drug_response.csv,61138,2026-10-03,b472905ea811c145b1827f382975756a66c2ac5dffbe9ad323148bfdea38cdb5
SIDM00224,erlotinib,IC50,49008.36510652873,nM,GDSC,unknown,data/raw/gdsc_drug_response.csv,61139,2026-10-03,b472905ea811c145b1827f382975756a66c2ac5dffbe9ad323148bfdea38cdb5
SIDM01039,erlotinib,IC50,19276.158087401862,nM,GDSC,unknown,data/raw/gdsc_drug_response.csv,61140,2026-10-03,b472905ea811c145b1827f382975756a66c2ac5dffbe9ad323148bfdea38cdb5
SIDM01218,erlotinib,IC50,203349.46471167443,nM,GDSC,unknown,data/raw/gdsc_drug_response.csv,61141,2026-10-03,b472905ea811c145b1827f382975756a66c2ac5dffbe9ad323148bfdea38cdb5
SIDM00808,erlotinib,IC50,1356.9696295227022,nM,GDSC,unknown,data/raw/gdsc_drug_response.csv,61142,2026-10-03,b472905ea811c145b1827f382975756a66c2ac5dffbe9ad323148bfdea38cdb5
SIDM01013,erlotinib,IC50,4334.451179385975,nM,GDSC,unknown,data/raw/gdsc_drug_response.csv,61143,2026-10-03,b472905ea811c145b1827f382975756a66c2ac5dffbe9ad323148bfdea38cdb5
SIDM01012,erlotinib,IC50,5060.711064462213,nM,GDSC,unknown,data/raw/gdsc_drug_response.csv,61144,2026-10-03,b472905ea811c145b1827f382975756a66c2ac5dffbe9ad323148bfdea38cdb5
SIDM00613,erlotinib,IC50,58282.50718218964,nM,GDSC,unknown,data/raw/gdsc_drug_response.csv,61145,2026-10-03,b472905ea811c145b1827f382975756a66c2ac5dffbe9ad323148bfdea38cdb5
SIDM01007,erlotinib,IC50,4639.54360310231,nM,GDSC,unknown,data/raw/gdsc_drug_response.csv,61146,2026-10-03,b472905ea811c145b1827f382975756a66c2ac5dffbe9ad323148bfdea38cdb5
SIDM01010,erlotinib,IC50,21644.751497477104,nM,GDSC,unknown,data/raw/gdsc_drug_response.csv,61147,2026-10-03,b472905ea811c145b1827f382975756a66c2ac5dffbe9ad323148bfdea38cdb5
SIDM01008,erlotinib,IC50,18199.661590840165,nM,GDSC,unknown,data/raw/gdsc_drug_response.csv,61148,2026-10-03,b472905ea811c145b1827f382975756a66c2ac5dffbe9ad323148bfdea38cdb5
SIDM01005,erlotinib,IC50,11152.18006144302,nM,GDSC,unknown,data/raw/gdsc_drug_response.csv,61149,2026-10-03,b472905ea811c145b1827f382975756a66c2ac5dffbe9ad323148bfdea38cdb5
SIDM00687,erlotinib,IC50,55869.074606535876,nM,GDSC,unknown,data/raw/gdsc_drug_response.csv,61150,2026-10-03,b472905ea811c145b1827f382975756a66c2ac5dffbe9ad323148bfdea38cdb5
SIDM01003,erlotinib,IC50,2116.0835540339485,nM,GDSC,unknown,data/raw/gdsc_drug_response.csv,61151,2026-10-03,b472905ea811c145b1827f382975756a66c2ac5dffbe9ad323148bfdea38cdb5
SIDM00785,erlotinib,IC50,9549.65473083685,nM,GDSC,unknown,data/raw/gdsc_drug_response.csv,61152,2026-10-03,b472905ea811c145b1827f382975756a66c2ac5dffbe9ad323148bfdea38cdb5
SIDM00612,erlotinib,IC50,168599.48651805834,nM,GDSC,unknown,data/raw/gdsc_drug_response.csv,61153,2026-10-03,b472905ea811c145b1827f382975756a66c2ac5dffbe9ad323148bfdea38cdb5
SIDM01019,erlotinib,IC50,7813.867189439356,nM,GDSC,unknown,data/raw/gdsc_drug_response.csv,61154,2026-10-03,b472905ea811c145b1827f382975756a66c2ac5dffbe9ad323148bfdea38cdb5
SIDM01020,erlotinib,IC50,2824.0894667792313,nM,GDSC,unknown,data/raw/gdsc_drug_response.csv,61155,2026-10-03,b472905ea811c145b1827f382975756a66c2ac5dffbe9ad323148bfdea38cdb5
SIDM00607,erlotinib,IC50,74217.94742734214,nM,GDSC,unknown,data/raw/gdsc_drug_response.csv,61156,2026-10-03,b472905ea811c145b1827f382975756a66c2ac5dffbe9ad323148bfdea38cdb5
SIDM00533,erlotinib,IC50,181803.78479845013,nM,GDSC,unknown,data/raw/gdsc_drug_response.csv,61157,2026-10-03,b472905ea811c145b1827f382975756a66c2ac5dffbe9ad323148bfdea38cdb5
SIDM00531,erlotinib,IC50,51892.485934075914,nM,GDSC,unknown,data/raw/gdsc_drug_response.csv,61158,2026-10-03,b472905ea811c145b1827f382975756a66c2ac5dffbe9ad323148bfdea38cdb5
SIDM00541,erlotinib,IC50,4807.720195846178,nM,GDSC,unknown,data/raw/gdsc_drug_response.csv,61159,2026-10-03,b472905ea811c145b1827f382975756a66c2ac5dffbe9ad323148bfdea38cdb5
SIDM00534,erlotinib,IC50,21498.345958255006,nM,GDSC,unknown,data/raw/gdsc_drug_response.csv,61160,2026-10-03,b472905ea811c145b1827f382975756a66c2ac5dffbe9ad323148bfdea38cdb5
SIDM00535,erlotinib,IC50,145845.5230113562,nM,GDSC,unknown,data/raw/gdsc_drug_response.csv,61161,2026-10-03,b472905ea811c145b1827f382975756a66c2ac5dffbe9ad323148bfdea38cdb5
SIDM00537,erlotinib,IC50,12555.025202812414,nM,GDSC,unknown,data/raw/gdsc_drug_response.csv,61162,2026-10-03,b472905ea811c145b1827f382975756a66c2ac5dffbe9ad323148bfdea38cdb5
SIDM00523,erlotinib,IC50,9244.696169555327,nM,GDSC,unknown,data/raw/gdsc_drug_response.csv,61163,2026-10-03,b472905ea811c145b1827f382975756a66c2ac5dffbe9ad323148bfdea38cdb5
SIDM00855,erlotinib,IC50,44607.09825223598,nM,GDSC,unknown,data/raw/gdsc_drug_response.csv,61164,2026-10-03,b472905ea811c145b1827f382975756a66c2ac5dffbe9ad323148bfdea38cdb5
SIDM00856,erlotinib,IC50,16601.880963541473,nM,GDSC,unknown,data/raw/gdsc_drug_response.csv,61165,2026-10-03,b472905ea811c145b1827f382975756a66c2ac5dffbe9ad323148bfdea38cdb5
SIDM00553,erlotinib,IC50,13170.638552983904,nM,GDSC,unknown,data/raw/gdsc_drug_response.csv,61166,2026-10-03,b472905ea811c145b1827f382975756a66c2ac5dffbe9ad323148bfdea38cdb5
SIDM00308,erlotinib,IC50,2251.820499609304,nM,GDSC,unknown,data/raw/gdsc_drug_response.csv,61167,2026-10-03,b472905ea811c145b1827f382975756a66c2ac5dffbe9ad323148bfdea38cdb5
SIDM01033,erlotinib,IC50,5909.870977727955,nM,GDSC,unknown,data/raw/gdsc_drug_response.csv,61168,2026-10-03,b472905ea811c145b1827f382975756a66c2ac5dffbe9ad323148bfdea38cdb5
SIDM00555,erlotinib,IC50,28560.79576490324,nM,GDSC,unknown,data/raw/gdsc_drug_response.csv,61169,2026-10-03,b472905ea811c145b1827f382975756a66c2ac5dffbe9ad323148bfdea38cdb5
SIDM00556,erlotinib,IC50,27214.529405386802,nM,GDSC,unknown,data/raw/gdsc_drug_response.csv,61170,2026-10-03,b472905ea811c145b1827f382975756a66c2ac5dffbe9ad323148bfdea38cdb5
SIDM01031,erlotinib,IC50,2145.6896159767116,nM,GDSC,unknown,data/raw/gdsc_drug_response.csv,61171,2026-10-03,b472905ea811c145b1827f382975756a66c2ac5dffbe9ad323148bfdea38cdb5
SIDM01030,erlotinib,IC50,2631.6762484785036,nM,GDSC,unknown,data/raw/gdsc_drug_response.csv,61172,2026-10-03,b472905ea811c145b1827f382975756a66c2ac5dffbe9ad323148bfdea38cdb5
SIDM01029,erlotinib,IC50,4233.5335544298,nM,GDSC,unknown,data/raw/gdsc_drug_response.csv,61173,2026-10-03,b472905ea811c145b1827f382975756a66c2ac5dffbe9ad323148bfdea38cdb5
SIDM01027,erlotinib,IC50,844.5376171768811,nM,GDSC,unknown,data/raw/gdsc_drug_response.csv,61174,2026-10-03,b472905ea811c145b1827f382975756a66c2ac5dffbe9ad323148bfdea38cdb5
SIDM01026,erlotinib,IC50,166318.72872966286,nM,GDSC,unknown,data/raw/gdsc_drug_response.csv,61175,2026-10-03,b472905ea811c145b1827f382975756a66c2ac5dffbe9ad323148bfdea38cdb5
SIDM00327,erlotinib,IC50,2059.0423580896945,nM,GDSC,unknown,data/raw/gdsc_drug_response.csv,61176,2026-10-03,b472905ea811c145b1827f382975756a66c2ac5dffbe9ad323148bfdea38cdb5
SIDM00329,erlotinib,IC50,23328.621563565775,nM,GDSC,unknown,data/raw/gdsc_drug_response.csv,61177,2026-10-03,b472905ea811c145b1827f382975756a66c2ac5dffbe9ad323148bfdea38cdb5
SIDM00346,erlotinib,IC50,4120.5267206172675,nM,GDSC,unknown,data/raw/gdsc_drug_response.csv,61178,2026-10-03,b472905ea811c145b1827f382975756a66c2ac5dffbe9ad323148bfdea38cdb5
SIDM00297,erlotinib,IC50,8412.342730027842,nM,GDSC,unknown,data/raw/gdsc_drug_response.csv,61179,2026-10-03,b472905ea811c145b1827f382975756a66c2ac5dffbe9ad323148bfdea38cdb5
SIDM00549,erlotinib,IC50,5808.962595909035,nM,GDSC,unknown,data/raw/gdsc_drug_response.csv,61180,2026-10-03,b472905ea811c145b1827f382975756a66c2ac5dffbe9ad323148bfdea38cdb5
SIDM00683,erlotinib,IC50,51020.4228191008,nM,GDSC,unknown,data/raw/gdsc_drug_response.csv,61181,2026-10-03,b472905ea811c145b1827f382975756a66c2ac5dffbe9ad323148bfdea38cdb5
SIDM00342,erlotinib,IC50,2727.7333783612526,nM,GDSC,unknown,data/raw/gdsc_drug_response.csv,61182,2026-10-03,b472905ea811c145b1827f382975756a66c2ac5dffbe9ad323148bfdea38cdb5
SIDM00839,erlotinib,IC50,2556.7425325009913,nM,GDSC,unknown,data/raw/gdsc_drug_response.csv,61183,2026-10-03,b472905ea811c145b1827f382975756a66c2ac5dffbe9ad323148bfdea38cdb5
SIDM00340,erlotinib,IC50,141586.09821609635,nM,GDSC,unknown,data/raw/gdsc_drug_response.csv,61184,2026-10-03,b472905ea811c145b1827f382975756a66c2ac5dffbe9ad323148bfdea38cdb5
SIDM00776,erlotinib,IC50,69179.94441326812,nM,GDSC,unknown,data/raw/gdsc_drug_response.csv,61185,2026-10-03,b472905ea811c145b1827f382975756a66c2ac5dffbe9ad323148bfdea38cdb5
SIDM00660,erlotinib,IC50,89683.78648038744,nM,GDSC,unknown,data/raw/gdsc_drug_response.csv,61186,2026-10-03,b472905ea811c145b1827f382975756a66c2ac5dffbe9ad323148bfdea38cdb5
SIDM01219,erlotinib,IC50,20728.65411843155,nM,GDSC,unknown,data/raw/gdsc_drug_response.csv,61187,2026-10-03,b472905ea811c145b1827f382975756a66c2ac5dffbe9ad323148bfdea38cdb5
SIDM00637,erlotinib,IC50,13605.226222620753,nM,GDSC,unknown,data/raw/gdsc_drug_response.csv,61188,2026-10-03,b472905ea811c145b1827f382975756a66c2ac5dffbe9ad323148bfdea38cdb5
SIDM01246,erlotinib,IC50,21246.305044655575,nM,GDSC,unknown,data/raw/gdsc_drug_response.csv,61189,2026-10-03,b472905ea811c145b1827f382975756a66c2ac5dffbe9ad323148bfdea38cdb5
SIDM00633,erlotinib,IC50,1148.001954015477,nM,GDSC,unknown,data/raw/gdsc_drug_response.csv,61190,2026-10-03,b472905ea811c145b1827f382975756a66c2ac5dffbe9ad323148bfdea38cdb5
SIDM00528,erlotinib,IC50,10116.006789783394,nM,GDSC,unknown,data/raw/gdsc_drug_response.csv,61191,2026-10-03,b472905ea811c145b1827f382975756a66c2ac5dffbe9ad323148bfdea38cdb5
SIDM00272,erlotinib,IC50,19185.29307807487,nM,GDSC,unknown,data/raw/gdsc_drug_response.csv,61192,2026-10-03,b472905ea811c145b1827f382975756a66c2ac5dffbe9ad323148bfdea38cdb5
SIDM00628,erlotinib,IC50,6287.43375885886,nM,GDSC,unknown,data/raw/gdsc_drug_response.csv,61193,2026-10-03,b472905ea811c145b1827f382975756a66c2ac5dffbe9ad323148bfdea38cdb5
SIDM00337,erlotinib,IC50,62535.28766160722,nM,GDSC,unknown,data/raw/gdsc_drug_response.csv,61194,2026-10-03,b472905ea811c145b1827f382975756a66c2ac5dffbe9ad323148bfdea38cdb5
SIDM00336,erlotinib,IC50,65012.98375336363,nM,GDSC,unknown,data/raw/gdsc_drug_response.csv,61195,2026-10-03,b472905ea811c145b1827f382975756a66c2ac5dffbe9ad323148bfdea38cdb5
SIDM00526,erlotinib,IC50,5939.0845183101055,nM,GDSC,unknown,data/raw/gdsc_drug_response.csv,61196,2026-10-03,b472905ea811c145b1827f382975756a66c2ac5dffbe9ad323148bfdea38cdb5
SIDM00625,erlotinib,IC50,10396.539391955554,nM,GDSC,unknown,data/raw/gdsc_drug_response.csv,61197,2026-10-03,b472905ea811c145b1827f382975756a66c2ac5dffbe9ad323148bfdea38cdb5
SIDM00545,erlotinib,IC50,114309.42204579302,nM,GDSC,unknown,data/raw/gdsc_drug_response.csv,61198,2026-10-03,b472905ea811c145b1827f382975756a66c2ac5dffbe9ad323148bfdea38cdb5
SIDM00335,erlotinib,IC50,99381.50202336116,nM,GDSC,unknown,data/raw/gdsc_drug_response.csv,61199,2026-10-03,b472905ea811c145b1827f382975756a66c2ac5dffbe9ad323148bfdea38cdb5
SIDM00334,erlotinib,IC50,13018.67675636514,nM,GDSC,unknown,data/raw/gdsc_drug_response.csv,61200,2026-10-03,b472905ea811c145b1827f382975756a66c2ac5dffbe9ad323148bfdea38cdb5
SIDM00525,erlotinib,IC50,26496.270838121523,nM,GDSC,unknown,data/raw/gdsc_drug_response.csv,61201,2026-10-03,b472905ea811c145b1827f382975756a66c2ac5dffbe9ad323148bfdea38cdb5
SIDM00331,erlotinib,IC50,3610.101903273548,nM,GDSC,unknown,data/raw/gdsc_drug_response.csv,61202,2026-10-03,b472905ea811c145b1827f382975756a66c2ac5dffbe9ad323148bfdea38cdb5
SIDM00376,erlotinib,IC50,78107.49351982573,nM,GDSC,unknown,data/raw/gdsc_drug_response.csv,61203,2026-10-03,b472905ea811c145b1827f382975756a66c2ac5dffbe9ad323148bfdea38cdb5
SIDM00386,erlotinib,IC50,95389.06984165772,nM,GDSC,unknown,data/raw/gdsc_drug_response.csv,61204,2026-10-03,b472905ea811c145b1827f382975756a66c2ac5dffbe9ad323148bfdea38cdb5
SIDM00387,erlotinib,IC50,51376.198448035655,nM,GDSC,unknown,data/raw/gdsc_drug_response.csv,61205,2026-10-03,b472905ea811c145b1827f382975756a66c2ac5dffbe9ad323148bfdea38cdb5
SIDM00388,erlotinib,IC50,13176.909269247193,nM,GDSC,unknown,data/raw/gdsc_drug_response.csv,61206,2026-10-03,b472905ea811c145b1827f382975756a66c2ac5dffbe9ad323148bfdea38cdb5
SIDM00271,erlotinib,IC50,8635.676046808692,nM,GDSC,unknown,data/raw/gdsc_drug_response.csv,61207,2026-10-03,b472905ea811c145b1827f382975756a66c2ac5dffbe9ad323148bfdea38cdb5
SIDM00260,erlotinib,IC50,32674.893495674987,nM,GDSC,unknown,data/raw/gdsc_drug_response.csv,61208,2026-10-03,b472905ea811c145b1827f382975756a66c2ac5dffbe9ad323148bfdea38cdb5
SIDM00441,erlotinib,IC50,19850.89312849804,nM,GDSC,unknown,data/raw/gdsc_drug_response.csv,61209,2026-10-03,b472905ea811c145b1827f382975756a66c2ac5dffbe9ad323148bfdea38cdb5
SIDM00561,erlotinib,IC50,16389.190472726,nM,GDSC,unknown,data/raw/gdsc_drug_response.csv,61210,2026-10-03,b472905ea811c145b1827f382975756a66c2ac5dffbe9ad323148bfdea38cdb5
SIDM00438,erlotinib,IC50,23241.44250546483,nM,GDSC,unknown,data/raw/gdsc_drug_response.csv,61211,2026-10-03,b472905ea811c145b1827f382975756a66c2ac5dffbe9ad323148bfdea38cdb5
SIDM00532,erlotinib,IC50,74539.85881756376,nM,GDSC,unknown,data/raw/gdsc_drug_response.csv,61212,2026-10-03,b472905ea811c145b1827f382975756a66c2ac5dffbe9ad323148bfdea38cdb5
SIDM00504,erlotinib,IC50,39820.2668492066,nM,GDSC,unknown,data/raw/gdsc_drug_response.csv,61213,2026-10-03,b472905ea811c145b1827f382975756a66c2ac5dffbe9ad323148bfdea38cdb5
SIDM00433,erlotinib,IC50,14143.724111307785,nM,GDSC,unknown,data/raw/gdsc_drug_response.csv,61214,2026-10-03,b472905ea811c145b1827f382975756a66c2ac5dffbe9ad323148bfdea38cdb5
SIDM00431,erlotinib,IC50,5260.394374080574,nM,GDSC,unknown,data/raw/gdsc_drug_response.csv,61215,2026-10-03,b472905ea811c145b1827f382975756a66c2ac5dffbe9ad323148bfdea38cdb5
SIDM01023,erlotinib,IC50,6325.733523599933,nM,GDSC,unknown,data/raw/gdsc_drug_response.csv,61216,2026-10-03,b472905ea811c145b1827f382975756a66c2ac5dffbe9ad323148bfdea38cdb5
SIDM00623,erlotinib,IC50,46421.65254212954,nM,GDSC,unknown,data/raw/gdsc_drug_response.csv,61217,2026-10-03,b472905ea811c145b1827f382975756a66c2ac5dffbe9ad323148bfdea38cdb5
SIDM00222,erlotinib,IC50,24038.771355003242,nM,GDSC,unknown,data/raw/gdsc_drug_response.csv,61218,2026-10-03,b472905ea811c145b1827f382975756a66c2ac5dffbe9ad323148bfdea38cdb5
SIDM00562,erlotinib,IC50,13860.429753124525,nM,GDSC,unknown,data/raw/gdsc_drug_response.csv,61219,2026-10-03,b472905ea811c145b1827f382975756a66c2ac5dffbe9ad323148bfdea38cdb5
SIDM00640,erlotinib,IC50,11075.21800320755,nM,GDSC,unknown,data/raw/gdsc_drug_response.csv,61220,2026-10-03,b472905ea811c145b1827f382975756a66c2ac5dffbe9ad323148bfdea38cdb5
SIDM00657,erlotinib,IC50,1751.7354810858126,nM,GDSC,unknown,data/raw/gdsc_drug_response.csv,61221,2026-10-03,b472905ea811c145b1827f382975756a66c2ac5dffbe9ad323148bfdea38cdb5
SIDM00429,erlotinib,IC50,14842.608541184596,nM,GDSC,unknown,data/raw/gdsc_drug_response.csv,61222,2026-10-03,b472905ea811c145b1827f382975756a66c2ac5dffbe9ad323148bfdea38cdb5
SIDM00641,erlotinib,IC50,7879.654045100506,nM,GDSC,unknown,data/raw/gdsc_drug_response.csv,61223,2026-10-03,b472905ea811c145b1827f382975756a66c2ac5dffbe9ad323148bfdea38cdb5
SIDM00244,erlotinib,IC50,3567.0003339541327,nM,GDSC,unknown,data/raw/gdsc_drug_response.csv,61224,2026-10-03,b472905ea811c145b1827f382975756a66c2ac5dffbe9ad323148bfdea38cdb5
SIDM00655,erlotinib,IC50,6896.610092925876,nM,GDSC,unknown,data/raw/gdsc_drug_response.csv,61225,2026-10-03,b472905ea811c145b1827f382975756a66c2ac5dffbe9ad323148bfdea38cdb5
SIDM00777,erlotinib,IC50,1140.1194071097968,nM,GDSC,unknown,data/raw/gdsc_drug_response.csv,61226,2026-10-03,b472905ea811c145b1827f382975756a66c2ac5dffbe9ad323148bfdea38cdb5
SIDM01130,erlotinib,IC50,31914.77280724218,nM,GDSC,unknown,data/raw/gdsc_drug_response.csv,61227,2026-10-03,b472905ea811c145b1827f382975756a66c2ac5dffbe9ad323148bfdea38cdb5
SIDM01146,erlotinib,IC50,1573.6755533510236,nM,GDSC,unknown,data/raw/gdsc_drug_response.csv,61228,2026-10-03,b472905ea811c145b1827f382975756a66c2ac5dffbe9ad323148bfdea38cdb5
SIDM01144,erlotinib,IC50,17790.026655172907,nM,GDSC,unknown,data/raw/gdsc_drug_response.csv,61229,2026-10-03,b472905ea811c145b1827f382975756a66c2ac5dffbe9ad323148bfdea38cdb5
SIDM01145,erlotinib,IC50,15650.580359927242,nM,GDSC,unknown,data/raw/gdsc_drug_response.csv,61230,2026-10-03,b472905ea811c145b1827f382975756a66c2ac5dffbe9ad323148bfdea38cdb5
SIDM00577,erlotinib,IC50,10396.778515111475,nM,GDSC,unknown,data/raw/gdsc_drug_response.csv,61231,2026-10-03,b472905ea811c145b1827f382975756a66c2ac5dffbe9ad323148bfdea38cdb5
SIDM00576,erlotinib,IC50,14410.59932419814,nM,GDSC,unknown,data/raw/gdsc_drug_response.csv,61232,2026-10-03,b472905ea811c145b1827f382975756a66c2ac5dffbe9ad323148bfdea38cdb5
SIDM00575,erlotinib,IC50,182595.6234662744,nM,GDSC,unknown,data/raw/gdsc_drug_response.csv,61233,2026-10-03,b472905ea811c145b1827f382975756a66c2ac5dffbe9ad323148bfdea38cdb5
SIDM00573,erlotinib,IC50,53624.22902560854,nM,GDSC,unknown,data/raw/gdsc_drug_response.csv,61234,2026-10-03,b472905ea811c145b1827f382975756a66c2ac5dffbe9ad323148bfdea38cdb5
SIDM00580,erlotinib,IC50,11991.6071389181,nM,GDSC,unknown,data/raw/gdsc_drug_response.csv,61235,2026-10-03,b472905ea811c145b1827f382975756a66c2ac5dffbe9ad323148bfdea38cdb5
SIDM00574,erlotinib,IC50,86386.29149764773,nM,GDSC,unknown,data/raw/gdsc_drug_response.csv,61236,2026-10-03,b472905ea811c145b1827f382975756a66c2ac5dffbe9ad323148bfdea38cdb5
SIDM01203,erlotinib,IC50,27317.130602621044,nM,GDSC,unknown,data/raw/gdsc_drug_response.csv,61237,2026-10-03,b472905ea811c145b1827f382975756a66c2ac5dffbe9ad323148bfdea38cdb5
SIDM00572,erlotinib,IC50,944.017098672637,nM,GDSC,unknown,data/raw/gdsc_drug_response.csv,61238,2026-10-03,b472905ea811c145b1827f382975756a66c2ac5dffbe9ad323148bfdea38cdb5
SIDM00778,erlotinib,IC50,2540.436711721108,nM,GDSC,unknown,data/raw/gdsc_drug_response.csv,61239,2026-10-03,b472905ea811c145b1827f382975756a66c2ac5dffbe9ad323148bfdea38cdb5
SIDM00779,erlotinib,IC50,10493.940548882527,nM,GDSC,unknown,data/raw/gdsc_drug_response.csv,61240,2026-10-03,b472905ea811c145b1827f382975756a66c2ac5dffbe9ad323148bfdea38cdb5
SIDM01127,erlotinib,IC50,48654.582625871015,nM,GDSC,unknown,data/raw/gdsc_drug_response.csv,61241,2026-10-03,b472905ea811c145b1827f382975756a66c2ac5dffbe9ad323148bfdea38cdb5
SIDM00925,erlotinib,IC50,22186.10073983356,nM,GDSC,unknown,data/raw/gdsc_drug_response.csv,61242,2026-10-03,b472905ea811c145b1827f382975756a66c2ac5dffbe9ad323148bfdea38cdb5
SIDM01147,erlotinib,IC50,57664.97672191846,nM,GDSC,unknown,data/raw/gdsc_drug_response.csv,61243,2026-10-03,b472905ea811c145b1827f382975756a66c2ac5dffbe9ad323148bfdea38cdb5
SIDM00722,erlotinib,IC50,25154.88217568268,nM,GDSC,unknown,data/raw/gdsc_drug_response.csv,61244,2026-10-03,b472905ea811c145b1827f382975756a66c2ac5dffbe9ad323148bfdea38cdb5
SIDM00755,erlotinib,IC50,51862.18956968988,nM,GDSC,unknown,data/raw/gdsc_drug_response.csv,61245,2026-10-03,b472905ea811c145b1827f382975756a66c2ac5dffbe9ad323148bfdea38cdb5
SIDM00718,erlotinib,IC50,7267.860815252168,nM,GDSC,unknown,data/raw/gdsc_drug_response.csv,61246,2026-10-03,b472905ea811c145b1827f382975756a66c2ac5dffbe9ad323148bfdea38cdb5
SIDM00651,erlotinib,IC50,3000.1791393439416,nM,GDSC,unknown,data/raw/gdsc_drug_response.csv,61247,2026-10-03,b472905ea811c145b1827f382975756a66c2ac5dffbe9ad323148bfdea38cdb5
SIDM00652,erlotinib,IC50,168550.26265502884,nM,GDSC,unknown,data/raw/gdsc_drug_response.csv,61248,2026-10-03,b472905ea811c145b1827f382975756a66c2ac5dffbe9ad323148bfdea38cdb5
SIDM00697,erlotinib,IC50,212035.13668097195,nM,GDSC,unknown,data/raw/gdsc_drug_response.csv,61249,2026-10-03,b472905ea811c145b1827f382975756a66c2ac5dffbe9ad323148bfdea38cdb5
SIDM00720,erlotinib,IC50,33576.58671109948,nM,GDSC,unknown,data/raw/gdsc_drug_response.csv,61250,2026-10-03,b472905ea811c145b1827f382975756a66c2ac5dffbe9ad323148bfdea38cdb5
SIDM00748,erlotinib,IC50,37559.86274323805,nM,GDSC,unknown,data/raw/gdsc_drug_response.csv,61251,2026-10-03,b472905ea811c145b1827f382975756a66c2ac5dffbe9ad323148bfdea38cdb5
SIDM00749,erlotinib,IC50,3515.0297888280875,nM,GDSC,unknown,data/raw/gdsc_drug_response.csv,61252,2026-10-03,b472905ea811c145b1827f382975756a66c2ac5dffbe9ad323148bfdea38cdb5
SIDM00743,erlotinib,IC50,1293.6090173538375,nM,GDSC,unknown,data/raw/gdsc_drug_response.csv,61253,2026-10-03,b472905ea811c145b1827f382975756a66c2ac5dffbe9ad323148bfdea38cdb5
SIDM00740,erlotinib,IC50,29496.452444624374,nM,GDSC,unknown,data/raw/gdsc_drug_response.csv,61254,2026-10-03,b472905ea811c145b1827f382975756a66c2ac5dffbe9ad323148bfdea38cdb5
SIDM00738,erlotinib,IC50,18034.705772998583,nM,GDSC,unknown,data/raw/gdsc_drug_response.csv,61255,2026-10-03,b472905ea811c145b1827f382975756a66c2ac5dffbe9ad323148bfdea38cdb5
SIDM00758,erlotinib,IC50,28967.10859699737,nM,GDSC,unknown,data/raw/gdsc_drug_response.csv,61256,2026-10-03,b472905ea811c145b1827f382975756a66c2ac5dffbe9ad323148bfdea38cdb5
SIDM00710,erlotinib,IC50,32361.647418655062,nM,GDSC,unknown,data/raw/gdsc_drug_response.csv,61257,2026-10-03,b472905ea811c145b1827f382975756a66c2ac5dffbe9ad323148bfdea38cdb5
SIDM00731,erlotinib,IC50,339431.44591630273,nM,GDSC,unknown,data/raw/gdsc_drug_response.csv,61258,2026-10-03,b472905ea811c145b1827f382975756a66c2ac5dffbe9ad323148bfdea38cdb5
SIDM01129,erlotinib,IC50,21869.194440195006,nM,GDSC,unknown,data/raw/gdsc_drug_response.csv,61259,2026-10-03,b472905ea811c145b1827f382975756a66c2ac5dffbe9ad323148bfdea38cdb5
SIDM01117,erlotinib,IC50,217844.8255655053,nM,GDSC,unknown,data/raw/gdsc_drug_response.csv,61260,2026-10-03,b472905ea811c145b1827f382975756a66c2ac5dffbe9ad323148bfdea38cdb5
SIDM00567,erlotinib,IC50,26476.432561625763,nM,GDSC,unknown,data/raw/gdsc_drug_response.csv,61261,2026-10-03,b472905ea811c145b1827f382975756a66c2ac5dffbe9ad323148bfdea38cdb5
SIDM00457,erlotinib,IC50,8546.185132107443,nM,GDSC,unknown,data/raw/gdsc_drug_response.csv,61262,2026-10-03,b472905ea811c145b1827f382975756a66c2ac5dffbe9ad323148bfdea38cdb5
SIDM00239,erlotinib,IC50,26892.111747066374,nM,GDSC,unknown,data/raw/gdsc_drug_response.csv,61263,2026-10-03,b472905ea811c145b1827f382975756a66c2ac5dffbe9ad323148bfdea38cdb5
SIDM00463,erlotinib,IC50,7107.33962431991,nM,GDSC,unknown,data/raw/gdsc_drug_response.csv,61264,2026-10-03,b472905ea811c145b1827f382975756a66c2ac5dffbe9ad323148bfdea38cdb5
SIDM00364,erlotinib,IC50,756.2297854332187,nM,GDSC,unknown,data/raw/gdsc_drug_response.csv,61265,2026-10-03,b472905ea811c145b1827f382975756a66c2ac5dffbe9ad323148bfdea38cdb5
SIDM00363,erlotinib,IC50,6041.951162925985,nM,GDSC,unknown,data/raw/gdsc_drug_response.csv,61266,2026-10-03,b472905ea811c145b1827f382975756a66c2ac5dffbe9ad323148bfdea38cdb5
SIDM01140,erlotinib,IC50,9124.471682644229,nM,GDSC,unknown,data/raw/gdsc_drug_response.csv,61267,2026-10-03,b472905ea811c145b1827f382975756a66c2ac5dffbe9ad323148bfdea38cdb5
SIDM00241,erlotinib,IC50,17813.649690962022,nM,GDSC,unknown,data/raw/gdsc_drug_response.csv,61268,2026-10-03,b472905ea811c145b1827f382975756a66c2ac5dffbe9ad323148bfdea38cdb5
SIDM00220,erlotinib,IC50,13010.919936780196,nM,GDSC,unknown,data/raw/gdsc_drug_response.csv,61269,2026-10-03,b472905ea811c145b1827f382975756a66c2ac5dffbe9ad323148bfdea38cdb5
SIDM00451,erlotinib,IC50,25870.12944868321,nM,GDSC,unknown,data/raw/gdsc_drug_response.csv,61270,2026-10-03,b472905ea811c145b1827f382975756a66c2ac5dffbe9ad323148bfdea38cdb5
SIDM00844,erlotinib,IC50,4213.7037013975605,nM,GDSC,unknown,data/raw/gdsc_drug_response.csv,61271,2026-10-03,b472905ea811c145b1827f382975756a66c2ac5dffbe9ad323148bfdea38cdb5
SIDM00359,erlotinib,IC50,14909.625334647653,nM,GDSC,unknown,data/raw/gdsc_drug_response.csv,61272,2026-10-03,b472905ea811c145b1827f382975756a66c2ac5dffbe9ad323148bfdea38cdb5
SIDM00847,erlotinib,IC50,33048.46101969376,nM,GDSC,unknown,data/raw/gdsc_drug_response.csv,61273,2026-10-03,b472905ea811c145b1827f382975756a66c2ac5dffbe9ad323148bfdea38cdb5
SIDM00447,erlotinib,IC50,16940.123844999693,nM,GDSC,unknown,data/raw/gdsc_drug_response.csv,61274,2026-10-03,b472905ea811c145b1827f382975756a66c2ac5dffbe9ad323148bfdea38cdb5
SIDM01092,erlotinib,IC50,27814.904218454267,nM,GDSC,unknown,data/raw/gdsc_drug_response.csv,61275,2026-10-03,b472905ea811c145b1827f382975756a66c2ac5dffbe9ad323148bfdea38cdb5
SIDM01090,erlotinib,IC50,38104.332897105065,nM,GDSC,unknown,data/raw/gdsc_drug_response.csv,61276,2026-10-03,b472905ea811c145b1827f382975756a66c2ac5dffbe9ad323148bfdea38cdb5
SIDM00352,erlotinib,IC50,2160.139925668506,nM,GDSC,unknown,data/raw/gdsc_drug_response.csv,61277,2026-10-03,b472905ea811c145b1827f382975756a66c2ac5dffbe9ad323148bfdea38cdb5
SIDM00813,erlotinib,IC50,11330.769615935531,nM,GDSC,unknown,data/raw/gdsc_drug_response.csv,61278,2026-10-03,b472905ea811c145b1827f382975756a66c2ac5dffbe9ad323148bfdea38cdb5
SIDM00403,erlotinib,IC50,3797.0027290960015,nM,GDSC,unknown,data/raw/gdsc_drug_response.csv,61279,2026-10-03,b472905ea811c145b1827f382975756a66c2ac5dffbe9ad323148bfdea38cdb5
SIDM01086,erlotinib,IC50,2492.302544858346,nM,GDSC,unknown,data/raw/gdsc_drug_response.csv,61280,2026-10-03,b472905ea811c145b1827f382975756a66c2ac5dffbe9ad323148bfdea38cdb5
SIDM00402,erlotinib,IC50,6212.833052213331,nM,GDSC,unknown,data/raw/gdsc_drug_response.csv,61281,2026-10-03,b472905ea811c145b1827f382975756a66c2ac5dffbe9ad323148bfdea38cdb5
SIDM00401,erlotinib,IC50,58810.71110706881,nM,GDSC,unknown,data/raw/gdsc_drug_response.csv,61282,2026-10-03,b472905ea811c145b1827f382975756a66c2ac5dffbe9ad323148bfdea38cdb5
SIDM01084,erlotinib,IC50,62184.94943704231,nM,GDSC,unknown,data/raw/gdsc_drug_response.csv,61283,2026-10-03,b472905ea811c145b1827f382975756a66c2ac5dffbe9ad323148bfdea38cdb5
SIDM00351,erlotinib,IC50,1892.3775472332613,nM,GDSC,unknown,data/raw/gdsc_drug_response.csv,61284,2026-10-03,b472905ea811c145b1827f382975756a66c2ac5dffbe9ad323148bfdea38cdb5
SIDM01080,erlotinib,IC50,7148.281656068714,nM,GDSC,unknown,data/raw/gdsc_drug_response.csv,61285,2026-10-03,b472905ea811c145b1827f382975756a66c2ac5dffbe9ad323148bfdea38cdb5
SIDM00383,erlotinib,IC50,8801.428166816646,nM,GDSC,unknown,data/raw/gdsc_drug_response.csv,61286,2026-10-03,b472905ea811c145b1827f382975756a66c2ac5dffbe9ad323148bfdea38cdb5
SIDM00382,erlotinib,IC50,72018.06569691918,nM,GDSC,unknown,data/raw/gdsc_drug_response.csv,61287,2026-10-03,b472905ea811c145b1827f382975756a66c2ac5dffbe9ad323148bfdea38cdb5
SIDM01079,erlotinib,IC50,54217.62282660929,nM,GDSC,unknown,data/raw/gdsc_drug_response.csv,61288,2026-10-03,b472905ea811c145b1827f382975756a66c2ac5dffbe9ad323148bfdea38cdb5
SIDM00396,erlotinib,IC50,896.2938161059818,nM,GDSC,unknown,data/raw/gdsc_drug_response.csv,61289,2026-10-03,b472905ea811c145b1827f382975756a66c2ac5dffbe9ad323148bfdea38cdb5
SIDM01095,erlotinib,IC50,4929.541590204476,nM,GDSC,unknown,data/raw/gdsc_drug_response.csv,61290,2026-10-03,b472905ea811c145b1827f382975756a66c2ac5dffbe9ad323148bfdea38cdb5
SIDM01112,erlotinib,IC50,36594.24545352753,nM,GDSC,unknown,data/raw/gdsc_drug_response.csv,61291,2026-10-03,b472905ea811c145b1827f382975756a66c2ac5dffbe9ad323148bfdea38cdb5
SIDM01096,erlotinib,IC50,9499.403431970311,nM,GDSC,unknown,data/raw/gdsc_drug_response.csv,61292,2026-10-03,b472905ea811c145b1827f382975756a66c2ac5dffbe9ad323148bfdea38cdb5
SIDM01110,erlotinib,IC50,7413.369060390953,nM,GDSC,unknown,data/raw/gdsc_drug_response.csv,61293,2026-10-03,b472905ea811c145b1827f382975756a66c2ac5dffbe9ad323148bfdea38cdb5
SIDM01109,erlotinib,IC50,50543.58331396262,nM,GDSC,unknown,data/raw/gdsc_drug_response.csv,61294,2026-10-03,b472905ea811c145b1827f382975756a66c2ac5dffbe9ad323148bfdea38cdb5
SIDM01108,erlotinib,IC50,140093.21185110664,nM,GDSC,unknown,data/raw/gdsc_drug_response.csv,61295,2026-10-03,b472905ea811c145b1827f382975756a66c2ac5dffbe9ad323148bfdea38cdb5
SIDM00380,erlotinib,IC50,23416.71304234971,nM,GDSC,unknown,data/raw/gdsc_drug_response.csv,61296,2026-10-03,b472905ea811c145b1827f382975756a66c2ac5dffbe9ad323148bfdea38cdb5
SIDM01107,erlotinib,IC50,85515.27372098429,nM,GDSC,unknown,data/raw/gdsc_drug_response.csv,61297,2026-10-03,b472905ea811c145b1827f382975756a66c2ac5dffbe9ad323148bfdea38cdb5
SIDM01105,erlotinib,IC50,25060.828260021004,nM,GDSC,unknown,data/raw/gdsc_drug_response.csv,61298,2026-10-03,b472905ea811c145b1827f382975756a66c2ac5dffbe9ad323148bfdea38cdb5
SIDM01106,erlotinib,IC50,64642.49423340266,nM,GDSC,unknown,data/raw/gdsc_drug_response.csv,61299,2026-10-03,b472905ea811c145b1827f382975756a66c2ac5dffbe9ad323148bfdea38cdb5
SIDM00392,erlotinib,IC50,36337.05429113753,nM,GDSC,unknown,data/raw/gdsc_drug_response.csv,61300,2026-10-03,b472905ea811c145b1827f382975756a66c2ac5dffbe9ad323148bfdea38cdb5
SIDM01104,erlotinib,IC50,94430.39478668905,nM,GDSC,unknown,data/raw/gdsc_drug_response.csv,61301,2026-10-03,b472905ea811c145b1827f382975756a66c2ac5dffbe9ad323148bfdea38cdb5
SIDM01103,erlotinib,IC50,3891.8670347232787,nM,GDSC,unknown,data/raw/gdsc_drug_response.csv,61302,2026-10-03,b472905ea811c145b1827f382975756a66c2ac5dffbe9ad323148bfdea38cdb5
SIDM00379,erlotinib,IC50,25456.54803296582,nM,GDSC,unknown,data/raw/gdsc_drug_response.csv,61303,2026-10-03,b472905ea811c145b1827f382975756a66c2ac5dffbe9ad323148bfdea38cdb5
SIDM01097,erlotinib,IC50,19616.67559150314,nM,GDSC,unknown,data/raw/gdsc_drug_response.csv,61304,2026-10-03,b472905ea811c145b1827f382975756a66c2ac5dffbe9ad323148bfdea38cdb5
SIDM01113,erlotinib,IC50,20461.13023090598,nM,GDSC,unknown,data/raw/gdsc_drug_response.csv,61305,2026-10-03,b472905ea811c145b1827f382975756a66c2ac5dffbe9ad323148bfdea38cdb5
SIDM00373,erlotinib,IC50,18168.0943865796,nM,GDSC,unknown,data/raw/gdsc_drug_response.csv,61306,2026-10-03,b472905ea811c145b1827f382975756a66c2ac5dffbe9ad323148bfdea38cdb5
SIDM01180,erlotinib,IC50,89036.90974525953,nM,GDSC,unknown,data/raw/gdsc_drug_response.csv,61307,2026-10-03,b472905ea811c145b1827f382975756a66c2ac5dffbe9ad323148bfdea38cdb5
SIDM01199,erlotinib,IC50,53278.71989772998,nM,GDSC,unknown,data/raw/gdsc_drug_response.csv,61308,2026-10-03,b472905ea811c145b1827f382975756a66c2ac5dffbe9ad323148bfdea38cdb5
SIDM01194,erlotinib,IC50,14066.780151732193,nM,GDSC,unknown,data/raw/gdsc_drug_response.csv,61309,2026-10-03,b472905ea811c145b1827f382975756a66c2ac5dffbe9ad323148bfdea38cdb5
SIDM00781,erlotinib,IC50,39882.31529687225,nM,GDSC,unknown,data/raw/gdsc_drug_response.csv,61310,2026-10-03,b472905ea811c145b1827f382975756a66c2ac5dffbe9ad323148bfdea38cdb5
SIDM01154,erlotinib,IC50,9442.1527527399,nM,GDSC,unknown,data/raw/gdsc_drug_response.csv,61311,2026-10-03,b472905ea811c145b1827f382975756a66c2ac5dffbe9ad323148bfdea38cdb5
SIDM00814,erlotinib,IC50,2241.47022273695,nM,GDSC,unknown,data/raw/gdsc_drug_response.csv,61312,2026-10-03,b472905ea811c145b1827f382975756a66c2ac5dffbe9ad323148bfdea38cdb5
SIDM01155,erlotinib,IC50,22189.584231096615,nM,GDSC,unknown,data/raw/gdsc_drug_response.csv,61313,2026-10-03,b472905ea811c145b1827f382975756a66c2ac5dffbe9ad323148bfdea38cdb5
SIDM00835,erlotinib,IC50,6856.9106655135665,nM,GDSC,unknown,data/raw/gdsc_drug_response.csv,61314,2026-10-03,b472905ea811c145b1827f382975756a66c2ac5dffbe9ad323148bfdea38cdb5
SIDM00812,erlotinib,IC50,159708.455505047,nM,GDSC,unknown,data/raw/gdsc_drug_response.csv,61315,2026-10-03,b472905ea811c145b1827f382975756a66c2ac5dffbe9ad323148bfdea38cdb5
SIDM00834,erlotinib,IC50,7869.29124059809,nM,GDSC,unknown,data/raw/gdsc_drug_response.csv,61316,2026-10-03,b472905ea811c145b1827f382975756a66c2ac5dffbe9ad323148bfdea38cdb5
SIDM00420,erlotinib,IC50,34929.01991921141,nM,GDSC,unknown,data/raw/gdsc_drug_response.csv,61317,2026-10-03,b472905ea811c145b1827f382975756a66c2ac5dffbe9ad323148bfdea38cdb5
SIDM01164,erlotinib,IC50,43609.97898632268,nM,GDSC,unknown,data/raw/gdsc_drug_response.csv,61318,2026-10-03,b472905ea811c145b1827f382975756a66c2ac5dffbe9ad323148bfdea38cdb5
SIDM00837,erlotinib,IC50,1005.0929250771956,nM,GDSC,unknown,data/raw/gdsc_drug_response.csv,61319,2026-10-03,b472905ea811c145b1827f382975756a66c2ac5dffbe9ad323148bfdea38cdb5
SIDM01168,erlotinib,IC50,43051.582939986976,nM,GDSC,unknown,data/raw/gdsc_drug_response.csv,61320,2026-10-03,b472905ea811c145b1827f382975756a66c2ac5dffbe9ad323148bfdea38cdb5
SIDM01175,erlotinib,IC50,119403.08044529094,nM,GDSC,unknown,data/raw/gdsc_drug_response.csv,61321,2026-10-03,b472905ea811c145b1827f382975756a66c2ac5dffbe9ad323148bfdea38cdb5
SIDM00833,erlotinib,IC50,26375.907531987596,nM,GDSC,unknown,data/raw/gdsc_drug_response.csv,61322,2026-10-03,b472905ea811c145b1827f382975756a66c2ac5dffbe9ad323148bfdea38cdb5
SIDM01159,erlotinib,IC50,49140.227661575715,nM,GDSC,unknown,data/raw/gdsc_drug_response.csv,61323,2026-10-03,b472905ea811c145b1827f382975756a66c2ac5dffbe9ad323148bfdea38cdb5
SIDM00832,erlotinib,IC50,95024.61848723928,nM,GDSC,unknown,data/raw/gdsc_drug_response.csv,61324,2026-10-03,b472905ea811c145b1827f382975756a66c2ac5dffbe9ad323148bfdea38cdb5
SIDM01178,erlotinib,IC50,47222.52484263809,nM,GDSC,unknown,data/raw/gdsc_drug_response.csv,61325,2026-10-03,b472905ea811c145b1827f382975756a66c2ac5dffbe9ad323148bfdea38cdb5
SIDM01161,erlotinib,IC50,21624.1122510344,nM,GDSC,unknown,data/raw/gdsc_drug_response.csv,61326,2026-10-03,b472905ea811c145b1827f382975756a66c2ac5dffbe9ad323148bfdea38cdb5
SIDM00782,erlotinib,IC50,15574.594048000501,nM,GDSC,unknown,data/raw/gdsc_drug_response.csv,61327,2026-10-03,b472905ea811c145b1827f382975756a66c2ac5dffbe9ad323148bfdea38cdb5
SIDM00370,erlotinib,IC50,12033.603163754171,nM,GDSC,unknown,data/raw/gdsc_drug_response.csv,61328,2026-10-03,b472905ea811c145b1827f382975756a66c2ac5dffbe9ad323148bfdea38cdb5
SIDM00252,erlotinib,IC50,24217.802422317345,nM,GDSC,unknown,data/raw/gdsc_drug_response.csv,61329,2026-10-03,b472905ea811c145b1827f382975756a66c2ac5dffbe9ad323148bfdea38cdb5
SIDM00251,erlotinib,IC50,20070.538629666105,nM,GDSC,unknown,data/raw/gdsc_drug_response.csv,61330,2026-10-03,b472905ea811c145b1827f382975756a66c2ac5dffbe9ad323148bfdea38cdb5
SIDM01172,erlotinib,IC50,89902.97201029085,nM,GDSC,unknown,data/raw/gdsc_drug_response.csv,61331,2026-10-03,b472905ea811c145b1827f382975756a66c2ac5dffbe9ad323148bfdea38cdb5
SIDM01205,erlotinib,IC50,9681.869376008697,nM,GDSC,unknown,data/raw/gdsc_drug_response.csv,61332,2026-10-03,b472905ea811c145b1827f382975756a66c2ac5dffbe9ad323148bfdea38cdb5
SIDM00321,erlotinib,IC50,11824.586908195783,nM,GDSC,unknown,data/raw/gdsc_drug_response.csv,61333,2026-10-03,b472905ea811c145b1827f382975756a66c2ac5dffbe9ad323148bfdea38cdb5
SIDM01191,erlotinib,IC50,70281.87907906799,nM,GDSC,unknown,data/raw/gdsc_drug_response.csv,61334,2026-10-03,b472905ea811c145b1827f382975756a66c2ac5dffbe9ad323148bfdea38cdb5
SIDM00424,erlotinib,IC50,24477.54092039055,nM,GDSC,unknown,data/raw/gdsc_drug_response.csv,61335,2026-10-03,b472905ea811c145b1827f382975756a66c2ac5dffbe9ad323148bfdea38cdb5
SIDM01186,erlotinib,IC50,7069.628976782754,nM,GDSC,unknown,data/raw/gdsc_drug_response.csv,61336,2026-10-03,b472905ea811c145b1827f382975756a66c2ac5dffbe9ad323148bfdea38cdb5
SIDM01183,erlotinib,IC50,3468.870372872939,nM,GDSC,unknown,data/raw/gdsc_drug_response.csv,61337,2026-10-03,b472905ea811c145b1827f382975756a66c2ac5dffbe9ad323148bfdea38cdb5
SIDM00317,erlotinib,IC50,139806.45474300784,nM,GDSC,unknown,data/raw/gdsc_drug_response.csv,61338,2026-10-03,b472905ea811c145b1827f382975756a66c2ac5dffbe9ad323148bfdea38cdb5
SIDM01000,erlotinib,IC50,104407.86417935173,nM,GDSC,unknown,data/raw/gdsc_drug_response.csv,61339,2026-10-03,b472905ea811c145b1827f382975756a66c2ac5dffbe9ad323148bfdea38cdb5
SIDM00412,erlotinib,IC50,19015.948085289976,nM,GDSC,unknown,data/raw/gdsc_drug_response.csv,61340,2026-10-03,b472905ea811c145b1827f382975756a66c2ac5dffbe9ad323148bfdea38cdb5
SIDM00411,erlotinib,IC50,102699.88529088961,nM,GDSC,unknown,data/raw/gdsc_drug_response.csv,61341,2026-10-03,b472905ea811c145b1827f382975756a66c2ac5dffbe9ad323148bfdea38cdb5
SIDM00316,erlotinib,IC50,15564.411593518658,nM,GDSC,unknown,data/raw/gdsc_drug_response.csv,61342,2026-10-03,b472905ea811c145b1827f382975756a66c2ac5dffbe9ad323148bfdea38cdb5
SIDM00971,erlotinib,IC50,137573.59358541726,nM,GDSC,unknown,data/raw/gdsc_drug_response.csv,61343,2026-10-03,b472905ea811c145b1827f382975756a66c2ac5dffbe9ad323148bfdea38cdb5
SIDM00235,erlotinib,IC50,2326.630305557103,nM,GDSC,unknown,data/raw/gdsc_drug_response.csv,61344,2026-10-03,b472905ea811c145b1827f382975756a66c2ac5dffbe9ad323148bfdea38cdb5
SIDM00554,erlotinib,IC50,27717.50048050033,nM,GDSC,unknown,data/raw/gdsc_drug_response.csv,61345,2026-10-03,b472905ea811c145b1827f382975756a66c2ac5dffbe9ad323148bfdea38cdb5
SIDM01018,erlotinib,IC50,10625.853064382405,nM,GDSC,unknown,data/raw/gdsc_drug_response.csv,61346,2026-10-03,b472905ea811c145b1827f382975756a66c2ac5dffbe9ad323148bfdea38cdb5
SIDM00584,erlotinib,IC50,68962.30148493327,nM,GDSC,unknown,data/raw/gdsc_drug_response.csv,61347,2026-10-03,b472905ea811c145b1827f382975756a66c2ac5dffbe9ad323148bfdea38cdb5
SIDM00479,erlotinib,IC50,11507.776221183289,nM,GDSC,unknown,data/raw/gdsc_drug_response.csv,61348,2026-10-03,b472905ea811c145b1827f382975756a66c2ac5dffbe9ad323148bfdea38cdb5
SIDM01177,erlotinib,IC50,3253.9153684756498,nM,GDSC,unknown,data/raw/gdsc_drug_response.csv,61349,2026-10-03,b472905ea811c145b1827f382975756a66c2ac5dffbe9ad323148bfdea38cdb5
SIDM01150,erlotinib,IC50,44552.04248982546,nM,GDSC,unknown,data/raw/gdsc_drug_response.csv,61350,2026-10-03,b472905ea811c145b1827f382975756a66c2ac5dffbe9ad323148bfdea38cdb5
SIDM01247,erlotinib,IC50,11987.830377540487,nM,GDSC,unknown,data/raw/gdsc_drug_response.csv,61351,2026-10-03,b472905ea811c145b1827f382975756a66c2ac5dffbe9ad323148bfdea38cdb5
SIDM00467,erlotinib,IC50,25158.706008377303,nM,GDSC,unknown,data/raw/gdsc_drug_response.csv,61352,2026-10-03,b472905ea811c145b1827f382975756a66c2ac5dffbe9ad323148bfdea38cdb5
SIDM00469,erlotinib,IC50,357920.53768865176,nM,GDSC,unknown,data/raw/gdsc_drug_response.csv,61353,2026-10-03,b472905ea811c145b1827f382975756a66c2ac5dffbe9ad323148bfdea38cdb5
SIDM00480,erlotinib,IC50,21521.103244760594,nM,GDSC,unknown,data/raw/gdsc_drug_response.csv,61354,2026-10-03,b472905ea811c145b1827f382975756a66c2ac5dffbe9ad323148bfdea38cdb5
SIDM00477,erlotinib,IC50,16009.287138462852,nM,GDSC,unknown,data/raw/gdsc_drug_response.csv,61355,2026-10-03,b472905ea811c145b1827f382975756a66c2ac5dffbe9ad323148bfdea38cdb5
SIDM00282,erlotinib,IC50,6421.57233686487,nM,GDSC,unknown,data/raw/gdsc_drug_response.csv,61356,2026-10-03,b472905ea811c145b1827f382975756a66c2ac5dffbe9ad323148bfdea38cdb5
SIDM00286,erlotinib,IC50,133688.03651005318,nM,GDSC,unknown,data/raw/gdsc_drug_response.csv,61357,2026-10-03,b472905ea811c145b1827f382975756a66c2ac5dffbe9ad323148bfdea38cdb5
SIDM01248,erlotinib,IC50,45758.8401327059,nM,GDSC,unknown,data/raw/gdsc_drug_response.csv,61358,2026-10-03,b472905ea811c145b1827f382975756a66c2ac5dffbe9ad323148bfdea38cdb5
SIDM00842,erlotinib,IC50,22957.346632806344,nM,GDSC,unknown,data/raw/gdsc_drug_response.csv,61359,2026-10-03,b472905ea811c145b1827f382975756a66c2ac5dffbe9ad323148bfdea38cdb5
SIDM00233,erlotinib,IC50,10691.253742869849,nM,GDSC,unknown,data/raw/gdsc_drug_response.csv,61360,2026-10-03,b472905ea811c145b1827f382975756a66c2ac5dffbe9ad323148bfdea38cdb5
SIDM00917,erlotinib,IC50,1977.613866423644,nM,GDSC,unknown,data/raw/gdsc_drug_response.csv,61361,2026-10-03,b472905ea811c145b1827f382975756a66c2ac5dffbe9ad323148bfdea38cdb5
SIDM00957,erlotinib,IC50,21672.062745238116,nM,GDSC,unknown,data/raw/gdsc_drug_response.csv,61362,2026-10-03,b472905ea811c145b1827f382975756a66c2ac5dffbe9ad323148bfdea38cdb5
SIDM00142,erlotinib,IC50,23006.573972953192,nM,GDSC,unknown,data/raw/gdsc_drug_response.csv,61363,2026-10-03,b472905ea811c145b1827f382975756a66c2ac5dffbe9ad323148bfdea38cdb5
SIDM00143,erlotinib,IC50,18768.764024963,nM,GDSC,unknown,data/raw/gdsc_drug_response.csv,61364,2026-10-03,b472905ea811c145b1827f382975756a66c2ac5dffbe9ad323148bfdea38cdb5
SIDM00343,erlotinib,IC50,39026.85504276971,nM,GDSC,unknown,data/raw/gdsc_drug_response.csv,61365,2026-10-03,b472905ea811c145b1827f382975756a66c2ac5dffbe9ad323148bfdea38cdb5
SIDM00267,erlotinib,IC50,3330.225435335916,nM,GDSC,unknown,data/raw/gdsc_drug_response.csv,61366,2026-10-03,b472905ea811c145b1827f382975756a66c2ac5dffbe9ad323148bfdea38cdb5
SIDM00794,erlotinib,IC50,2395.3754915153772,nM,GDSC,unknown,data/raw/gdsc_drug_response.csv,61367,2026-10-03,b472905ea811c145b1827f382975756a66c2ac5dffbe9ad323148bfdea38cdb5
SIDM00988,erlotinib,IC50,13922.190416025756,nM,GDSC,unknown,data/raw/gdsc_drug_response.csv,61368,2026-10-03,b472905ea811c145b1827f382975756a66c2ac5dffbe9ad323148bfdea38cdb5
SIDM01233,erlotinib,IC50,21700.298148191006,nM,GDSC,unknown,data/raw/gdsc_drug_response.csv,61369,2026-10-03,b472905ea811c145b1827f382975756a66c2ac5dffbe9ad323148bfdea38cdb5
SIDM01082,erlotinib,IC50,29937.62348731885,nM,GDSC,unknown,data/raw/gdsc_drug_response.csv,61370,2026-10-03,b472905ea811c145b1827f382975756a66c2ac5dffbe9ad323148bfdea38cdb5
SIDM00899,erlotinib,IC50,417846.8592642384,nM,GDSC,unknown,data/raw/gdsc_drug_response.csv,61371,2026-10-03,b472905ea811c145b1827f382975756a66c2ac5dffbe9ad323148bfdea38cdb5
SIDM00907,erlotinib,IC50,6469.5011271560425,nM,GDSC,unknown,data/raw/gdsc_drug_response.csv,61372,2026-10-03,b472905ea811c145b1827f382975756a66c2ac5dffbe9ad323148bfdea38cdb5
SIDM00898,erlotinib,IC50,6372.551889770082,nM,GDSC,unknown,data/raw/gdsc_drug_response.csv,61373,2026-10-03,b472905ea811c145b1827f382975756a66c2ac5dffbe9ad323148bfdea38cdb5
SIDM00287,erlotinib,IC50,4160.673665564025,nM,GDSC,unknown,data/raw/gdsc_drug_response.csv,61374,2026-10-03,b472905ea811c145b1827f382975756a66c2ac5dffbe9ad323148bfdea38cdb5
SIDM00985,erlotinib,IC50,6949.362995136174,nM,GDSC,unknown,data/raw/gdsc_drug_response.csv,61375,2026-10-03,b472905ea811c145b1827f382975756a66c2ac5dffbe9ad323148bfdea38cdb5
SIDM00962,erlotinib,IC50,6421.989752632631,nM,GDSC,unknown,data/raw/gdsc_drug_response.csv,61376,2026-10-03,b472905ea811c145b1827f382975756a66c2ac5dffbe9ad323148bfdea38cdb5
SIDM00306,erlotinib,IC50,86778.42232181503,nM,GDSC,unknown,data/raw/gdsc_drug_response.csv,61377,2026-10-03,b472905ea811c145b1827f382975756a66c2ac5dffbe9ad323148bfdea38cdb5
SIDM00324,erlotinib,IC50,13523.731080021293,nM,GDSC,unknown,data/raw/gdsc_drug_response.csv,61378,2026-10-03,b472905ea811c145b1827f382975756a66c2ac5dffbe9ad323148bfdea38cdb5
SIDM00901,erlotinib,IC50,14247.26559170015,nM,GDSC,unknown,data/raw/gdsc_drug_response.csv,61379,2026-10-03,b472905ea811c145b1827f382975756a66c2ac5dffbe9ad323148bfdea38cdb5
SIDM00798,erlotinib,IC50,16505.15902140445,nM,GDSC,unknown,data/raw/gdsc_drug_response.csv,61380,2026-10-03,b472905ea811c145b1827f382975756a66c2ac5dffbe9ad323148bfdea38cdb5
SIDM00569,erlotinib,IC50,21640.314778199376,nM,GDSC,unknown,data/raw/gdsc_drug_response.csv,61381,2026-10-03,b472905ea811c145b1827f382975756a66c2ac5dffbe9ad323148bfdea38cdb5
SIDM01237,erlotinib,IC50,144924.80185493687,nM,GDSC,unknown,data/raw/gdsc_drug_response.csv,61382,2026-10-03,b472905ea811c145b1827f382975756a66c2ac5dffbe9ad323148bfdea38cdb5
SIDM00810,erlotinib,IC50,77789.30858854136,nM,GDSC,unknown,data/raw/gdsc_drug_response.csv,61383,2026-10-03,b472905ea811c145b1827f382975756a66c2ac5dffbe9ad323148bfdea38cdb5
SIDM00928,erlotinib,IC50,37632.046954372774,nM,GDSC,unknown,data/raw/gdsc_drug_response.csv,61384,2026-10-03,b472905ea811c145b1827f382975756a66c2ac5dffbe9ad323148bfdea38cdb5
SIDM01228,erlotinib,IC50,7499.572358125316,nM,GDSC,unknown,data/raw/gdsc_drug_response.csv,61385,2026-10-03,b472905ea811c145b1827f382975756a66c2ac5dffbe9ad323148bfdea38cdb5
SIDM00698,erlotinib,IC50,27790.437869514455,nM,GDSC,unknown,data/raw/gdsc_drug_response.csv,61386,2026-10-03,b472905ea811c145b1827f382975756a66c2ac5dffbe9ad323148bfdea38cdb5
SIDM00744,erlotinib,IC50,13019.562056484438,nM,GDSC,unknown,data/raw/gdsc_drug_response.csv,61387,2026-10-03,b472905ea811c145b1827f382975756a66c2ac5dffbe9ad323148bfdea38cdb5
SIDM01087,erlotinib,IC50,16230.17233873989,nM,GDSC,unknown,data/raw/gdsc_drug_response.csv,61388,2026-10-03,b472905ea811c145b1827f382975756a66c2ac5dffbe9ad323148bfdea38cdb5
SIDM01081,erlotinib,IC50,48871.7734618237,nM,GDSC,unknown,data/raw/gdsc_drug_response.csv,61389,2026-10-03,b472905ea811c145b1827f382975756a66c2ac5dffbe9ad323148bfdea38cdb5
SIDM01197,erlotinib,IC50,41835.74007825681,nM,GDSC,unknown,data/raw/gdsc_drug_response.csv,61390,2026-10-03,b472905ea811c145b1827f382975756a66c2ac5dffbe9ad323148bfdea38cdb5
SIDM01198,erlotinib,IC50,18818.435480194283,nM,GDSC,unknown,data/raw/gdsc_drug_response.csv,61391,2026-10-03,b472905ea811c145b1827f382975756a66c2ac5dffbe9ad323148bfdea38cdb5
SIDM01165,erlotinib,IC50,63740.68144867166,nM,GDSC,unknown,data/raw/gdsc_drug_response.csv,61392,2026-10-03,b472905ea811c145b1827f382975756a66c2ac5dffbe9ad323148bfdea38cdb5
SIDM01187,erlotinib,IC50,159673.64285646356,nM,GDSC,unknown,data/raw/gdsc_drug_response.csv,61393,2026-10-03,b472905ea811c145b1827f382975756a66c2ac5dffbe9ad323148bfdea38cdb5
SIDM01083,erlotinib,IC50,2399.6094621290517,nM,GDSC,unknown,data/raw/gdsc_drug_response.csv,61394,2026-10-03,b472905ea811c145b1827f382975756a66c2ac5dffbe9ad323148bfdea38cdb5
SIDM00943,erlotinib,IC50,69095.31996203565,nM,GDSC,unknown,data/raw/gdsc_drug_response.csv,61395,2026-10-03,b472905ea811c145b1827f382975756a66c2ac5dffbe9ad323148bfdea38cdb5
SIDM00937,erlotinib,IC50,2013.3942913885244,nM,GDSC,unknown,data/raw/gdsc_drug_response.csv,61396,2026-10-03,b472905ea811c145b1827f382975756a66c2ac5dffbe9ad323148bfdea38cdb5
SIDM00895,erlotinib,IC50,9024.408843785846,nM,GDSC,unknown,data/raw/gdsc_drug_response.csv,61397,2026-10-03,b472905ea811c145b1827f382975756a66c2ac5dffbe9ad323148bfdea38cdb5
SIDM00896,erlotinib,IC50,15148.840585242728,nM,GDSC,unknown,data/raw/gdsc_drug_response.csv,61398,2026-10-03,b472905ea811c145b1827f382975756a66c2ac5dffbe9ad323148bfdea38cdb5
SIDM00849,erlotinib,IC50,9924.36654147641,nM,GDSC,unknown,data/raw/gdsc_drug_response.csv,61399,2026-10-03,b472905ea811c145b1827f382975756a66c2ac5dffbe9ad323148bfdea38cdb5
SIDM00801,erlotinib,IC50,7140.5371170520375,nM,GDSC,unknown,data/raw/gdsc_drug_response.csv,61400,2026-10-03,b472905ea811c145b1827f382975756a66c2ac5dffbe9ad323148bfdea38cdb5
SIDM00803,erlotinib,IC50,5084.862556847357,nM,GDSC,unknown,data/raw/gdsc_drug_response.csv,61401,2026-10-03,b472905ea811c145b1827f382975756a66c2ac5dffbe9ad323148bfdea38cdb5
SIDM00980,erlotinib,IC50,6256.95096398162,nM,GDSC,unknown,data/raw/gdsc_drug_response.csv,61402,2026-10-03,b472905ea811c145b1827f382975756a66c2ac5dffbe9ad323148bfdea38cdb5
SIDM00995,erlotinib,IC50,2315.2484416792786,nM,GDSC,unknown,data/raw/gdsc_drug_response.csv,61403,2026-10-03,b472905ea811c145b1827f382975756a66c2ac5dffbe9ad323148bfdea38cdb5
SIDM00989,erlotinib,IC50,29239.045771633315,nM,GDSC,unknown,data/raw/gdsc_drug_response.csv,61404,2026-10-03,b472905ea811c145b1827f382975756a66c2ac5dffbe9ad323148bfdea38cdb5
SIDM00933,erlotinib,IC50,13637.904342060663,nM,GDSC,unknown,data/raw/gdsc_drug_response.csv,61405,2026-10-03,b472905ea811c145b1827f382975756a66c2ac5dffbe9ad323148bfdea38cdb5
SIDM00384,erlotinib,IC50,3794.197780635309,nM,GDSC,unknown,data/raw/gdsc_drug_response.csv,61406,2026-10-03,b472905ea811c145b1827f382975756a66c2ac5dffbe9ad323148bfdea38cdb5
SIDM00355,erlotinib,IC50,22398.701759136373,nM,GDSC,unknown,data/raw/gdsc_drug_response.csv,61407,2026-10-03,b472905ea811c145b1827f382975756a66c2ac5dffbe9ad323148bfdea38cdb5
SIDM00543,erlotinib,IC50,20588.774498264545,nM,GDSC,unknown,data/raw/gdsc_drug_response.csv,61408,2026-10-03,b472905ea811c145b1827f382975756a66c2ac5dffbe9ad323148bfdea38cdb5
SIDM00492,erlotinib,IC50,11977.058160867982,nM,GDSC,unknown,data/raw/gdsc_drug_response.csv,61409,2026-10-03,b472905ea811c145b1827f382975756a66c2ac5dffbe9ad323148bfdea38cdb5
SIDM00502,erlotinib,IC50,9795.714557633915,nM,GDSC,unknown,data/raw/gdsc_drug_response.csv,61410,2026-10-03,b472905ea811c145b1827f382975756a66c2ac5dffbe9ad323148bfdea38cdb5
SIDM00495,erlotinib,IC50,1747.8526896036585,nM,GDSC,unknown,data/raw/gdsc_drug_response.csv,61411,2026-10-03,b472905ea811c145b1827f382975756a66c2ac5dffbe9ad323148bfdea38cdb5
SIDM00540,erlotinib,IC50,252.4823332604232,nM,GDSC,unknown,data/raw/gdsc_drug_response.csv,61412,2026-10-03,b472905ea811c145b1827f382975756a66c2ac5dffbe9ad323148bfdea38cdb5
SIDM00511,erlotinib,IC50,18695.67100496004,nM,GDSC,unknown,data/raw/gdsc_drug_response.csv,61413,2026-10-03,b472905ea811c145b1827f382975756a66c2ac5dffbe9ad323148bfdea38cdb5
SIDM00285,erlotinib,IC50,11069.582151689814,nM,GDSC,unknown,data/raw/gdsc_drug_response.csv,61414,2026-10-03,b472905ea811c145b1827f382975756a66c2ac5dffbe9ad323148bfdea38cdb5
SIDM00243,erlotinib,IC50,13760.882973057258,nM,GDSC,unknown,data/raw/gdsc_drug_response.csv,61415,2026-10-03,b472905ea811c145b1827f382975756a66c2ac5dffbe9ad323148bfdea38cdb5
SIDM00212,erlotinib,IC50,49388.51957903796,nM,GDSC,unknown,data/raw/gdsc_drug_response.csv,61416,2026-10-03,b472905ea811c145b1827f382975756a66c2ac5dffbe9ad323148bfdea38cdb5
SIDM00211,erlotinib,IC50,6021.304920298755,nM,GDSC,unknown,data/raw/gdsc_drug_response.csv,61417,2026-10-03,b472905ea811c145b1827f382975756a66c2ac5dffbe9ad323148bfdea38cdb5
SIDM00446,erlotinib,IC50,6658.058995781811,nM,GDSC,unknown,data/raw/gdsc_drug_response.csv,61418,2026-10-03,b472905ea811c145b1827f382975756a66c2ac5dffbe9ad323148bfdea38cdb5
SIDM00332,erlotinib,IC50,66814.15771984946,nM,GDSC,unknown,data/raw/gdsc_drug_response.csv,61419,2026-10-03,b472905ea811c145b1827f382975756a66c2ac5dffbe9ad323148bfdea38cdb5
SIDM00958,erlotinib,IC50,4322.967120746641,nM,GDSC,unknown,data/raw/gdsc_drug_response.csv,61420,2026-10-03,b472905ea811c145b1827f382975756a66c2ac5dffbe9ad323148bfdea38cdb5
SIDM00932,erlotinib,IC50,1018.3065474909896,nM,GDSC,unknown,data/raw/gdsc_drug_response.csv,61421,2026-10-03,b472905ea811c145b1827f382975756a66c2ac5dffbe9ad323148bfdea38cdb5
SIDM01052,erlotinib,IC50,62628.09629380075,nM,GDSC,unknown,data/raw/gdsc_drug_response.csv,61422,2026-10-03,b472905ea811c145b1827f382975756a66c2ac5dffbe9ad323148bfdea38cdb5
SIDM00681,erlotinib,IC50,21034.963882042353,nM,GDSC,unknown,data/raw/gdsc_drug_response.csv,61423,2026-10-03,b472905ea811c145b1827f382975756a66c2ac5dffbe9ad323148bfdea38cdb5
SIDM00499,erlotinib,IC50,54484.485967568944,nM,GDSC,unknown,data/raw/gdsc_drug_response.csv,61424,2026-10-03,b472905ea811c145b1827f382975756a66c2ac5dffbe9ad323148bfdea38cdb5
SIDM00996,erlotinib,IC50,36166.01985648526,nM,GDSC,unknown,data/raw/gdsc_drug_response.csv,61425,2026-10-03,b472905ea811c145b1827f382975756a66c2ac5dffbe9ad323148bfdea38cdb5
SIDM00992,erlotinib,IC50,12513.96223810876,nM,GDSC,unknown,data/raw/gdsc_drug_response.csv,61426,2026-10-03,b472905ea811c145b1827f382975756a66c2ac5dffbe9ad323148bfdea38cdb5
SIDM00964,erlotinib,IC50,1136.8962935381828,nM,GDSC,unknown,data/raw/gdsc_drug_response.csv,61427,2026-10-03,b472905ea811c145b1827f382975756a66c2ac5dffbe9ad323148bfdea38cdb5
SIDM00938,erlotinib,IC50,12752.878361895237,nM,GDSC,unknown,data/raw/gdsc_drug_response.csv,61428,2026-10-03,b472905ea811c145b1827f382975756a66c2ac5dffbe9ad323148bfdea38cdb5
SIDM00935,erlotinib,IC50,337.82002355616845,nM,GDSC,unknown,data/raw/gdsc_drug_response.csv,61429,2026-10-03,b472905ea811c145b1827f382975756a66c2ac5dffbe9ad323148bfdea38cdb5
SIDM00488,erlotinib,IC50,8576.500815901845,nM,GDSC,unknown,data/raw/gdsc_drug_response.csv,61430,2026-10-03,b472905ea811c145b1827f382975756a66c2ac5dffbe9ad323148bfdea38cdb5
SIDM01064,erlotinib,IC50,3233.1923732860932,nM,GDSC,unknown,data/raw/gdsc_drug_response.csv,61431,2026-10-03,b472905ea811c145b1827f382975756a66c2ac5dffbe9ad323148bfdea38cdb5
SIDM00592,erlotinib,IC50,3127.4969870964005,nM,GDSC,unknown,data/raw/gdsc_drug_response.csv,61432,2026-10-03,b472905ea811c145b1827f382975756a66c2ac5dffbe9ad323148bfdea38cdb5
SIDM00496,erlotinib,IC50,14516.67516428448,nM,GDSC,unknown,data/raw/gdsc_drug_response.csv,61433,2026-10-03,b472905ea811c145b1827f382975756a66c2ac5dffbe9ad323148bfdea38cdb5
SIDM00302,erlotinib,IC50,32737.62408080011,nM,GDSC,unknown,data/raw/gdsc_drug_response.csv,61434,2026-10-03,b472905ea811c145b1827f382975756a66c2ac5dffbe9ad323148bfdea38cdb5
SIDM00686,erlotinib,IC50,20098.415879619988,nM,GDSC,unknown,data/raw/gdsc_drug_response.csv,61435,2026-10-03,b472905ea811c145b1827f382975756a66c2ac5dffbe9ad323148bfdea38cdb5
SIDM01210,erlotinib,IC50,415402.9445974247,nM,GDSC,unknown,data/raw/gdsc_drug_response.csv,61436,2026-10-03,b472905ea811c145b1827f382975756a66c2ac5dffbe9ad323148bfdea38cdb5
SIDM00557,erlotinib,IC50,37354.22409137424,nM,GDSC,unknown,data/raw/gdsc_drug_response.csv,61437,2026-10-03,b472905ea811c145b1827f382975756a66c2ac5dffbe9ad323148bfdea38cdb5
SIDM00056,erlotinib,IC50,26750.84335139503,nM,GDSC,unknown,data/raw/gdsc_drug_response.csv,61438,2026-10-03,b472905ea811c145b1827f382975756a66c2ac5dffbe9ad323148bfdea38cdb5
SIDM00312,erlotinib,IC50,10763.48083396534,nM,GDSC,unknown,data/raw/gdsc_drug_response.csv,61439,2026-10-03,b472905ea811c145b1827f382975756a66c2ac5dffbe9ad323148bfdea38cdb5
SIDM00630,erlotinib,IC50,19227.720234025506,nM,GDSC,unknown,data/raw/gdsc_drug_response.csv,61440,2026-10-03,b472905ea811c145b1827f382975756a66c2ac5dffbe9ad323148bfdea38cdb5
SIDM00721,erlotinib,IC50,291767.42640754953,nM,GDSC,unknown,data/raw/gdsc_drug_response.csv,61441,2026-10-03,b472905ea811c145b1827f382975756a66c2ac5dffbe9ad323148bfdea38cdb5
SIDM00759,erlotinib,IC50,6132.337508377305,nM,GDSC,unknown,data/raw/gdsc_drug_response.csv,61442,2026-10-03,b472905ea811c145b1827f382975756a66c2ac5dffbe9ad323148bfdea38cdb5
SIDM01157,erlotinib,IC50,6719.192610031164,nM,GDSC,unknown,data/raw/gdsc_drug_response.csv,61443,2026-10-03,b472905ea811c145b1827f382975756a66c2ac5dffbe9ad323148bfdea38cdb5
SIDM01173,erlotinib,IC50,23606.592116561646,nM,GDSC,unknown,data/raw/gdsc_drug_response.csv,61444,2026-10-03,b472905ea811c145b1827f382975756a66c2ac5dffbe9ad323148bfdea38cdb5
SIDM00560,erlotinib,IC50,39123.40964566334,nM,GDSC,unknown,data/raw/gdsc_drug_response.csv,61445,2026-10-03,b472905ea811c145b1827f382975756a66c2ac5dffbe9ad323148bfdea38cdb5
SIDM00529,erlotinib,IC50,30735.36665970403,nM,GDSC,unknown,data/raw/gdsc_drug_response.csv,61446,2026-10-03,b472905ea811c145b1827f382975756a66c2ac5dffbe9ad323148bfdea38cdb5
SIDM01242,erlotinib,IC50,298368.4105626354,nM,GDSC,unknown,data/raw/gdsc_drug_response.csv,61447,2026-10-03,b472905ea811c145b1827f382975756a66c2ac5dffbe9ad323148bfdea38cdb5
SIDM00247,erlotinib,IC50,107505.82154409427,nM,GDSC,unknown,data/raw/gdsc_drug_response.csv,61448,2026-10-03,b472905ea811c145b1827f382975756a66c2ac5dffbe9ad323148bfdea38cdb5
SIDM01116,erlotinib,IC50,34394.33945112539,nM,GDSC,unknown,data/raw/gdsc_drug_response.csv,61449,2026-10-03,b472905ea811c145b1827f382975756a66c2ac5dffbe9ad323148bfdea38cdb5
SIDM00299,erlotinib,IC50,62130.93418900599,nM,GDSC,unknown,data/raw/gdsc_drug_response.csv,61450,2026-10-03,b472905ea811c145b1827f382975756a66c2ac5dffbe9ad323148bfdea38cdb5
SIDM00242,erlotinib,IC50,3800.5545868824606,nM,GDSC,unknown,data/raw/gdsc_drug_response.csv,61451,2026-10-03,b472905ea811c145b1827f382975756a66c2ac5dffbe9ad323148bfdea38cdb5
SIDM01138,erlotinib,IC50,15475.296835465893,nM,GDSC,unknown,data/raw/gdsc_drug_response.csv,61452,2026-10-03,b472905ea811c145b1827f382975756a66c2ac5dffbe9ad323148bfdea38cdb5
SIDM01136,erlotinib,IC50,52393.36703431221,nM,GDSC,unknown,data/raw/gdsc_drug_response.csv,61453,2026-10-03,b472905ea811c145b1827f382975756a66c2ac5dffbe9ad323148bfdea38cdb5
SIDM01135,erlotinib,IC50,226359.39963198043,nM,GDSC,unknown,data/raw/gdsc_drug_response.csv,61454,2026-10-03,b472905ea811c145b1827f382975756a66c2ac5dffbe9ad323148bfdea38cdb5
SIDM01088,erlotinib,IC50,6419.5434405889155,nM,GDSC,unknown,data/raw/gdsc_drug_response.csv,61455,2026-10-03,b472905ea811c145b1827f382975756a66c2ac5dffbe9ad323148bfdea38cdb5
SIDM00218,erlotinib,IC50,259504.7482171975,nM,GDSC,unknown,data/raw/gdsc_drug_response.csv,61456,2026-10-03,b472905ea811c145b1827f382975756a66c2ac5dffbe9ad323148bfdea38cdb5
SIDM01093,erlotinib,IC50,28291.51680014279,nM,GDSC,unknown,data/raw/gdsc_drug_response.csv,61457,2026-10-03,b472905ea811c145b1827f382975756a66c2ac5dffbe9ad323148bfdea38cdb5
SIDM00381,erlotinib,IC50,51754.53183489011,nM,GDSC,unknown,data/raw/gdsc_drug_response.csv,61458,2026-10-03,b472905ea811c145b1827f382975756a66c2ac5dffbe9ad323148bfdea38cdb5
SIDM00484,erlotinib,IC50,196096.13035720916,nM,GDSC,unknown,data/raw/gdsc_drug_response.csv,61459,2026-10-03,b472905ea811c145b1827f382975756a66c2ac5dffbe9ad323148bfdea38cdb5
SIDM00319,erlotinib,IC50,42606.337081769554,nM,GDSC,unknown,data/raw/gdsc_drug_response.csv,61460,2026-10-03,b472905ea811c145b1827f382975756a66c2ac5dffbe9ad323148bfdea38cdb5
SIDM00325,erlotinib,IC50,8644.947100237581,nM,GDSC,unknown,data/raw/gdsc_drug_response.csv,61461,2026-10-03,b472905ea811c145b1827f382975756a66c2ac5dffbe9ad323148bfdea38cdb5
SIDM00348,erlotinib,IC50,3015.311073056266,nM,GDSC,unknown,data/raw/gdsc_drug_response.csv,61462,2026-10-03,b472905ea811c145b1827f382975756a66c2ac5dffbe9ad323148bfdea38cdb5
SIDM00328,erlotinib,IC50,744.6410416539526,nM,GDSC,unknown,data/raw/gdsc_drug_response.csv,61463,2026-10-03,b472905ea811c145b1827f382975756a66c2ac5dffbe9ad323148bfdea38cdb5
SIDM00023,erlotinib,IC50,4429.248806324329,nM,GDSC,unknown,data/raw/gdsc_drug_response.csv,61464,2026-10-03,b472905ea811c145b1827f382975756a66c2ac5dffbe9ad323148bfdea38cdb5
SIDM00234,erlotinib,IC50,6808.174346458921,nM,GDSC,unknown,data/raw/gdsc_drug_response.csv,61465,2026-10-03,b472905ea811c145b1827f382975756a66c2ac5dffbe9ad323148bfdea38cdb5
SIDM00410,erlotinib,IC50,20656.70574279795,nM,GDSC,unknown,data/raw/gdsc_drug_response.csv,61466,2026-10-03,b472905ea811c145b1827f382975756a66c2ac5dffbe9ad323148bfdea38cdb5
SIDM00963,erlotinib,IC50,17323.76052589853,nM,GDSC,unknown,data/raw/gdsc_drug_response.csv,61467,2026-10-03,b472905ea811c145b1827f382975756a66c2ac5dffbe9ad323148bfdea38cdb5
SIDM00481,erlotinib,IC50,18934.108914234603,nM,GDSC,unknown,data/raw/gdsc_drug_response.csv,61468,2026-10-03,b472905ea811c145b1827f382975756a66c2ac5dffbe9ad323148bfdea38cdb5
SIDM00344,erlotinib,IC50,34139.599971458345,nM,GDSC,unknown,data/raw/gdsc_drug_response.csv,61469,2026-10-03,b472905ea811c145b1827f382975756a66c2ac5dffbe9ad323148bfdea38cdb5
SIDM00157,erlotinib,IC50,137330.7156913658,nM,GDSC,unknown,data/raw/gdsc_drug_response.csv,61470,2026-10-03,b472905ea811c145b1827f382975756a66c2ac5dffbe9ad323148bfdea38cdb5
SIDM01021,erlotinib,IC50,127124.25576555444,nM,GDSC,unknown,data/raw/gdsc_drug_response.csv,61471,2026-10-03,b472905ea811c145b1827f382975756a66c2ac5dffbe9ad323148bfdea38cdb5
SIDM00622,erlotinib,IC50,77522.71576057328,nM,GDSC,unknown,data/raw/gdsc_drug_response.csv,61472,2026-10-03,b472905ea811c145b1827f382975756a66c2ac5dffbe9ad323148bfdea38cdb5
SIDM00732,erlotinib,IC50,42609.02136555975,nM,GDSC,unknown,data/raw/gdsc_drug_response.csv,61473,2026-10-03,b472905ea811c145b1827f382975756a66c2ac5dffbe9ad323148bfdea38cdb5
SIDM00620,erlotinib,IC50,46043.7025082452,nM,GDSC,unknown,data/raw/gdsc_drug_response.csv,61474,2026-10-03,b472905ea811c145b1827f382975756a66c2ac5dffbe9ad323148bfdea38cdb5
SIDM00542,erlotinib,IC50,60051.16807237446,nM,GDSC,unknown,data/raw/gdsc_drug_response.csv,61475,2026-10-03,b472905ea811c145b1827f382975756a66c2ac5dffbe9ad323148bfdea38cdb5
SIDM00209,erlotinib,IC50,31677.479419422365,nM,GDSC,unknown,data/raw/gdsc_drug_response.csv,61476,2026-10-03,b472905ea811c145b1827f382975756a66c2ac5dffbe9ad323148bfdea38cdb5
SIDM00208,erlotinib,IC50,32987.54282342906,nM,GDSC,unknown,data/raw/gdsc_drug_response.csv,61477,2026-10-03,b472905ea811c145b1827f382975756a66c2ac5dffbe9ad323148bfdea38cdb5
SIDM00206,erlotinib,IC50,18518.366066963394,nM,GDSC,unknown,data/raw/gdsc_drug_response.csv,61478,2026-10-03,b472905ea811c145b1827f382975756a66c2ac5dffbe9ad323148bfdea38cdb5
SIDM00920,erlotinib,IC50,34831.25096358183,nM,GDSC,unknown,data/raw/gdsc_drug_response.csv,61479,2026-10-03,b472905ea811c145b1827f382975756a66c2ac5dffbe9ad323148bfdea38cdb5
SIDM00283,erlotinib,IC50,915.1713165774588,nM,GDSC,unknown,data/raw/gdsc_drug_response.csv,61480,2026-10-03,b472905ea811c145b1827f382975756a66c2ac5dffbe9ad323148bfdea38cdb5
SIDM00918,erlotinib,IC50,8747.81539452642,nM,GDSC,unknown,data/raw/gdsc_drug_response.csv,61481,2026-10-03,b472905ea811c145b1827f382975756a66c2ac5dffbe9ad323148bfdea38cdb5
SIDM00892,erlotinib,IC50,239035.95979334175,nM,GDSC,unknown,data/raw/gdsc_drug_response.csv,61482,2026-10-03,b472905ea811c145b1827f382975756a66c2ac5dffbe9ad323148bfdea38cdb5
SIDM00659,erlotinib,IC50,16059.731663432789,nM,GDSC,unknown,data/raw/gdsc_drug_response.csv,61483,2026-10-03,b472905ea811c145b1827f382975756a66c2ac5dffbe9ad323148bfdea38cdb5
SIDM00289,erlotinib,IC50,7110.887071806984,nM,GDSC,unknown,data/raw/gdsc_drug_response.csv,61484,2026-10-03,b472905ea811c145b1827f382975756a66c2ac5dffbe9ad323148bfdea38cdb5
SIDM00240,erlotinib,IC50,7035.142878316594,nM,GDSC,unknown,data/raw/gdsc_drug_response.csv,61485,2026-10-03,b472905ea811c145b1827f382975756a66c2ac5dffbe9ad323148bfdea38cdb5
SIDM00261,erlotinib,IC50,6547.111761786139,nM,GDSC,unknown,data/raw/gdsc_drug_response.csv,61486,2026-10-03,b472905ea811c145b1827f382975756a66c2ac5dffbe9ad323148bfdea38cdb5
SIDM00264,erlotinib,IC50,9589.291431671612,nM,GDSC,unknown,data/raw/gdsc_drug_response.csv,61487,2026-10-03,b472905ea811c145b1827f382975756a66c2ac5dffbe9ad323148bfdea38cdb5
SIDM00262,erlotinib,IC50,43011.60659132478,nM,GDSC,unknown,data/raw/gdsc_drug_response.csv,61488,2026-10-03,b472905ea811c145b1827f382975756a66c2ac5dffbe9ad323148bfdea38cdb5
SIDM00266,erlotinib,IC50,4318.685182380876,nM,GDSC,unknown,data/raw/gdsc_drug_response.csv,61489,2026-10-03,b472905ea811c145b1827f382975756a66c2ac5dffbe9ad323148bfdea38cdb5
SIDM00201,erlotinib,IC50,4955.891148766659,nM,GDSC,unknown,data/raw/gdsc_drug_response.csv,61490,2026-10-03,b472905ea811c145b1827f382975756a66c2ac5dffbe9ad323148bfdea38cdb5
SIDM00202,erlotinib,IC50,51288.266355433596,nM,GDSC,unknown,data/raw/gdsc_drug_response.csv,61491,2026-10-03,b472905ea811c145b1827f382975756a66c2ac5dffbe9ad323148bfdea38cdb5
SIDM00200,erlotinib,IC50,8573.430978143495,nM,GDSC,unknown,data/raw/gdsc_drug_response.csv,61492,2026-10-03,b472905ea811c145b1827f382975756a66c2ac5dffbe9ad323148bfdea38cdb5
SIDM00205,erlotinib,IC50,6257.01979082077,nM,GDSC,unknown,data/raw/gdsc_drug_response.csv,61493,2026-10-03,b472905ea811c145b1827f382975756a66c2ac5dffbe9ad323148bfdea38cdb5
SIDM00197,erlotinib,IC50,26565.72895618055,nM,GDSC,unknown,data/raw/gdsc_drug_response.csv,61494,2026-10-03,b472905ea811c145b1827f382975756a66c2ac5dffbe9ad323148bfdea38cdb5
SIDM00198,erlotinib,IC50,9380.077263208117,nM,GDSC,unknown,data/raw/gdsc_drug_response.csv,61495,2026-10-03,b472905ea811c145b1827f382975756a66c2ac5dffbe9ad323148bfdea38cdb5
SIDM00621,erlotinib,IC50,14913.457600783764,nM,GDSC,unknown,data/raw/gdsc_drug_response.csv,61496,2026-10-03,b472905ea811c145b1827f382975756a66c2ac5dffbe9ad323148bfdea38cdb5
SIDM00196,erlotinib,IC50,12620.29206661271,nM,GDSC,unknown,data/raw/gdsc_drug_response.csv,61497,2026-10-03,b472905ea811c145b1827f382975756a66c2ac5dffbe9ad323148bfdea38cdb5
SIDM00195,erlotinib,IC50,49788.69747807028,nM,GDSC,unknown,data/raw/gdsc_drug_response.csv,61498,2026-10-03,b472905ea811c145b1827f382975756a66c2ac5dffbe9ad323148bfdea38cdb5
SIDM00330,erlotinib,IC50,46841.520510588154,nM,GDSC,unknown,data/raw/gdsc_drug_response.csv,61499,2026-10-03,b472905ea811c145b1827f382975756a66c2ac5dffbe9ad323148bfdea38cdb5
SIDM00259,erlotinib,IC50,27031.639141103748,nM,GDSC,unknown,data/raw/gdsc_drug_response.csv,61500,2026-10-03,b472905ea811c145b1827f382975756a66c2ac5dffbe9ad323148bfdea38cdb5
SIDM00258,erlotinib,IC50,19539.51841108479,nM,GDSC,unknown,data/raw/gdsc_drug_response.csv,61501,2026-10-03,b472905ea811c145b1827f382975756a66c2ac5dffbe9ad323148bfdea38cdb5
SIDM00253,erlotinib,IC50,642.6545155485305,nM,GDSC,unknown,data/raw/gdsc_drug_response.csv,61502,2026-10-03,b472905ea811c145b1827f382975756a66c2ac5dffbe9ad323148bfdea38cdb5
SIDM00156,erlotinib,IC50,32475.95599504332,nM,GDSC,unknown,data/raw/gdsc_drug_response.csv,61503,2026-10-03,b472905ea811c145b1827f382975756a66c2ac5dffbe9ad323148bfdea38cdb5
SIDM00255,erlotinib,IC50,13366.291795143115,nM,GDSC,unknown,data/raw/gdsc_drug_response.csv,61504,2026-10-03,b472905ea811c145b1827f382975756a66c2ac5dffbe9ad323148bfdea38cdb5
SIDM00254,erlotinib,IC50,35391.9714776033,nM,GDSC,unknown,data/raw/gdsc_drug_response.csv,61505,2026-10-03,b472905ea811c145b1827f382975756a66c2ac5dffbe9ad323148bfdea38cdb5
SIDM00257,erlotinib,IC50,24465.574328950534,nM,GDSC,unknown,data/raw/gdsc_drug_response.csv,61506,2026-10-03,b472905ea811c145b1827f382975756a66c2ac5dffbe9ad323148bfdea38cdb5
SIDM00256,erlotinib,IC50,6362.7584380584685,nM,GDSC,unknown,data/raw/gdsc_drug_response.csv,61507,2026-10-03,b472905ea811c145b1827f382975756a66c2ac5dffbe9ad323148bfdea38cdb5
SIDM00578,erlotinib,IC50,25055.74142821512,nM,GDSC,unknown,data/raw/gdsc_drug_response.csv,61508,2026-10-03,b472905ea811c145b1827f382975756a66c2ac5dffbe9ad323148bfdea38cdb5
SIDM00427,erlotinib,IC50,3475.665599152842,nM,GDSC,unknown,data/raw/gdsc_drug_response.csv,61509,2026-10-03,b472905ea811c145b1827f382975756a66c2ac5dffbe9ad323148bfdea38cdb5
SIDM00179,erlotinib,IC50,12854.834933631788,nM,GDSC,unknown,data/raw/gdsc_drug_response.csv,61510,2026-10-03,b472905ea811c145b1827f382975756a66c2ac5dffbe9ad323148bfdea38cdb5
SIDM01016,erlotinib,IC50,3598.0966596673775,nM,GDSC,unknown,data/raw/gdsc_drug_response.csv,61511,2026-10-03,b472905ea811c145b1827f382975756a66c2ac5dffbe9ad323148bfdea38cdb5
SIDM00680,erlotinib,IC50,10816.427031674317,nM,GDSC,unknown,data/raw/gdsc_drug_response.csv,61512,2026-10-03,b472905ea811c145b1827f382975756a66c2ac5dffbe9ad323148bfdea38cdb5
SIDM00485,erlotinib,IC50,26875.55130736927,nM,GDSC,unknown,data/raw/gdsc_drug_response.csv,61513,2026-10-03,b472905ea811c145b1827f382975756a66c2ac5dffbe9ad323148bfdea38cdb5
SIDM00501,erlotinib,IC50,5315.201911150459,nM,GDSC,unknown,data/raw/gdsc_drug_response.csv,61514,2026-10-03,b472905ea811c145b1827f382975756a66c2ac5dffbe9ad323148bfdea38cdb5
SIDM00487,erlotinib,IC50,543.1585569081092,nM,GDSC,unknown,data/raw/gdsc_drug_response.csv,61515,2026-10-03,b472905ea811c145b1827f382975756a66c2ac5dffbe9ad323148bfdea38cdb5
SIDM00955,erlotinib,IC50,25463.80418310749,nM,GDSC,unknown,data/raw/gdsc_drug_response.csv,61516,2026-10-03,b472905ea811c145b1827f382975756a66c2ac5dffbe9ad323148bfdea38cdb5
SIDM01045,erlotinib,IC50,67294.129229486,nM,GDSC,unknown,data/raw/gdsc_drug_response.csv,61517,2026-10-03,b472905ea811c145b1827f382975756a66c2ac5dffbe9ad323148bfdea38cdb5
SIDM00861,erlotinib,IC50,15844.84165944216,nM,GDSC,unknown,data/raw/gdsc_drug_response.csv,61518,2026-10-03,b472905ea811c145b1827f382975756a66c2ac5dffbe9ad323148bfdea38cdb5
SIDM01040,erlotinib,IC50,61411.06311816242,nM,GDSC,unknown,data/raw/gdsc_drug_response.csv,61519,2026-10-03,b472905ea811c145b1827f382975756a66c2ac5dffbe9ad323148bfdea38cdb5
SIDM00129,erlotinib,IC50,12759.881614332811,nM,GDSC,unknown,data/raw/gdsc_drug_response.csv,61520,2026-10-03,b472905ea811c145b1827f382975756a66c2ac5dffbe9ad323148bfdea38cdb5
SIDM00101,erlotinib,IC50,43297.50447604981,nM,GDSC,unknown,data/raw/gdsc_drug_response.csv,61521,2026-10-03,b472905ea811c145b1827f382975756a66c2ac5dffbe9ad323148bfdea38cdb5
SIDM00100,erlotinib,IC50,57671.83926246142,nM,GDSC,unknown,data/raw/gdsc_drug_response.csv,61522,2026-10-03,b472905ea811c145b1827f382975756a66c2ac5dffbe9ad323148bfdea38cdb5
SIDM00098,erlotinib,IC50,50298.38654746119,nM,GDSC,unknown,data/raw/gdsc_drug_response.csv,61523,2026-10-03,b472905ea811c145b1827f382975756a66c2ac5dffbe9ad323148bfdea38cdb5
SIDM00309,erlotinib,IC50,67394.3374301912,nM,GDSC,unknown,data/raw/gdsc_drug_response.csv,61524,2026-10-03,b472905ea811c145b1827f382975756a66c2ac5dffbe9ad323148bfdea38cdb5
SIDM00310,erlotinib,IC50,81403.15243815038,nM,GDSC,unknown,data/raw/gdsc_drug_response.csv,61525,2026-10-03,b472905ea811c145b1827f382975756a66c2ac5dffbe9ad323148bfdea38cdb5
SIDM00311,erlotinib,IC50,17105.310998589448,nM,GDSC,unknown,data/raw/gdsc_drug_response.csv,61526,2026-10-03,b472905ea811c145b1827f382975756a66c2ac5dffbe9ad323148bfdea38cdb5
SIDM00519,erlotinib,IC50,143959.93043698568,nM,GDSC,unknown,data/raw/gdsc_drug_response.csv,61527,2026-10-03,b472905ea811c145b1827f382975756a66c2ac5dffbe9ad323148bfdea38cdb5
SIDM00518,erlotinib,IC50,18888.759316956945,nM,GDSC,unknown,data/raw/gdsc_drug_response.csv,61528,2026-10-03,b472905ea811c145b1827f382975756a66c2ac5dffbe9ad323148bfdea38cdb5
SIDM00517,erlotinib,IC50,1110.0044229989026,nM,GDSC,unknown,data/raw/gdsc_drug_response.csv,61529,2026-10-03,b472905ea811c145b1827f382975756a66c2ac5dffbe9ad323148bfdea38cdb5
SIDM00114,erlotinib,IC50,3624.1797976930325,nM,GDSC,unknown,data/raw/gdsc_drug_response.csv,61530,2026-10-03,b472905ea811c145b1827f382975756a66c2ac5dffbe9ad323148bfdea38cdb5
SIDM00598,erlotinib,IC50,6031.2181182625245,nM,GDSC,unknown,data/raw/gdsc_drug_response.csv,61531,2026-10-03,b472905ea811c145b1827f382975756a66c2ac5dffbe9ad323148bfdea38cdb5
SIDM01072,erlotinib,IC50,8641.818195753176,nM,GDSC,unknown,data/raw/gdsc_drug_response.csv,61532,2026-10-03,b472905ea811c145b1827f382975756a66c2ac5dffbe9ad323148bfdea38cdb5
SIDM01070,erlotinib,IC50,23745.9739923597,nM,GDSC,unknown,data/raw/gdsc_drug_response.csv,61533,2026-10-03,b472905ea811c145b1827f382975756a66c2ac5dffbe9ad323148bfdea38cdb5
SIDM01069,erlotinib,IC50,45055.72243176402,nM,GDSC,unknown,data/raw/gdsc_drug_response.csv,61534,2026-10-03,b472905ea811c145b1827f382975756a66c2ac5dffbe9ad323148bfdea38cdb5
SIDM01067,erlotinib,IC50,65.1337129342134,nM,GDSC,unknown,data/raw/gdsc_drug_response.csv,61535,2026-10-03,b472905ea811c145b1827f382975756a66c2ac5dffbe9ad323148bfdea38cdb5
SIDM00672,erlotinib,IC50,35850.9117830088,nM,GDSC,unknown,data/raw/gdsc_drug_response.csv,61536,2026-10-03,b472905ea811c145b1827f382975756a66c2ac5dffbe9ad323148bfdea38cdb5
SIDM00667,erlotinib,IC50,23221.53312162715,nM,GDSC,unknown,data/raw/gdsc_drug_response.csv,61537,2026-10-03,b472905ea811c145b1827f382975756a66c2ac5dffbe9ad323148bfdea38cdb5
SIDM00666,erlotinib,IC50,39529.09567033562,nM,GDSC,unknown,data/raw/gdsc_drug_response.csv,61538,2026-10-03,b472905ea811c145b1827f382975756a66c2ac5dffbe9ad323148bfdea38cdb5
SIDM00665,erlotinib,IC50,32601.881453341553,nM,GDSC,unknown,data/raw/gdsc_drug_response.csv,61539,2026-10-03,b472905ea811c145b1827f382975756a66c2ac5dffbe9ad323148bfdea38cdb5
SIDM01066,erlotinib,IC50,19777.501425692495,nM,GDSC,unknown,data/raw/gdsc_drug_response.csv,61540,2026-10-03,b472905ea811c145b1827f382975756a66c2ac5dffbe9ad323148bfdea38cdb5
SIDM00600,erlotinib,IC50,20969.059623242723,nM,GDSC,unknown,data/raw/gdsc_drug_response.csv,61541,2026-10-03,b472905ea811c145b1827f382975756a66c2ac5dffbe9ad323148bfdea38cdb5
SIDM00602,erlotinib,IC50,14002.571621544506,nM,GDSC,unknown,data/raw/gdsc_drug_response.csv,61542,2026-10-03,b472905ea811c145b1827f382975756a66c2ac5dffbe9ad323148bfdea38cdb5
SIDM00617,erlotinib,IC50,19669.27945387071,nM,GDSC,unknown,data/raw/gdsc_drug_response.csv,61543,2026-10-03,b472905ea811c145b1827f382975756a66c2ac5dffbe9ad323148bfdea38cdb5
SIDM00616,erlotinib,IC50,21884.748966420793,nM,GDSC,unknown,data/raw/gdsc_drug_response.csv,61544,2026-10-03,b472905ea811c145b1827f382975756a66c2ac5dffbe9ad323148bfdea38cdb5
SIDM00615,erlotinib,IC50,34561.349803935685,nM,GDSC,unknown,data/raw/gdsc_drug_response.csv,61545,2026-10-03,b472905ea811c145b1827f382975756a66c2ac5dffbe9ad323148bfdea38cdb5
SIDM00614,erlotinib,IC50,50124.554609938765,nM,GDSC,unknown,data/raw/gdsc_drug_response.csv,61546,2026-10-03,b472905ea811c145b1827f382975756a66c2ac5dffbe9ad323148bfdea38cdb5
SIDM00128,erlotinib,IC50,3041.3910713014584,nM,GDSC,unknown,data/raw/gdsc_drug_response.csv,61547,2026-10-03,b472905ea811c145b1827f382975756a66c2ac5dffbe9ad323148bfdea38cdb5
SIDM00127,erlotinib,IC50,1954.8451829603493,nM,GDSC,unknown,data/raw/gdsc_drug_response.csv,61548,2026-10-03,b472905ea811c145b1827f382975756a66c2ac5dffbe9ad323148bfdea38cdb5
SIDM00552,erlotinib,IC50,27710.18402618795,nM,GDSC,unknown,data/raw/gdsc_drug_response.csv,61549,2026-10-03,b472905ea811c145b1827f382975756a66c2ac5dffbe9ad323148bfdea38cdb5
SIDM00551,erlotinib,IC50,2846.681699576217,nM,GDSC,unknown,data/raw/gdsc_drug_response.csv,61550,2026-10-03,b472905ea811c145b1827f382975756a66c2ac5dffbe9ad323148bfdea38cdb5
SIDM00685,erlotinib,IC50,8670.29659890263,nM,GDSC,unknown,data/raw/gdsc_drug_response.csv,61551,2026-10-03,b472905ea811c145b1827f382975756a66c2ac5dffbe9ad323148bfdea38cdb5
SIDM00684,erlotinib,IC50,5261.015137241023,nM,GDSC,unknown,data/raw/gdsc_drug_response.csv,61552,2026-10-03,b472905ea811c145b1827f382975756a66c2ac5dffbe9ad323148bfdea38cdb5
SIDM00629,erlotinib,IC50,51700.99360525413,nM,GDSC,unknown,data/raw/gdsc_drug_response.csv,61553,2026-10-03,b472905ea811c145b1827f382975756a66c2ac5dffbe9ad323148bfdea38cdb5
SIDM00527,erlotinib,IC50,13299.640436331943,nM,GDSC,unknown,data/raw/gdsc_drug_response.csv,61554,2026-10-03,b472905ea811c145b1827f382975756a66c2ac5dffbe9ad323148bfdea38cdb5
SIDM00333,erlotinib,IC50,6090.456269405448,nM,GDSC,unknown,data/raw/gdsc_drug_response.csv,61555,2026-10-03,b472905ea811c145b1827f382975756a66c2ac5dffbe9ad323148bfdea38cdb5
SIDM00442,erlotinib,IC50,69428.88560431689,nM,GDSC,unknown,data/raw/gdsc_drug_response.csv,61556,2026-10-03,b472905ea811c145b1827f382975756a66c2ac5dffbe9ad323148bfdea38cdb5
SIDM00638,erlotinib,IC50,11021.74346085392,nM,GDSC,unknown,data/raw/gdsc_drug_response.csv,61557,2026-10-03,b472905ea811c145b1827f382975756a66c2ac5dffbe9ad323148bfdea38cdb5
SIDM00579,erlotinib,IC50,2659.677832880288,nM,GDSC,unknown,data/raw/gdsc_drug_response.csv,61558,2026-10-03,b472905ea811c145b1827f382975756a66c2ac5dffbe9ad323148bfdea38cdb5
SIDM00770,erlotinib,IC50,1003228.9227946531,nM,GDSC,unknown,data/raw/gdsc_drug_response.csv,61559,2026-10-03,b472905ea811c145b1827f382975756a66c2ac5dffbe9ad323148bfdea38cdb5
SIDM00768,erlotinib,IC50,1550.569061492756,nM,GDSC,unknown,data/raw/gdsc_drug_response.csv,61560,2026-10-03,b472905ea811c145b1827f382975756a66c2ac5dffbe9ad323148bfdea38cdb5
SIDM00763,erlotinib,IC50,48265.78864203564,nM,GDSC,unknown,data/raw/gdsc_drug_response.csv,61561,2026-10-03,b472905ea811c145b1827f382975756a66c2ac5dffbe9ad323148bfdea38cdb5
SIDM00762,erlotinib,IC50,5646.602291895211,nM,GDSC,unknown,data/raw/gdsc_drug_response.csv,61562,2026-10-03,b472905ea811c145b1827f382975756a66c2ac5dffbe9ad323148bfdea38cdb5
SIDM00761,erlotinib,IC50,15522.040785164902,nM,GDSC,unknown,data/raw/gdsc_drug_response.csv,61563,2026-10-03,b472905ea811c145b1827f382975756a66c2ac5dffbe9ad323148bfdea38cdb5
SIDM00753,erlotinib,IC50,30532.814789770924,nM,GDSC,unknown,data/raw/gdsc_drug_response.csv,61564,2026-10-03,b472905ea811c145b1827f382975756a66c2ac5dffbe9ad323148bfdea38cdb5
SIDM00704,erlotinib,IC50,22317.29637446592,nM,GDSC,unknown,data/raw/gdsc_drug_response.csv,61565,2026-10-03,b472905ea811c145b1827f382975756a66c2ac5dffbe9ad323148bfdea38cdb5
SIDM00137,erlotinib,IC50,72208.44457991252,nM,GDSC,unknown,data/raw/gdsc_drug_response.csv,61566,2026-10-03,b472905ea811c145b1827f382975756a66c2ac5dffbe9ad323148bfdea38cdb5
SIDM01125,erlotinib,IC50,27679.33206891357,nM,GDSC,unknown,data/raw/gdsc_drug_response.csv,61567,2026-10-03,b472905ea811c145b1827f382975756a66c2ac5dffbe9ad323148bfdea38cdb5
SIDM01134,erlotinib,IC50,10741.030132672777,nM,GDSC,unknown,data/raw/gdsc_drug_response.csv,61568,2026-10-03,b472905ea811c145b1827f382975756a66c2ac5dffbe9ad323148bfdea38cdb5
SIDM01149,erlotinib,IC50,6806.9489853623645,nM,GDSC,unknown,data/raw/gdsc_drug_response.csv,61569,2026-10-03,b472905ea811c145b1827f382975756a66c2ac5dffbe9ad323148bfdea38cdb5
SIDM00565,erlotinib,IC50,12566.354944490688,nM,GDSC,unknown,data/raw/gdsc_drug_response.csv,61570,2026-10-03,b472905ea811c145b1827f382975756a66c2ac5dffbe9ad323148bfdea38cdb5
SIDM01141,erlotinib,IC50,87128.58360504307,nM,GDSC,unknown,data/raw/gdsc_drug_response.csv,61571,2026-10-03,b472905ea811c145b1827f382975756a66c2ac5dffbe9ad323148bfdea38cdb5
SIDM00564,erlotinib,IC50,5303.876668139506,nM,GDSC,unknown,data/raw/gdsc_drug_response.csv,61572,2026-10-03,b472905ea811c145b1827f382975756a66c2ac5dffbe9ad323148bfdea38cdb5
SIDM00466,erlotinib,IC50,17585.276685868932,nM,GDSC,unknown,data/raw/gdsc_drug_response.csv,61573,2026-10-03,b472905ea811c145b1827f382975756a66c2ac5dffbe9ad323148bfdea38cdb5
SIDM00465,erlotinib,IC50,1076.6614463894384,nM,GDSC,unknown,data/raw/gdsc_drug_response.csv,61574,2026-10-03,b472905ea811c145b1827f382975756a66c2ac5dffbe9ad323148bfdea38cdb5
SIDM00453,erlotinib,IC50,90762.48142034041,nM,GDSC,unknown,data/raw/gdsc_drug_response.csv,61575,2026-10-03,b472905ea811c145b1827f382975756a66c2ac5dffbe9ad323148bfdea38cdb5
SIDM00361,erlotinib,IC50,212.43292234533354,nM,GDSC,unknown,data/raw/gdsc_drug_response.csv,61576,2026-10-03,b472905ea811c145b1827f382975756a66c2ac5dffbe9ad323148bfdea38cdb5
SIDM00270,erlotinib,IC50,1654.3612786719284,nM,GDSC,unknown,data/raw/gdsc_drug_response.csv,61577,2026-10-03,b472905ea811c145b1827f382975756a66c2ac5dffbe9ad323148bfdea38cdb5
SIDM00115,erlotinib,IC50,2831.7559605605693,nM,GDSC,unknown,data/raw/gdsc_drug_response.csv,61578,2026-10-03,b472905ea811c145b1827f382975756a66c2ac5dffbe9ad323148bfdea38cdb5
SIDM00473,erlotinib,IC50,12178.851939518523,nM,GDSC,unknown,data/raw/gdsc_drug_response.csv,61579,2026-10-03,b472905ea811c145b1827f382975756a66c2ac5dffbe9ad323148bfdea38cdb5
SIDM00358,erlotinib,IC50,6663.747406769981,nM,GDSC,unknown,data/raw/gdsc_drug_response.csv,61580,2026-10-03,b472905ea811c145b1827f382975756a66c2ac5dffbe9ad323148bfdea38cdb5
SIDM00426,erlotinib,IC50,26470.370152741463,nM,GDSC,unknown,data/raw/gdsc_drug_response.csv,61581,2026-10-03,b472905ea811c145b1827f382975756a66c2ac5dffbe9ad323148bfdea38cdb5
SIDM00394,erlotinib,IC50,21004.863370872998,nM,GDSC,unknown,data/raw/gdsc_drug_response.csv,61582,2026-10-03,b472905ea811c145b1827f382975756a66c2ac5dffbe9ad323148bfdea38cdb5
SIDM00377,erlotinib,IC50,86129.41579932405,nM,GDSC,unknown,data/raw/gdsc_drug_response.csv,61583,2026-10-03,b472905ea811c145b1827f382975756a66c2ac5dffbe9ad323148bfdea38cdb5
SIDM01181,erlotinib,IC50,7694.755554579671,nM,GDSC,unknown,data/raw/gdsc_drug_response.csv,61584,2026-10-03,b472905ea811c145b1827f382975756a66c2ac5dffbe9ad323148bfdea38cdb5
SIDM01188,erlotinib,IC50,19849.027232242464,nM,GDSC,unknown,data/raw/gdsc_drug_response.csv,61585,2026-10-03,b472905ea811c145b1827f382975756a66c2ac5dffbe9ad323148bfdea38cdb5
SIDM00371,erlotinib,IC50,34419.8351016306,nM,GDSC,unknown,data/raw/gdsc_drug_response.csv,61586,2026-10-03,b472905ea811c145b1827f382975756a66c2ac5dffbe9ad323148bfdea38cdb5
SIDM01162,erlotinib,IC50,10610.785671727392,nM,GDSC,unknown,data/raw/gdsc_drug_response.csv,61587,2026-10-03,b472905ea811c145b1827f382975756a66c2ac5dffbe9ad323148bfdea38cdb5
SIDM00419,erlotinib,IC50,11945.34902870865,nM,GDSC,unknown,data/raw/gdsc_drug_response.csv,61588,2026-10-03,b472905ea811c145b1827f382975756a66c2ac5dffbe9ad323148bfdea38cdb5
SIDM01169,erlotinib,IC50,4986.1795735182295,nM,GDSC,unknown,data/raw/gdsc_drug_response.csv,61589,2026-10-03,b472905ea811c145b1827f382975756a66c2ac5dffbe9ad323148bfdea38cdb5
SIDM00418,erlotinib,IC50,107164.38886234911,nM,GDSC,unknown,data/raw/gdsc_drug_response.csv,61590,2026-10-03,b472905ea811c145b1827f382975756a66c2ac5dffbe9ad323148bfdea38cdb5
SIDM00318,erlotinib,IC50,115458.01992037722,nM,GDSC,unknown,data/raw/gdsc_drug_response.csv,61591,2026-10-03,b472905ea811c145b1827f382975756a66c2ac5dffbe9ad323148bfdea38cdb5
SIDM00975,erlotinib,IC50,30568.13113258117,nM,GDSC,unknown,data/raw/gdsc_drug_response.csv,61592,2026-10-03,b472905ea811c145b1827f382975756a66c2ac5dffbe9ad323148bfdea38cdb5
SIDM01176,erlotinib,IC50,7533.840964439522,nM,GDSC,unknown,data/raw/gdsc_drug_response.csv,61593,2026-10-03,b472905ea811c145b1827f382975756a66c2ac5dffbe9ad323148bfdea38cdb5
SIDM00046,erlotinib,IC50,1384.552523902093,nM,GDSC,unknown,data/raw/gdsc_drug_response.csv,61594,2026-10-03,b472905ea811c145b1827f382975756a66c2ac5dffbe9ad323148bfdea38cdb5
SIDM01240,erlotinib,IC50,65732.07432196265,nM,GDSC,unknown,data/raw/gdsc_drug_response.csv,61595,2026-10-03,b472905ea811c145b1827f382975756a66c2ac5dffbe9ad323148bfdea38cdb5
SIDM00462,erlotinib,IC50,29438.784333841657,nM,GDSC,unknown,data/raw/gdsc_drug_response.csv,61596,2026-10-03,b472905ea811c145b1827f382975756a66c2ac5dffbe9ad323148bfdea38cdb5
SIDM00491,erlotinib,IC50,16770.37605746145,nM,GDSC,unknown,data/raw/gdsc_drug_response.csv,61597,2026-10-03,b472905ea811c145b1827f382975756a66c2ac5dffbe9ad323148bfdea38cdb5
SIDM00077,erlotinib,IC50,26201.45647838514,nM,GDSC,unknown,data/raw/gdsc_drug_response.csv,61598,2026-10-03,b472905ea811c145b1827f382975756a66c2ac5dffbe9ad323148bfdea38cdb5
SIDM00078,erlotinib,IC50,74185.1503432688,nM,GDSC,unknown,data/raw/gdsc_drug_response.csv,61599,2026-10-03,b472905ea811c145b1827f382975756a66c2ac5dffbe9ad323148bfdea38cdb5
SIDM00936,erlotinib,IC50,6855.182941728196,nM,GDSC,unknown,data/raw/gdsc_drug_response.csv,61600,2026-10-03,b472905ea811c145b1827f382975756a66c2ac5dffbe9ad323148bfdea38cdb5
SIDM00929,erlotinib,IC50,44949.111755528844,nM,GDSC,unknown,data/raw/gdsc_drug_response.csv,61601,2026-10-03,b472905ea811c145b1827f382975756a66c2ac5dffbe9ad323148bfdea38cdb5
SIDM00051,erlotinib,IC50,138650.03160363683,nM,GDSC,unknown,data/raw/gdsc_drug_response.csv,61602,2026-10-03,b472905ea811c145b1827f382975756a66c2ac5dffbe9ad323148bfdea38cdb5
SIDM00050,erlotinib,IC50,19969.038519014957,nM,GDSC,unknown,data/raw/gdsc_drug_response.csv,61603,2026-10-03,b472905ea811c145b1827f382975756a66c2ac5dffbe9ad323148bfdea38cdb5
SIDM00944,erlotinib,IC50,163979.4311268129,nM,GDSC,unknown,data/raw/gdsc_drug_response.csv,61604,2026-10-03,b472905ea811c145b1827f382975756a66c2ac5dffbe9ad323148bfdea38cdb5
SIDM00199,erlotinib,IC50,48469.028193159735,nM,GDSC,unknown,data/raw/gdsc_drug_response.csv,61605,2026-10-03,b472905ea811c145b1827f382975756a66c2ac5dffbe9ad323148bfdea38cdb5
SIDM00950,erlotinib,IC50,21517.939875096978,nM,GDSC,unknown,data/raw/gdsc_drug_response.csv,61606,2026-10-03,b472905ea811c145b1827f382975756a66c2ac5dffbe9ad323148bfdea38cdb5
SIDM01002,erlotinib,IC50,9030.926819677214,nM,GDSC,unknown,data/raw/gdsc_drug_response.csv,61607,2026-10-03,b472905ea811c145b1827f382975756a66c2ac5dffbe9ad323148bfdea38cdb5
SIDM00503,erlotinib,IC50,57441.38289958297,nM,GDSC,unknown,data/raw/gdsc_drug_response.csv,61608,2026-10-03,b472905ea811c145b1827f382975756a66c2ac5dffbe9ad323148bfdea38cdb5
SIDM00858,erlotinib,IC50,61554.071505253225,nM,GDSC,unknown,data/raw/gdsc_drug_response.csv,61609,2026-10-03,b472905ea811c145b1827f382975756a66c2ac5dffbe9ad323148bfdea38cdb5
SIDM00104,erlotinib,IC50,12768.548516029085,nM,GDSC,unknown,data/raw/gdsc_drug_response.csv,61610,2026-10-03,b472905ea811c145b1827f382975756a66c2ac5dffbe9ad323148bfdea38cdb5
SIDM00103,erlotinib,IC50,36659.29457997926,nM,GDSC,unknown,data/raw/gdsc_drug_response.csv,61611,2026-10-03,b472905ea811c145b1827f382975756a66c2ac5dffbe9ad323148bfdea38cdb5
SIDM00102,erlotinib,IC50,128515.30470426104,nM,GDSC,unknown,data/raw/gdsc_drug_response.csv,61612,2026-10-03,b472905ea811c145b1827f382975756a66c2ac5dffbe9ad323148bfdea38cdb5
SIDM00099,erlotinib,IC50,21714.581643127,nM,GDSC,unknown,data/raw/gdsc_drug_response.csv,61613,2026-10-03,b472905ea811c145b1827f382975756a66c2ac5dffbe9ad323148bfdea38cdb5
SIDM00154,erlotinib,IC50,6488.101753314436,nM,GDSC,unknown,data/raw/gdsc_drug_response.csv,61614,2026-10-03,b472905ea811c145b1827f382975756a66c2ac5dffbe9ad323148bfdea38cdb5
SIDM00520,erlotinib,IC50,11418.878562783628,nM,GDSC,unknown,data/raw/gdsc_drug_response.csv,61615,2026-10-03,b472905ea811c145b1827f382975756a66c2ac5dffbe9ad323148bfdea38cdb5
SIDM00881,erlotinib,IC50,91122.34007010833,nM,GDSC,unknown,data/raw/gdsc_drug_response.csv,61616,2026-10-03,b472905ea811c145b1827f382975756a66c2ac5dffbe9ad323148bfdea38cdb5
SIDM01068,erlotinib,IC50,63500.958482669645,nM,GDSC,unknown,data/raw/gdsc_drug_response.csv,61617,2026-10-03,b472905ea811c145b1827f382975756a66c2ac5dffbe9ad323148bfdea38cdb5
SIDM01062,erlotinib,IC50,1424.356310872865,nM,GDSC,unknown,data/raw/gdsc_drug_response.csv,61618,2026-10-03,b472905ea811c145b1827f382975756a66c2ac5dffbe9ad323148bfdea38cdb5
SIDM00994,erlotinib,IC50,2888.614571045263,nM,GDSC,unknown,data/raw/gdsc_drug_response.csv,61619,2026-10-03,b472905ea811c145b1827f382975756a66c2ac5dffbe9ad323148bfdea38cdb5
SIDM00993,erlotinib,IC50,11524.935588306735,nM,GDSC,unknown,data/raw/gdsc_drug_response.csv,61620,2026-10-03,b472905ea811c145b1827f382975756a66c2ac5dffbe9ad323148bfdea38cdb5
SIDM00510,erlotinib,IC50,118774.8875114594,nM,GDSC,unknown,data/raw/gdsc_drug_response.csv,61621,2026-10-03,b472905ea811c145b1827f382975756a66c2ac5dffbe9ad323148bfdea38cdb5
SIDM00946,erlotinib,IC50,9824.890375665513,nM,GDSC,unknown,data/raw/gdsc_drug_response.csv,61622,2026-10-03,b472905ea811c145b1827f382975756a66c2ac5dffbe9ad323148bfdea38cdb5
SIDM01048,erlotinib,IC50,9352.12883245172,nM,GDSC,unknown,data/raw/gdsc_drug_response.csv,61623,2026-10-03,b472905ea811c145b1827f382975756a66c2ac5dffbe9ad323148bfdea38cdb5
SIDM00859,erlotinib,IC50,9260.777422058462,nM,GDSC,unknown,data/raw/gdsc_drug_response.csv,61624,2026-10-03,b472905ea811c145b1827f382975756a66c2ac5dffbe9ad323148bfdea38cdb5
SIDM00846,erlotinib,IC50,19978.466129937082,nM,GDSC,unknown,data/raw/gdsc_drug_response.csv,61625,2026-10-03,b472905ea811c145b1827f382975756a66c2ac5dffbe9ad323148bfdea38cdb5
SIDM00670,erlotinib,IC50,46511.2863338812,nM,GDSC,unknown,data/raw/gdsc_drug_response.csv,61626,2026-10-03,b472905ea811c145b1827f382975756a66c2ac5dffbe9ad323148bfdea38cdb5
SIDM00664,erlotinib,IC50,134368.89966371632,nM,GDSC,unknown,data/raw/gdsc_drug_response.csv,61627,2026-10-03,b472905ea811c145b1827f382975756a66c2ac5dffbe9ad323148bfdea38cdb5
SIDM00663,erlotinib,IC50,166935.4148183822,nM,GDSC,unknown,data/raw/gdsc_drug_response.csv,61628,2026-10-03,b472905ea811c145b1827f382975756a66c2ac5dffbe9ad323148bfdea38cdb5
SIDM00662,erlotinib,IC50,34965.2251349112,nM,GDSC,unknown,data/raw/gdsc_drug_response.csv,61629,2026-10-03,b472905ea811c145b1827f382975756a66c2ac5dffbe9ad323148bfdea38cdb5
SIDM00586,erlotinib,IC50,37269.56344074102,nM,GDSC,unknown,data/raw/gdsc_drug_response.csv,61630,2026-10-03,b472905ea811c145b1827f382975756a66c2ac5dffbe9ad323148bfdea38cdb5
SIDM00618,erlotinib,IC50,4696.351825637645,nM,GDSC,unknown,data/raw/gdsc_drug_response.csv,61631,2026-10-03,b472905ea811c145b1827f382975756a66c2ac5dffbe9ad323148bfdea38cdb5
SIDM00690,erlotinib,IC50,1070.296807291093,nM,GDSC,unknown,data/raw/gdsc_drug_response.csv,61632,2026-10-03,b472905ea811c145b1827f382975756a66c2ac5dffbe9ad323148bfdea38cdb5
SIDM01037,erlotinib,IC50,21018.605044555046,nM,GDSC,unknown,data/raw/gdsc_drug_response.csv,61633,2026-10-03,b472905ea811c145b1827f382975756a66c2ac5dffbe9ad323148bfdea38cdb5
SIDM00126,erlotinib,IC50,18325.160385266852,nM,GDSC,unknown,data/raw/gdsc_drug_response.csv,61634,2026-10-03,b472905ea811c145b1827f382975756a66c2ac5dffbe9ad323148bfdea38cdb5
SIDM00619,erlotinib,IC50,43128.369257074824,nM,GDSC,unknown,data/raw/gdsc_drug_response.csv,61635,2026-10-03,b472905ea811c145b1827f382975756a66c2ac5dffbe9ad323148bfdea38cdb5
SIDM00611,erlotinib,IC50,54471.08443247731,nM,GDSC,unknown,data/raw/gdsc_drug_response.csv,61636,2026-10-03,b472905ea811c145b1827f382975756a66c2ac5dffbe9ad323148bfdea38cdb5
SIDM00609,erlotinib,IC50,8534.442202664912,nM,GDSC,unknown,data/raw/gdsc_drug_response.csv,61637,2026-10-03,b472905ea811c145b1827f382975756a66c2ac5dffbe9ad323148bfdea38cdb5
SIDM00604,erlotinib,IC50,7051.5750273003,nM,GDSC,unknown,data/raw/gdsc_drug_response.csv,61638,2026-10-03,b472905ea811c145b1827f382975756a66c2ac5dffbe9ad323148bfdea38cdb5
SIDM00583,erlotinib,IC50,104300.27514306126,nM,GDSC,unknown,data/raw/gdsc_drug_response.csv,61639,2026-10-03,b472905ea811c145b1827f382975756a66c2ac5dffbe9ad323148bfdea38cdb5
SIDM00582,erlotinib,IC50,307390.52266457706,nM,GDSC,unknown,data/raw/gdsc_drug_response.csv,61640,2026-10-03,b472905ea811c145b1827f382975756a66c2ac5dffbe9ad323148bfdea38cdb5
SIDM00571,erlotinib,IC50,24864.97035679263,nM,GDSC,unknown,data/raw/gdsc_drug_response.csv,61641,2026-10-03,b472905ea811c145b1827f382975756a66c2ac5dffbe9ad323148bfdea38cdb5
SIDM00550,erlotinib,IC50,4805.230441686729,nM,GDSC,unknown,data/raw/gdsc_drug_response.csv,61642,2026-10-03,b472905ea811c145b1827f382975756a66c2ac5dffbe9ad323148bfdea38cdb5
SIDM00300,erlotinib,IC50,2471.074311484384,nM,GDSC,unknown,data/raw/gdsc_drug_response.csv,61643,2026-10-03,b472905ea811c145b1827f382975756a66c2ac5dffbe9ad323148bfdea38cdb5
SIDM00341,erlotinib,IC50,1488.3245140016386,nM,GDSC,unknown,data/raw/gdsc_drug_response.csv,61644,2026-10-03,b472905ea811c145b1827f382975756a66c2ac5dffbe9ad323148bfdea38cdb5
SIDM00658,erlotinib,IC50,21639.622299206196,nM,GDSC,unknown,data/raw/gdsc_drug_response.csv,61645,2026-10-03,b472905ea811c145b1827f382975756a66c2ac5dffbe9ad323148bfdea38cdb5
SIDM00750,erlotinib,IC50,1056.720241847866,nM,GDSC,unknown,data/raw/gdsc_drug_response.csv,61646,2026-10-03,b472905ea811c145b1827f382975756a66c2ac5dffbe9ad323148bfdea38cdb5
SIDM00792,erlotinib,IC50,5010.511471471478,nM,GDSC,unknown,data/raw/gdsc_drug_response.csv,61647,2026-10-03,b472905ea811c145b1827f382975756a66c2ac5dffbe9ad323148bfdea38cdb5
SIDM00754,erlotinib,IC50,6619.130388059859,nM,GDSC,unknown,data/raw/gdsc_drug_response.csv,61648,2026-10-03,b472905ea811c145b1827f382975756a66c2ac5dffbe9ad323148bfdea38cdb5
SIDM00703,erlotinib,IC50,7440.008564598126,nM,GDSC,unknown,data/raw/gdsc_drug_response.csv,61649,2026-10-03,b472905ea811c145b1827f382975756a66c2ac5dffbe9ad323148bfdea38cdb5
SIDM00700,erlotinib,IC50,1101281.741510445,nM,GDSC,unknown,data/raw/gdsc_drug_response.csv,61650,2026-10-03,b472905ea811c145b1827f382975756a66c2ac5dffbe9ad323148bfdea38cdb5
SIDM00926,erlotinib,IC50,59748.315622747796,nM,GDSC,unknown,data/raw/gdsc_drug_response.csv,61651,2026-10-03,b472905ea811c145b1827f382975756a66c2ac5dffbe9ad323148bfdea38cdb5
SIDM00723,erlotinib,IC50,216492.9535933609,nM,GDSC,unknown,data/raw/gdsc_drug_response.csv,61652,2026-10-03,b472905ea811c145b1827f382975756a66c2ac5dffbe9ad323148bfdea38cdb5
SIDM00570,erlotinib,IC50,10525.185456676023,nM,GDSC,unknown,data/raw/gdsc_drug_response.csv,61653,2026-10-03,b472905ea811c145b1827f382975756a66c2ac5dffbe9ad323148bfdea38cdb5
SIDM00568,erlotinib,IC50,102123.51376729019,nM,GDSC,unknown,data/raw/gdsc_drug_response.csv,61654,2026-10-03,b472905ea811c145b1827f382975756a66c2ac5dffbe9ad323148bfdea38cdb5
SIDM00478,erlotinib,IC50,1757.5837561807316,nM,GDSC,unknown,data/raw/gdsc_drug_response.csv,61655,2026-10-03,b472905ea811c145b1827f382975756a66c2ac5dffbe9ad323148bfdea38cdb5
SIDM00566,erlotinib,IC50,30734.751958517863,nM,GDSC,unknown,data/raw/gdsc_drug_response.csv,61656,2026-10-03,b472905ea811c145b1827f382975756a66c2ac5dffbe9ad323148bfdea38cdb5
SIDM00425,erlotinib,IC50,7617.444911370609,nM,GDSC,unknown,data/raw/gdsc_drug_response.csv,61657,2026-10-03,b472905ea811c145b1827f382975756a66c2ac5dffbe9ad323148bfdea38cdb5
SIDM01139,erlotinib,IC50,80788.61078817635,nM,GDSC,unknown,data/raw/gdsc_drug_response.csv,61658,2026-10-03,b472905ea811c145b1827f382975756a66c2ac5dffbe9ad323148bfdea38cdb5
SIDM01137,erlotinib,IC50,62239.63403795863,nM,GDSC,unknown,data/raw/gdsc_drug_response.csv,61659,2026-10-03,b472905ea811c145b1827f382975756a66c2ac5dffbe9ad323148bfdea38cdb5
SIDM00455,erlotinib,IC50,719800.4350149104,nM,GDSC,unknown,data/raw/gdsc_drug_response.csv,61660,2026-10-03,b472905ea811c145b1827f382975756a66c2ac5dffbe9ad323148bfdea38cdb5
SIDM00044,erlotinib,IC50,28542.751044712026,nM,GDSC,unknown,data/raw/gdsc_drug_response.csv,61661,2026-10-03,b472905ea811c145b1827f382975756a66c2ac5dffbe9ad323148bfdea38cdb5
SIDM00043,erlotinib,IC50,6393.500963698171,nM,GDSC,unknown,data/raw/gdsc_drug_response.csv,61662,2026-10-03,b472905ea811c145b1827f382975756a66c2ac5dffbe9ad323148bfdea38cdb5
SIDM00042,erlotinib,IC50,433353.5900681244,nM,GDSC,unknown,data/raw/gdsc_drug_response.csv,61663,2026-10-03,b472905ea811c145b1827f382975756a66c2ac5dffbe9ad323148bfdea38cdb5
SIDM00360,erlotinib,IC50,315296.0377913606,nM,GDSC,unknown,data/raw/gdsc_drug_response.csv,61664,2026-10-03,b472905ea811c145b1827f382975756a66c2ac5dffbe9ad323148bfdea38cdb5
SIDM00356,erlotinib,IC50,2466.825249960514,nM,GDSC,unknown,data/raw/gdsc_drug_response.csv,61665,2026-10-03,b472905ea811c145b1827f382975756a66c2ac5dffbe9ad323148bfdea38cdb5
SIDM00354,erlotinib,IC50,1641.1299524761112,nM,GDSC,unknown,data/raw/gdsc_drug_response.csv,61666,2026-10-03,b472905ea811c145b1827f382975756a66c2ac5dffbe9ad323148bfdea38cdb5
SIDM00353,erlotinib,IC50,74768.0758179254,nM,GDSC,unknown,data/raw/gdsc_drug_response.csv,61667,2026-10-03,b472905ea811c145b1827f382975756a66c2ac5dffbe9ad323148bfdea38cdb5
SIDM00350,erlotinib,IC50,2345.3883597035483,nM,GDSC,unknown,data/raw/gdsc_drug_response.csv,61668,2026-10-03,b472905ea811c145b1827f382975756a66c2ac5dffbe9ad323148bfdea38cdb5
SIDM00399,erlotinib,IC50,1668.3564831219894,nM,GDSC,unknown,data/raw/gdsc_drug_response.csv,61669,2026-10-03,b472905ea811c145b1827f382975756a66c2ac5dffbe9ad323148bfdea38cdb5
SIDM00375,erlotinib,IC50,12211.400712360528,nM,GDSC,unknown,data/raw/gdsc_drug_response.csv,61670,2026-10-03,b472905ea811c145b1827f382975756a66c2ac5dffbe9ad323148bfdea38cdb5
SIDM00041,erlotinib,IC50,33901.491145095104,nM,GDSC,unknown,data/raw/gdsc_drug_response.csv,61671,2026-10-03,b472905ea811c145b1827f382975756a66c2ac5dffbe9ad323148bfdea38cdb5
SIDM01156,erlotinib,IC50,212466.21765812056,nM,GDSC,unknown,data/raw/gdsc_drug_response.csv,61672,2026-10-03,b472905ea811c145b1827f382975756a66c2ac5dffbe9ad323148bfdea38cdb5
SIDM00322,erlotinib,IC50,1052.5386415897729,nM,GDSC,unknown,data/raw/gdsc_drug_response.csv,61673,2026-10-03,b472905ea811c145b1827f382975756a66c2ac5dffbe9ad323148bfdea38cdb5
SIDM00040,erlotinib,IC50,13188.246285436975,nM,GDSC,unknown,data/raw/gdsc_drug_response.csv,61674,2026-10-03,b472905ea811c145b1827f382975756a66c2ac5dffbe9ad323148bfdea38cdb5
SIDM01170,erlotinib,IC50,10367.1795129913,nM,GDSC,unknown,data/raw/gdsc_drug_response.csv,61675,2026-10-03,b472905ea811c145b1827f382975756a66c2ac5dffbe9ad323148bfdea38cdb5
SIDM01077,erlotinib,IC50,89948.9241687647,nM,GDSC,unknown,data/raw/gdsc_drug_response.csv,61676,2026-10-03,b472905ea811c145b1827f382975756a66c2ac5dffbe9ad323148bfdea38cdb5
SIDM00976,erlotinib,IC50,48008.68826263788,nM,GDSC,unknown,data/raw/gdsc_drug_response.csv,61677,2026-10-03,b472905ea811c145b1827f382975756a66c2ac5dffbe9ad323148bfdea38cdb5
SIDM00974,erlotinib,IC50,14297.33276587519,nM,GDSC,unknown,data/raw/gdsc_drug_response.csv,61678,2026-10-03,b472905ea811c145b1827f382975756a66c2ac5dffbe9ad323148bfdea38cdb5
SIDM00973,erlotinib,IC50,6652.415354995279,nM,GDSC,unknown,data/raw/gdsc_drug_response.csv,61679,2026-10-03,b472905ea811c145b1827f382975756a66c2ac5dffbe9ad323148bfdea38cdb5
SIDM00854,erlotinib,IC50,3748.092335455459,nM,GDSC,unknown,data/raw/gdsc_drug_response.csv,61680,2026-10-03,b472905ea811c145b1827f382975756a66c2ac5dffbe9ad323148bfdea38cdb5
SIDM01058,erlotinib,IC50,54529.454215343845,nM,GDSC,unknown,data/raw/gdsc_drug_response.csv,61681,2026-10-03,b472905ea811c145b1827f382975756a66c2ac5dffbe9ad323148bfdea38cdb5
SIDM00879,erlotinib,IC50,18066.763869614813,nM,GDSC,unknown,data/raw/gdsc_drug_response.csv,61682,2026-10-03,b472905ea811c145b1827f382975756a66c2ac5dffbe9ad323148bfdea38cdb5
SIDM01071,erlotinib,IC50,209126.6396913542,nM,GDSC,unknown,data/raw/gdsc_drug_response.csv,61683,2026-10-03,b472905ea811c145b1827f382975756a66c2ac5dffbe9ad323148bfdea38cdb5
SIDM01261,erlotinib,IC50,438189.29614862194,nM,GDSC,unknown,data/raw/gdsc_drug_response.csv,61684,2026-10-03,b472905ea811c145b1827f382975756a66c2ac5dffbe9ad323148bfdea38cdb5
SIDM00176,erlotinib,IC50,7740.474572511777,nM,GDSC,unknown,data/raw/gdsc_drug_response.csv,61685,2026-10-03,b472905ea811c145b1827f382975756a66c2ac5dffbe9ad323148bfdea38cdb5
SIDM00508,erlotinib,IC50,214781.23532574187,nM,GDSC,unknown,data/raw/gdsc_drug_response.csv,61686,2026-10-03,b472905ea811c145b1827f382975756a66c2ac5dffbe9ad323148bfdea38cdb5
SIDM00507,erlotinib,IC50,32731.895497851616,nM,GDSC,unknown,data/raw/gdsc_drug_response.csv,61687,2026-10-03,b472905ea811c145b1827f382975756a66c2ac5dffbe9ad323148bfdea38cdb5
SIDM00668,erlotinib,IC50,3256.789844640474,nM,GDSC,unknown,data/raw/gdsc_drug_response.csv,61688,2026-10-03,b472905ea811c145b1827f382975756a66c2ac5dffbe9ad323148bfdea38cdb5
SIDM00045,erlotinib,IC50,3862.6790610607304,nM,GDSC,unknown,data/raw/gdsc_drug_response.csv,61689,2026-10-03,b472905ea811c145b1827f382975756a66c2ac5dffbe9ad323148bfdea38cdb5
SIDM00428,erlotinib,IC50,10843.903145767204,nM,GDSC,unknown,data/raw/gdsc_drug_response.csv,61690,2026-10-03,b472905ea811c145b1827f382975756a66c2ac5dffbe9ad323148bfdea38cdb5
SIDM01038,erlotinib,IC50,15813.86362620692,nM,GDSC,unknown,data/raw/gdsc_drug_response.csv,61691,2026-10-03,b472905ea811c145b1827f382975756a66c2ac5dffbe9ad323148bfdea38cdb5
SIDM01036,erlotinib,IC50,4025.3505490104126,nM,GDSC,unknown,data/raw/gdsc_drug_response.csv,61692,2026-10-03,b472905ea811c145b1827f382975756a66c2ac5dffbe9ad323148bfdea38cdb5
SIDM00689,erlotinib,IC50,42309.76878782184,nM,GDSC,unknown,data/raw/gdsc_drug_response.csv,61693,2026-10-03,b472905ea811c145b1827f382975756a66c2ac5dffbe9ad323148bfdea38cdb5
SIDM00688,erlotinib,IC50,3524.1560882041576,nM,GDSC,unknown,data/raw/gdsc_drug_response.csv,61694,2026-10-03,b472905ea811c145b1827f382975756a66c2ac5dffbe9ad323148bfdea38cdb5
SIDM01011,erlotinib,IC50,13526.3143593529,nM,GDSC,unknown,data/raw/gdsc_drug_response.csv,61695,2026-10-03,b472905ea811c145b1827f382975756a66c2ac5dffbe9ad323148bfdea38cdb5
SIDM01017,erlotinib,IC50,2795.3155548449536,nM,GDSC,unknown,data/raw/gdsc_drug_response.csv,61696,2026-10-03,b472905ea811c145b1827f382975756a66c2ac5dffbe9ad323148bfdea38cdb5
SIDM01006,erlotinib,IC50,13453.83236953997,nM,GDSC,unknown,data/raw/gdsc_drug_response.csv,61697,2026-10-03,b472905ea811c145b1827f382975756a66c2ac5dffbe9ad323148bfdea38cdb5
SIDM01004,erlotinib,IC50,7660.766162769572,nM,GDSC,unknown,data/raw/gdsc_drug_response.csv,61698,2026-10-03,b472905ea811c145b1827f382975756a66c2ac5dffbe9ad323148bfdea38cdb5
SIDM01034,erlotinib,IC50,2319.72350570394,nM,GDSC,unknown,data/raw/gdsc_drug_response.csv,61699,2026-10-03,b472905ea811c145b1827f382975756a66c2ac5dffbe9ad323148bfdea38cdb5
SIDM00313,erlotinib,IC50,13384.736626316759,nM,GDSC,unknown,data/raw/gdsc_drug_response.csv,61700,2026-10-03,b472905ea811c145b1827f382975756a66c2ac5dffbe9ad323148bfdea38cdb5
SIDM00631,erlotinib,IC50,11776.758846495753,nM,GDSC,unknown,data/raw/gdsc_drug_response.csv,61701,2026-10-03,b472905ea811c145b1827f382975756a66c2ac5dffbe9ad323148bfdea38cdb5
SIDM00338,erlotinib,IC50,13305.520176731708,nM,GDSC,unknown,data/raw/gdsc_drug_response.csv,61702,2026-10-03,b472905ea811c145b1827f382975756a66c2ac5dffbe9ad323148bfdea38cdb5
SIDM00437,erlotinib,IC50,1182.5202902375536,nM,GDSC,unknown,data/raw/gdsc_drug_response.csv,61703,2026-10-03,b472905ea811c145b1827f382975756a66c2ac5dffbe9ad323148bfdea38cdb5
SIDM00435,erlotinib,IC50,4987.24174288441,nM,GDSC,unknown,data/raw/gdsc_drug_response.csv,61704,2026-10-03,b472905ea811c145b1827f382975756a66c2ac5dffbe9ad323148bfdea38cdb5
SIDM00434,erlotinib,IC50,24539.203952912605,nM,GDSC,unknown,data/raw/gdsc_drug_response.csv,61705,2026-10-03,b472905ea811c145b1827f382975756a66c2ac5dffbe9ad323148bfdea38cdb5
SIDM01217,erlotinib,IC50,22331.62867891579,nM,GDSC,unknown,data/raw/gdsc_drug_response.csv,61706,2026-10-03,b472905ea811c145b1827f382975756a66c2ac5dffbe9ad323148bfdea38cdb5
SIDM00646,erlotinib,IC50,1928.2657040559493,nM,GDSC,unknown,data/raw/gdsc_drug_response.csv,61707,2026-10-03,b472905ea811c145b1827f382975756a66c2ac5dffbe9ad323148bfdea38cdb5
SIDM00766,erlotinib,IC50,7527.063557861961,nM,GDSC,unknown,data/raw/gdsc_drug_response.csv,61708,2026-10-03,b472905ea811c145b1827f382975756a66c2ac5dffbe9ad323148bfdea38cdb5
SIDM00711,erlotinib,IC50,10739.225791179417,nM,GDSC,unknown,data/raw/gdsc_drug_response.csv,61709,2026-10-03,b472905ea811c145b1827f382975756a66c2ac5dffbe9ad323148bfdea38cdb5
SIDM01123,erlotinib,IC50,154567.2072290856,nM,GDSC,unknown,data/raw/gdsc_drug_response.csv,61710,2026-10-03,b472905ea811c145b1827f382975756a66c2ac5dffbe9ad323148bfdea38cdb5
SIDM01201,erlotinib,IC50,24277.16022695725,nM,GDSC,unknown,data/raw/gdsc_drug_response.csv,61711,2026-10-03,b472905ea811c145b1827f382975756a66c2ac5dffbe9ad323148bfdea38cdb5
SIDM00443,erlotinib,IC50,19983.401420554474,nM,GDSC,unknown,data/raw/gdsc_drug_response.csv,61712,2026-10-03,b472905ea811c145b1827f382975756a66c2ac5dffbe9ad323148bfdea38cdb5
SIDM00460,erlotinib,IC50,6173.9078470700215,nM,GDSC,unknown,data/raw/gdsc_drug_response.csv,61713,2026-10-03,b472905ea811c145b1827f382975756a66c2ac5dffbe9ad323148bfdea38cdb5
SIDM00458,erlotinib,IC50,3190.8361549846595,nM,GDSC,unknown,data/raw/gdsc_drug_response.csv,61714,2026-10-03,b472905ea811c145b1827f382975756a66c2ac5dffbe9ad323148bfdea38cdb5
SIDM00362,erlotinib,IC50,9496.800951985992,nM,GDSC,unknown,data/raw/gdsc_drug_response.csv,61715,2026-10-03,b472905ea811c145b1827f382975756a66c2ac5dffbe9ad323148bfdea38cdb5
SIDM00450,erlotinib,IC50,38301.957326066185,nM,GDSC,unknown,data/raw/gdsc_drug_response.csv,61716,2026-10-03,b472905ea811c145b1827f382975756a66c2ac5dffbe9ad323148bfdea38cdb5
SIDM01114,erlotinib,IC50,11247.535072760624,nM,GDSC,unknown,data/raw/gdsc_drug_response.csv,61717,2026-10-03,b472905ea811c145b1827f382975756a66c2ac5dffbe9ad323148bfdea38cdb5
SIDM00449,erlotinib,IC50,10395.593349916453,nM,GDSC,unknown,data/raw/gdsc_drug_response.csv,61718,2026-10-03,b472905ea811c145b1827f382975756a66c2ac5dffbe9ad323148bfdea38cdb5
SIDM00448,erlotinib,IC50,30435.600733605545,nM,GDSC,unknown,data/raw/gdsc_drug_response.csv,61719,2026-10-03,b472905ea811c145b1827f382975756a66c2ac5dffbe9ad323148bfdea38cdb5
SIDM00415,erlotinib,IC50,32217.474767895033,nM,GDSC,unknown,data/raw/gdsc_drug_response.csv,61720,2026-10-03,b472905ea811c145b1827f382975756a66c2ac5dffbe9ad323148bfdea38cdb5
SIDM00374,erlotinib,IC50,34991.35391597169,nM,GDSC,unknown,data/raw/gdsc_drug_response.csv,61721,2026-10-03,b472905ea811c145b1827f382975756a66c2ac5dffbe9ad323148bfdea38cdb5
SIDM00389,erlotinib,IC50,5082.63587472644,nM,GDSC,unknown,data/raw/gdsc_drug_response.csv,61722,2026-10-03,b472905ea811c145b1827f382975756a66c2ac5dffbe9ad323148bfdea38cdb5
SIDM00404,erlotinib,IC50,7713.345419384697,nM,GDSC,unknown,data/raw/gdsc_drug_response.csv,61723,2026-10-03,b472905ea811c145b1827f382975756a66c2ac5dffbe9ad323148bfdea38cdb5
SIDM00405,erlotinib,IC50,15750.356501006274,nM,GDSC,unknown,data/raw/gdsc_drug_response.csv,61724,2026-10-03,b472905ea811c145b1827f382975756a66c2ac5dffbe9ad323148bfdea38cdb5
SIDM00406,erlotinib,IC50,3508.3961649872836,nM,GDSC,unknown,data/raw/gdsc_drug_response.csv,61725,2026-10-03,b472905ea811c145b1827f382975756a66c2ac5dffbe9ad323148bfdea38cdb5
SIDM00407,erlotinib,IC50,12312.327546198561,nM,GDSC,unknown,data/raw/gdsc_drug_response.csv,61726,2026-10-03,b472905ea811c145b1827f382975756a66c2ac5dffbe9ad323148bfdea38cdb5
SIDM00423,erlotinib,IC50,2633.4137281077064,nM,GDSC,unknown,data/raw/gdsc_drug_response.csv,61727,2026-10-03,b472905ea811c145b1827f382975756a66c2ac5dffbe9ad323148bfdea38cdb5
SIDM00422,erlotinib,IC50,60949.21643626897,nM,GDSC,unknown,data/raw/gdsc_drug_response.csv,61728,2026-10-03,b472905ea811c145b1827f382975756a66c2ac5dffbe9ad323148bfdea38cdb5
SIDM00421,erlotinib,IC50,1864.3528582791366,nM,GDSC,unknown,data/raw/gdsc_drug_response.csv,61729,2026-10-03,b472905ea811c145b1827f382975756a66c2ac5dffbe9ad323148bfdea38cdb5
SIDM00323,erlotinib,IC50,6958.813599677837,nM,GDSC,unknown,data/raw/gdsc_drug_response.csv,61730,2026-10-03,b472905ea811c145b1827f382975756a66c2ac5dffbe9ad323148bfdea38cdb5
SIDM00416,erlotinib,IC50,19384.36861906518,nM,GDSC,unknown,data/raw/gdsc_drug_response.csv,61731,2026-10-03,b472905ea811c145b1827f382975756a66c2ac5dffbe9ad323148bfdea38cdb5
SIDM01102,erlotinib,IC50,3501.043265721516,nM,GDSC,unknown,data/raw/gdsc_drug_response.csv,61732,2026-10-03,b472905ea811c145b1827f382975756a66c2ac5dffbe9ad323148bfdea38cdb5
SIDM00413,erlotinib,IC50,3724.963302108348,nM,GDSC,unknown,data/raw/gdsc_drug_response.csv,61733,2026-10-03,b472905ea811c145b1827f382975756a66c2ac5dffbe9ad323148bfdea38cdb5
SIDM01118,erlotinib,IC50,191666.71417523478,nM,GDSC,unknown,data/raw/gdsc_drug_response.csv,61734,2026-10-03,b472905ea811c145b1827f382975756a66c2ac5dffbe9ad323148bfdea38cdb5
SIDM00969,erlotinib,IC50,18269.64610640378,nM,GDSC,unknown,data/raw/gdsc_drug_response.csv,61735,2026-10-03,b472905ea811c145b1827f382975756a66c2ac5dffbe9ad323148bfdea38cdb5
SIDM00968,erlotinib,IC50,8603.507767148018,nM,GDSC,unknown,data/raw/gdsc_drug_response.csv,61736,2026-10-03,b472905ea811c145b1827f382975756a66c2ac5dffbe9ad323148bfdea38cdb5
SIDM00305,erlotinib,IC50,5918.878568766496,nM,GDSC,unknown,data/raw/gdsc_drug_response.csv,61737,2026-10-03,b472905ea811c145b1827f382975756a66c2ac5dffbe9ad323148bfdea38cdb5
SIDM00304,erlotinib,IC50,30686.751063678075,nM,GDSC,unknown,data/raw/gdsc_drug_response.csv,61738,2026-10-03,b472905ea811c145b1827f382975756a66c2ac5dffbe9ad323148bfdea38cdb5
SIDM00303,erlotinib,IC50,7222.397778093407,nM,GDSC,unknown,data/raw/gdsc_drug_response.csv,61739,2026-10-03,b472905ea811c145b1827f382975756a66c2ac5dffbe9ad323148bfdea38cdb5
SIDM00474,erlotinib,IC50,44258.878703794144,nM,GDSC,unknown,data/raw/gdsc_drug_response.csv,61740,2026-10-03,b472905ea811c145b1827f382975756a66c2ac5dffbe9ad323148bfdea38cdb5
SIDM00476,erlotinib,IC50,41727.65089231921,nM,GDSC,unknown,data/raw/gdsc_drug_response.csv,61741,2026-10-03,b472905ea811c145b1827f382975756a66c2ac5dffbe9ad323148bfdea38cdb5
SIDM00475,erlotinib,IC50,63956.93715904757,nM,GDSC,unknown,data/raw/gdsc_drug_response.csv,61742,2026-10-03,b472905ea811c145b1827f382975756a66c2ac5dffbe9ad323148bfdea38cdb5
SIDM00967,erlotinib,IC50,359.54174102772015,nM,GDSC,unknown,data/raw/gdsc_drug_response.csv,61743,2026-10-03,b472905ea811c145b1827f382975756a66c2ac5dffbe9ad323148bfdea38cdb5
SIDM00966,erlotinib,IC50,30640.081353217953,nM,GDSC,unknown,data/raw/gdsc_drug_response.csv,61744,2026-10-03,b472905ea811c145b1827f382975756a66c2ac5dffbe9ad323148bfdea38cdb5
SIDM00238,erlotinib,IC50,106932.62893111362,nM,GDSC,unknown,data/raw/gdsc_drug_response.csv,61745,2026-10-03,b472905ea811c145b1827f382975756a66c2ac5dffbe9ad323148bfdea38cdb5
SIDM00472,erlotinib,IC50,29339.918648659503,nM,GDSC,unknown,data/raw/gdsc_drug_response.csv,61746,2026-10-03,b472905ea811c145b1827f382975756a66c2ac5dffbe9ad323148bfdea38cdb5
SIDM00815,erlotinib,IC50,4802.8908641949865,nM,GDSC,unknown,data/raw/gdsc_drug_response.csv,61747,2026-10-03,b472905ea811c145b1827f382975756a66c2ac5dffbe9ad323148bfdea38cdb5
SIDM01041,erlotinib,IC50,21927.44393488803,nM,GDSC,unknown,data/raw/gdsc_drug_response.csv,61748,2026-10-03,b472905ea811c145b1827f382975756a66c2ac5dffbe9ad323148bfdea38cdb5
SIDM00445,erlotinib,IC50,5601.419232460581,nM,GDSC,unknown,data/raw/gdsc_drug_response.csv,61749,2026-10-03,b472905ea811c145b1827f382975756a66c2ac5dffbe9ad323148bfdea38cdb5
SIDM00444,erlotinib,IC50,24780.37477057327,nM,GDSC,unknown,data/raw/gdsc_drug_response.csv,61750,2026-10-03,b472905ea811c145b1827f382975756a66c2ac5dffbe9ad323148bfdea38cdb5
SIDM00393,erlotinib,IC50,494.9859008254546,nM,GDSC,unknown,data/raw/gdsc_drug_response.csv,61751,2026-10-03,b472905ea811c145b1827f382975756a66c2ac5dffbe9ad323148bfdea38cdb5
SIDM00483,erlotinib,IC50,19899.686941026597,nM,GDSC,unknown,data/raw/gdsc_drug_response.csv,61752,2026-10-03,b472905ea811c145b1827f382975756a66c2ac5dffbe9ad323148bfdea38cdb5
SIDM00539,erlotinib,IC50,12556.06731315123,nM,GDSC,unknown,data/raw/gdsc_drug_response.csv,61753,2026-10-03,b472905ea811c145b1827f382975756a66c2ac5dffbe9ad323148bfdea38cdb5
SIDM00538,erlotinib,IC50,43023.86664617815,nM,GDSC,unknown,data/raw/gdsc_drug_response.csv,61754,2026-10-03,b472905ea811c145b1827f382975756a66c2ac5dffbe9ad323148bfdea38cdb5
SIDM00530,erlotinib,IC50,2919.8463645037436,nM,GDSC,unknown,data/raw/gdsc_drug_response.csv,61755,2026-10-03,b472905ea811c145b1827f382975756a66c2ac5dffbe9ad323148bfdea38cdb5
SIDM00048,erlotinib,IC50,5391.388724146777,nM,GDSC,unknown,data/raw/gdsc_drug_response.csv,61756,2026-10-03,b472905ea811c145b1827f382975756a66c2ac5dffbe9ad323148bfdea38cdb5
SIDM00047,erlotinib,IC50,4427.929086828017,nM,GDSC,unknown,data/raw/gdsc_drug_response.csv,61757,2026-10-03,b472905ea811c145b1827f382975756a66c2ac5dffbe9ad323148bfdea38cdb5
SIDM00250,erlotinib,IC50,5177.4362431685,nM,GDSC,unknown,data/raw/gdsc_drug_response.csv,61758,2026-10-03,b472905ea811c145b1827f382975756a66c2ac5dffbe9ad323148bfdea38cdb5
SIDM01185,erlotinib,IC50,47908.50279301372,nM,GDSC,unknown,data/raw/gdsc_drug_response.csv,61759,2026-10-03,b472905ea811c145b1827f382975756a66c2ac5dffbe9ad323148bfdea38cdb5
SIDM00231,erlotinib,IC50,77151.88411787864,nM,GDSC,unknown,data/raw/gdsc_drug_response.csv,61760,2026-10-03,b472905ea811c145b1827f382975756a66c2ac5dffbe9ad323148bfdea38cdb5
SIDM00232,erlotinib,IC50,17786.45121915857,nM,GDSC,unknown,data/raw/gdsc_drug_response.csv,61761,2026-10-03,b472905ea811c145b1827f382975756a66c2ac5dffbe9ad323148bfdea38cdb5
SIDM00819,erlotinib,IC50,18107.170137095494,nM,GDSC,unknown,data/raw/gdsc_drug_response.csv,61762,2026-10-03,b472905ea811c145b1827f382975756a66c2ac5dffbe9ad323148bfdea38cdb5
SIDM00818,erlotinib,IC50,13024.640675952889,nM,GDSC,unknown,data/raw/gdsc_drug_response.csv,61763,2026-10-03,b472905ea811c145b1827f382975756a66c2ac5dffbe9ad323148bfdea38cdb5
SIDM00817,erlotinib,IC50,28413.85845743549,nM,GDSC,unknown,data/raw/gdsc_drug_response.csv,61764,2026-10-03,b472905ea811c145b1827f382975756a66c2ac5dffbe9ad323148bfdea38cdb5
SIDM00820,erlotinib,IC50,7527.8238296743875,nM,GDSC,unknown,data/raw/gdsc_drug_response.csv,61765,2026-10-03,b472905ea811c145b1827f382975756a66c2ac5dffbe9ad323148bfdea38cdb5
SIDM00821,erlotinib,IC50,20259.584698152525,nM,GDSC,unknown,data/raw/gdsc_drug_response.csv,61766,2026-10-03,b472905ea811c145b1827f382975756a66c2ac5dffbe9ad323148bfdea38cdb5
SIDM00816,erlotinib,IC50,20098.97864314327,nM,GDSC,unknown,data/raw/gdsc_drug_response.csv,61767,2026-10-03,b472905ea811c145b1827f382975756a66c2ac5dffbe9ad323148bfdea38cdb5
SIDM00608,erlotinib,IC50,40555.64574122367,nM,GDSC,unknown,data/raw/gdsc_drug_response.csv,61768,2026-10-03,b472905ea811c145b1827f382975756a66c2ac5dffbe9ad323148bfdea38cdb5
SIDM01265,erlotinib,IC50,11210.513014026012,nM,GDSC,unknown,data/raw/gdsc_drug_response.csv,61769,2026-10-03,b472905ea811c145b1827f382975756a66c2ac5dffbe9ad323148bfdea38cdb5
SIDM00459,erlotinib,IC50,9518.259438527473,nM,GDSC,unknown,data/raw/gdsc_drug_response.csv,61770,2026-10-03,b472905ea811c145b1827f382975756a66c2ac5dffbe9ad323148bfdea38cdb5
SIDM00216,erlotinib,IC50,2055.423686136836,nM,GDSC,unknown,data/raw/gdsc_drug_response.csv,61771,2026-10-03,b472905ea811c145b1827f382975756a66c2ac5dffbe9ad323148bfdea38cdb5
SIDM00215,erlotinib,IC50,14666.676269667589,nM,GDSC,unknown,data/raw/gdsc_drug_response.csv,61772,2026-10-03,b472905ea811c145b1827f382975756a66c2ac5dffbe9ad323148bfdea38cdb5
SIDM00214,erlotinib,IC50,8635.451522150306,nM,GDSC,unknown,data/raw/gdsc_drug_response.csv,61773,2026-10-03,b472905ea811c145b1827f382975756a66c2ac5dffbe9ad323148bfdea38cdb5
SIDM00194,erlotinib,IC50,8226.807258565052,nM,GDSC,unknown,data/raw/gdsc_drug_response.csv,61774,2026-10-03,b472905ea811c145b1827f382975756a66c2ac5dffbe9ad323148bfdea38cdb5
SIDM00193,erlotinib,IC50,63631.20533893587,nM,GDSC,unknown,data/raw/gdsc_drug_response.csv,61775,2026-10-03,b472905ea811c145b1827f382975756a66c2ac5dffbe9ad323148bfdea38cdb5
SIDM00498,erlotinib,IC50,9346.453812793134,nM,GDSC,unknown,data/raw/gdsc_drug_response.csv,61776,2026-10-03,b472905ea811c145b1827f382975756a66c2ac5dffbe9ad323148bfdea38cdb5
SIDM00049,erlotinib,IC50,269.11055464516227,nM,GDSC,unknown,data/raw/gdsc_drug_response.csv,61777,2026-10-03,b472905ea811c145b1827f382975756a66c2ac5dffbe9ad323148bfdea38cdb5
SIDM01132,osimertinib,IC50,3596.1937698931342,nM,GDSC,unknown,data/raw/gdsc_drug_response.csv,186802,2026-10-03,b472905ea811c145b1827f382975756a66c2ac5dffbe9ad323148bfdea38cdb5
SIDM00848,osimertinib,IC50,3945.41837247794,nM,GDSC,unknown,data/raw/gdsc_drug_response.csv,186803,2026-10-03,b472905ea811c145b1827f382975756a66c2ac5dffbe9ad323148bfdea38cdb5
SIDM00263,osimertinib,IC50,3215.021355098915,nM,GDSC,unknown,data/raw/gdsc_drug_response.csv,186804,2026-10-03,b472905ea811c145b1827f382975756a66c2ac5dffbe9ad323148bfdea38cdb5
SIDM00269,osimertinib,IC50,6457.0593165710125,nM,GDSC,unknown,data/raw/gdsc_drug_response.csv,186805,2026-10-03,b472905ea811c145b1827f382975756a66c2ac5dffbe9ad323148bfdea38cdb5
SIDM00203,osimertinib,IC50,3800.208752150774,nM,GDSC,unknown,data/raw/gdsc_drug_response.csv,186806,2026-10-03,b472905ea811c145b1827f382975756a66c2ac5dffbe9ad323148bfdea38cdb5
SIDM01111,osimertinib,IC50,5248.954951857224,nM,GDSC,unknown,data/raw/gdsc_drug_response.csv,186807,2026-10-03,b472905ea811c145b1827f382975756a66c2ac5dffbe9ad323148bfdea38cdb5
SIDM00909,osimertinib,IC50,18521.607064604137,nM,GDSC,unknown,data/raw/gdsc_drug_response.csv,186808,2026-10-03,b472905ea811c145b1827f382975756a66c2ac5dffbe9ad323148bfdea38cdb5
SIDM00807,osimertinib,IC50,1580.0950445371534,nM,GDSC,unknown,data/raw/gdsc_drug_response.csv,186809,2026-10-03,b472905ea811c145b1827f382975756a66c2ac5dffbe9ad323148bfdea38cdb5
SIDM01085,osimertinib,IC50,16192.31909718714,nM,GDSC,unknown,data/raw/gdsc_drug_response.csv,186810,2026-10-03,b472905ea811c145b1827f382975756a66c2ac5dffbe9ad323148bfdea38cdb5
SIDM01160,osimertinib,IC50,9991.52266535172,nM,GDSC,unknown,data/raw/gdsc_drug_response.csv,186811,2026-10-03,b472905ea811c145b1827f382975756a66c2ac5dffbe9ad323148bfdea38cdb5
SIDM01190,osimertinib,IC50,15740.830417254063,nM,GDSC,unknown,data/raw/gdsc_drug_response.csv,186812,2026-10-03,b472905ea811c145b1827f382975756a66c2ac5dffbe9ad323148bfdea38cdb5
SIDM00889,osimertinib,IC50,1208.3309171058606,nM,GDSC,unknown,data/raw/gdsc_drug_response.csv,186813,2026-10-03,b472905ea811c145b1827f382975756a66c2ac5dffbe9ad323148bfdea38cdb5
SIDM00905,osimertinib,IC50,1318.6229864350066,nM,GDSC,unknown,data/raw/gdsc_drug_response.csv,186814,2026-10-03,b472905ea811c145b1827f382975756a66c2ac5dffbe9ad323148bfdea38cdb5
SIDM00627,osimertinib,IC50,963.2782192804785,nM,GDSC,unknown,data/raw/gdsc_drug_response.csv,186815,2026-10-03,b472905ea811c145b1827f382975756a66c2ac5dffbe9ad323148bfdea38cdb5
SIDM00982,osimertinib,IC50,4372.264206568793,nM,GDSC,unknown,data/raw/gdsc_drug_response.csv,186816,2026-10-03,b472905ea811c145b1827f382975756a66c2ac5dffbe9ad323148bfdea38cdb5
SIDM00998,osimertinib,IC50,10676.958411071539,nM,GDSC,unknown,data/raw/gdsc_drug_response.csv,186817,2026-10-03,b472905ea811c145b1827f382975756a66c2ac5dffbe9ad323148bfdea38cdb5
SIDM00799,osimertinib,IC50,4894.01485321231,nM,GDSC,unknown,data/raw/gdsc_drug_response.csv,186818,2026-10-03,b472905ea811c145b1827f382975756a66c2ac5dffbe9ad323148bfdea38cdb5
SIDM00581,osimertinib,IC50,52068.80411294089,nM,GDSC,unknown,data/raw/gdsc_drug_response.csv,186819,2026-10-03,b472905ea811c145b1827f382975756a66c2ac5dffbe9ad323148bfdea38cdb5
SIDM01171,osimertinib,IC50,17621.29299408749,nM,GDSC,unknown,data/raw/gdsc_drug_response.csv,186820,2026-10-03,b472905ea811c145b1827f382975756a66c2ac5dffbe9ad323148bfdea38cdb5
SIDM01193,osimertinib,IC50,6025.6478465830805,nM,GDSC,unknown,data/raw/gdsc_drug_response.csv,186821,2026-10-03,b472905ea811c145b1827f382975756a66c2ac5dffbe9ad323148bfdea38cdb5
SIDM01189,osimertinib,IC50,10018.175567635322,nM,GDSC,unknown,data/raw/gdsc_drug_response.csv,186822,2026-10-03,b472905ea811c145b1827f382975756a66c2ac5dffbe9ad323148bfdea38cdb5
SIDM00315,osimertinib,IC50,5161.261363959017,nM,GDSC,unknown,data/raw/gdsc_drug_response.csv,186823,2026-10-03,b472905ea811c145b1827f382975756a66c2ac5dffbe9ad323148bfdea38cdb5
SIDM00924,osimertinib,IC50,7703.494060298018,nM,GDSC,unknown,data/raw/gdsc_drug_response.csv,186824,2026-10-03,b472905ea811c145b1827f382975756a66c2ac5dffbe9ad323148bfdea38cdb5
SIDM01120,osimertinib,IC50,9695.860094255182,nM,GDSC,unknown,data/raw/gdsc_drug_response.csv,186825,2026-10-03,b472905ea811c145b1827f382975756a66c2ac5dffbe9ad323148bfdea38cdb5
SIDM00922,osimertinib,IC50,1110.7739226648791,nM,GDSC,unknown,data/raw/gdsc_drug_response.csv,186826,2026-10-03,b472905ea811c145b1827f382975756a66c2ac5dffbe9ad323148bfdea38cdb5
SIDM00512,osimertinib,IC50,9704.745571028601,nM,GDSC,unknown,data/raw/gdsc_drug_response.csv,186827,2026-10-03,b472905ea811c145b1827f382975756a66c2ac5dffbe9ad323148bfdea38cdb5
SIDM00548,osimertinib,IC50,4224.838351173822,nM,GDSC,unknown,data/raw/gdsc_drug_response.csv,186828,2026-10-03,b472905ea811c145b1827f382975756a66c2ac5dffbe9ad323148bfdea38cdb5
SIDM00734,osimertinib,IC50,11786.785133854302,nM,GDSC,unknown,data/raw/gdsc_drug_response.csv,186829,2026-10-03,b472905ea811c145b1827f382975756a66c2ac5dffbe9ad323148bfdea38cdb5
SIDM00747,osimertinib,IC50,1217.2509542261744,nM,GDSC,unknown,data/raw/gdsc_drug_response.csv,186830,2026-10-03,b472905ea811c145b1827f382975756a66c2ac5dffbe9ad323148bfdea38cdb5
SIDM00746,osimertinib,IC50,495.79536894275157,nM,GDSC,unknown,data/raw/gdsc_drug_response.csv,186831,2026-10-03,b472905ea811c145b1827f382975756a66c2ac5dffbe9ad323148bfdea38cdb5
SIDM00745,osimertinib,IC50,1503.6146861721447,nM,GDSC,unknown,data/raw/gdsc_drug_response.csv,186832,2026-10-03,b472905ea811c145b1827f382975756a66c2ac5dffbe9ad323148bfdea38cdb5
SIDM00742,osimertinib,IC50,3038.3056254927274,nM,GDSC,unknown,data/raw/gdsc_drug_response.csv,186833,2026-10-03,b472905ea811c145b1827f382975756a66c2ac5dffbe9ad323148bfdea38cdb5
SIDM00737,osimertinib,IC50,10976.569987684104,nM,GDSC,unknown,data/raw/gdsc_drug_response.csv,186834,2026-10-03,b472905ea811c145b1827f382975756a66c2ac5dffbe9ad323148bfdea38cdb5
SIDM00769,osimertinib,IC50,31900.350589600035,nM,GDSC,unknown,data/raw/gdsc_drug_response.csv,186835,2026-10-03,b472905ea811c145b1827f382975756a66c2ac5dffbe9ad323148bfdea38cdb5
SIDM00709,osimertinib,IC50,5893.157900007298,nM,GDSC,unknown,data/raw/gdsc_drug_response.csv,186836,2026-10-03,b472905ea811c145b1827f382975756a66c2ac5dffbe9ad323148bfdea38cdb5
SIDM00716,osimertinib,IC50,103.12638542430807,nM,GDSC,unknown,data/raw/gdsc_drug_response.csv,186837,2026-10-03,b472905ea811c145b1827f382975756a66c2ac5dffbe9ad323148bfdea38cdb5
SIDM00729,osimertinib,IC50,21589.908360862675,nM,GDSC,unknown,data/raw/gdsc_drug_response.csv,186838,2026-10-03,b472905ea811c145b1827f382975756a66c2ac5dffbe9ad323148bfdea38cdb5
SIDM00727,osimertinib,IC50,14138.61914840485,nM,GDSC,unknown,data/raw/gdsc_drug_response.csv,186839,2026-10-03,b472905ea811c145b1827f382975756a66c2ac5dffbe9ad323148bfdea38cdb5
SIDM00726,osimertinib,IC50,34951.66125912093,nM,GDSC,unknown,data/raw/gdsc_drug_response.csv,186840,2026-10-03,b472905ea811c145b1827f382975756a66c2ac5dffbe9ad323148bfdea38cdb5
SIDM00724,osimertinib,IC50,28027.69139917264,nM,GDSC,unknown,data/raw/gdsc_drug_response.csv,186841,2026-10-03,b472905ea811c145b1827f382975756a66c2ac5dffbe9ad323148bfdea38cdb5
SIDM01122,osimertinib,IC50,9448.651189039538,nM,GDSC,unknown,data/raw/gdsc_drug_response.csv,186842,2026-10-03,b472905ea811c145b1827f382975756a66c2ac5dffbe9ad323148bfdea38cdb5
SIDM00509,osimertinib,IC50,9086.392820465371,nM,GDSC,unknown,data/raw/gdsc_drug_response.csv,186843,2026-10-03,b472905ea811c145b1827f382975756a66c2ac5dffbe9ad323148bfdea38cdb5
SIDM00865,osimertinib,IC50,6096.238855808379,nM,GDSC,unknown,data/raw/gdsc_drug_response.csv,186844,2026-10-03,b472905ea811c145b1827f382975756a66c2ac5dffbe9ad323148bfdea38cdb5
SIDM00522,osimertinib,IC50,18130.54345912376,nM,GDSC,unknown,data/raw/gdsc_drug_response.csv,186845,2026-10-03,b472905ea811c145b1827f382975756a66c2ac5dffbe9ad323148bfdea38cdb5
SIDM00654,osimertinib,IC50,4852.907452119263,nM,GDSC,unknown,data/raw/gdsc_drug_response.csv,186846,2026-10-03,b472905ea811c145b1827f382975756a66c2ac5dffbe9ad323148bfdea38cdb5
SIDM00653,osimertinib,IC50,9809.418543439639,nM,GDSC,unknown,data/raw/gdsc_drug_response.csv,186847,2026-10-03,b472905ea811c145b1827f382975756a66c2ac5dffbe9ad323148bfdea38cdb5
SIDM00741,osimertinib,IC50,20978.41390968551,nM,GDSC,unknown,data/raw/gdsc_drug_response.csv,186848,2026-10-03,b472905ea811c145b1827f382975756a66c2ac5dffbe9ad323148bfdea38cdb5
SIDM00760,osimertinib,IC50,2723.1873115598733,nM,GDSC,unknown,data/raw/gdsc_drug_response.csv,186849,2026-10-03,b472905ea811c145b1827f382975756a66c2ac5dffbe9ad323148bfdea38cdb5
SIDM00735,osimertinib,IC50,5267.3584815788045,nM,GDSC,unknown,data/raw/gdsc_drug_response.csv,186850,2026-10-03,b472905ea811c145b1827f382975756a66c2ac5dffbe9ad323148bfdea38cdb5
SIDM00706,osimertinib,IC50,9311.907895565171,nM,GDSC,unknown,data/raw/gdsc_drug_response.csv,186851,2026-10-03,b472905ea811c145b1827f382975756a66c2ac5dffbe9ad323148bfdea38cdb5
SIDM00699,osimertinib,IC50,2307.9253405329437,nM,GDSC,unknown,data/raw/gdsc_drug_response.csv,186852,2026-10-03,b472905ea811c145b1827f382975756a66c2ac5dffbe9ad323148bfdea38cdb5
SIDM00733,osimertinib,IC50,7630.603974292117,nM,GDSC,unknown,data/raw/gdsc_drug_response.csv,186853,2026-10-03,b472905ea811c145b1827f382975756a66c2ac5dffbe9ad323148bfdea38cdb5
SIDM00730,osimertinib,IC50,1132.0045508970657,nM,GDSC,unknown,data/raw/gdsc_drug_response.csv,186854,2026-10-03,b472905ea811c145b1827f382975756a66c2ac5dffbe9ad323148bfdea38cdb5
SIDM00719,osimertinib,IC50,39692.76780741039,nM,GDSC,unknown,data/raw/gdsc_drug_response.csv,186855,2026-10-03,b472905ea811c145b1827f382975756a66c2ac5dffbe9ad323148bfdea38cdb5
SIDM00965,osimertinib,IC50,5530.028670169953,nM,GDSC,unknown,data/raw/gdsc_drug_response.csv,186856,2026-10-03,b472905ea811c145b1827f382975756a66c2ac5dffbe9ad323148bfdea38cdb5
SIDM01128,osimertinib,IC50,8824.359303377614,nM,GDSC,unknown,data/raw/gdsc_drug_response.csv,186857,2026-10-03,b472905ea811c145b1827f382975756a66c2ac5dffbe9ad323148bfdea38cdb5
SIDM01126,osimertinib,IC50,3257.8484733578302,nM,GDSC,unknown,data/raw/gdsc_drug_response.csv,186858,2026-10-03,b472905ea811c145b1827f382975756a66c2ac5dffbe9ad323148bfdea38cdb5
SIDM01121,osimertinib,IC50,7864.3036911717845,nM,GDSC,unknown,data/raw/gdsc_drug_response.csv,186859,2026-10-03,b472905ea811c145b1827f382975756a66c2ac5dffbe9ad323148bfdea38cdb5
SIDM01131,osimertinib,IC50,7860.655500704723,nM,GDSC,unknown,data/raw/gdsc_drug_response.csv,186860,2026-10-03,b472905ea811c145b1827f382975756a66c2ac5dffbe9ad323148bfdea38cdb5
SIDM00713,osimertinib,IC50,17101.873176591424,nM,GDSC,unknown,data/raw/gdsc_drug_response.csv,186861,2026-10-03,b472905ea811c145b1827f382975756a66c2ac5dffbe9ad323148bfdea38cdb5
SIDM01100,osimertinib,IC50,4145.693149255432,nM,GDSC,unknown,data/raw/gdsc_drug_response.csv,186862,2026-10-03,b472905ea811c145b1827f382975756a66c2ac5dffbe9ad323148bfdea38cdb5
SIDM01099,osimertinib,IC50,5312.348413956739,nM,GDSC,unknown,data/raw/gdsc_drug_response.csv,186863,2026-10-03,b472905ea811c145b1827f382975756a66c2ac5dffbe9ad323148bfdea38cdb5
SIDM01179,osimertinib,IC50,12538.137506858451,nM,GDSC,unknown,data/raw/gdsc_drug_response.csv,186864,2026-10-03,b472905ea811c145b1827f382975756a66c2ac5dffbe9ad323148bfdea38cdb5
SIDM00320,osimertinib,IC50,16263.998758633243,nM,GDSC,unknown,data/raw/gdsc_drug_response.csv,186865,2026-10-03,b472905ea811c145b1827f382975756a66c2ac5dffbe9ad323148bfdea38cdb5
SIDM00368,osimertinib,IC50,2720.016645613429,nM,GDSC,unknown,data/raw/gdsc_drug_response.csv,186866,2026-10-03,b472905ea811c145b1827f382975756a66c2ac5dffbe9ad323148bfdea38cdb5
SIDM00365,osimertinib,IC50,5178.9068438769755,nM,GDSC,unknown,data/raw/gdsc_drug_response.csv,186867,2026-10-03,b472905ea811c145b1827f382975756a66c2ac5dffbe9ad323148bfdea38cdb5
SIDM00294,osimertinib,IC50,15187.519423294516,nM,GDSC,unknown,data/raw/gdsc_drug_response.csv,186868,2026-10-03,b472905ea811c145b1827f382975756a66c2ac5dffbe9ad323148bfdea38cdb5
SIDM01098,osimertinib,IC50,6046.429907907795,nM,GDSC,unknown,data/raw/gdsc_drug_response.csv,186869,2026-10-03,b472905ea811c145b1827f382975756a66c2ac5dffbe9ad323148bfdea38cdb5
SIDM00715,osimertinib,IC50,1965.2589150000506,nM,GDSC,unknown,data/raw/gdsc_drug_response.csv,186870,2026-10-03,b472905ea811c145b1827f382975756a66c2ac5dffbe9ad323148bfdea38cdb5
SIDM00702,osimertinib,IC50,2121.1385576149696,nM,GDSC,unknown,data/raw/gdsc_drug_response.csv,186871,2026-10-03,b472905ea811c145b1827f382975756a66c2ac5dffbe9ad323148bfdea38cdb5
SIDM00739,osimertinib,IC50,6509.489270039921,nM,GDSC,unknown,data/raw/gdsc_drug_response.csv,186872,2026-10-03,b472905ea811c145b1827f382975756a66c2ac5dffbe9ad323148bfdea38cdb5
SIDM01124,osimertinib,IC50,17715.748681526795,nM,GDSC,unknown,data/raw/gdsc_drug_response.csv,186873,2026-10-03,b472905ea811c145b1827f382975756a66c2ac5dffbe9ad323148bfdea38cdb5
SIDM01184,osimertinib,IC50,14029.959395634147,nM,GDSC,unknown,data/raw/gdsc_drug_response.csv,186874,2026-10-03,b472905ea811c145b1827f382975756a66c2ac5dffbe9ad323148bfdea38cdb5
SIDM01148,osimertinib,IC50,12578.298654051729,nM,GDSC,unknown,data/raw/gdsc_drug_response.csv,186875,2026-10-03,b472905ea811c145b1827f382975756a66c2ac5dffbe9ad323148bfdea38cdb5
SIDM01101,osimertinib,IC50,41382.041229850256,nM,GDSC,unknown,data/raw/gdsc_drug_response.csv,186876,2026-10-03,b472905ea811c145b1827f382975756a66c2ac5dffbe9ad323148bfdea38cdb5
SIDM00649,osimertinib,IC50,45478.46876500901,nM,GDSC,unknown,data/raw/gdsc_drug_response.csv,186877,2026-10-03,b472905ea811c145b1827f382975756a66c2ac5dffbe9ad323148bfdea38cdb5
SIDM00708,osimertinib,IC50,30308.342359006518,nM,GDSC,unknown,data/raw/gdsc_drug_response.csv,186878,2026-10-03,b472905ea811c145b1827f382975756a66c2ac5dffbe9ad323148bfdea38cdb5
SIDM01182,osimertinib,IC50,17389.055255375373,nM,GDSC,unknown,data/raw/gdsc_drug_response.csv,186879,2026-10-03,b472905ea811c145b1827f382975756a66c2ac5dffbe9ad323148bfdea38cdb5
SIDM01174,osimertinib,IC50,26982.83707512163,nM,GDSC,unknown,data/raw/gdsc_drug_response.csv,186880,2026-10-03,b472905ea811c145b1827f382975756a66c2ac5dffbe9ad323148bfdea38cdb5
SIDM01119,osimertinib,IC50,51443.90547668367,nM,GDSC,unknown,data/raw/gdsc_drug_response.csv,186881,2026-10-03,b472905ea811c145b1827f382975756a66c2ac5dffbe9ad323148bfdea38cdb5
SIDM00921,osimertinib,IC50,32511.374086431028,nM,GDSC,unknown,data/raw/gdsc_drug_response.csv,186882,2026-10-03,b472905ea811c145b1827f382975756a66c2ac5dffbe9ad323148bfdea38cdb5
SIDM00547,osimertinib,IC50,27937.280066423,nM,GDSC,unknown,data/raw/gdsc_drug_response.csv,186883,2026-10-03,b472905ea811c145b1827f382975756a66c2ac5dffbe9ad323148bfdea38cdb5
SIDM00645,osimertinib,IC50,25234.043112185787,nM,GDSC,unknown,data/raw/gdsc_drug_response.csv,186884,2026-10-03,b472905ea811c145b1827f382975756a66c2ac5dffbe9ad323148bfdea38cdb5
SIDM00771,osimertinib,IC50,8967.168832535197,nM,GDSC,unknown,data/raw/gdsc_drug_response.csv,186885,2026-10-03,b472905ea811c145b1827f382975756a66c2ac5dffbe9ad323148bfdea38cdb5
SIDM00669,osimertinib,IC50,16800.573118100714,nM,GDSC,unknown,data/raw/gdsc_drug_response.csv,186886,2026-10-03,b472905ea811c145b1827f382975756a66c2ac5dffbe9ad323148bfdea38cdb5
SIDM00505,osimertinib,IC50,7474.117110550449,nM,GDSC,unknown,data/raw/gdsc_drug_response.csv,186887,2026-10-03,b472905ea811c145b1827f382975756a66c2ac5dffbe9ad323148bfdea38cdb5
SIDM01078,osimertinib,IC50,6354.473162842718,nM,GDSC,unknown,data/raw/gdsc_drug_response.csv,186888,2026-10-03,b472905ea811c145b1827f382975756a66c2ac5dffbe9ad323148bfdea38cdb5
SIDM00756,osimertinib,IC50,10737.82978256909,nM,GDSC,unknown,data/raw/gdsc_drug_response.csv,186889,2026-10-03,b472905ea811c145b1827f382975756a66c2ac5dffbe9ad323148bfdea38cdb5
SIDM00728,osimertinib,IC50,6114.5978349393545,nM,GDSC,unknown,data/raw/gdsc_drug_response.csv,186890,2026-10-03,b472905ea811c145b1827f382975756a66c2ac5dffbe9ad323148bfdea38cdb5
SIDM01163,osimertinib,IC50,100482.0394914036,nM,GDSC,unknown,data/raw/gdsc_drug_response.csv,186891,2026-10-03,b472905ea811c145b1827f382975756a66c2ac5dffbe9ad323148bfdea38cdb5
SIDM00347,osimertinib,IC50,5900.983311552835,nM,GDSC,unknown,data/raw/gdsc_drug_response.csv,186892,2026-10-03,b472905ea811c145b1827f382975756a66c2ac5dffbe9ad323148bfdea38cdb5
SIDM00872,osimertinib,IC50,3123.324564330506,nM,GDSC,unknown,data/raw/gdsc_drug_response.csv,186893,2026-10-03,b472905ea811c145b1827f382975756a66c2ac5dffbe9ad323148bfdea38cdb5
SIDM00866,osimertinib,IC50,2850.9121622411894,nM,GDSC,unknown,data/raw/gdsc_drug_response.csv,186894,2026-10-03,b472905ea811c145b1827f382975756a66c2ac5dffbe9ad323148bfdea38cdb5
SIDM00885,osimertinib,IC50,6287.999653362029,nM,GDSC,unknown,data/raw/gdsc_drug_response.csv,186895,2026-10-03,b472905ea811c145b1827f382975756a66c2ac5dffbe9ad323148bfdea38cdb5
SIDM00884,osimertinib,IC50,13562.505000485471,nM,GDSC,unknown,data/raw/gdsc_drug_response.csv,186896,2026-10-03,b472905ea811c145b1827f382975756a66c2ac5dffbe9ad323148bfdea38cdb5
SIDM00877,osimertinib,IC50,7116.136843393421,nM,GDSC,unknown,data/raw/gdsc_drug_response.csv,186897,2026-10-03,b472905ea811c145b1827f382975756a66c2ac5dffbe9ad323148bfdea38cdb5
SIDM00874,osimertinib,IC50,4090.7691147822743,nM,GDSC,unknown,data/raw/gdsc_drug_response.csv,186898,2026-10-03,b472905ea811c145b1827f382975756a66c2ac5dffbe9ad323148bfdea38cdb5
SIDM00774,osimertinib,IC50,1605.8560839161946,nM,GDSC,unknown,data/raw/gdsc_drug_response.csv,186899,2026-10-03,b472905ea811c145b1827f382975756a66c2ac5dffbe9ad323148bfdea38cdb5
SIDM00772,osimertinib,IC50,132.89113762814904,nM,GDSC,unknown,data/raw/gdsc_drug_response.csv,186900,2026-10-03,b472905ea811c145b1827f382975756a66c2ac5dffbe9ad323148bfdea38cdb5
SIDM00675,osimertinib,IC50,19257.257448597225,nM,GDSC,unknown,data/raw/gdsc_drug_response.csv,186901,2026-10-03,b472905ea811c145b1827f382975756a66c2ac5dffbe9ad323148bfdea38cdb5
SIDM00172,osimertinib,IC50,448.87716647163836,nM,GDSC,unknown,data/raw/gdsc_drug_response.csv,186902,2026-10-03,b472905ea811c145b1827f382975756a66c2ac5dffbe9ad323148bfdea38cdb5
SIDM00174,osimertinib,IC50,5686.443450072392,nM,GDSC,unknown,data/raw/gdsc_drug_response.csv,186903,2026-10-03,b472905ea811c145b1827f382975756a66c2ac5dffbe9ad323148bfdea38cdb5
SIDM00191,osimertinib,IC50,5953.91508112338,nM,GDSC,unknown,data/raw/gdsc_drug_response.csv,186904,2026-10-03,b472905ea811c145b1827f382975756a66c2ac5dffbe9ad323148bfdea38cdb5
SIDM00990,osimertinib,IC50,3316.0754820616567,nM,GDSC,unknown,data/raw/gdsc_drug_response.csv,186905,2026-10-03,b472905ea811c145b1827f382975756a66c2ac5dffbe9ad323148bfdea38cdb5
SIDM00986,osimertinib,IC50,2198.017900625709,nM,GDSC,unknown,data/raw/gdsc_drug_response.csv,186906,2026-10-03,b472905ea811c145b1827f382975756a66c2ac5dffbe9ad323148bfdea38cdb5
SIDM00489,osimertinib,IC50,969.2031887117871,nM,GDSC,unknown,data/raw/gdsc_drug_response.csv,186907,2026-10-03,b472905ea811c145b1827f382975756a66c2ac5dffbe9ad323148bfdea38cdb5
SIDM00961,osimertinib,IC50,4054.5592958642533,nM,GDSC,unknown,data/raw/gdsc_drug_response.csv,186908,2026-10-03,b472905ea811c145b1827f382975756a66c2ac5dffbe9ad323148bfdea38cdb5
SIDM00939,osimertinib,IC50,1307.8754149638564,nM,GDSC,unknown,data/raw/gdsc_drug_response.csv,186909,2026-10-03,b472905ea811c145b1827f382975756a66c2ac5dffbe9ad323148bfdea38cdb5
SIDM00942,osimertinib,IC50,1614.7061667037642,nM,GDSC,unknown,data/raw/gdsc_drug_response.csv,186910,2026-10-03,b472905ea811c145b1827f382975756a66c2ac5dffbe9ad323148bfdea38cdb5
SIDM00175,osimertinib,IC50,6739.19849367127,nM,GDSC,unknown,data/raw/gdsc_drug_response.csv,186911,2026-10-03,b472905ea811c145b1827f382975756a66c2ac5dffbe9ad323148bfdea38cdb5
SIDM00190,osimertinib,IC50,21460.37046283083,nM,GDSC,unknown,data/raw/gdsc_drug_response.csv,186912,2026-10-03,b472905ea811c145b1827f382975756a66c2ac5dffbe9ad323148bfdea38cdb5
SIDM00953,osimertinib,IC50,5357.454738072519,nM,GDSC,unknown,data/raw/gdsc_drug_response.csv,186913,2026-10-03,b472905ea811c145b1827f382975756a66c2ac5dffbe9ad323148bfdea38cdb5
SIDM00951,osimertinib,IC50,1630.211889616523,nM,GDSC,unknown,data/raw/gdsc_drug_response.csv,186914,2026-10-03,b472905ea811c145b1827f382975756a66c2ac5dffbe9ad323148bfdea38cdb5
SIDM00207,osimertinib,IC50,6094.148204448042,nM,GDSC,unknown,data/raw/gdsc_drug_response.csv,186915,2026-10-03,b472905ea811c145b1827f382975756a66c2ac5dffbe9ad323148bfdea38cdb5
SIDM00524,osimertinib,IC50,20480.495618488552,nM,GDSC,unknown,data/raw/gdsc_drug_response.csv,186916,2026-10-03,b472905ea811c145b1827f382975756a66c2ac5dffbe9ad323148bfdea38cdb5
SIDM00970,osimertinib,IC50,233.07173436229328,nM,GDSC,unknown,data/raw/gdsc_drug_response.csv,186917,2026-10-03,b472905ea811c145b1827f382975756a66c2ac5dffbe9ad323148bfdea38cdb5
SIDM00486,osimertinib,IC50,3227.4617745598393,nM,GDSC,unknown,data/raw/gdsc_drug_response.csv,186918,2026-10-03,b472905ea811c145b1827f382975756a66c2ac5dffbe9ad323148bfdea38cdb5
SIDM00278,osimertinib,IC50,298.588472434205,nM,GDSC,unknown,data/raw/gdsc_drug_response.csv,186919,2026-10-03,b472905ea811c145b1827f382975756a66c2ac5dffbe9ad323148bfdea38cdb5
SIDM01044,osimertinib,IC50,2115.4594014525405,nM,GDSC,unknown,data/raw/gdsc_drug_response.csv,186920,2026-10-03,b472905ea811c145b1827f382975756a66c2ac5dffbe9ad323148bfdea38cdb5
SIDM00188,osimertinib,IC50,4201.892419996519,nM,GDSC,unknown,data/raw/gdsc_drug_response.csv,186921,2026-10-03,b472905ea811c145b1827f382975756a66c2ac5dffbe9ad323148bfdea38cdb5
SIDM00052,osimertinib,IC50,12655.982142076424,nM,GDSC,unknown,data/raw/gdsc_drug_response.csv,186922,2026-10-03,b472905ea811c145b1827f382975756a66c2ac5dffbe9ad323148bfdea38cdb5
SIDM00591,osimertinib,IC50,611.7350592038139,nM,GDSC,unknown,data/raw/gdsc_drug_response.csv,186923,2026-10-03,b472905ea811c145b1827f382975756a66c2ac5dffbe9ad323148bfdea38cdb5
SIDM00590,osimertinib,IC50,1694.7343451090871,nM,GDSC,unknown,data/raw/gdsc_drug_response.csv,186924,2026-10-03,b472905ea811c145b1827f382975756a66c2ac5dffbe9ad323148bfdea38cdb5
SIDM00632,osimertinib,IC50,4964.581480567038,nM,GDSC,unknown,data/raw/gdsc_drug_response.csv,186925,2026-10-03,b472905ea811c145b1827f382975756a66c2ac5dffbe9ad323148bfdea38cdb5
SIDM00223,osimertinib,IC50,2421.4608135188087,nM,GDSC,unknown,data/raw/gdsc_drug_response.csv,186926,2026-10-03,b472905ea811c145b1827f382975756a66c2ac5dffbe9ad323148bfdea38cdb5
SIDM00230,osimertinib,IC50,13536.72009558803,nM,GDSC,unknown,data/raw/gdsc_drug_response.csv,186927,2026-10-03,b472905ea811c145b1827f382975756a66c2ac5dffbe9ad323148bfdea38cdb5
SIDM00693,osimertinib,IC50,10806.880342089087,nM,GDSC,unknown,data/raw/gdsc_drug_response.csv,186928,2026-10-03,b472905ea811c145b1827f382975756a66c2ac5dffbe9ad323148bfdea38cdb5
SIDM00606,osimertinib,IC50,9083.749064839716,nM,GDSC,unknown,data/raw/gdsc_drug_response.csv,186929,2026-10-03,b472905ea811c145b1827f382975756a66c2ac5dffbe9ad323148bfdea38cdb5
SIDM00603,osimertinib,IC50,2171.2803139596003,nM,GDSC,unknown,data/raw/gdsc_drug_response.csv,186930,2026-10-03,b472905ea811c145b1827f382975756a66c2ac5dffbe9ad323148bfdea38cdb5
SIDM00301,osimertinib,IC50,12651.730446401561,nM,GDSC,unknown,data/raw/gdsc_drug_response.csv,186931,2026-10-03,b472905ea811c145b1827f382975756a66c2ac5dffbe9ad323148bfdea38cdb5
SIDM01032,osimertinib,IC50,1328.7584366936787,nM,GDSC,unknown,data/raw/gdsc_drug_response.csv,186932,2026-10-03,b472905ea811c145b1827f382975756a66c2ac5dffbe9ad323148bfdea38cdb5
SIDM01028,osimertinib,IC50,1002.422930563511,nM,GDSC,unknown,data/raw/gdsc_drug_response.csv,186933,2026-10-03,b472905ea811c145b1827f382975756a66c2ac5dffbe9ad323148bfdea38cdb5
SIDM01025,osimertinib,IC50,481.9600751506124,nM,GDSC,unknown,data/raw/gdsc_drug_response.csv,186934,2026-10-03,b472905ea811c145b1827f382975756a66c2ac5dffbe9ad323148bfdea38cdb5
SIDM01024,osimertinib,IC50,8509.804760838899,nM,GDSC,unknown,data/raw/gdsc_drug_response.csv,186935,2026-10-03,b472905ea811c145b1827f382975756a66c2ac5dffbe9ad323148bfdea38cdb5
SIDM00187,osimertinib,IC50,1138.4936169929865,nM,GDSC,unknown,data/raw/gdsc_drug_response.csv,186936,2026-10-03,b472905ea811c145b1827f382975756a66c2ac5dffbe9ad323148bfdea38cdb5
SIDM00186,osimertinib,IC50,4009.2091403105715,nM,GDSC,unknown,data/raw/gdsc_drug_response.csv,186937,2026-10-03,b472905ea811c145b1827f382975756a66c2ac5dffbe9ad323148bfdea38cdb5
SIDM00185,osimertinib,IC50,18225.432340496685,nM,GDSC,unknown,data/raw/gdsc_drug_response.csv,186938,2026-10-03,b472905ea811c145b1827f382975756a66c2ac5dffbe9ad323148bfdea38cdb5
SIDM00184,osimertinib,IC50,5957.589780256539,nM,GDSC,unknown,data/raw/gdsc_drug_response.csv,186939,2026-10-03,b472905ea811c145b1827f382975756a66c2ac5dffbe9ad323148bfdea38cdb5
SIDM00183,osimertinib,IC50,2553.7809844544313,nM,GDSC,unknown,data/raw/gdsc_drug_response.csv,186940,2026-10-03,b472905ea811c145b1827f382975756a66c2ac5dffbe9ad323148bfdea38cdb5
SIDM00182,osimertinib,IC50,5615.092153067065,nM,GDSC,unknown,data/raw/gdsc_drug_response.csv,186941,2026-10-03,b472905ea811c145b1827f382975756a66c2ac5dffbe9ad323148bfdea38cdb5
SIDM00181,osimertinib,IC50,34887.37444491252,nM,GDSC,unknown,data/raw/gdsc_drug_response.csv,186942,2026-10-03,b472905ea811c145b1827f382975756a66c2ac5dffbe9ad323148bfdea38cdb5
SIDM00180,osimertinib,IC50,860.4059209391716,nM,GDSC,unknown,data/raw/gdsc_drug_response.csv,186943,2026-10-03,b472905ea811c145b1827f382975756a66c2ac5dffbe9ad323148bfdea38cdb5
SIDM00345,osimertinib,IC50,16623.992779252934,nM,GDSC,unknown,data/raw/gdsc_drug_response.csv,186944,2026-10-03,b472905ea811c145b1827f382975756a66c2ac5dffbe9ad323148bfdea38cdb5
SIDM00296,osimertinib,IC50,3728.522341232549,nM,GDSC,unknown,data/raw/gdsc_drug_response.csv,186945,2026-10-03,b472905ea811c145b1827f382975756a66c2ac5dffbe9ad323148bfdea38cdb5
SIDM00292,osimertinib,IC50,50987.678219792,nM,GDSC,unknown,data/raw/gdsc_drug_response.csv,186946,2026-10-03,b472905ea811c145b1827f382975756a66c2ac5dffbe9ad323148bfdea38cdb5
SIDM00339,osimertinib,IC50,10417.072012945828,nM,GDSC,unknown,data/raw/gdsc_drug_response.csv,186947,2026-10-03,b472905ea811c145b1827f382975756a66c2ac5dffbe9ad323148bfdea38cdb5
SIDM00245,osimertinib,IC50,8812.022656208994,nM,GDSC,unknown,data/raw/gdsc_drug_response.csv,186948,2026-10-03,b472905ea811c145b1827f382975756a66c2ac5dffbe9ad323148bfdea38cdb5
SIDM00053,osimertinib,IC50,15629.903962801234,nM,GDSC,unknown,data/raw/gdsc_drug_response.csv,186949,2026-10-03,b472905ea811c145b1827f382975756a66c2ac5dffbe9ad323148bfdea38cdb5
SIDM00516,osimertinib,IC50,7484.812743573523,nM,GDSC,unknown,data/raw/gdsc_drug_response.csv,186950,2026-10-03,b472905ea811c145b1827f382975756a66c2ac5dffbe9ad323148bfdea38cdb5
SIDM00751,osimertinib,IC50,2417.9788372909006,nM,GDSC,unknown,data/raw/gdsc_drug_response.csv,186951,2026-10-03,b472905ea811c145b1827f382975756a66c2ac5dffbe9ad323148bfdea38cdb5
SIDM00493,osimertinib,IC50,338.54914924200983,nM,GDSC,unknown,data/raw/gdsc_drug_response.csv,186952,2026-10-03,b472905ea811c145b1827f382975756a66c2ac5dffbe9ad323148bfdea38cdb5
SIDM00927,osimertinib,IC50,2829.502779700916,nM,GDSC,unknown,data/raw/gdsc_drug_response.csv,186953,2026-10-03,b472905ea811c145b1827f382975756a66c2ac5dffbe9ad323148bfdea38cdb5
SIDM01133,osimertinib,IC50,8627.277620512128,nM,GDSC,unknown,data/raw/gdsc_drug_response.csv,186954,2026-10-03,b472905ea811c145b1827f382975756a66c2ac5dffbe9ad323148bfdea38cdb5
SIDM00237,osimertinib,IC50,36.722523236488875,nM,GDSC,unknown,data/raw/gdsc_drug_response.csv,186955,2026-10-03,b472905ea811c145b1827f382975756a66c2ac5dffbe9ad323148bfdea38cdb5
SIDM00367,osimertinib,IC50,11716.580788635383,nM,GDSC,unknown,data/raw/gdsc_drug_response.csv,186956,2026-10-03,b472905ea811c145b1827f382975756a66c2ac5dffbe9ad323148bfdea38cdb5
SIDM00391,osimertinib,IC50,21303.214993771453,nM,GDSC,unknown,data/raw/gdsc_drug_response.csv,186957,2026-10-03,b472905ea811c145b1827f382975756a66c2ac5dffbe9ad323148bfdea38cdb5
SIDM00417,osimertinib,IC50,10224.041942663962,nM,GDSC,unknown,data/raw/gdsc_drug_response.csv,186958,2026-10-03,b472905ea811c145b1827f382975756a66c2ac5dffbe9ad323148bfdea38cdb5
SIDM01229,osimertinib,IC50,5573.091907400262,nM,GDSC,unknown,data/raw/gdsc_drug_response.csv,186959,2026-10-03,b472905ea811c145b1827f382975756a66c2ac5dffbe9ad323148bfdea38cdb5
SIDM01009,osimertinib,IC50,1339.31996990081,nM,GDSC,unknown,data/raw/gdsc_drug_response.csv,186960,2026-10-03,b472905ea811c145b1827f382975756a66c2ac5dffbe9ad323148bfdea38cdb5
SIDM00395,osimertinib,IC50,2593.501777042643,nM,GDSC,unknown,data/raw/gdsc_drug_response.csv,186961,2026-10-03,b472905ea811c145b1827f382975756a66c2ac5dffbe9ad323148bfdea38cdb5
SIDM00369,osimertinib,IC50,1719.0864224895424,nM,GDSC,unknown,data/raw/gdsc_drug_response.csv,186962,2026-10-03,b472905ea811c145b1827f382975756a66c2ac5dffbe9ad323148bfdea38cdb5
SIDM00349,osimertinib,IC50,2941.5627860393092,nM,GDSC,unknown,data/raw/gdsc_drug_response.csv,186963,2026-10-03,b472905ea811c145b1827f382975756a66c2ac5dffbe9ad323148bfdea38cdb5
SIDM00326,osimertinib,IC50,6412.229330901285,nM,GDSC,unknown,data/raw/gdsc_drug_response.csv,186964,2026-10-03,b472905ea811c145b1827f382975756a66c2ac5dffbe9ad323148bfdea38cdb5
SIDM00934,osimertinib,IC50,8513.626521097483,nM,GDSC,unknown,data/raw/gdsc_drug_response.csv,186965,2026-10-03,b472905ea811c145b1827f382975756a66c2ac5dffbe9ad323148bfdea38cdb5
SIDM00105,osimertinib,IC50,4233.00862881511,nM,GDSC,unknown,data/raw/gdsc_drug_response.csv,186966,2026-10-03,b472905ea811c145b1827f382975756a66c2ac5dffbe9ad323148bfdea38cdb5
SIDM00088,osimertinib,IC50,10709.005253636022,nM,GDSC,unknown,data/raw/gdsc_drug_response.csv,186967,2026-10-03,b472905ea811c145b1827f382975756a66c2ac5dffbe9ad323148bfdea38cdb5
SIDM00120,osimertinib,IC50,11422.453231180201,nM,GDSC,unknown,data/raw/gdsc_drug_response.csv,186968,2026-10-03,b472905ea811c145b1827f382975756a66c2ac5dffbe9ad323148bfdea38cdb5
SIDM00783,osimertinib,IC50,9920.228943377773,nM,GDSC,unknown,data/raw/gdsc_drug_response.csv,186969,2026-10-03,b472905ea811c145b1827f382975756a66c2ac5dffbe9ad323148bfdea38cdb5
SIDM00789,osimertinib,IC50,4627.200307513293,nM,GDSC,unknown,data/raw/gdsc_drug_response.csv,186970,2026-10-03,b472905ea811c145b1827f382975756a66c2ac5dffbe9ad323148bfdea38cdb5
SIDM00829,osimertinib,IC50,2878.5134566340203,nM,GDSC,unknown,data/raw/gdsc_drug_response.csv,186971,2026-10-03,b472905ea811c145b1827f382975756a66c2ac5dffbe9ad323148bfdea38cdb5
SIDM00136,osimertinib,IC50,10038.242006722965,nM,GDSC,unknown,data/raw/gdsc_drug_response.csv,186972,2026-10-03,b472905ea811c145b1827f382975756a66c2ac5dffbe9ad323148bfdea38cdb5
SIDM00791,osimertinib,IC50,7007.177633987058,nM,GDSC,unknown,data/raw/gdsc_drug_response.csv,186973,2026-10-03,b472905ea811c145b1827f382975756a66c2ac5dffbe9ad323148bfdea38cdb5
SIDM00139,osimertinib,IC50,91822.00731538988,nM,GDSC,unknown,data/raw/gdsc_drug_response.csv,186974,2026-10-03,b472905ea811c145b1827f382975756a66c2ac5dffbe9ad323148bfdea38cdb5
SIDM00138,osimertinib,IC50,18961.810826630903,nM,GDSC,unknown,data/raw/gdsc_drug_response.csv,186975,2026-10-03,b472905ea811c145b1827f382975756a66c2ac5dffbe9ad323148bfdea38cdb5
SIDM00144,osimertinib,IC50,4334.719923690085,nM,GDSC,unknown,data/raw/gdsc_drug_response.csv,186976,2026-10-03,b472905ea811c145b1827f382975756a66c2ac5dffbe9ad323148bfdea38cdb5
SIDM00116,osimertinib,IC50,6372.794051342932,nM,GDSC,unknown,data/raw/gdsc_drug_response.csv,186977,2026-10-03,b472905ea811c145b1827f382975756a66c2ac5dffbe9ad323148bfdea38cdb5
SIDM00097,osimertinib,IC50,3204.4677245598464,nM,GDSC,unknown,data/raw/gdsc_drug_response.csv,186978,2026-10-03,b472905ea811c145b1827f382975756a66c2ac5dffbe9ad323148bfdea38cdb5
SIDM00148,osimertinib,IC50,14515.092932924752,nM,GDSC,unknown,data/raw/gdsc_drug_response.csv,186979,2026-10-03,b472905ea811c145b1827f382975756a66c2ac5dffbe9ad323148bfdea38cdb5
SIDM00125,osimertinib,IC50,5850.458299675052,nM,GDSC,unknown,data/raw/gdsc_drug_response.csv,186980,2026-10-03,b472905ea811c145b1827f382975756a66c2ac5dffbe9ad323148bfdea38cdb5
SIDM00124,osimertinib,IC50,5580.8941193534365,nM,GDSC,unknown,data/raw/gdsc_drug_response.csv,186981,2026-10-03,b472905ea811c145b1827f382975756a66c2ac5dffbe9ad323148bfdea38cdb5
SIDM00903,osimertinib,IC50,3363.3752215652285,nM,GDSC,unknown,data/raw/gdsc_drug_response.csv,186982,2026-10-03,b472905ea811c145b1827f382975756a66c2ac5dffbe9ad323148bfdea38cdb5
SIDM00123,osimertinib,IC50,1201.5699579390334,nM,GDSC,unknown,data/raw/gdsc_drug_response.csv,186983,2026-10-03,b472905ea811c145b1827f382975756a66c2ac5dffbe9ad323148bfdea38cdb5
SIDM00122,osimertinib,IC50,10517.830922750867,nM,GDSC,unknown,data/raw/gdsc_drug_response.csv,186984,2026-10-03,b472905ea811c145b1827f382975756a66c2ac5dffbe9ad323148bfdea38cdb5
SIDM00121,osimertinib,IC50,4086.9501201771745,nM,GDSC,unknown,data/raw/gdsc_drug_response.csv,186985,2026-10-03,b472905ea811c145b1827f382975756a66c2ac5dffbe9ad323148bfdea38cdb5
SIDM00081,osimertinib,IC50,13013.10595494996,nM,GDSC,unknown,data/raw/gdsc_drug_response.csv,186986,2026-10-03,b472905ea811c145b1827f382975756a66c2ac5dffbe9ad323148bfdea38cdb5
SIDM00082,osimertinib,IC50,4260.68523230656,nM,GDSC,unknown,data/raw/gdsc_drug_response.csv,186987,2026-10-03,b472905ea811c145b1827f382975756a66c2ac5dffbe9ad323148bfdea38cdb5
SIDM00080,osimertinib,IC50,12472.97121055845,nM,GDSC,unknown,data/raw/gdsc_drug_response.csv,186988,2026-10-03,b472905ea811c145b1827f382975756a66c2ac5dffbe9ad323148bfdea38cdb5
SIDM00135,osimertinib,IC50,25862.21440013611,nM,GDSC,unknown,data/raw/gdsc_drug_response.csv,186989,2026-10-03,b472905ea811c145b1827f382975756a66c2ac5dffbe9ad323148bfdea38cdb5
SIDM00145,osimertinib,IC50,4381.941977562853,nM,GDSC,unknown,data/raw/gdsc_drug_response.csv,186990,2026-10-03,b472905ea811c145b1827f382975756a66c2ac5dffbe9ad323148bfdea38cdb5
SIDM00079,osimertinib,IC50,1721.5895137915945,nM,GDSC,unknown,data/raw/gdsc_drug_response.csv,186991,2026-10-03,b472905ea811c145b1827f382975756a66c2ac5dffbe9ad323148bfdea38cdb5
SIDM00146,osimertinib,IC50,11212.004111412654,nM,GDSC,unknown,data/raw/gdsc_drug_response.csv,186992,2026-10-03,b472905ea811c145b1827f382975756a66c2ac5dffbe9ad323148bfdea38cdb5
SIDM00826,osimertinib,IC50,11786.96193695733,nM,GDSC,unknown,data/raw/gdsc_drug_response.csv,186993,2026-10-03,b472905ea811c145b1827f382975756a66c2ac5dffbe9ad323148bfdea38cdb5
SIDM00841,osimertinib,IC50,45815.387210903325,nM,GDSC,unknown,data/raw/gdsc_drug_response.csv,186994,2026-10-03,b472905ea811c145b1827f382975756a66c2ac5dffbe9ad323148bfdea38cdb5
SIDM00941,osimertinib,IC50,934.5192995741401,nM,GDSC,unknown,data/raw/gdsc_drug_response.csv,186995,2026-10-03,b472905ea811c145b1827f382975756a66c2ac5dffbe9ad323148bfdea38cdb5
SIDM00087,osimertinib,IC50,3430.5753924164537,nM,GDSC,unknown,data/raw/gdsc_drug_response.csv,186996,2026-10-03,b472905ea811c145b1827f382975756a66c2ac5dffbe9ad323148bfdea38cdb5
SIDM00096,osimertinib,IC50,490.0724704185738,nM,GDSC,unknown,data/raw/gdsc_drug_response.csv,186997,2026-10-03,b472905ea811c145b1827f382975756a66c2ac5dffbe9ad323148bfdea38cdb5
SIDM00117,osimertinib,IC50,251.38440936590246,nM,GDSC,unknown,data/raw/gdsc_drug_response.csv,186998,2026-10-03,b472905ea811c145b1827f382975756a66c2ac5dffbe9ad323148bfdea38cdb5
SIDM00151,osimertinib,IC50,561.7181878280087,nM,GDSC,unknown,data/raw/gdsc_drug_response.csv,186999,2026-10-03,b472905ea811c145b1827f382975756a66c2ac5dffbe9ad323148bfdea38cdb5
SIDM00091,osimertinib,IC50,58342.91914762516,nM,GDSC,unknown,data/raw/gdsc_drug_response.csv,187000,2026-10-03,b472905ea811c145b1827f382975756a66c2ac5dffbe9ad323148bfdea38cdb5
SIDM00119,osimertinib,IC50,3205.7177107038797,nM,GDSC,unknown,data/raw/gdsc_drug_response.csv,187001,2026-10-03,b472905ea811c145b1827f382975756a66c2ac5dffbe9ad323148bfdea38cdb5
SIDM00118,osimertinib,IC50,6639.2566040547845,nM,GDSC,unknown,data/raw/gdsc_drug_response.csv,187002,2026-10-03,b472905ea811c145b1827f382975756a66c2ac5dffbe9ad323148bfdea38cdb5
SIDM00133,osimertinib,IC50,15520.643864356613,nM,GDSC,unknown,data/raw/gdsc_drug_response.csv,187003,2026-10-03,b472905ea811c145b1827f382975756a66c2ac5dffbe9ad323148bfdea38cdb5
SIDM00134,osimertinib,IC50,25615.20191382109,nM,GDSC,unknown,data/raw/gdsc_drug_response.csv,187004,2026-10-03,b472905ea811c145b1827f382975756a66c2ac5dffbe9ad323148bfdea38cdb5
SIDM00149,osimertinib,IC50,16927.27116920882,nM,GDSC,unknown,data/raw/gdsc_drug_response.csv,187005,2026-10-03,b472905ea811c145b1827f382975756a66c2ac5dffbe9ad323148bfdea38cdb5
SIDM00003,osimertinib,IC50,9045.912516053606,nM,GDSC,unknown,data/raw/gdsc_drug_response.csv,187006,2026-10-03,b472905ea811c145b1827f382975756a66c2ac5dffbe9ad323148bfdea38cdb5
SIDM00107,osimertinib,IC50,10939.345840446025,nM,GDSC,unknown,data/raw/gdsc_drug_response.csv,187007,2026-10-03,b472905ea811c145b1827f382975756a66c2ac5dffbe9ad323148bfdea38cdb5
SIDM00108,osimertinib,IC50,31767.85724036267,nM,GDSC,unknown,data/raw/gdsc_drug_response.csv,187008,2026-10-03,b472905ea811c145b1827f382975756a66c2ac5dffbe9ad323148bfdea38cdb5
SIDM00086,osimertinib,IC50,14576.184525783423,nM,GDSC,unknown,data/raw/gdsc_drug_response.csv,187009,2026-10-03,b472905ea811c145b1827f382975756a66c2ac5dffbe9ad323148bfdea38cdb5
SIDM00094,osimertinib,IC50,8936.812661001404,nM,GDSC,unknown,data/raw/gdsc_drug_response.csv,187010,2026-10-03,b472905ea811c145b1827f382975756a66c2ac5dffbe9ad323148bfdea38cdb5
SIDM00113,osimertinib,IC50,8803.796069462149,nM,GDSC,unknown,data/raw/gdsc_drug_response.csv,187011,2026-10-03,b472905ea811c145b1827f382975756a66c2ac5dffbe9ad323148bfdea38cdb5
SIDM00112,osimertinib,IC50,1338.8606619269544,nM,GDSC,unknown,data/raw/gdsc_drug_response.csv,187012,2026-10-03,b472905ea811c145b1827f382975756a66c2ac5dffbe9ad323148bfdea38cdb5
SIDM00095,osimertinib,IC50,4700.721464402572,nM,GDSC,unknown,data/raw/gdsc_drug_response.csv,187013,2026-10-03,b472905ea811c145b1827f382975756a66c2ac5dffbe9ad323148bfdea38cdb5
SIDM00111,osimertinib,IC50,17147.83625906145,nM,GDSC,unknown,data/raw/gdsc_drug_response.csv,187014,2026-10-03,b472905ea811c145b1827f382975756a66c2ac5dffbe9ad323148bfdea38cdb5
SIDM00083,osimertinib,IC50,4626.524785582697,nM,GDSC,unknown,data/raw/gdsc_drug_response.csv,187015,2026-10-03,b472905ea811c145b1827f382975756a66c2ac5dffbe9ad323148bfdea38cdb5
SIDM00084,osimertinib,IC50,5025.696242155363,nM,GDSC,unknown,data/raw/gdsc_drug_response.csv,187016,2026-10-03,b472905ea811c145b1827f382975756a66c2ac5dffbe9ad323148bfdea38cdb5
SIDM00085,osimertinib,IC50,23664.735820602495,nM,GDSC,unknown,data/raw/gdsc_drug_response.csv,187017,2026-10-03,b472905ea811c145b1827f382975756a66c2ac5dffbe9ad323148bfdea38cdb5
SIDM00150,osimertinib,IC50,13126.091934149556,nM,GDSC,unknown,data/raw/gdsc_drug_response.csv,187018,2026-10-03,b472905ea811c145b1827f382975756a66c2ac5dffbe9ad323148bfdea38cdb5
SIDM00092,osimertinib,IC50,9233.13828561096,nM,GDSC,unknown,data/raw/gdsc_drug_response.csv,187019,2026-10-03,b472905ea811c145b1827f382975756a66c2ac5dffbe9ad323148bfdea38cdb5
SIDM00090,osimertinib,IC50,4539.119270717025,nM,GDSC,unknown,data/raw/gdsc_drug_response.csv,187020,2026-10-03,b472905ea811c145b1827f382975756a66c2ac5dffbe9ad323148bfdea38cdb5
SIDM00132,osimertinib,IC50,5976.684602975465,nM,GDSC,unknown,data/raw/gdsc_drug_response.csv,187021,2026-10-03,b472905ea811c145b1827f382975756a66c2ac5dffbe9ad323148bfdea38cdb5
SIDM00984,osimertinib,IC50,2148.7429570216036,nM,GDSC,unknown,data/raw/gdsc_drug_response.csv,187022,2026-10-03,b472905ea811c145b1827f382975756a66c2ac5dffbe9ad323148bfdea38cdb5
SIDM00987,osimertinib,IC50,10646.125253582299,nM,GDSC,unknown,data/raw/gdsc_drug_response.csv,187023,2026-10-03,b472905ea811c145b1827f382975756a66c2ac5dffbe9ad323148bfdea38cdb5
SIDM00490,osimertinib,IC50,11648.36701732202,nM,GDSC,unknown,data/raw/gdsc_drug_response.csv,187024,2026-10-03,b472905ea811c145b1827f382975756a66c2ac5dffbe9ad323148bfdea38cdb5
SIDM01245,osimertinib,IC50,2676.310053256919,nM,GDSC,unknown,data/raw/gdsc_drug_response.csv,187025,2026-10-03,b472905ea811c145b1827f382975756a66c2ac5dffbe9ad323148bfdea38cdb5
SIDM00900,osimertinib,IC50,9615.900207661747,nM,GDSC,unknown,data/raw/gdsc_drug_response.csv,187026,2026-10-03,b472905ea811c145b1827f382975756a66c2ac5dffbe9ad323148bfdea38cdb5
SIDM00850,osimertinib,IC50,15414.921979670416,nM,GDSC,unknown,data/raw/gdsc_drug_response.csv,187027,2026-10-03,b472905ea811c145b1827f382975756a66c2ac5dffbe9ad323148bfdea38cdb5
SIDM00494,osimertinib,IC50,17141.54415782557,nM,GDSC,unknown,data/raw/gdsc_drug_response.csv,187028,2026-10-03,b472905ea811c145b1827f382975756a66c2ac5dffbe9ad323148bfdea38cdb5
SIDM00797,osimertinib,IC50,4879.027903892171,nM,GDSC,unknown,data/raw/gdsc_drug_response.csv,187029,2026-10-03,b472905ea811c145b1827f382975756a66c2ac5dffbe9ad323148bfdea38cdb5
SIDM00795,osimertinib,IC50,9078.627274847691,nM,GDSC,unknown,data/raw/gdsc_drug_response.csv,187030,2026-10-03,b472905ea811c145b1827f382975756a66c2ac5dffbe9ad323148bfdea38cdb5
SIDM00796,osimertinib,IC50,7471.98729068769,nM,GDSC,unknown,data/raw/gdsc_drug_response.csv,187031,2026-10-03,b472905ea811c145b1827f382975756a66c2ac5dffbe9ad323148bfdea38cdb5
SIDM00997,osimertinib,IC50,14267.525347253162,nM,GDSC,unknown,data/raw/gdsc_drug_response.csv,187032,2026-10-03,b472905ea811c145b1827f382975756a66c2ac5dffbe9ad323148bfdea38cdb5
SIDM00983,osimertinib,IC50,7896.653009373068,nM,GDSC,unknown,data/raw/gdsc_drug_response.csv,187033,2026-10-03,b472905ea811c145b1827f382975756a66c2ac5dffbe9ad323148bfdea38cdb5
SIDM00999,osimertinib,IC50,7608.256201864319,nM,GDSC,unknown,data/raw/gdsc_drug_response.csv,187034,2026-10-03,b472905ea811c145b1827f382975756a66c2ac5dffbe9ad323148bfdea38cdb5
SIDM01076,osimertinib,IC50,1504.270405111657,nM,GDSC,unknown,data/raw/gdsc_drug_response.csv,187035,2026-10-03,b472905ea811c145b1827f382975756a66c2ac5dffbe9ad323148bfdea38cdb5
SIDM00893,osimertinib,IC50,13986.086303932769,nM,GDSC,unknown,data/raw/gdsc_drug_response.csv,187036,2026-10-03,b472905ea811c145b1827f382975756a66c2ac5dffbe9ad323148bfdea38cdb5
SIDM00210,osimertinib,IC50,1510.4505744623991,nM,GDSC,unknown,data/raw/gdsc_drug_response.csv,187037,2026-10-03,b472905ea811c145b1827f382975756a66c2ac5dffbe9ad323148bfdea38cdb5
SIDM00513,osimertinib,IC50,250.89544008692582,nM,GDSC,unknown,data/raw/gdsc_drug_response.csv,187038,2026-10-03,b472905ea811c145b1827f382975756a66c2ac5dffbe9ad323148bfdea38cdb5
SIDM00952,osimertinib,IC50,10577.044081369106,nM,GDSC,unknown,data/raw/gdsc_drug_response.csv,187039,2026-10-03,b472905ea811c145b1827f382975756a66c2ac5dffbe9ad323148bfdea38cdb5
SIDM00506,osimertinib,IC50,3334.384151178133,nM,GDSC,unknown,data/raw/gdsc_drug_response.csv,187040,2026-10-03,b472905ea811c145b1827f382975756a66c2ac5dffbe9ad323148bfdea38cdb5
SIDM00954,osimertinib,IC50,2114.8290884722064,nM,GDSC,unknown,data/raw/gdsc_drug_response.csv,187041,2026-10-03,b472905ea811c145b1827f382975756a66c2ac5dffbe9ad323148bfdea38cdb5
SIDM00515,osimertinib,IC50,16194.537596867218,nM,GDSC,unknown,data/raw/gdsc_drug_response.csv,187042,2026-10-03,b472905ea811c145b1827f382975756a66c2ac5dffbe9ad323148bfdea38cdb5
SIDM00140,osimertinib,IC50,14414.620442329486,nM,GDSC,unknown,data/raw/gdsc_drug_response.csv,187043,2026-10-03,b472905ea811c145b1827f382975756a66c2ac5dffbe9ad323148bfdea38cdb5
SIDM00956,osimertinib,IC50,9842.335200176272,nM,GDSC,unknown,data/raw/gdsc_drug_response.csv,187044,2026-10-03,b472905ea811c145b1827f382975756a66c2ac5dffbe9ad323148bfdea38cdb5
SIDM00284,osimertinib,IC50,25780.02584417831,nM,GDSC,unknown,data/raw/gdsc_drug_response.csv,187045,2026-10-03,b472905ea811c145b1827f382975756a66c2ac5dffbe9ad323148bfdea38cdb5
SIDM00910,osimertinib,IC50,9932.199956553513,nM,GDSC,unknown,data/raw/gdsc_drug_response.csv,187046,2026-10-03,b472905ea811c145b1827f382975756a66c2ac5dffbe9ad323148bfdea38cdb5
SIDM00130,osimertinib,IC50,5354.118083246599,nM,GDSC,unknown,data/raw/gdsc_drug_response.csv,187047,2026-10-03,b472905ea811c145b1827f382975756a66c2ac5dffbe9ad323148bfdea38cdb5
SIDM00923,osimertinib,IC50,1114.1970377867167,nM,GDSC,unknown,data/raw/gdsc_drug_response.csv,187048,2026-10-03,b472905ea811c145b1827f382975756a66c2ac5dffbe9ad323148bfdea38cdb5
SIDM00919,osimertinib,IC50,15050.572043388256,nM,GDSC,unknown,data/raw/gdsc_drug_response.csv,187049,2026-10-03,b472905ea811c145b1827f382975756a66c2ac5dffbe9ad323148bfdea38cdb5
SIDM00940,osimertinib,IC50,95858.29430807513,nM,GDSC,unknown,data/raw/gdsc_drug_response.csv,187050,2026-10-03,b472905ea811c145b1827f382975756a66c2ac5dffbe9ad323148bfdea38cdb5
SIDM00930,osimertinib,IC50,6467.295403368962,nM,GDSC,unknown,data/raw/gdsc_drug_response.csv,187051,2026-10-03,b472905ea811c145b1827f382975756a66c2ac5dffbe9ad323148bfdea38cdb5
SIDM00931,osimertinib,IC50,6757.756795498284,nM,GDSC,unknown,data/raw/gdsc_drug_response.csv,187052,2026-10-03,b472905ea811c145b1827f382975756a66c2ac5dffbe9ad323148bfdea38cdb5
SIDM00890,osimertinib,IC50,11183.092058319919,nM,GDSC,unknown,data/raw/gdsc_drug_response.csv,187053,2026-10-03,b472905ea811c145b1827f382975756a66c2ac5dffbe9ad323148bfdea38cdb5
SIDM00845,osimertinib,IC50,2966.24249905189,nM,GDSC,unknown,data/raw/gdsc_drug_response.csv,187054,2026-10-03,b472905ea811c145b1827f382975756a66c2ac5dffbe9ad323148bfdea38cdb5
SIDM00886,osimertinib,IC50,5285.049577114701,nM,GDSC,unknown,data/raw/gdsc_drug_response.csv,187055,2026-10-03,b472905ea811c145b1827f382975756a66c2ac5dffbe9ad323148bfdea38cdb5
SIDM00887,osimertinib,IC50,11087.817687640429,nM,GDSC,unknown,data/raw/gdsc_drug_response.csv,187056,2026-10-03,b472905ea811c145b1827f382975756a66c2ac5dffbe9ad323148bfdea38cdb5
SIDM00888,osimertinib,IC50,1488.2486113869577,nM,GDSC,unknown,data/raw/gdsc_drug_response.csv,187057,2026-10-03,b472905ea811c145b1827f382975756a66c2ac5dffbe9ad323148bfdea38cdb5
SIDM00867,osimertinib,IC50,23760.748582604177,nM,GDSC,unknown,data/raw/gdsc_drug_response.csv,187058,2026-10-03,b472905ea811c145b1827f382975756a66c2ac5dffbe9ad323148bfdea38cdb5
SIDM00949,osimertinib,IC50,907.4770521952852,nM,GDSC,unknown,data/raw/gdsc_drug_response.csv,187059,2026-10-03,b472905ea811c145b1827f382975756a66c2ac5dffbe9ad323148bfdea38cdb5
SIDM00831,osimertinib,IC50,1743.4240074887825,nM,GDSC,unknown,data/raw/gdsc_drug_response.csv,187060,2026-10-03,b472905ea811c145b1827f382975756a66c2ac5dffbe9ad323148bfdea38cdb5
SIDM00948,osimertinib,IC50,9575.780058509528,nM,GDSC,unknown,data/raw/gdsc_drug_response.csv,187061,2026-10-03,b472905ea811c145b1827f382975756a66c2ac5dffbe9ad323148bfdea38cdb5
SIDM00947,osimertinib,IC50,3716.3499858242903,nM,GDSC,unknown,data/raw/gdsc_drug_response.csv,187062,2026-10-03,b472905ea811c145b1827f382975756a66c2ac5dffbe9ad323148bfdea38cdb5
SIDM00281,osimertinib,IC50,5488.8787517017745,nM,GDSC,unknown,data/raw/gdsc_drug_response.csv,187063,2026-10-03,b472905ea811c145b1827f382975756a66c2ac5dffbe9ad323148bfdea38cdb5
SIDM00981,osimertinib,IC50,2883.134297141834,nM,GDSC,unknown,data/raw/gdsc_drug_response.csv,187064,2026-10-03,b472905ea811c145b1827f382975756a66c2ac5dffbe9ad323148bfdea38cdb5
SIDM00864,osimertinib,IC50,2503.9688172865813,nM,GDSC,unknown,data/raw/gdsc_drug_response.csv,187065,2026-10-03,b472905ea811c145b1827f382975756a66c2ac5dffbe9ad323148bfdea38cdb5
SIDM01001,osimertinib,IC50,1736.6708918130616,nM,GDSC,unknown,data/raw/gdsc_drug_response.csv,187066,2026-10-03,b472905ea811c145b1827f382975756a66c2ac5dffbe9ad323148bfdea38cdb5
SIDM00863,osimertinib,IC50,7713.168014480215,nM,GDSC,unknown,data/raw/gdsc_drug_response.csv,187067,2026-10-03,b472905ea811c145b1827f382975756a66c2ac5dffbe9ad323148bfdea38cdb5
SIDM00793,osimertinib,IC50,2640.39360804166,nM,GDSC,unknown,data/raw/gdsc_drug_response.csv,187068,2026-10-03,b472905ea811c145b1827f382975756a66c2ac5dffbe9ad323148bfdea38cdb5
SIDM00280,osimertinib,IC50,3341.9985623614684,nM,GDSC,unknown,data/raw/gdsc_drug_response.csv,187069,2026-10-03,b472905ea811c145b1827f382975756a66c2ac5dffbe9ad323148bfdea38cdb5
SIDM00279,osimertinib,IC50,3627.174606891852,nM,GDSC,unknown,data/raw/gdsc_drug_response.csv,187070,2026-10-03,b472905ea811c145b1827f382975756a66c2ac5dffbe9ad323148bfdea38cdb5
SIDM01056,osimertinib,IC50,5191.392678468658,nM,GDSC,unknown,data/raw/gdsc_drug_response.csv,187071,2026-10-03,b472905ea811c145b1827f382975756a66c2ac5dffbe9ad323148bfdea38cdb5
SIDM01051,osimertinib,IC50,1831.9848562890397,nM,GDSC,unknown,data/raw/gdsc_drug_response.csv,187072,2026-10-03,b472905ea811c145b1827f382975756a66c2ac5dffbe9ad323148bfdea38cdb5
SIDM01047,osimertinib,IC50,3351.215111765486,nM,GDSC,unknown,data/raw/gdsc_drug_response.csv,187073,2026-10-03,b472905ea811c145b1827f382975756a66c2ac5dffbe9ad323148bfdea38cdb5
SIDM00277,osimertinib,IC50,980.0781162843475,nM,GDSC,unknown,data/raw/gdsc_drug_response.csv,187074,2026-10-03,b472905ea811c145b1827f382975756a66c2ac5dffbe9ad323148bfdea38cdb5
SIDM00276,osimertinib,IC50,1398.1542864644339,nM,GDSC,unknown,data/raw/gdsc_drug_response.csv,187075,2026-10-03,b472905ea811c145b1827f382975756a66c2ac5dffbe9ad323148bfdea38cdb5
SIDM01042,osimertinib,IC50,8130.407131653248,nM,GDSC,unknown,data/raw/gdsc_drug_response.csv,187076,2026-10-03,b472905ea811c145b1827f382975756a66c2ac5dffbe9ad323148bfdea38cdb5
SIDM00860,osimertinib,IC50,603.0205519499622,nM,GDSC,unknown,data/raw/gdsc_drug_response.csv,187077,2026-10-03,b472905ea811c145b1827f382975756a66c2ac5dffbe9ad323148bfdea38cdb5
SIDM00213,osimertinib,IC50,12065.655158423746,nM,GDSC,unknown,data/raw/gdsc_drug_response.csv,187078,2026-10-03,b472905ea811c145b1827f382975756a66c2ac5dffbe9ad323148bfdea38cdb5
SIDM00857,osimertinib,IC50,10066.29787391421,nM,GDSC,unknown,data/raw/gdsc_drug_response.csv,187079,2026-10-03,b472905ea811c145b1827f382975756a66c2ac5dffbe9ad323148bfdea38cdb5
SIDM01055,osimertinib,IC50,30398.431144753253,nM,GDSC,unknown,data/raw/gdsc_drug_response.csv,187080,2026-10-03,b472905ea811c145b1827f382975756a66c2ac5dffbe9ad323148bfdea38cdb5
SIDM00274,osimertinib,IC50,4292.138098315465,nM,GDSC,unknown,data/raw/gdsc_drug_response.csv,187081,2026-10-03,b472905ea811c145b1827f382975756a66c2ac5dffbe9ad323148bfdea38cdb5
SIDM01057,osimertinib,IC50,674.14571302775,nM,GDSC,unknown,data/raw/gdsc_drug_response.csv,187082,2026-10-03,b472905ea811c145b1827f382975756a66c2ac5dffbe9ad323148bfdea38cdb5
SIDM00273,osimertinib,IC50,9189.513527657948,nM,GDSC,unknown,data/raw/gdsc_drug_response.csv,187083,2026-10-03,b472905ea811c145b1827f382975756a66c2ac5dffbe9ad323148bfdea38cdb5
SIDM00227,osimertinib,IC50,15088.547313681654,nM,GDSC,unknown,data/raw/gdsc_drug_response.csv,187084,2026-10-03,b472905ea811c145b1827f382975756a66c2ac5dffbe9ad323148bfdea38cdb5
SIDM00544,osimertinib,IC50,1299.4199856217913,nM,GDSC,unknown,data/raw/gdsc_drug_response.csv,187085,2026-10-03,b472905ea811c145b1827f382975756a66c2ac5dffbe9ad323148bfdea38cdb5
SIDM01259,osimertinib,IC50,3768.1682196561196,nM,GDSC,unknown,data/raw/gdsc_drug_response.csv,187086,2026-10-03,b472905ea811c145b1827f382975756a66c2ac5dffbe9ad323148bfdea38cdb5
SIDM00853,osimertinib,IC50,12128.35379226084,nM,GDSC,unknown,data/raw/gdsc_drug_response.csv,187087,2026-10-03,b472905ea811c145b1827f382975756a66c2ac5dffbe9ad323148bfdea38cdb5
SIDM01043,osimertinib,IC50,13104.451740527564,nM,GDSC,unknown,data/raw/gdsc_drug_response.csv,187088,2026-10-03,b472905ea811c145b1827f382975756a66c2ac5dffbe9ad323148bfdea38cdb5
SIDM00852,osimertinib,IC50,9138.808354528539,nM,GDSC,unknown,data/raw/gdsc_drug_response.csv,187089,2026-10-03,b472905ea811c145b1827f382975756a66c2ac5dffbe9ad323148bfdea38cdb5
SIDM01251,osimertinib,IC50,2756.0872200948215,nM,GDSC,unknown,data/raw/gdsc_drug_response.csv,187090,2026-10-03,b472905ea811c145b1827f382975756a66c2ac5dffbe9ad323148bfdea38cdb5
SIDM01073,osimertinib,IC50,4639.042559450019,nM,GDSC,unknown,data/raw/gdsc_drug_response.csv,187091,2026-10-03,b472905ea811c145b1827f382975756a66c2ac5dffbe9ad323148bfdea38cdb5
SIDM00882,osimertinib,IC50,901.9546836837809,nM,GDSC,unknown,data/raw/gdsc_drug_response.csv,187092,2026-10-03,b472905ea811c145b1827f382975756a66c2ac5dffbe9ad323148bfdea38cdb5
SIDM00878,osimertinib,IC50,1099.5126102238728,nM,GDSC,unknown,data/raw/gdsc_drug_response.csv,187093,2026-10-03,b472905ea811c145b1827f382975756a66c2ac5dffbe9ad323148bfdea38cdb5
SIDM00875,osimertinib,IC50,947.9381703536931,nM,GDSC,unknown,data/raw/gdsc_drug_response.csv,187094,2026-10-03,b472905ea811c145b1827f382975756a66c2ac5dffbe9ad323148bfdea38cdb5
SIDM00673,osimertinib,IC50,6830.193472170341,nM,GDSC,unknown,data/raw/gdsc_drug_response.csv,187095,2026-10-03,b472905ea811c145b1827f382975756a66c2ac5dffbe9ad323148bfdea38cdb5
SIDM00596,osimertinib,IC50,22023.696779172446,nM,GDSC,unknown,data/raw/gdsc_drug_response.csv,187096,2026-10-03,b472905ea811c145b1827f382975756a66c2ac5dffbe9ad323148bfdea38cdb5
SIDM00594,osimertinib,IC50,5696.853472205813,nM,GDSC,unknown,data/raw/gdsc_drug_response.csv,187097,2026-10-03,b472905ea811c145b1827f382975756a66c2ac5dffbe9ad323148bfdea38cdb5
SIDM00290,osimertinib,IC50,3254.191963037072,nM,GDSC,unknown,data/raw/gdsc_drug_response.csv,187098,2026-10-03,b472905ea811c145b1827f382975756a66c2ac5dffbe9ad323148bfdea38cdb5
SIDM00671,osimertinib,IC50,15374.633868836043,nM,GDSC,unknown,data/raw/gdsc_drug_response.csv,187099,2026-10-03,b472905ea811c145b1827f382975756a66c2ac5dffbe9ad323148bfdea38cdb5
SIDM00064,osimertinib,IC50,4177.575273014489,nM,GDSC,unknown,data/raw/gdsc_drug_response.csv,187100,2026-10-03,b472905ea811c145b1827f382975756a66c2ac5dffbe9ad323148bfdea38cdb5
SIDM00291,osimertinib,IC50,8541.144370050532,nM,GDSC,unknown,data/raw/gdsc_drug_response.csv,187101,2026-10-03,b472905ea811c145b1827f382975756a66c2ac5dffbe9ad323148bfdea38cdb5
SIDM00806,osimertinib,IC50,4001.8069635372162,nM,GDSC,unknown,data/raw/gdsc_drug_response.csv,187102,2026-10-03,b472905ea811c145b1827f382975756a66c2ac5dffbe9ad323148bfdea38cdb5
SIDM00589,osimertinib,IC50,875.0615957143738,nM,GDSC,unknown,data/raw/gdsc_drug_response.csv,187103,2026-10-03,b472905ea811c145b1827f382975756a66c2ac5dffbe9ad323148bfdea38cdb5
SIDM00588,osimertinib,IC50,1673.9950247667607,nM,GDSC,unknown,data/raw/gdsc_drug_response.csv,187104,2026-10-03,b472905ea811c145b1827f382975756a66c2ac5dffbe9ad323148bfdea38cdb5
SIDM00661,osimertinib,IC50,121.28198380386641,nM,GDSC,unknown,data/raw/gdsc_drug_response.csv,187105,2026-10-03,b472905ea811c145b1827f382975756a66c2ac5dffbe9ad323148bfdea38cdb5
SIDM00828,osimertinib,IC50,9895.89475570715,nM,GDSC,unknown,data/raw/gdsc_drug_response.csv,187106,2026-10-03,b472905ea811c145b1827f382975756a66c2ac5dffbe9ad323148bfdea38cdb5
SIDM00676,osimertinib,IC50,2937.1361265947476,nM,GDSC,unknown,data/raw/gdsc_drug_response.csv,187107,2026-10-03,b472905ea811c145b1827f382975756a66c2ac5dffbe9ad323148bfdea38cdb5
SIDM00678,osimertinib,IC50,4329.175031675713,nM,GDSC,unknown,data/raw/gdsc_drug_response.csv,187108,2026-10-03,b472905ea811c145b1827f382975756a66c2ac5dffbe9ad323148bfdea38cdb5
SIDM00695,osimertinib,IC50,21503.592194683635,nM,GDSC,unknown,data/raw/gdsc_drug_response.csv,187109,2026-10-03,b472905ea811c145b1827f382975756a66c2ac5dffbe9ad323148bfdea38cdb5
SIDM00679,osimertinib,IC50,2075.5164203604645,nM,GDSC,unknown,data/raw/gdsc_drug_response.csv,187110,2026-10-03,b472905ea811c145b1827f382975756a66c2ac5dffbe9ad323148bfdea38cdb5
SIDM00587,osimertinib,IC50,3789.321578359496,nM,GDSC,unknown,data/raw/gdsc_drug_response.csv,187111,2026-10-03,b472905ea811c145b1827f382975756a66c2ac5dffbe9ad323148bfdea38cdb5
SIDM00585,osimertinib,IC50,11704.951998562083,nM,GDSC,unknown,data/raw/gdsc_drug_response.csv,187112,2026-10-03,b472905ea811c145b1827f382975756a66c2ac5dffbe9ad323148bfdea38cdb5
SIDM00599,osimertinib,IC50,4102.181888147387,nM,GDSC,unknown,data/raw/gdsc_drug_response.csv,187113,2026-10-03,b472905ea811c145b1827f382975756a66c2ac5dffbe9ad323148bfdea38cdb5
SIDM00694,osimertinib,IC50,2802.9964340742968,nM,GDSC,unknown,data/raw/gdsc_drug_response.csv,187114,2026-10-03,b472905ea811c145b1827f382975756a66c2ac5dffbe9ad323148bfdea38cdb5
SIDM01060,osimertinib,IC50,6923.157834458537,nM,GDSC,unknown,data/raw/gdsc_drug_response.csv,187115,2026-10-03,b472905ea811c145b1827f382975756a66c2ac5dffbe9ad323148bfdea38cdb5
SIDM01206,osimertinib,IC50,2617.7600255162765,nM,GDSC,unknown,data/raw/gdsc_drug_response.csv,187116,2026-10-03,b472905ea811c145b1827f382975756a66c2ac5dffbe9ad323148bfdea38cdb5
SIDM01059,osimertinib,IC50,12770.106373975445,nM,GDSC,unknown,data/raw/gdsc_drug_response.csv,187117,2026-10-03,b472905ea811c145b1827f382975756a66c2ac5dffbe9ad323148bfdea38cdb5
SIDM00225,osimertinib,IC50,10152.2768446312,nM,GDSC,unknown,data/raw/gdsc_drug_response.csv,187118,2026-10-03,b472905ea811c145b1827f382975756a66c2ac5dffbe9ad323148bfdea38cdb5
SIDM00224,osimertinib,IC50,16223.357097658429,nM,GDSC,unknown,data/raw/gdsc_drug_response.csv,187119,2026-10-03,b472905ea811c145b1827f382975756a66c2ac5dffbe9ad323148bfdea38cdb5
SIDM01039,osimertinib,IC50,2506.0880712240228,nM,GDSC,unknown,data/raw/gdsc_drug_response.csv,187120,2026-10-03,b472905ea811c145b1827f382975756a66c2ac5dffbe9ad323148bfdea38cdb5
SIDM01218,osimertinib,IC50,2122.4455814884836,nM,GDSC,unknown,data/raw/gdsc_drug_response.csv,187121,2026-10-03,b472905ea811c145b1827f382975756a66c2ac5dffbe9ad323148bfdea38cdb5
SIDM00808,osimertinib,IC50,3248.9081953211103,nM,GDSC,unknown,data/raw/gdsc_drug_response.csv,187122,2026-10-03,b472905ea811c145b1827f382975756a66c2ac5dffbe9ad323148bfdea38cdb5
SIDM01013,osimertinib,IC50,4801.935184006344,nM,GDSC,unknown,data/raw/gdsc_drug_response.csv,187123,2026-10-03,b472905ea811c145b1827f382975756a66c2ac5dffbe9ad323148bfdea38cdb5
SIDM01012,osimertinib,IC50,3828.0632636175283,nM,GDSC,unknown,data/raw/gdsc_drug_response.csv,187124,2026-10-03,b472905ea811c145b1827f382975756a66c2ac5dffbe9ad323148bfdea38cdb5
SIDM00613,osimertinib,IC50,18667.779194567112,nM,GDSC,unknown,data/raw/gdsc_drug_response.csv,187125,2026-10-03,b472905ea811c145b1827f382975756a66c2ac5dffbe9ad323148bfdea38cdb5
SIDM01007,osimertinib,IC50,8973.708281953821,nM,GDSC,unknown,data/raw/gdsc_drug_response.csv,187126,2026-10-03,b472905ea811c145b1827f382975756a66c2ac5dffbe9ad323148bfdea38cdb5
SIDM01010,osimertinib,IC50,1828.8969032572138,nM,GDSC,unknown,data/raw/gdsc_drug_response.csv,187127,2026-10-03,b472905ea811c145b1827f382975756a66c2ac5dffbe9ad323148bfdea38cdb5
SIDM01008,osimertinib,IC50,5864.029527751711,nM,GDSC,unknown,data/raw/gdsc_drug_response.csv,187128,2026-10-03,b472905ea811c145b1827f382975756a66c2ac5dffbe9ad323148bfdea38cdb5
SIDM01005,osimertinib,IC50,1368.563979556697,nM,GDSC,unknown,data/raw/gdsc_drug_response.csv,187129,2026-10-03,b472905ea811c145b1827f382975756a66c2ac5dffbe9ad323148bfdea38cdb5
SIDM00687,osimertinib,IC50,44990.933873732116,nM,GDSC,unknown,data/raw/gdsc_drug_response.csv,187130,2026-10-03,b472905ea811c145b1827f382975756a66c2ac5dffbe9ad323148bfdea38cdb5
SIDM01003,osimertinib,IC50,1957.276566314473,nM,GDSC,unknown,data/raw/gdsc_drug_response.csv,187131,2026-10-03,b472905ea811c145b1827f382975756a66c2ac5dffbe9ad323148bfdea38cdb5
SIDM00785,osimertinib,IC50,13698.454277378885,nM,GDSC,unknown,data/raw/gdsc_drug_response.csv,187132,2026-10-03,b472905ea811c145b1827f382975756a66c2ac5dffbe9ad323148bfdea38cdb5
SIDM00612,osimertinib,IC50,38630.57262916564,nM,GDSC,unknown,data/raw/gdsc_drug_response.csv,187133,2026-10-03,b472905ea811c145b1827f382975756a66c2ac5dffbe9ad323148bfdea38cdb5
SIDM01019,osimertinib,IC50,4915.915486310645,nM,GDSC,unknown,data/raw/gdsc_drug_response.csv,187134,2026-10-03,b472905ea811c145b1827f382975756a66c2ac5dffbe9ad323148bfdea38cdb5
SIDM01020,osimertinib,IC50,1475.689000929831,nM,GDSC,unknown,data/raw/gdsc_drug_response.csv,187135,2026-10-03,b472905ea811c145b1827f382975756a66c2ac5dffbe9ad323148bfdea38cdb5
SIDM00607,osimertinib,IC50,22768.52272860074,nM,GDSC,unknown,data/raw/gdsc_drug_response.csv,187136,2026-10-03,b472905ea811c145b1827f382975756a66c2ac5dffbe9ad323148bfdea38cdb5
SIDM00533,osimertinib,IC50,15215.033726383339,nM,GDSC,unknown,data/raw/gdsc_drug_response.csv,187137,2026-10-03,b472905ea811c145b1827f382975756a66c2ac5dffbe9ad323148bfdea38cdb5
SIDM00531,osimertinib,IC50,7144.036837600905,nM,GDSC,unknown,data/raw/gdsc_drug_response.csv,187138,2026-10-03,b472905ea811c145b1827f382975756a66c2ac5dffbe9ad323148bfdea38cdb5
SIDM00541,osimertinib,IC50,1634.039222291352,nM,GDSC,unknown,data/raw/gdsc_drug_response.csv,187139,2026-10-03,b472905ea811c145b1827f382975756a66c2ac5dffbe9ad323148bfdea38cdb5
SIDM00534,osimertinib,IC50,3359.1098053880314,nM,GDSC,unknown,data/raw/gdsc_drug_response.csv,187140,2026-10-03,b472905ea811c145b1827f382975756a66c2ac5dffbe9ad323148bfdea38cdb5
SIDM00535,osimertinib,IC50,6165.455384578379,nM,GDSC,unknown,data/raw/gdsc_drug_response.csv,187141,2026-10-03,b472905ea811c145b1827f382975756a66c2ac5dffbe9ad323148bfdea38cdb5
SIDM00537,osimertinib,IC50,3303.584199069549,nM,GDSC,unknown,data/raw/gdsc_drug_response.csv,187142,2026-10-03,b472905ea811c145b1827f382975756a66c2ac5dffbe9ad323148bfdea38cdb5
SIDM00523,osimertinib,IC50,6919.337305896809,nM,GDSC,unknown,data/raw/gdsc_drug_response.csv,187143,2026-10-03,b472905ea811c145b1827f382975756a66c2ac5dffbe9ad323148bfdea38cdb5
SIDM00855,osimertinib,IC50,6821.19720701506,nM,GDSC,unknown,data/raw/gdsc_drug_response.csv,187144,2026-10-03,b472905ea811c145b1827f382975756a66c2ac5dffbe9ad323148bfdea38cdb5
SIDM00856,osimertinib,IC50,1352.082504774009,nM,GDSC,unknown,data/raw/gdsc_drug_response.csv,187145,2026-10-03,b472905ea811c145b1827f382975756a66c2ac5dffbe9ad323148bfdea38cdb5
SIDM00553,osimertinib,IC50,5580.620662241341,nM,GDSC,unknown,data/raw/gdsc_drug_response.csv,187146,2026-10-03,b472905ea811c145b1827f382975756a66c2ac5dffbe9ad323148bfdea38cdb5
SIDM00308,osimertinib,IC50,3117.991361170214,nM,GDSC,unknown,data/raw/gdsc_drug_response.csv,187147,2026-10-03,b472905ea811c145b1827f382975756a66c2ac5dffbe9ad323148bfdea38cdb5
SIDM01033,osimertinib,IC50,18002.974603627143,nM,GDSC,unknown,data/raw/gdsc_drug_response.csv,187148,2026-10-03,b472905ea811c145b1827f382975756a66c2ac5dffbe9ad323148bfdea38cdb5
SIDM00555,osimertinib,IC50,14896.182916037995,nM,GDSC,unknown,data/raw/gdsc_drug_response.csv,187149,2026-10-03,b472905ea811c145b1827f382975756a66c2ac5dffbe9ad323148bfdea38cdb5
SIDM00556,osimertinib,IC50,10955.953421751497,nM,GDSC,unknown,data/raw/gdsc_drug_response.csv,187150,2026-10-03,b472905ea811c145b1827f382975756a66c2ac5dffbe9ad323148bfdea38cdb5
SIDM01031,osimertinib,IC50,2006.0006227833705,nM,GDSC,unknown,data/raw/gdsc_drug_response.csv,187151,2026-10-03,b472905ea811c145b1827f382975756a66c2ac5dffbe9ad323148bfdea38cdb5
SIDM01030,osimertinib,IC50,2165.033857715851,nM,GDSC,unknown,data/raw/gdsc_drug_response.csv,187152,2026-10-03,b472905ea811c145b1827f382975756a66c2ac5dffbe9ad323148bfdea38cdb5
SIDM01029,osimertinib,IC50,1300.4274264435423,nM,GDSC,unknown,data/raw/gdsc_drug_response.csv,187153,2026-10-03,b472905ea811c145b1827f382975756a66c2ac5dffbe9ad323148bfdea38cdb5
SIDM01027,osimertinib,IC50,489.2958315179344,nM,GDSC,unknown,data/raw/gdsc_drug_response.csv,187154,2026-10-03,b472905ea811c145b1827f382975756a66c2ac5dffbe9ad323148bfdea38cdb5
SIDM01026,osimertinib,IC50,11677.489333844962,nM,GDSC,unknown,data/raw/gdsc_drug_response.csv,187155,2026-10-03,b472905ea811c145b1827f382975756a66c2ac5dffbe9ad323148bfdea38cdb5
SIDM00327,osimertinib,IC50,7845.334312501821,nM,GDSC,unknown,data/raw/gdsc_drug_response.csv,187156,2026-10-03,b472905ea811c145b1827f382975756a66c2ac5dffbe9ad323148bfdea38cdb5
SIDM00329,osimertinib,IC50,1376.571517088675,nM,GDSC,unknown,data/raw/gdsc_drug_response.csv,187157,2026-10-03,b472905ea811c145b1827f382975756a66c2ac5dffbe9ad323148bfdea38cdb5
SIDM00346,osimertinib,IC50,5472.3273430782765,nM,GDSC,unknown,data/raw/gdsc_drug_response.csv,187158,2026-10-03,b472905ea811c145b1827f382975756a66c2ac5dffbe9ad323148bfdea38cdb5
SIDM00297,osimertinib,IC50,5152.072186197531,nM,GDSC,unknown,data/raw/gdsc_drug_response.csv,187159,2026-10-03,b472905ea811c145b1827f382975756a66c2ac5dffbe9ad323148bfdea38cdb5
SIDM00549,osimertinib,IC50,2206.0442950908314,nM,GDSC,unknown,data/raw/gdsc_drug_response.csv,187160,2026-10-03,b472905ea811c145b1827f382975756a66c2ac5dffbe9ad323148bfdea38cdb5
SIDM00683,osimertinib,IC50,1481.357652420417,nM,GDSC,unknown,data/raw/gdsc_drug_response.csv,187161,2026-10-03,b472905ea811c145b1827f382975756a66c2ac5dffbe9ad323148bfdea38cdb5
SIDM00342,osimertinib,IC50,3139.8028144423743,nM,GDSC,unknown,data/raw/gdsc_drug_response.csv,187162,2026-10-03,b472905ea811c145b1827f382975756a66c2ac5dffbe9ad323148bfdea38cdb5
SIDM00839,osimertinib,IC50,588.4754908282217,nM,GDSC,unknown,data/raw/gdsc_drug_response.csv,187163,2026-10-03,b472905ea811c145b1827f382975756a66c2ac5dffbe9ad323148bfdea38cdb5
SIDM00340,osimertinib,IC50,20530.61116603365,nM,GDSC,unknown,data/raw/gdsc_drug_response.csv,187164,2026-10-03,b472905ea811c145b1827f382975756a66c2ac5dffbe9ad323148bfdea38cdb5
SIDM00776,osimertinib,IC50,7066.215170487555,nM,GDSC,unknown,data/raw/gdsc_drug_response.csv,187165,2026-10-03,b472905ea811c145b1827f382975756a66c2ac5dffbe9ad323148bfdea38cdb5
SIDM00660,osimertinib,IC50,22261.995790901037,nM,GDSC,unknown,data/raw/gdsc_drug_response.csv,187166,2026-10-03,b472905ea811c145b1827f382975756a66c2ac5dffbe9ad323148bfdea38cdb5
SIDM01219,osimertinib,IC50,9897.844439011526,nM,GDSC,unknown,data/raw/gdsc_drug_response.csv,187167,2026-10-03,b472905ea811c145b1827f382975756a66c2ac5dffbe9ad323148bfdea38cdb5
SIDM00637,osimertinib,IC50,378.652644282089,nM,GDSC,unknown,data/raw/gdsc_drug_response.csv,187168,2026-10-03,b472905ea811c145b1827f382975756a66c2ac5dffbe9ad323148bfdea38cdb5
SIDM01246,osimertinib,IC50,1595.9257892772998,nM,GDSC,unknown,data/raw/gdsc_drug_response.csv,187169,2026-10-03,b472905ea811c145b1827f382975756a66c2ac5dffbe9ad323148bfdea38cdb5
SIDM00633,osimertinib,IC50,150.10053140638308,nM,GDSC,unknown,data/raw/gdsc_drug_response.csv,187170,2026-10-03,b472905ea811c145b1827f382975756a66c2ac5dffbe9ad323148bfdea38cdb5
SIDM00528,osimertinib,IC50,2641.1092516747717,nM,GDSC,unknown,data/raw/gdsc_drug_response.csv,187171,2026-10-03,b472905ea811c145b1827f382975756a66c2ac5dffbe9ad323148bfdea38cdb5
SIDM00272,osimertinib,IC50,3421.989133558907,nM,GDSC,unknown,data/raw/gdsc_drug_response.csv,187172,2026-10-03,b472905ea811c145b1827f382975756a66c2ac5dffbe9ad323148bfdea38cdb5
SIDM00628,osimertinib,IC50,1968.9117914512608,nM,GDSC,unknown,data/raw/gdsc_drug_response.csv,187173,2026-10-03,b472905ea811c145b1827f382975756a66c2ac5dffbe9ad323148bfdea38cdb5
SIDM00337,osimertinib,IC50,3021.933928165939,nM,GDSC,unknown,data/raw/gdsc_drug_response.csv,187174,2026-10-03,b472905ea811c145b1827f382975756a66c2ac5dffbe9ad323148bfdea38cdb5
SIDM00336,osimertinib,IC50,11875.898378672407,nM,GDSC,unknown,data/raw/gdsc_drug_response.csv,187175,2026-10-03,b472905ea811c145b1827f382975756a66c2ac5dffbe9ad323148bfdea38cdb5
SIDM00526,osimertinib,IC50,3682.581497003295,nM,GDSC,unknown,data/raw/gdsc_drug_response.csv,187176,2026-10-03,b472905ea811c145b1827f382975756a66c2ac5dffbe9ad323148bfdea38cdb5
SIDM00625,osimertinib,IC50,4059.4155092052515,nM,GDSC,unknown,data/raw/gdsc_drug_response.csv,187177,2026-10-03,b472905ea811c145b1827f382975756a66c2ac5dffbe9ad323148bfdea38cdb5
SIDM00545,osimertinib,IC50,13001.984504456068,nM,GDSC,unknown,data/raw/gdsc_drug_response.csv,187178,2026-10-03,b472905ea811c145b1827f382975756a66c2ac5dffbe9ad323148bfdea38cdb5
SIDM00335,osimertinib,IC50,12753.987910577387,nM,GDSC,unknown,data/raw/gdsc_drug_response.csv,187179,2026-10-03,b472905ea811c145b1827f382975756a66c2ac5dffbe9ad323148bfdea38cdb5
SIDM00334,osimertinib,IC50,7620.728737741161,nM,GDSC,unknown,data/raw/gdsc_drug_response.csv,187180,2026-10-03,b472905ea811c145b1827f382975756a66c2ac5dffbe9ad323148bfdea38cdb5
SIDM00525,osimertinib,IC50,30781.996812285124,nM,GDSC,unknown,data/raw/gdsc_drug_response.csv,187181,2026-10-03,b472905ea811c145b1827f382975756a66c2ac5dffbe9ad323148bfdea38cdb5
SIDM00331,osimertinib,IC50,3311.611735395621,nM,GDSC,unknown,data/raw/gdsc_drug_response.csv,187182,2026-10-03,b472905ea811c145b1827f382975756a66c2ac5dffbe9ad323148bfdea38cdb5
SIDM00376,osimertinib,IC50,3645.3558952695867,nM,GDSC,unknown,data/raw/gdsc_drug_response.csv,187183,2026-10-03,b472905ea811c145b1827f382975756a66c2ac5dffbe9ad323148bfdea38cdb5
SIDM00386,osimertinib,IC50,10291.383585094618,nM,GDSC,unknown,data/raw/gdsc_drug_response.csv,187184,2026-10-03,b472905ea811c145b1827f382975756a66c2ac5dffbe9ad323148bfdea38cdb5
SIDM00387,osimertinib,IC50,1699.5797251531526,nM,GDSC,unknown,data/raw/gdsc_drug_response.csv,187185,2026-10-03,b472905ea811c145b1827f382975756a66c2ac5dffbe9ad323148bfdea38cdb5
SIDM00388,osimertinib,IC50,6211.0253808240805,nM,GDSC,unknown,data/raw/gdsc_drug_response.csv,187186,2026-10-03,b472905ea811c145b1827f382975756a66c2ac5dffbe9ad323148bfdea38cdb5
SIDM00271,osimertinib,IC50,5686.022668826185,nM,GDSC,unknown,data/raw/gdsc_drug_response.csv,187187,2026-10-03,b472905ea811c145b1827f382975756a66c2ac5dffbe9ad323148bfdea38cdb5
SIDM00260,osimertinib,IC50,8886.257657626547,nM,GDSC,unknown,data/raw/gdsc_drug_response.csv,187188,2026-10-03,b472905ea811c145b1827f382975756a66c2ac5dffbe9ad323148bfdea38cdb5
SIDM00441,osimertinib,IC50,4175.837763128029,nM,GDSC,unknown,data/raw/gdsc_drug_response.csv,187189,2026-10-03,b472905ea811c145b1827f382975756a66c2ac5dffbe9ad323148bfdea38cdb5
SIDM00561,osimertinib,IC50,1538.5878265792644,nM,GDSC,unknown,data/raw/gdsc_drug_response.csv,187190,2026-10-03,b472905ea811c145b1827f382975756a66c2ac5dffbe9ad323148bfdea38cdb5
SIDM00438,osimertinib,IC50,17608.59262087348,nM,GDSC,unknown,data/raw/gdsc_drug_response.csv,187191,2026-10-03,b472905ea811c145b1827f382975756a66c2ac5dffbe9ad323148bfdea38cdb5
SIDM00532,osimertinib,IC50,20665.362716013417,nM,GDSC,unknown,data/raw/gdsc_drug_response.csv,187192,2026-10-03,b472905ea811c145b1827f382975756a66c2ac5dffbe9ad323148bfdea38cdb5
SIDM00504,osimertinib,IC50,13468.478104993388,nM,GDSC,unknown,data/raw/gdsc_drug_response.csv,187193,2026-10-03,b472905ea811c145b1827f382975756a66c2ac5dffbe9ad323148bfdea38cdb5
SIDM00433,osimertinib,IC50,2695.1800202594286,nM,GDSC,unknown,data/raw/gdsc_drug_response.csv,187194,2026-10-03,b472905ea811c145b1827f382975756a66c2ac5dffbe9ad323148bfdea38cdb5
SIDM00431,osimertinib,IC50,4902.023112465262,nM,GDSC,unknown,data/raw/gdsc_drug_response.csv,187195,2026-10-03,b472905ea811c145b1827f382975756a66c2ac5dffbe9ad323148bfdea38cdb5
SIDM01023,osimertinib,IC50,1732.8405527344405,nM,GDSC,unknown,data/raw/gdsc_drug_response.csv,187196,2026-10-03,b472905ea811c145b1827f382975756a66c2ac5dffbe9ad323148bfdea38cdb5
SIDM00623,osimertinib,IC50,30684.14280069041,nM,GDSC,unknown,data/raw/gdsc_drug_response.csv,187197,2026-10-03,b472905ea811c145b1827f382975756a66c2ac5dffbe9ad323148bfdea38cdb5
SIDM00222,osimertinib,IC50,9768.119787590002,nM,GDSC,unknown,data/raw/gdsc_drug_response.csv,187198,2026-10-03,b472905ea811c145b1827f382975756a66c2ac5dffbe9ad323148bfdea38cdb5
SIDM00562,osimertinib,IC50,12343.208589059699,nM,GDSC,unknown,data/raw/gdsc_drug_response.csv,187199,2026-10-03,b472905ea811c145b1827f382975756a66c2ac5dffbe9ad323148bfdea38cdb5
SIDM00640,osimertinib,IC50,4121.779551160928,nM,GDSC,unknown,data/raw/gdsc_drug_response.csv,187200,2026-10-03,b472905ea811c145b1827f382975756a66c2ac5dffbe9ad323148bfdea38cdb5
SIDM00657,osimertinib,IC50,821.8199063185675,nM,GDSC,unknown,data/raw/gdsc_drug_response.csv,187201,2026-10-03,b472905ea811c145b1827f382975756a66c2ac5dffbe9ad323148bfdea38cdb5
SIDM00429,osimertinib,IC50,2325.9975481728966,nM,GDSC,unknown,data/raw/gdsc_drug_response.csv,187202,2026-10-03,b472905ea811c145b1827f382975756a66c2ac5dffbe9ad323148bfdea38cdb5
SIDM00641,osimertinib,IC50,2776.249732851192,nM,GDSC,unknown,data/raw/gdsc_drug_response.csv,187203,2026-10-03,b472905ea811c145b1827f382975756a66c2ac5dffbe9ad323148bfdea38cdb5
SIDM00244,osimertinib,IC50,659.8617075052192,nM,GDSC,unknown,data/raw/gdsc_drug_response.csv,187204,2026-10-03,b472905ea811c145b1827f382975756a66c2ac5dffbe9ad323148bfdea38cdb5
SIDM00655,osimertinib,IC50,2959.999205725638,nM,GDSC,unknown,data/raw/gdsc_drug_response.csv,187205,2026-10-03,b472905ea811c145b1827f382975756a66c2ac5dffbe9ad323148bfdea38cdb5
SIDM00777,osimertinib,IC50,368.28285807104464,nM,GDSC,unknown,data/raw/gdsc_drug_response.csv,187206,2026-10-03,b472905ea811c145b1827f382975756a66c2ac5dffbe9ad323148bfdea38cdb5
SIDM01130,osimertinib,IC50,14427.887995274976,nM,GDSC,unknown,data/raw/gdsc_drug_response.csv,187207,2026-10-03,b472905ea811c145b1827f382975756a66c2ac5dffbe9ad323148bfdea38cdb5
SIDM01146,osimertinib,IC50,14685.197299431567,nM,GDSC,unknown,data/raw/gdsc_drug_response.csv,187208,2026-10-03,b472905ea811c145b1827f382975756a66c2ac5dffbe9ad323148bfdea38cdb5
SIDM01144,osimertinib,IC50,12134.019056217996,nM,GDSC,unknown,data/raw/gdsc_drug_response.csv,187209,2026-10-03,b472905ea811c145b1827f382975756a66c2ac5dffbe9ad323148bfdea38cdb5
SIDM01145,osimertinib,IC50,2100.8415446416984,nM,GDSC,unknown,data/raw/gdsc_drug_response.csv,187210,2026-10-03,b472905ea811c145b1827f382975756a66c2ac5dffbe9ad323148bfdea38cdb5
SIDM00577,osimertinib,IC50,4261.060189104859,nM,GDSC,unknown,data/raw/gdsc_drug_response.csv,187211,2026-10-03,b472905ea811c145b1827f382975756a66c2ac5dffbe9ad323148bfdea38cdb5
SIDM00576,osimertinib,IC50,2150.8884729270694,nM,GDSC,unknown,data/raw/gdsc_drug_response.csv,187212,2026-10-03,b472905ea811c145b1827f382975756a66c2ac5dffbe9ad323148bfdea38cdb5
SIDM00575,osimertinib,IC50,56991.43537694042,nM,GDSC,unknown,data/raw/gdsc_drug_response.csv,187213,2026-10-03,b472905ea811c145b1827f382975756a66c2ac5dffbe9ad323148bfdea38cdb5
SIDM00573,osimertinib,IC50,14638.894596808665,nM,GDSC,unknown,data/raw/gdsc_drug_response.csv,187214,2026-10-03,b472905ea811c145b1827f382975756a66c2ac5dffbe9ad323148bfdea38cdb5
SIDM00580,osimertinib,IC50,3531.536339792225,nM,GDSC,unknown,data/raw/gdsc_drug_response.csv,187215,2026-10-03,b472905ea811c145b1827f382975756a66c2ac5dffbe9ad323148bfdea38cdb5
SIDM00574,osimertinib,IC50,21932.575557145177,nM,GDSC,unknown,data/raw/gdsc_drug_response.csv,187216,2026-10-03,b472905ea811c145b1827f382975756a66c2ac5dffbe9ad323148bfdea38cdb5
SIDM01203,osimertinib,IC50,5175.950532176436,nM,GDSC,unknown,data/raw/gdsc_drug_response.csv,187217,2026-10-03,b472905ea811c145b1827f382975756a66c2ac5dffbe9ad323148bfdea38cdb5
SIDM00572,osimertinib,IC50,1592.0269250515569,nM,GDSC,unknown,data/raw/gdsc_drug_response.csv,187218,2026-10-03,b472905ea811c145b1827f382975756a66c2ac5dffbe9ad323148bfdea38cdb5
SIDM00778,osimertinib,IC50,1757.0056062358292,nM,GDSC,unknown,data/raw/gdsc_drug_response.csv,187219,2026-10-03,b472905ea811c145b1827f382975756a66c2ac5dffbe9ad323148bfdea38cdb5
SIDM00779,osimertinib,IC50,18889.684888839794,nM,GDSC,unknown,data/raw/gdsc_drug_response.csv,187220,2026-10-03,b472905ea811c145b1827f382975756a66c2ac5dffbe9ad323148bfdea38cdb5
SIDM01127,osimertinib,IC50,33320.30596901406,nM,GDSC,unknown,data/raw/gdsc_drug_response.csv,187221,2026-10-03,b472905ea811c145b1827f382975756a66c2ac5dffbe9ad323148bfdea38cdb5
SIDM00925,osimertinib,IC50,235075.79639709866,nM,GDSC,unknown,data/raw/gdsc_drug_response.csv,187222,2026-10-03,b472905ea811c145b1827f382975756a66c2ac5dffbe9ad323148bfdea38cdb5
SIDM01147,osimertinib,IC50,61.360989249177926,nM,GDSC,unknown,data/raw/gdsc_drug_response.csv,187223,2026-10-03,b472905ea811c145b1827f382975756a66c2ac5dffbe9ad323148bfdea38cdb5
SIDM00722,osimertinib,IC50,15050.7677020966,nM,GDSC,unknown,data/raw/gdsc_drug_response.csv,187224,2026-10-03,b472905ea811c145b1827f382975756a66c2ac5dffbe9ad323148bfdea38cdb5
SIDM00755,osimertinib,IC50,40530.26585172389,nM,GDSC,unknown,data/raw/gdsc_drug_response.csv,187225,2026-10-03,b472905ea811c145b1827f382975756a66c2ac5dffbe9ad323148bfdea38cdb5
SIDM00718,osimertinib,IC50,1907.714636008121,nM,GDSC,unknown,data/raw/gdsc_drug_response.csv,187226,2026-10-03,b472905ea811c145b1827f382975756a66c2ac5dffbe9ad323148bfdea38cdb5
SIDM00651,osimertinib,IC50,6444.886334461361,nM,GDSC,unknown,data/raw/gdsc_drug_response.csv,187227,2026-10-03,b472905ea811c145b1827f382975756a66c2ac5dffbe9ad323148bfdea38cdb5
SIDM00652,osimertinib,IC50,26259.031841199256,nM,GDSC,unknown,data/raw/gdsc_drug_response.csv,187228,2026-10-03,b472905ea811c145b1827f382975756a66c2ac5dffbe9ad323148bfdea38cdb5
SIDM00697,osimertinib,IC50,7546.87069607199,nM,GDSC,unknown,data/raw/gdsc_drug_response.csv,187229,2026-10-03,b472905ea811c145b1827f382975756a66c2ac5dffbe9ad323148bfdea38cdb5
SIDM00720,osimertinib,IC50,63046.90669087418,nM,GDSC,unknown,data/raw/gdsc_drug_response.csv,187230,2026-10-03,b472905ea811c145b1827f382975756a66c2ac5dffbe9ad323148bfdea38cdb5
SIDM00748,osimertinib,IC50,6888.807547374665,nM,GDSC,unknown,data/raw/gdsc_drug_response.csv,187231,2026-10-03,b472905ea811c145b1827f382975756a66c2ac5dffbe9ad323148bfdea38cdb5
SIDM00749,osimertinib,IC50,23781.3105218848,nM,GDSC,unknown,data/raw/gdsc_drug_response.csv,187232,2026-10-03,b472905ea811c145b1827f382975756a66c2ac5dffbe9ad323148bfdea38cdb5
SIDM00743,osimertinib,IC50,1564.4917330054636,nM,GDSC,unknown,data/raw/gdsc_drug_response.csv,187233,2026-10-03,b472905ea811c145b1827f382975756a66c2ac5dffbe9ad323148bfdea38cdb5
SIDM00740,osimertinib,IC50,6259.948761408531,nM,GDSC,unknown,data/raw/gdsc_drug_response.csv,187234,2026-10-03,b472905ea811c145b1827f382975756a66c2ac5dffbe9ad323148bfdea38cdb5
SIDM00738,osimertinib,IC50,6625.626941008763,nM,GDSC,unknown,data/raw/gdsc_drug_response.csv,187235,2026-10-03,b472905ea811c145b1827f382975756a66c2ac5dffbe9ad323148bfdea38cdb5
SIDM00758,osimertinib,IC50,8097.869480646299,nM,GDSC,unknown,data/raw/gdsc_drug_response.csv,187236,2026-10-03,b472905ea811c145b1827f382975756a66c2ac5dffbe9ad323148bfdea38cdb5
SIDM00710,osimertinib,IC50,19853.13640616437,nM,GDSC,unknown,data/raw/gdsc_drug_response.csv,187237,2026-10-03,b472905ea811c145b1827f382975756a66c2ac5dffbe9ad323148bfdea38cdb5
SIDM00731,osimertinib,IC50,5770.674664839515,nM,GDSC,unknown,data/raw/gdsc_drug_response.csv,187238,2026-10-03,b472905ea811c145b1827f382975756a66c2ac5dffbe9ad323148bfdea38cdb5
SIDM01129,osimertinib,IC50,13156.961366056363,nM,GDSC,unknown,data/raw/gdsc_drug_response.csv,187239,2026-10-03,b472905ea811c145b1827f382975756a66c2ac5dffbe9ad323148bfdea38cdb5
SIDM01117,osimertinib,IC50,2936.1200532857656,nM,GDSC,unknown,data/raw/gdsc_drug_response.csv,187240,2026-10-03,b472905ea811c145b1827f382975756a66c2ac5dffbe9ad323148bfdea38cdb5
SIDM00567,osimertinib,IC50,14481.413505841563,nM,GDSC,unknown,data/raw/gdsc_drug_response.csv,187241,2026-10-03,b472905ea811c145b1827f382975756a66c2ac5dffbe9ad323148bfdea38cdb5
SIDM00457,osimertinib,IC50,3185.7285277661285,nM,GDSC,unknown,data/raw/gdsc_drug_response.csv,187242,2026-10-03,b472905ea811c145b1827f382975756a66c2ac5dffbe9ad323148bfdea38cdb5
SIDM00239,osimertinib,IC50,6403.559451112849,nM,GDSC,unknown,data/raw/gdsc_drug_response.csv,187243,2026-10-03,b472905ea811c145b1827f382975756a66c2ac5dffbe9ad323148bfdea38cdb5
SIDM00463,osimertinib,IC50,1406.7231604068038,nM,GDSC,unknown,data/raw/gdsc_drug_response.csv,187244,2026-10-03,b472905ea811c145b1827f382975756a66c2ac5dffbe9ad323148bfdea38cdb5
SIDM00364,osimertinib,IC50,4138.303825913388,nM,GDSC,unknown,data/raw/gdsc_drug_response.csv,187245,2026-10-03,b472905ea811c145b1827f382975756a66c2ac5dffbe9ad323148bfdea38cdb5
SIDM00363,osimertinib,IC50,7390.896202982729,nM,GDSC,unknown,data/raw/gdsc_drug_response.csv,187246,2026-10-03,b472905ea811c145b1827f382975756a66c2ac5dffbe9ad323148bfdea38cdb5
SIDM01140,osimertinib,IC50,5608.722638856428,nM,GDSC,unknown,data/raw/gdsc_drug_response.csv,187247,2026-10-03,b472905ea811c145b1827f382975756a66c2ac5dffbe9ad323148bfdea38cdb5
SIDM00241,osimertinib,IC50,455.9833423815521,nM,GDSC,unknown,data/raw/gdsc_drug_response.csv,187248,2026-10-03,b472905ea811c145b1827f382975756a66c2ac5dffbe9ad323148bfdea38cdb5
SIDM00220,osimertinib,IC50,2467.9651865310675,nM,GDSC,unknown,data/raw/gdsc_drug_response.csv,187249,2026-10-03,b472905ea811c145b1827f382975756a66c2ac5dffbe9ad323148bfdea38cdb5
SIDM00451,osimertinib,IC50,3096.9104949240677,nM,GDSC,unknown,data/raw/gdsc_drug_response.csv,187250,2026-10-03,b472905ea811c145b1827f382975756a66c2ac5dffbe9ad323148bfdea38cdb5
SIDM00844,osimertinib,IC50,1946.566400007421,nM,GDSC,unknown,data/raw/gdsc_drug_response.csv,187251,2026-10-03,b472905ea811c145b1827f382975756a66c2ac5dffbe9ad323148bfdea38cdb5
SIDM00359,osimertinib,IC50,4506.721729696548,nM,GDSC,unknown,data/raw/gdsc_drug_response.csv,187252,2026-10-03,b472905ea811c145b1827f382975756a66c2ac5dffbe9ad323148bfdea38cdb5
SIDM00847,osimertinib,IC50,21811.557721168138,nM,GDSC,unknown,data/raw/gdsc_drug_response.csv,187253,2026-10-03,b472905ea811c145b1827f382975756a66c2ac5dffbe9ad323148bfdea38cdb5
SIDM00447,osimertinib,IC50,3460.198647521285,nM,GDSC,unknown,data/raw/gdsc_drug_response.csv,187254,2026-10-03,b472905ea811c145b1827f382975756a66c2ac5dffbe9ad323148bfdea38cdb5
SIDM01092,osimertinib,IC50,10593.292311360148,nM,GDSC,unknown,data/raw/gdsc_drug_response.csv,187255,2026-10-03,b472905ea811c145b1827f382975756a66c2ac5dffbe9ad323148bfdea38cdb5
SIDM01090,osimertinib,IC50,19694.59041871051,nM,GDSC,unknown,data/raw/gdsc_drug_response.csv,187256,2026-10-03,b472905ea811c145b1827f382975756a66c2ac5dffbe9ad323148bfdea38cdb5
SIDM00352,osimertinib,IC50,2735.967168852791,nM,GDSC,unknown,data/raw/gdsc_drug_response.csv,187257,2026-10-03,b472905ea811c145b1827f382975756a66c2ac5dffbe9ad323148bfdea38cdb5
SIDM00813,osimertinib,IC50,3025.7530419799086,nM,GDSC,unknown,data/raw/gdsc_drug_response.csv,187258,2026-10-03,b472905ea811c145b1827f382975756a66c2ac5dffbe9ad323148bfdea38cdb5
SIDM00403,osimertinib,IC50,1291.4724480092132,nM,GDSC,unknown,data/raw/gdsc_drug_response.csv,187259,2026-10-03,b472905ea811c145b1827f382975756a66c2ac5dffbe9ad323148bfdea38cdb5
SIDM01086,osimertinib,IC50,2252.879103996664,nM,GDSC,unknown,data/raw/gdsc_drug_response.csv,187260,2026-10-03,b472905ea811c145b1827f382975756a66c2ac5dffbe9ad323148bfdea38cdb5
SIDM00402,osimertinib,IC50,6605.482592309196,nM,GDSC,unknown,data/raw/gdsc_drug_response.csv,187261,2026-10-03,b472905ea811c145b1827f382975756a66c2ac5dffbe9ad323148bfdea38cdb5
SIDM00401,osimertinib,IC50,3645.3631859886686,nM,GDSC,unknown,data/raw/gdsc_drug_response.csv,187262,2026-10-03,b472905ea811c145b1827f382975756a66c2ac5dffbe9ad323148bfdea38cdb5
SIDM01084,osimertinib,IC50,28570.30809360778,nM,GDSC,unknown,data/raw/gdsc_drug_response.csv,187263,2026-10-03,b472905ea811c145b1827f382975756a66c2ac5dffbe9ad323148bfdea38cdb5
SIDM00351,osimertinib,IC50,1435.2700217829854,nM,GDSC,unknown,data/raw/gdsc_drug_response.csv,187264,2026-10-03,b472905ea811c145b1827f382975756a66c2ac5dffbe9ad323148bfdea38cdb5
SIDM01080,osimertinib,IC50,3350.950376228848,nM,GDSC,unknown,data/raw/gdsc_drug_response.csv,187265,2026-10-03,b472905ea811c145b1827f382975756a66c2ac5dffbe9ad323148bfdea38cdb5
SIDM00383,osimertinib,IC50,13097.298662845147,nM,GDSC,unknown,data/raw/gdsc_drug_response.csv,187266,2026-10-03,b472905ea811c145b1827f382975756a66c2ac5dffbe9ad323148bfdea38cdb5
SIDM00382,osimertinib,IC50,2159.718739449991,nM,GDSC,unknown,data/raw/gdsc_drug_response.csv,187267,2026-10-03,b472905ea811c145b1827f382975756a66c2ac5dffbe9ad323148bfdea38cdb5
SIDM01079,osimertinib,IC50,40189.62991365197,nM,GDSC,unknown,data/raw/gdsc_drug_response.csv,187268,2026-10-03,b472905ea811c145b1827f382975756a66c2ac5dffbe9ad323148bfdea38cdb5
SIDM00396,osimertinib,IC50,2304.378479594424,nM,GDSC,unknown,data/raw/gdsc_drug_response.csv,187269,2026-10-03,b472905ea811c145b1827f382975756a66c2ac5dffbe9ad323148bfdea38cdb5
SIDM01095,osimertinib,IC50,3336.782435462712,nM,GDSC,unknown,data/raw/gdsc_drug_response.csv,187270,2026-10-03,b472905ea811c145b1827f382975756a66c2ac5dffbe9ad323148bfdea38cdb5
SIDM01112,osimertinib,IC50,6207.119874270118,nM,GDSC,unknown,data/raw/gdsc_drug_response.csv,187271,2026-10-03,b472905ea811c145b1827f382975756a66c2ac5dffbe9ad323148bfdea38cdb5
SIDM01096,osimertinib,IC50,2262.6031800633896,nM,GDSC,unknown,data/raw/gdsc_drug_response.csv,187272,2026-10-03,b472905ea811c145b1827f382975756a66c2ac5dffbe9ad323148bfdea38cdb5
SIDM01110,osimertinib,IC50,27422.696227793396,nM,GDSC,unknown,data/raw/gdsc_drug_response.csv,187273,2026-10-03,b472905ea811c145b1827f382975756a66c2ac5dffbe9ad323148bfdea38cdb5
SIDM01109,osimertinib,IC50,25357.511556226473,nM,GDSC,unknown,data/raw/gdsc_drug_response.csv,187274,2026-10-03,b472905ea811c145b1827f382975756a66c2ac5dffbe9ad323148bfdea38cdb5
SIDM01108,osimertinib,IC50,95592.7518772968,nM,GDSC,unknown,data/raw/gdsc_drug_response.csv,187275,2026-10-03,b472905ea811c145b1827f382975756a66c2ac5dffbe9ad323148bfdea38cdb5
SIDM00380,osimertinib,IC50,1258.6566482042763,nM,GDSC,unknown,data/raw/gdsc_drug_response.csv,187276,2026-10-03,b472905ea811c145b1827f382975756a66c2ac5dffbe9ad323148bfdea38cdb5
SIDM01107,osimertinib,IC50,48954.04495571649,nM,GDSC,unknown,data/raw/gdsc_drug_response.csv,187277,2026-10-03,b472905ea811c145b1827f382975756a66c2ac5dffbe9ad323148bfdea38cdb5
SIDM01105,osimertinib,IC50,3508.217241345461,nM,GDSC,unknown,data/raw/gdsc_drug_response.csv,187278,2026-10-03,b472905ea811c145b1827f382975756a66c2ac5dffbe9ad323148bfdea38cdb5
SIDM01106,osimertinib,IC50,19951.61315566565,nM,GDSC,unknown,data/raw/gdsc_drug_response.csv,187279,2026-10-03,b472905ea811c145b1827f382975756a66c2ac5dffbe9ad323148bfdea38cdb5
SIDM00392,osimertinib,IC50,10213.863866412443,nM,GDSC,unknown,data/raw/gdsc_drug_response.csv,187280,2026-10-03,b472905ea811c145b1827f382975756a66c2ac5dffbe9ad323148bfdea38cdb5
SIDM01104,osimertinib,IC50,10064.667265741464,nM,GDSC,unknown,data/raw/gdsc_drug_response.csv,187281,2026-10-03,b472905ea811c145b1827f382975756a66c2ac5dffbe9ad323148bfdea38cdb5
SIDM01103,osimertinib,IC50,2835.499182037916,nM,GDSC,unknown,data/raw/gdsc_drug_response.csv,187282,2026-10-03,b472905ea811c145b1827f382975756a66c2ac5dffbe9ad323148bfdea38cdb5
SIDM00379,osimertinib,IC50,8624.698450108786,nM,GDSC,unknown,data/raw/gdsc_drug_response.csv,187283,2026-10-03,b472905ea811c145b1827f382975756a66c2ac5dffbe9ad323148bfdea38cdb5
SIDM01097,osimertinib,IC50,8956.244513453577,nM,GDSC,unknown,data/raw/gdsc_drug_response.csv,187284,2026-10-03,b472905ea811c145b1827f382975756a66c2ac5dffbe9ad323148bfdea38cdb5
SIDM01113,osimertinib,IC50,23786.685705435597,nM,GDSC,unknown,data/raw/gdsc_drug_response.csv,187285,2026-10-03,b472905ea811c145b1827f382975756a66c2ac5dffbe9ad323148bfdea38cdb5
SIDM00373,osimertinib,IC50,6004.925204996465,nM,GDSC,unknown,data/raw/gdsc_drug_response.csv,187286,2026-10-03,b472905ea811c145b1827f382975756a66c2ac5dffbe9ad323148bfdea38cdb5
SIDM01180,osimertinib,IC50,8472.977654895525,nM,GDSC,unknown,data/raw/gdsc_drug_response.csv,187287,2026-10-03,b472905ea811c145b1827f382975756a66c2ac5dffbe9ad323148bfdea38cdb5
SIDM01199,osimertinib,IC50,26853.039029335607,nM,GDSC,unknown,data/raw/gdsc_drug_response.csv,187288,2026-10-03,b472905ea811c145b1827f382975756a66c2ac5dffbe9ad323148bfdea38cdb5
SIDM01194,osimertinib,IC50,3866.110643464043,nM,GDSC,unknown,data/raw/gdsc_drug_response.csv,187289,2026-10-03,b472905ea811c145b1827f382975756a66c2ac5dffbe9ad323148bfdea38cdb5
SIDM00781,osimertinib,IC50,6080.926078974286,nM,GDSC,unknown,data/raw/gdsc_drug_response.csv,187290,2026-10-03,b472905ea811c145b1827f382975756a66c2ac5dffbe9ad323148bfdea38cdb5
SIDM01154,osimertinib,IC50,13211.914022812634,nM,GDSC,unknown,data/raw/gdsc_drug_response.csv,187291,2026-10-03,b472905ea811c145b1827f382975756a66c2ac5dffbe9ad323148bfdea38cdb5
SIDM00814,osimertinib,IC50,246.98714209615653,nM,GDSC,unknown,data/raw/gdsc_drug_response.csv,187292,2026-10-03,b472905ea811c145b1827f382975756a66c2ac5dffbe9ad323148bfdea38cdb5
SIDM01155,osimertinib,IC50,7608.583363914935,nM,GDSC,unknown,data/raw/gdsc_drug_response.csv,187293,2026-10-03,b472905ea811c145b1827f382975756a66c2ac5dffbe9ad323148bfdea38cdb5
SIDM00835,osimertinib,IC50,5383.323853288687,nM,GDSC,unknown,data/raw/gdsc_drug_response.csv,187294,2026-10-03,b472905ea811c145b1827f382975756a66c2ac5dffbe9ad323148bfdea38cdb5
SIDM00812,osimertinib,IC50,29050.102160375045,nM,GDSC,unknown,data/raw/gdsc_drug_response.csv,187295,2026-10-03,b472905ea811c145b1827f382975756a66c2ac5dffbe9ad323148bfdea38cdb5
SIDM00834,osimertinib,IC50,2199.0490127980065,nM,GDSC,unknown,data/raw/gdsc_drug_response.csv,187296,2026-10-03,b472905ea811c145b1827f382975756a66c2ac5dffbe9ad323148bfdea38cdb5
SIDM00420,osimertinib,IC50,22177.715978573615,nM,GDSC,unknown,data/raw/gdsc_drug_response.csv,187297,2026-10-03,b472905ea811c145b1827f382975756a66c2ac5dffbe9ad323148bfdea38cdb5
SIDM01164,osimertinib,IC50,5803.992251537824,nM,GDSC,unknown,data/raw/gdsc_drug_response.csv,187298,2026-10-03,b472905ea811c145b1827f382975756a66c2ac5dffbe9ad323148bfdea38cdb5
SIDM00837,osimertinib,IC50,288.78148041686757,nM,GDSC,unknown,data/raw/gdsc_drug_response.csv,187299,2026-10-03,b472905ea811c145b1827f382975756a66c2ac5dffbe9ad323148bfdea38cdb5
SIDM01168,osimertinib,IC50,35121.93977447348,nM,GDSC,unknown,data/raw/gdsc_drug_response.csv,187300,2026-10-03,b472905ea811c145b1827f382975756a66c2ac5dffbe9ad323148bfdea38cdb5
SIDM01175,osimertinib,IC50,103357.51525192239,nM,GDSC,unknown,data/raw/gdsc_drug_response.csv,187301,2026-10-03,b472905ea811c145b1827f382975756a66c2ac5dffbe9ad323148bfdea38cdb5
SIDM00833,osimertinib,IC50,9186.95919796554,nM,GDSC,unknown,data/raw/gdsc_drug_response.csv,187302,2026-10-03,b472905ea811c145b1827f382975756a66c2ac5dffbe9ad323148bfdea38cdb5
SIDM01159,osimertinib,IC50,3805.5479925084583,nM,GDSC,unknown,data/raw/gdsc_drug_response.csv,187303,2026-10-03,b472905ea811c145b1827f382975756a66c2ac5dffbe9ad323148bfdea38cdb5
SIDM00832,osimertinib,IC50,29644.600472303882,nM,GDSC,unknown,data/raw/gdsc_drug_response.csv,187304,2026-10-03,b472905ea811c145b1827f382975756a66c2ac5dffbe9ad323148bfdea38cdb5
SIDM01178,osimertinib,IC50,2490.8275383967807,nM,GDSC,unknown,data/raw/gdsc_drug_response.csv,187305,2026-10-03,b472905ea811c145b1827f382975756a66c2ac5dffbe9ad323148bfdea38cdb5
SIDM01161,osimertinib,IC50,23391.038992933056,nM,GDSC,unknown,data/raw/gdsc_drug_response.csv,187306,2026-10-03,b472905ea811c145b1827f382975756a66c2ac5dffbe9ad323148bfdea38cdb5
SIDM00782,osimertinib,IC50,4564.331212370343,nM,GDSC,unknown,data/raw/gdsc_drug_response.csv,187307,2026-10-03,b472905ea811c145b1827f382975756a66c2ac5dffbe9ad323148bfdea38cdb5
SIDM00370,osimertinib,IC50,3673.4893980070497,nM,GDSC,unknown,data/raw/gdsc_drug_response.csv,187308,2026-10-03,b472905ea811c145b1827f382975756a66c2ac5dffbe9ad323148bfdea38cdb5
SIDM00252,osimertinib,IC50,7042.568870575358,nM,GDSC,unknown,data/raw/gdsc_drug_response.csv,187309,2026-10-03,b472905ea811c145b1827f382975756a66c2ac5dffbe9ad323148bfdea38cdb5
SIDM00251,osimertinib,IC50,4347.8696956146005,nM,GDSC,unknown,data/raw/gdsc_drug_response.csv,187310,2026-10-03,b472905ea811c145b1827f382975756a66c2ac5dffbe9ad323148bfdea38cdb5
SIDM01172,osimertinib,IC50,1755.8358300807743,nM,GDSC,unknown,data/raw/gdsc_drug_response.csv,187311,2026-10-03,b472905ea811c145b1827f382975756a66c2ac5dffbe9ad323148bfdea38cdb5
SIDM01205,osimertinib,IC50,1404.8450331328743,nM,GDSC,unknown,data/raw/gdsc_drug_response.csv,187312,2026-10-03,b472905ea811c145b1827f382975756a66c2ac5dffbe9ad323148bfdea38cdb5
SIDM00321,osimertinib,IC50,8360.999689239017,nM,GDSC,unknown,data/raw/gdsc_drug_response.csv,187313,2026-10-03,b472905ea811c145b1827f382975756a66c2ac5dffbe9ad323148bfdea38cdb5
SIDM01191,osimertinib,IC50,7334.006823196422,nM,GDSC,unknown,data/raw/gdsc_drug_response.csv,187314,2026-10-03,b472905ea811c145b1827f382975756a66c2ac5dffbe9ad323148bfdea38cdb5
SIDM00424,osimertinib,IC50,1798.2266772707433,nM,GDSC,unknown,data/raw/gdsc_drug_response.csv,187315,2026-10-03,b472905ea811c145b1827f382975756a66c2ac5dffbe9ad323148bfdea38cdb5
SIDM01186,osimertinib,IC50,200.6582633924687,nM,GDSC,unknown,data/raw/gdsc_drug_response.csv,187316,2026-10-03,b472905ea811c145b1827f382975756a66c2ac5dffbe9ad323148bfdea38cdb5
SIDM01183,osimertinib,IC50,13330.944674711242,nM,GDSC,unknown,data/raw/gdsc_drug_response.csv,187317,2026-10-03,b472905ea811c145b1827f382975756a66c2ac5dffbe9ad323148bfdea38cdb5
SIDM00317,osimertinib,IC50,64489.859861945006,nM,GDSC,unknown,data/raw/gdsc_drug_response.csv,187318,2026-10-03,b472905ea811c145b1827f382975756a66c2ac5dffbe9ad323148bfdea38cdb5
SIDM01000,osimertinib,IC50,21663.958909283185,nM,GDSC,unknown,data/raw/gdsc_drug_response.csv,187319,2026-10-03,b472905ea811c145b1827f382975756a66c2ac5dffbe9ad323148bfdea38cdb5
SIDM00412,osimertinib,IC50,800.2900936351047,nM,GDSC,unknown,data/raw/gdsc_drug_response.csv,187320,2026-10-03,b472905ea811c145b1827f382975756a66c2ac5dffbe9ad323148bfdea38cdb5
SIDM00411,osimertinib,IC50,70886.85398104404,nM,GDSC,unknown,data/raw/gdsc_drug_response.csv,187321,2026-10-03,b472905ea811c145b1827f382975756a66c2ac5dffbe9ad323148bfdea38cdb5
SIDM00316,osimertinib,IC50,5171.32012886471,nM,GDSC,unknown,data/raw/gdsc_drug_response.csv,187322,2026-10-03,b472905ea811c145b1827f382975756a66c2ac5dffbe9ad323148bfdea38cdb5
SIDM00971,osimertinib,IC50,690.116399976653,nM,GDSC,unknown,data/raw/gdsc_drug_response.csv,187323,2026-10-03,b472905ea811c145b1827f382975756a66c2ac5dffbe9ad323148bfdea38cdb5
SIDM00235,osimertinib,IC50,888.3237669678614,nM,GDSC,unknown,data/raw/gdsc_drug_response.csv,187324,2026-10-03,b472905ea811c145b1827f382975756a66c2ac5dffbe9ad323148bfdea38cdb5
SIDM00554,osimertinib,IC50,19789.37148721026,nM,GDSC,unknown,data/raw/gdsc_drug_response.csv,187325,2026-10-03,b472905ea811c145b1827f382975756a66c2ac5dffbe9ad323148bfdea38cdb5
SIDM01018,osimertinib,IC50,6686.583124873368,nM,GDSC,unknown,data/raw/gdsc_drug_response.csv,187326,2026-10-03,b472905ea811c145b1827f382975756a66c2ac5dffbe9ad323148bfdea38cdb5
SIDM00584,osimertinib,IC50,39649.1694172936,nM,GDSC,unknown,data/raw/gdsc_drug_response.csv,187327,2026-10-03,b472905ea811c145b1827f382975756a66c2ac5dffbe9ad323148bfdea38cdb5
SIDM00479,osimertinib,IC50,63.57607872902335,nM,GDSC,unknown,data/raw/gdsc_drug_response.csv,187328,2026-10-03,b472905ea811c145b1827f382975756a66c2ac5dffbe9ad323148bfdea38cdb5
SIDM01177,osimertinib,IC50,369.6288074563198,nM,GDSC,unknown,data/raw/gdsc_drug_response.csv,187329,2026-10-03,b472905ea811c145b1827f382975756a66c2ac5dffbe9ad323148bfdea38cdb5
SIDM01150,osimertinib,IC50,5139.280041966086,nM,GDSC,unknown,data/raw/gdsc_drug_response.csv,187330,2026-10-03,b472905ea811c145b1827f382975756a66c2ac5dffbe9ad323148bfdea38cdb5
SIDM01247,osimertinib,IC50,6631.082076461543,nM,GDSC,unknown,data/raw/gdsc_drug_response.csv,187331,2026-10-03,b472905ea811c145b1827f382975756a66c2ac5dffbe9ad323148bfdea38cdb5
SIDM00467,osimertinib,IC50,8777.986031877796,nM,GDSC,unknown,data/raw/gdsc_drug_response.csv,187332,2026-10-03,b472905ea811c145b1827f382975756a66c2ac5dffbe9ad323148bfdea38cdb5
SIDM00469,osimertinib,IC50,6964.598777187507,nM,GDSC,unknown,data/raw/gdsc_drug_response.csv,187333,2026-10-03,b472905ea811c145b1827f382975756a66c2ac5dffbe9ad323148bfdea38cdb5
SIDM00480,osimertinib,IC50,12291.193127138395,nM,GDSC,unknown,data/raw/gdsc_drug_response.csv,187334,2026-10-03,b472905ea811c145b1827f382975756a66c2ac5dffbe9ad323148bfdea38cdb5
SIDM00477,osimertinib,IC50,10287.720504605337,nM,GDSC,unknown,data/raw/gdsc_drug_response.csv,187335,2026-10-03,b472905ea811c145b1827f382975756a66c2ac5dffbe9ad323148bfdea38cdb5
SIDM00282,osimertinib,IC50,559.1223258396294,nM,GDSC,unknown,data/raw/gdsc_drug_response.csv,187336,2026-10-03,b472905ea811c145b1827f382975756a66c2ac5dffbe9ad323148bfdea38cdb5
SIDM00286,osimertinib,IC50,3155.178275178111,nM,GDSC,unknown,data/raw/gdsc_drug_response.csv,187337,2026-10-03,b472905ea811c145b1827f382975756a66c2ac5dffbe9ad323148bfdea38cdb5
SIDM01248,osimertinib,IC50,11281.350905217872,nM,GDSC,unknown,data/raw/gdsc_drug_response.csv,187338,2026-10-03,b472905ea811c145b1827f382975756a66c2ac5dffbe9ad323148bfdea38cdb5
SIDM00842,osimertinib,IC50,799.0745767196624,nM,GDSC,unknown,data/raw/gdsc_drug_response.csv,187339,2026-10-03,b472905ea811c145b1827f382975756a66c2ac5dffbe9ad323148bfdea38cdb5
SIDM00233,osimertinib,IC50,6219.739345469863,nM,GDSC,unknown,data/raw/gdsc_drug_response.csv,187340,2026-10-03,b472905ea811c145b1827f382975756a66c2ac5dffbe9ad323148bfdea38cdb5
SIDM00917,osimertinib,IC50,3354.225854557042,nM,GDSC,unknown,data/raw/gdsc_drug_response.csv,187341,2026-10-03,b472905ea811c145b1827f382975756a66c2ac5dffbe9ad323148bfdea38cdb5
SIDM00957,osimertinib,IC50,19866.362998977384,nM,GDSC,unknown,data/raw/gdsc_drug_response.csv,187342,2026-10-03,b472905ea811c145b1827f382975756a66c2ac5dffbe9ad323148bfdea38cdb5
SIDM00142,osimertinib,IC50,41006.80382959869,nM,GDSC,unknown,data/raw/gdsc_drug_response.csv,187343,2026-10-03,b472905ea811c145b1827f382975756a66c2ac5dffbe9ad323148bfdea38cdb5
SIDM00143,osimertinib,IC50,7812.976459352337,nM,GDSC,unknown,data/raw/gdsc_drug_response.csv,187344,2026-10-03,b472905ea811c145b1827f382975756a66c2ac5dffbe9ad323148bfdea38cdb5
SIDM00343,osimertinib,IC50,24179.907023565633,nM,GDSC,unknown,data/raw/gdsc_drug_response.csv,187345,2026-10-03,b472905ea811c145b1827f382975756a66c2ac5dffbe9ad323148bfdea38cdb5
SIDM00267,osimertinib,IC50,1103.3091698025828,nM,GDSC,unknown,data/raw/gdsc_drug_response.csv,187346,2026-10-03,b472905ea811c145b1827f382975756a66c2ac5dffbe9ad323148bfdea38cdb5
SIDM00794,osimertinib,IC50,1395.3775167665383,nM,GDSC,unknown,data/raw/gdsc_drug_response.csv,187347,2026-10-03,b472905ea811c145b1827f382975756a66c2ac5dffbe9ad323148bfdea38cdb5
SIDM00988,osimertinib,IC50,6458.938594253776,nM,GDSC,unknown,data/raw/gdsc_drug_response.csv,187348,2026-10-03,b472905ea811c145b1827f382975756a66c2ac5dffbe9ad323148bfdea38cdb5
SIDM01233,osimertinib,IC50,5767.547806626294,nM,GDSC,unknown,data/raw/gdsc_drug_response.csv,187349,2026-10-03,b472905ea811c145b1827f382975756a66c2ac5dffbe9ad323148bfdea38cdb5
SIDM01082,osimertinib,IC50,4039.7305734132374,nM,GDSC,unknown,data/raw/gdsc_drug_response.csv,187350,2026-10-03,b472905ea811c145b1827f382975756a66c2ac5dffbe9ad323148bfdea38cdb5
SIDM00899,osimertinib,IC50,101403.5398184569,nM,GDSC,unknown,data/raw/gdsc_drug_response.csv,187351,2026-10-03,b472905ea811c145b1827f382975756a66c2ac5dffbe9ad323148bfdea38cdb5
SIDM00907,osimertinib,IC50,3899.514273021194,nM,GDSC,unknown,data/raw/gdsc_drug_response.csv,187352,2026-10-03,b472905ea811c145b1827f382975756a66c2ac5dffbe9ad323148bfdea38cdb5
SIDM00898,osimertinib,IC50,362.3984434276875,nM,GDSC,unknown,data/raw/gdsc_drug_response.csv,187353,2026-10-03,b472905ea811c145b1827f382975756a66c2ac5dffbe9ad323148bfdea38cdb5
SIDM00287,osimertinib,IC50,1316.919108707882,nM,GDSC,unknown,data/raw/gdsc_drug_response.csv,187354,2026-10-03,b472905ea811c145b1827f382975756a66c2ac5dffbe9ad323148bfdea38cdb5
SIDM00985,osimertinib,IC50,3559.6883539260825,nM,GDSC,unknown,data/raw/gdsc_drug_response.csv,187355,2026-10-03,b472905ea811c145b1827f382975756a66c2ac5dffbe9ad323148bfdea38cdb5
SIDM00962,osimertinib,IC50,2376.8616902494077,nM,GDSC,unknown,data/raw/gdsc_drug_response.csv,187356,2026-10-03,b472905ea811c145b1827f382975756a66c2ac5dffbe9ad323148bfdea38cdb5
SIDM00306,osimertinib,IC50,31800.372386981388,nM,GDSC,unknown,data/raw/gdsc_drug_response.csv,187357,2026-10-03,b472905ea811c145b1827f382975756a66c2ac5dffbe9ad323148bfdea38cdb5
SIDM00324,osimertinib,IC50,3836.4328900905525,nM,GDSC,unknown,data/raw/gdsc_drug_response.csv,187358,2026-10-03,b472905ea811c145b1827f382975756a66c2ac5dffbe9ad323148bfdea38cdb5
SIDM00901,osimertinib,IC50,12986.066825007309,nM,GDSC,unknown,data/raw/gdsc_drug_response.csv,187359,2026-10-03,b472905ea811c145b1827f382975756a66c2ac5dffbe9ad323148bfdea38cdb5
SIDM00798,osimertinib,IC50,4044.9492335037826,nM,GDSC,unknown,data/raw/gdsc_drug_response.csv,187360,2026-10-03,b472905ea811c145b1827f382975756a66c2ac5dffbe9ad323148bfdea38cdb5
SIDM00569,osimertinib,IC50,5341.785711636021,nM,GDSC,unknown,data/raw/gdsc_drug_response.csv,187361,2026-10-03,b472905ea811c145b1827f382975756a66c2ac5dffbe9ad323148bfdea38cdb5
SIDM01237,osimertinib,IC50,15215.125016859574,nM,GDSC,unknown,data/raw/gdsc_drug_response.csv,187362,2026-10-03,b472905ea811c145b1827f382975756a66c2ac5dffbe9ad323148bfdea38cdb5
SIDM00810,osimertinib,IC50,15253.469723096072,nM,GDSC,unknown,data/raw/gdsc_drug_response.csv,187363,2026-10-03,b472905ea811c145b1827f382975756a66c2ac5dffbe9ad323148bfdea38cdb5
SIDM00928,osimertinib,IC50,30830.17752279393,nM,GDSC,unknown,data/raw/gdsc_drug_response.csv,187364,2026-10-03,b472905ea811c145b1827f382975756a66c2ac5dffbe9ad323148bfdea38cdb5
SIDM01228,osimertinib,IC50,622.851594280065,nM,GDSC,unknown,data/raw/gdsc_drug_response.csv,187365,2026-10-03,b472905ea811c145b1827f382975756a66c2ac5dffbe9ad323148bfdea38cdb5
SIDM01089,osimertinib,IC50,610.8670118792057,nM,GDSC,unknown,data/raw/gdsc_drug_response.csv,187366,2026-10-03,b472905ea811c145b1827f382975756a66c2ac5dffbe9ad323148bfdea38cdb5
SIDM00698,osimertinib,IC50,4974.137555975867,nM,GDSC,unknown,data/raw/gdsc_drug_response.csv,187367,2026-10-03,b472905ea811c145b1827f382975756a66c2ac5dffbe9ad323148bfdea38cdb5
SIDM00744,osimertinib,IC50,5935.450910582276,nM,GDSC,unknown,data/raw/gdsc_drug_response.csv,187368,2026-10-03,b472905ea811c145b1827f382975756a66c2ac5dffbe9ad323148bfdea38cdb5
SIDM01087,osimertinib,IC50,9946.104828482756,nM,GDSC,unknown,data/raw/gdsc_drug_response.csv,187369,2026-10-03,b472905ea811c145b1827f382975756a66c2ac5dffbe9ad323148bfdea38cdb5
SIDM01081,osimertinib,IC50,4728.726843532972,nM,GDSC,unknown,data/raw/gdsc_drug_response.csv,187370,2026-10-03,b472905ea811c145b1827f382975756a66c2ac5dffbe9ad323148bfdea38cdb5
SIDM01197,osimertinib,IC50,54511.24441884122,nM,GDSC,unknown,data/raw/gdsc_drug_response.csv,187371,2026-10-03,b472905ea811c145b1827f382975756a66c2ac5dffbe9ad323148bfdea38cdb5
SIDM01198,osimertinib,IC50,2607.3907274592557,nM,GDSC,unknown,data/raw/gdsc_drug_response.csv,187372,2026-10-03,b472905ea811c145b1827f382975756a66c2ac5dffbe9ad323148bfdea38cdb5
SIDM01165,osimertinib,IC50,9311.116417032361,nM,GDSC,unknown,data/raw/gdsc_drug_response.csv,187373,2026-10-03,b472905ea811c145b1827f382975756a66c2ac5dffbe9ad323148bfdea38cdb5
SIDM01187,osimertinib,IC50,942.3561474586526,nM,GDSC,unknown,data/raw/gdsc_drug_response.csv,187374,2026-10-03,b472905ea811c145b1827f382975756a66c2ac5dffbe9ad323148bfdea38cdb5
SIDM01083,osimertinib,IC50,1519.481259552694,nM,GDSC,unknown,data/raw/gdsc_drug_response.csv,187375,2026-10-03,b472905ea811c145b1827f382975756a66c2ac5dffbe9ad323148bfdea38cdb5
SIDM00943,osimertinib,IC50,4634.878569143103,nM,GDSC,unknown,data/raw/gdsc_drug_response.csv,187376,2026-10-03,b472905ea811c145b1827f382975756a66c2ac5dffbe9ad323148bfdea38cdb5
SIDM00937,osimertinib,IC50,1082.8798283033125,nM,GDSC,unknown,data/raw/gdsc_drug_response.csv,187377,2026-10-03,b472905ea811c145b1827f382975756a66c2ac5dffbe9ad323148bfdea38cdb5
SIDM00895,osimertinib,IC50,2048.4286765588677,nM,GDSC,unknown,data/raw/gdsc_drug_response.csv,187378,2026-10-03,b472905ea811c145b1827f382975756a66c2ac5dffbe9ad323148bfdea38cdb5
SIDM00896,osimertinib,IC50,1508.100632822265,nM,GDSC,unknown,data/raw/gdsc_drug_response.csv,187379,2026-10-03,b472905ea811c145b1827f382975756a66c2ac5dffbe9ad323148bfdea38cdb5
SIDM00849,osimertinib,IC50,6945.965587365452,nM,GDSC,unknown,data/raw/gdsc_drug_response.csv,187380,2026-10-03,b472905ea811c145b1827f382975756a66c2ac5dffbe9ad323148bfdea38cdb5
SIDM00801,osimertinib,IC50,27922.951917233426,nM,GDSC,unknown,data/raw/gdsc_drug_response.csv,187381,2026-10-03,b472905ea811c145b1827f382975756a66c2ac5dffbe9ad323148bfdea38cdb5
SIDM00803,osimertinib,IC50,2940.060031442143,nM,GDSC,unknown,data/raw/gdsc_drug_response.csv,187382,2026-10-03,b472905ea811c145b1827f382975756a66c2ac5dffbe9ad323148bfdea38cdb5
SIDM00980,osimertinib,IC50,5103.9665891084915,nM,GDSC,unknown,data/raw/gdsc_drug_response.csv,187383,2026-10-03,b472905ea811c145b1827f382975756a66c2ac5dffbe9ad323148bfdea38cdb5
SIDM00995,osimertinib,IC50,973.0566271303792,nM,GDSC,unknown,data/raw/gdsc_drug_response.csv,187384,2026-10-03,b472905ea811c145b1827f382975756a66c2ac5dffbe9ad323148bfdea38cdb5
SIDM00989,osimertinib,IC50,7834.859944296252,nM,GDSC,unknown,data/raw/gdsc_drug_response.csv,187385,2026-10-03,b472905ea811c145b1827f382975756a66c2ac5dffbe9ad323148bfdea38cdb5
SIDM00933,osimertinib,IC50,5396.329498747397,nM,GDSC,unknown,data/raw/gdsc_drug_response.csv,187386,2026-10-03,b472905ea811c145b1827f382975756a66c2ac5dffbe9ad323148bfdea38cdb5
SIDM00384,osimertinib,IC50,6422.272326398325,nM,GDSC,unknown,data/raw/gdsc_drug_response.csv,187387,2026-10-03,b472905ea811c145b1827f382975756a66c2ac5dffbe9ad323148bfdea38cdb5
SIDM00355,osimertinib,IC50,7266.603584084762,nM,GDSC,unknown,data/raw/gdsc_drug_response.csv,187388,2026-10-03,b472905ea811c145b1827f382975756a66c2ac5dffbe9ad323148bfdea38cdb5
SIDM00543,osimertinib,IC50,15335.570509934209,nM,GDSC,unknown,data/raw/gdsc_drug_response.csv,187389,2026-10-03,b472905ea811c145b1827f382975756a66c2ac5dffbe9ad323148bfdea38cdb5
SIDM00492,osimertinib,IC50,12218.118830065343,nM,GDSC,unknown,data/raw/gdsc_drug_response.csv,187390,2026-10-03,b472905ea811c145b1827f382975756a66c2ac5dffbe9ad323148bfdea38cdb5
SIDM00502,osimertinib,IC50,4829.819034570752,nM,GDSC,unknown,data/raw/gdsc_drug_response.csv,187391,2026-10-03,b472905ea811c145b1827f382975756a66c2ac5dffbe9ad323148bfdea38cdb5
SIDM00495,osimertinib,IC50,3201.4921564091396,nM,GDSC,unknown,data/raw/gdsc_drug_response.csv,187392,2026-10-03,b472905ea811c145b1827f382975756a66c2ac5dffbe9ad323148bfdea38cdb5
SIDM00540,osimertinib,IC50,307.7015374743203,nM,GDSC,unknown,data/raw/gdsc_drug_response.csv,187393,2026-10-03,b472905ea811c145b1827f382975756a66c2ac5dffbe9ad323148bfdea38cdb5
SIDM00511,osimertinib,IC50,3632.986364508066,nM,GDSC,unknown,data/raw/gdsc_drug_response.csv,187394,2026-10-03,b472905ea811c145b1827f382975756a66c2ac5dffbe9ad323148bfdea38cdb5
SIDM00285,osimertinib,IC50,1367.7471906966355,nM,GDSC,unknown,data/raw/gdsc_drug_response.csv,187395,2026-10-03,b472905ea811c145b1827f382975756a66c2ac5dffbe9ad323148bfdea38cdb5
SIDM00243,osimertinib,IC50,7791.33329560103,nM,GDSC,unknown,data/raw/gdsc_drug_response.csv,187396,2026-10-03,b472905ea811c145b1827f382975756a66c2ac5dffbe9ad323148bfdea38cdb5
SIDM00212,osimertinib,IC50,12586.955501139644,nM,GDSC,unknown,data/raw/gdsc_drug_response.csv,187397,2026-10-03,b472905ea811c145b1827f382975756a66c2ac5dffbe9ad323148bfdea38cdb5
SIDM00211,osimertinib,IC50,3949.2986255700266,nM,GDSC,unknown,data/raw/gdsc_drug_response.csv,187398,2026-10-03,b472905ea811c145b1827f382975756a66c2ac5dffbe9ad323148bfdea38cdb5
SIDM00446,osimertinib,IC50,4593.485021863993,nM,GDSC,unknown,data/raw/gdsc_drug_response.csv,187399,2026-10-03,b472905ea811c145b1827f382975756a66c2ac5dffbe9ad323148bfdea38cdb5
SIDM00332,osimertinib,IC50,23765.66756665806,nM,GDSC,unknown,data/raw/gdsc_drug_response.csv,187400,2026-10-03,b472905ea811c145b1827f382975756a66c2ac5dffbe9ad323148bfdea38cdb5
SIDM00958,osimertinib,IC50,5929.83269921291,nM,GDSC,unknown,data/raw/gdsc_drug_response.csv,187401,2026-10-03,b472905ea811c145b1827f382975756a66c2ac5dffbe9ad323148bfdea38cdb5
SIDM00932,osimertinib,IC50,623.2964691197991,nM,GDSC,unknown,data/raw/gdsc_drug_response.csv,187402,2026-10-03,b472905ea811c145b1827f382975756a66c2ac5dffbe9ad323148bfdea38cdb5
SIDM01052,osimertinib,IC50,13598.72447852698,nM,GDSC,unknown,data/raw/gdsc_drug_response.csv,187403,2026-10-03,b472905ea811c145b1827f382975756a66c2ac5dffbe9ad323148bfdea38cdb5
SIDM00681,osimertinib,IC50,3354.638449711234,nM,GDSC,unknown,data/raw/gdsc_drug_response.csv,187404,2026-10-03,b472905ea811c145b1827f382975756a66c2ac5dffbe9ad323148bfdea38cdb5
SIDM00499,osimertinib,IC50,24968.024843959392,nM,GDSC,unknown,data/raw/gdsc_drug_response.csv,187405,2026-10-03,b472905ea811c145b1827f382975756a66c2ac5dffbe9ad323148bfdea38cdb5
SIDM00996,osimertinib,IC50,17354.58957101308,nM,GDSC,unknown,data/raw/gdsc_drug_response.csv,187406,2026-10-03,b472905ea811c145b1827f382975756a66c2ac5dffbe9ad323148bfdea38cdb5
SIDM00992,osimertinib,IC50,13790.114570482085,nM,GDSC,unknown,data/raw/gdsc_drug_response.csv,187407,2026-10-03,b472905ea811c145b1827f382975756a66c2ac5dffbe9ad323148bfdea38cdb5
SIDM00964,osimertinib,IC50,306.43978590071777,nM,GDSC,unknown,data/raw/gdsc_drug_response.csv,187408,2026-10-03,b472905ea811c145b1827f382975756a66c2ac5dffbe9ad323148bfdea38cdb5
SIDM00938,osimertinib,IC50,2088.2575288776097,nM,GDSC,unknown,data/raw/gdsc_drug_response.csv,187409,2026-10-03,b472905ea811c145b1827f382975756a66c2ac5dffbe9ad323148bfdea38cdb5
SIDM00935,osimertinib,IC50,187.77590909797502,nM,GDSC,unknown,data/raw/gdsc_drug_response.csv,187410,2026-10-03,b472905ea811c145b1827f382975756a66c2ac5dffbe9ad323148bfdea38cdb5
SIDM00488,osimertinib,IC50,2196.2667782738617,nM,GDSC,unknown,data/raw/gdsc_drug_response.csv,187411,2026-10-03,b472905ea811c145b1827f382975756a66c2ac5dffbe9ad323148bfdea38cdb5
SIDM01064,osimertinib,IC50,16433.517512911978,nM,GDSC,unknown,data/raw/gdsc_drug_response.csv,187412,2026-10-03,b472905ea811c145b1827f382975756a66c2ac5dffbe9ad323148bfdea38cdb5
SIDM00592,osimertinib,IC50,2016.3561574350517,nM,GDSC,unknown,data/raw/gdsc_drug_response.csv,187413,2026-10-03,b472905ea811c145b1827f382975756a66c2ac5dffbe9ad323148bfdea38cdb5
SIDM00496,osimertinib,IC50,8017.390541145575,nM,GDSC,unknown,data/raw/gdsc_drug_response.csv,187414,2026-10-03,b472905ea811c145b1827f382975756a66c2ac5dffbe9ad323148bfdea38cdb5
SIDM00302,osimertinib,IC50,2087.601918949688,nM,GDSC,unknown,data/raw/gdsc_drug_response.csv,187415,2026-10-03,b472905ea811c145b1827f382975756a66c2ac5dffbe9ad323148bfdea38cdb5
SIDM00686,osimertinib,IC50,4047.3526470916513,nM,GDSC,unknown,data/raw/gdsc_drug_response.csv,187416,2026-10-03,b472905ea811c145b1827f382975756a66c2ac5dffbe9ad323148bfdea38cdb5
SIDM01210,osimertinib,IC50,17666.231632405477,nM,GDSC,unknown,data/raw/gdsc_drug_response.csv,187417,2026-10-03,b472905ea811c145b1827f382975756a66c2ac5dffbe9ad323148bfdea38cdb5
SIDM00557,osimertinib,IC50,4311.405702445954,nM,GDSC,unknown,data/raw/gdsc_drug_response.csv,187418,2026-10-03,b472905ea811c145b1827f382975756a66c2ac5dffbe9ad323148bfdea38cdb5
SIDM00056,osimertinib,IC50,8823.32691373509,nM,GDSC,unknown,data/raw/gdsc_drug_response.csv,187419,2026-10-03,b472905ea811c145b1827f382975756a66c2ac5dffbe9ad323148bfdea38cdb5
SIDM00312,osimertinib,IC50,3568.552316631162,nM,GDSC,unknown,data/raw/gdsc_drug_response.csv,187420,2026-10-03,b472905ea811c145b1827f382975756a66c2ac5dffbe9ad323148bfdea38cdb5
SIDM00630,osimertinib,IC50,3576.7265120452134,nM,GDSC,unknown,data/raw/gdsc_drug_response.csv,187421,2026-10-03,b472905ea811c145b1827f382975756a66c2ac5dffbe9ad323148bfdea38cdb5
SIDM00721,osimertinib,IC50,11427.845901675437,nM,GDSC,unknown,data/raw/gdsc_drug_response.csv,187422,2026-10-03,b472905ea811c145b1827f382975756a66c2ac5dffbe9ad323148bfdea38cdb5
SIDM00759,osimertinib,IC50,37.92578709404305,nM,GDSC,unknown,data/raw/gdsc_drug_response.csv,187423,2026-10-03,b472905ea811c145b1827f382975756a66c2ac5dffbe9ad323148bfdea38cdb5
SIDM01157,osimertinib,IC50,4871.149762052539,nM,GDSC,unknown,data/raw/gdsc_drug_response.csv,187424,2026-10-03,b472905ea811c145b1827f382975756a66c2ac5dffbe9ad323148bfdea38cdb5
SIDM01173,osimertinib,IC50,4691.563988987292,nM,GDSC,unknown,data/raw/gdsc_drug_response.csv,187425,2026-10-03,b472905ea811c145b1827f382975756a66c2ac5dffbe9ad323148bfdea38cdb5
SIDM00560,osimertinib,IC50,2645.2378879513844,nM,GDSC,unknown,data/raw/gdsc_drug_response.csv,187426,2026-10-03,b472905ea811c145b1827f382975756a66c2ac5dffbe9ad323148bfdea38cdb5
SIDM00529,osimertinib,IC50,20050.097167496257,nM,GDSC,unknown,data/raw/gdsc_drug_response.csv,187427,2026-10-03,b472905ea811c145b1827f382975756a66c2ac5dffbe9ad323148bfdea38cdb5
SIDM01242,osimertinib,IC50,9487.071718094392,nM,GDSC,unknown,data/raw/gdsc_drug_response.csv,187428,2026-10-03,b472905ea811c145b1827f382975756a66c2ac5dffbe9ad323148bfdea38cdb5
SIDM00247,osimertinib,IC50,53992.70797792151,nM,GDSC,unknown,data/raw/gdsc_drug_response.csv,187429,2026-10-03,b472905ea811c145b1827f382975756a66c2ac5dffbe9ad323148bfdea38cdb5
SIDM01116,osimertinib,IC50,5771.499930321663,nM,GDSC,unknown,data/raw/gdsc_drug_response.csv,187430,2026-10-03,b472905ea811c145b1827f382975756a66c2ac5dffbe9ad323148bfdea38cdb5
SIDM00299,osimertinib,IC50,13960.375566266039,nM,GDSC,unknown,data/raw/gdsc_drug_response.csv,187431,2026-10-03,b472905ea811c145b1827f382975756a66c2ac5dffbe9ad323148bfdea38cdb5
SIDM00242,osimertinib,IC50,2173.6222161965643,nM,GDSC,unknown,data/raw/gdsc_drug_response.csv,187432,2026-10-03,b472905ea811c145b1827f382975756a66c2ac5dffbe9ad323148bfdea38cdb5
SIDM01138,osimertinib,IC50,4826.473129469817,nM,GDSC,unknown,data/raw/gdsc_drug_response.csv,187433,2026-10-03,b472905ea811c145b1827f382975756a66c2ac5dffbe9ad323148bfdea38cdb5
SIDM01136,osimertinib,IC50,25032.150033081365,nM,GDSC,unknown,data/raw/gdsc_drug_response.csv,187434,2026-10-03,b472905ea811c145b1827f382975756a66c2ac5dffbe9ad323148bfdea38cdb5
SIDM01135,osimertinib,IC50,65197.361478983396,nM,GDSC,unknown,data/raw/gdsc_drug_response.csv,187435,2026-10-03,b472905ea811c145b1827f382975756a66c2ac5dffbe9ad323148bfdea38cdb5
SIDM01088,osimertinib,IC50,5519.415682133273,nM,GDSC,unknown,data/raw/gdsc_drug_response.csv,187436,2026-10-03,b472905ea811c145b1827f382975756a66c2ac5dffbe9ad323148bfdea38cdb5
SIDM00218,osimertinib,IC50,178450.4550594708,nM,GDSC,unknown,data/raw/gdsc_drug_response.csv,187437,2026-10-03,b472905ea811c145b1827f382975756a66c2ac5dffbe9ad323148bfdea38cdb5
SIDM01093,osimertinib,IC50,5764.756988920252,nM,GDSC,unknown,data/raw/gdsc_drug_response.csv,187438,2026-10-03,b472905ea811c145b1827f382975756a66c2ac5dffbe9ad323148bfdea38cdb5
SIDM00381,osimertinib,IC50,3574.463160589399,nM,GDSC,unknown,data/raw/gdsc_drug_response.csv,187439,2026-10-03,b472905ea811c145b1827f382975756a66c2ac5dffbe9ad323148bfdea38cdb5
SIDM00484,osimertinib,IC50,38680.51558520479,nM,GDSC,unknown,data/raw/gdsc_drug_response.csv,187440,2026-10-03,b472905ea811c145b1827f382975756a66c2ac5dffbe9ad323148bfdea38cdb5
SIDM00319,osimertinib,IC50,8366.352441738223,nM,GDSC,unknown,data/raw/gdsc_drug_response.csv,187441,2026-10-03,b472905ea811c145b1827f382975756a66c2ac5dffbe9ad323148bfdea38cdb5
SIDM00325,osimertinib,IC50,2493.3295850625823,nM,GDSC,unknown,data/raw/gdsc_drug_response.csv,187442,2026-10-03,b472905ea811c145b1827f382975756a66c2ac5dffbe9ad323148bfdea38cdb5
SIDM00348,osimertinib,IC50,1008.1177718731605,nM,GDSC,unknown,data/raw/gdsc_drug_response.csv,187443,2026-10-03,b472905ea811c145b1827f382975756a66c2ac5dffbe9ad323148bfdea38cdb5
SIDM00328,osimertinib,IC50,427.10943949894875,nM,GDSC,unknown,data/raw/gdsc_drug_response.csv,187444,2026-10-03,b472905ea811c145b1827f382975756a66c2ac5dffbe9ad323148bfdea38cdb5
SIDM00023,osimertinib,IC50,1593.6484336691117,nM,GDSC,unknown,data/raw/gdsc_drug_response.csv,187445,2026-10-03,b472905ea811c145b1827f382975756a66c2ac5dffbe9ad323148bfdea38cdb5
SIDM00234,osimertinib,IC50,3305.9239648618445,nM,GDSC,unknown,data/raw/gdsc_drug_response.csv,187446,2026-10-03,b472905ea811c145b1827f382975756a66c2ac5dffbe9ad323148bfdea38cdb5
SIDM00410,osimertinib,IC50,2598.4471068589987,nM,GDSC,unknown,data/raw/gdsc_drug_response.csv,187447,2026-10-03,b472905ea811c145b1827f382975756a66c2ac5dffbe9ad323148bfdea38cdb5
SIDM00963,osimertinib,IC50,851.33208277476,nM,GDSC,unknown,data/raw/gdsc_drug_response.csv,187448,2026-10-03,b472905ea811c145b1827f382975756a66c2ac5dffbe9ad323148bfdea38cdb5
SIDM00481,osimertinib,IC50,7379.176153028049,nM,GDSC,unknown,data/raw/gdsc_drug_response.csv,187449,2026-10-03,b472905ea811c145b1827f382975756a66c2ac5dffbe9ad323148bfdea38cdb5
SIDM00344,osimertinib,IC50,22967.08261166031,nM,GDSC,unknown,data/raw/gdsc_drug_response.csv,187450,2026-10-03,b472905ea811c145b1827f382975756a66c2ac5dffbe9ad323148bfdea38cdb5
SIDM00157,osimertinib,IC50,1495.715967156649,nM,GDSC,unknown,data/raw/gdsc_drug_response.csv,187451,2026-10-03,b472905ea811c145b1827f382975756a66c2ac5dffbe9ad323148bfdea38cdb5
SIDM01021,osimertinib,IC50,6681.703700398831,nM,GDSC,unknown,data/raw/gdsc_drug_response.csv,187452,2026-10-03,b472905ea811c145b1827f382975756a66c2ac5dffbe9ad323148bfdea38cdb5
SIDM00622,osimertinib,IC50,6723.769938602074,nM,GDSC,unknown,data/raw/gdsc_drug_response.csv,187453,2026-10-03,b472905ea811c145b1827f382975756a66c2ac5dffbe9ad323148bfdea38cdb5
SIDM00732,osimertinib,IC50,18358.579262841275,nM,GDSC,unknown,data/raw/gdsc_drug_response.csv,187454,2026-10-03,b472905ea811c145b1827f382975756a66c2ac5dffbe9ad323148bfdea38cdb5
SIDM00620,osimertinib,IC50,2619.273528171156,nM,GDSC,unknown,data/raw/gdsc_drug_response.csv,187455,2026-10-03,b472905ea811c145b1827f382975756a66c2ac5dffbe9ad323148bfdea38cdb5
SIDM00542,osimertinib,IC50,12793.036506989738,nM,GDSC,unknown,data/raw/gdsc_drug_response.csv,187456,2026-10-03,b472905ea811c145b1827f382975756a66c2ac5dffbe9ad323148bfdea38cdb5
SIDM00209,osimertinib,IC50,3480.113819484679,nM,GDSC,unknown,data/raw/gdsc_drug_response.csv,187457,2026-10-03,b472905ea811c145b1827f382975756a66c2ac5dffbe9ad323148bfdea38cdb5
SIDM00208,osimertinib,IC50,8701.487603920745,nM,GDSC,unknown,data/raw/gdsc_drug_response.csv,187458,2026-10-03,b472905ea811c145b1827f382975756a66c2ac5dffbe9ad323148bfdea38cdb5
SIDM00206,osimertinib,IC50,8034.742890626227,nM,GDSC,unknown,data/raw/gdsc_drug_response.csv,187459,2026-10-03,b472905ea811c145b1827f382975756a66c2ac5dffbe9ad323148bfdea38cdb5
SIDM00920,osimertinib,IC50,5375.862358846754,nM,GDSC,unknown,data/raw/gdsc_drug_response.csv,187460,2026-10-03,b472905ea811c145b1827f382975756a66c2ac5dffbe9ad323148bfdea38cdb5
SIDM00283,osimertinib,IC50,114.92012007664363,nM,GDSC,unknown,data/raw/gdsc_drug_response.csv,187461,2026-10-03,b472905ea811c145b1827f382975756a66c2ac5dffbe9ad323148bfdea38cdb5
SIDM00918,osimertinib,IC50,4008.4955645937193,nM,GDSC,unknown,data/raw/gdsc_drug_response.csv,187462,2026-10-03,b472905ea811c145b1827f382975756a66c2ac5dffbe9ad323148bfdea38cdb5
SIDM00892,osimertinib,IC50,159431.60157497946,nM,GDSC,unknown,data/raw/gdsc_drug_response.csv,187463,2026-10-03,b472905ea811c145b1827f382975756a66c2ac5dffbe9ad323148bfdea38cdb5
SIDM00659,osimertinib,IC50,12865.341625171633,nM,GDSC,unknown,data/raw/gdsc_drug_response.csv,187464,2026-10-03,b472905ea811c145b1827f382975756a66c2ac5dffbe9ad323148bfdea38cdb5
SIDM00289,osimertinib,IC50,2691.514375289087,nM,GDSC,unknown,data/raw/gdsc_drug_response.csv,187465,2026-10-03,b472905ea811c145b1827f382975756a66c2ac5dffbe9ad323148bfdea38cdb5
SIDM00240,osimertinib,IC50,2022.8228775448874,nM,GDSC,unknown,data/raw/gdsc_drug_response.csv,187466,2026-10-03,b472905ea811c145b1827f382975756a66c2ac5dffbe9ad323148bfdea38cdb5
SIDM00261,osimertinib,IC50,1625.4488613360916,nM,GDSC,unknown,data/raw/gdsc_drug_response.csv,187467,2026-10-03,b472905ea811c145b1827f382975756a66c2ac5dffbe9ad323148bfdea38cdb5
SIDM00264,osimertinib,IC50,4680.35985936431,nM,GDSC,unknown,data/raw/gdsc_drug_response.csv,187468,2026-10-03,b472905ea811c145b1827f382975756a66c2ac5dffbe9ad323148bfdea38cdb5
SIDM00262,osimertinib,IC50,7696.217697034174,nM,GDSC,unknown,data/raw/gdsc_drug_response.csv,187469,2026-10-03,b472905ea811c145b1827f382975756a66c2ac5dffbe9ad323148bfdea38cdb5
SIDM00266,osimertinib,IC50,2459.327651034555,nM,GDSC,unknown,data/raw/gdsc_drug_response.csv,187470,2026-10-03,b472905ea811c145b1827f382975756a66c2ac5dffbe9ad323148bfdea38cdb5
SIDM00201,osimertinib,IC50,2204.2338760032885,nM,GDSC,unknown,data/raw/gdsc_drug_response.csv,187471,2026-10-03,b472905ea811c145b1827f382975756a66c2ac5dffbe9ad323148bfdea38cdb5
SIDM00202,osimertinib,IC50,2465.2519173974947,nM,GDSC,unknown,data/raw/gdsc_drug_response.csv,187472,2026-10-03,b472905ea811c145b1827f382975756a66c2ac5dffbe9ad323148bfdea38cdb5
SIDM00200,osimertinib,IC50,2230.4068215013267,nM,GDSC,unknown,data/raw/gdsc_drug_response.csv,187473,2026-10-03,b472905ea811c145b1827f382975756a66c2ac5dffbe9ad323148bfdea38cdb5
SIDM00205,osimertinib,IC50,4302.804416500687,nM,GDSC,unknown,data/raw/gdsc_drug_response.csv,187474,2026-10-03,b472905ea811c145b1827f382975756a66c2ac5dffbe9ad323148bfdea38cdb5
SIDM00197,osimertinib,IC50,4395.344884183426,nM,GDSC,unknown,data/raw/gdsc_drug_response.csv,187475,2026-10-03,b472905ea811c145b1827f382975756a66c2ac5dffbe9ad323148bfdea38cdb5
SIDM00198,osimertinib,IC50,4086.8642951258175,nM,GDSC,unknown,data/raw/gdsc_drug_response.csv,187476,2026-10-03,b472905ea811c145b1827f382975756a66c2ac5dffbe9ad323148bfdea38cdb5
SIDM00621,osimertinib,IC50,22965.176422911478,nM,GDSC,unknown,data/raw/gdsc_drug_response.csv,187477,2026-10-03,b472905ea811c145b1827f382975756a66c2ac5dffbe9ad323148bfdea38cdb5
SIDM00196,osimertinib,IC50,5169.350231184949,nM,GDSC,unknown,data/raw/gdsc_drug_response.csv,187478,2026-10-03,b472905ea811c145b1827f382975756a66c2ac5dffbe9ad323148bfdea38cdb5
SIDM00195,osimertinib,IC50,11681.401948098097,nM,GDSC,unknown,data/raw/gdsc_drug_response.csv,187479,2026-10-03,b472905ea811c145b1827f382975756a66c2ac5dffbe9ad323148bfdea38cdb5
SIDM00330,osimertinib,IC50,2200.7913494903974,nM,GDSC,unknown,data/raw/gdsc_drug_response.csv,187480,2026-10-03,b472905ea811c145b1827f382975756a66c2ac5dffbe9ad323148bfdea38cdb5
SIDM00259,osimertinib,IC50,5753.377076166757,nM,GDSC,unknown,data/raw/gdsc_drug_response.csv,187481,2026-10-03,b472905ea811c145b1827f382975756a66c2ac5dffbe9ad323148bfdea38cdb5
SIDM00258,osimertinib,IC50,2427.6264246194287,nM,GDSC,unknown,data/raw/gdsc_drug_response.csv,187482,2026-10-03,b472905ea811c145b1827f382975756a66c2ac5dffbe9ad323148bfdea38cdb5
SIDM00253,osimertinib,IC50,22053.426794514333,nM,GDSC,unknown,data/raw/gdsc_drug_response.csv,187483,2026-10-03,b472905ea811c145b1827f382975756a66c2ac5dffbe9ad323148bfdea38cdb5
SIDM00156,osimertinib,IC50,11223.446190074385,nM,GDSC,unknown,data/raw/gdsc_drug_response.csv,187484,2026-10-03,b472905ea811c145b1827f382975756a66c2ac5dffbe9ad323148bfdea38cdb5
SIDM00255,osimertinib,IC50,559.2056412730252,nM,GDSC,unknown,data/raw/gdsc_drug_response.csv,187485,2026-10-03,b472905ea811c145b1827f382975756a66c2ac5dffbe9ad323148bfdea38cdb5
SIDM00254,osimertinib,IC50,3047.998055911849,nM,GDSC,unknown,data/raw/gdsc_drug_response.csv,187486,2026-10-03,b472905ea811c145b1827f382975756a66c2ac5dffbe9ad323148bfdea38cdb5
SIDM00257,osimertinib,IC50,3324.0868340087754,nM,GDSC,unknown,data/raw/gdsc_drug_response.csv,187487,2026-10-03,b472905ea811c145b1827f382975756a66c2ac5dffbe9ad323148bfdea38cdb5
SIDM00256,osimertinib,IC50,3048.558939153813,nM,GDSC,unknown,data/raw/gdsc_drug_response.csv,187488,2026-10-03,b472905ea811c145b1827f382975756a66c2ac5dffbe9ad323148bfdea38cdb5
SIDM00578,osimertinib,IC50,2905.789133330525,nM,GDSC,unknown,data/raw/gdsc_drug_response.csv,187489,2026-10-03,b472905ea811c145b1827f382975756a66c2ac5dffbe9ad323148bfdea38cdb5
SIDM00427,osimertinib,IC50,2419.1953865825553,nM,GDSC,unknown,data/raw/gdsc_drug_response.csv,187490,2026-10-03,b472905ea811c145b1827f382975756a66c2ac5dffbe9ad323148bfdea38cdb5
SIDM00179,osimertinib,IC50,2975.1456625480237,nM,GDSC,unknown,data/raw/gdsc_drug_response.csv,187491,2026-10-03,b472905ea811c145b1827f382975756a66c2ac5dffbe9ad323148bfdea38cdb5
SIDM01016,osimertinib,IC50,4954.087532666552,nM,GDSC,unknown,data/raw/gdsc_drug_response.csv,187492,2026-10-03,b472905ea811c145b1827f382975756a66c2ac5dffbe9ad323148bfdea38cdb5
SIDM00680,osimertinib,IC50,6402.541366100025,nM,GDSC,unknown,data/raw/gdsc_drug_response.csv,187493,2026-10-03,b472905ea811c145b1827f382975756a66c2ac5dffbe9ad323148bfdea38cdb5
SIDM00485,osimertinib,IC50,6051.855988768632,nM,GDSC,unknown,data/raw/gdsc_drug_response.csv,187494,2026-10-03,b472905ea811c145b1827f382975756a66c2ac5dffbe9ad323148bfdea38cdb5
SIDM00501,osimertinib,IC50,3365.8414793756992,nM,GDSC,unknown,data/raw/gdsc_drug_response.csv,187495,2026-10-03,b472905ea811c145b1827f382975756a66c2ac5dffbe9ad323148bfdea38cdb5
SIDM00487,osimertinib,IC50,240.89117584075822,nM,GDSC,unknown,data/raw/gdsc_drug_response.csv,187496,2026-10-03,b472905ea811c145b1827f382975756a66c2ac5dffbe9ad323148bfdea38cdb5
SIDM00955,osimertinib,IC50,7673.386167287911,nM,GDSC,unknown,data/raw/gdsc_drug_response.csv,187497,2026-10-03,b472905ea811c145b1827f382975756a66c2ac5dffbe9ad323148bfdea38cdb5
SIDM01045,osimertinib,IC50,15704.463950531008,nM,GDSC,unknown,data/raw/gdsc_drug_response.csv,187498,2026-10-03,b472905ea811c145b1827f382975756a66c2ac5dffbe9ad323148bfdea38cdb5
SIDM00861,osimertinib,IC50,12527.371871242534,nM,GDSC,unknown,data/raw/gdsc_drug_response.csv,187499,2026-10-03,b472905ea811c145b1827f382975756a66c2ac5dffbe9ad323148bfdea38cdb5
SIDM01040,osimertinib,IC50,3792.1153377366204,nM,GDSC,unknown,data/raw/gdsc_drug_response.csv,187500,2026-10-03,b472905ea811c145b1827f382975756a66c2ac5dffbe9ad323148bfdea38cdb5
SIDM00129,osimertinib,IC50,8703.76769235151,nM,GDSC,unknown,data/raw/gdsc_drug_response.csv,187501,2026-10-03,b472905ea811c145b1827f382975756a66c2ac5dffbe9ad323148bfdea38cdb5
SIDM00101,osimertinib,IC50,7429.124361240419,nM,GDSC,unknown,data/raw/gdsc_drug_response.csv,187502,2026-10-03,b472905ea811c145b1827f382975756a66c2ac5dffbe9ad323148bfdea38cdb5
SIDM00100,osimertinib,IC50,12765.675915792624,nM,GDSC,unknown,data/raw/gdsc_drug_response.csv,187503,2026-10-03,b472905ea811c145b1827f382975756a66c2ac5dffbe9ad323148bfdea38cdb5
SIDM00098,osimertinib,IC50,3317.989409729838,nM,GDSC,unknown,data/raw/gdsc_drug_response.csv,187504,2026-10-03,b472905ea811c145b1827f382975756a66c2ac5dffbe9ad323148bfdea38cdb5
SIDM00309,osimertinib,IC50,5849.534000285279,nM,GDSC,unknown,data/raw/gdsc_drug_response.csv,187505,2026-10-03,b472905ea811c145b1827f382975756a66c2ac5dffbe9ad323148bfdea38cdb5
SIDM00310,osimertinib,IC50,12567.058680071994,nM,GDSC,unknown,data/raw/gdsc_drug_response.csv,187506,2026-10-03,b472905ea811c145b1827f382975756a66c2ac5dffbe9ad323148bfdea38cdb5
SIDM00311,osimertinib,IC50,14179.397063564396,nM,GDSC,unknown,data/raw/gdsc_drug_response.csv,187507,2026-10-03,b472905ea811c145b1827f382975756a66c2ac5dffbe9ad323148bfdea38cdb5
SIDM00519,osimertinib,IC50,20048.673661132438,nM,GDSC,unknown,data/raw/gdsc_drug_response.csv,187508,2026-10-03,b472905ea811c145b1827f382975756a66c2ac5dffbe9ad323148bfdea38cdb5
SIDM00518,osimertinib,IC50,2771.658839555406,nM,GDSC,unknown,data/raw/gdsc_drug_response.csv,187509,2026-10-03,b472905ea811c145b1827f382975756a66c2ac5dffbe9ad323148bfdea38cdb5
SIDM00517,osimertinib,IC50,1474.1152804949961,nM,GDSC,unknown,data/raw/gdsc_drug_response.csv,187510,2026-10-03,b472905ea811c145b1827f382975756a66c2ac5dffbe9ad323148bfdea38cdb5
SIDM00114,osimertinib,IC50,2137.4339056128715,nM,GDSC,unknown,data/raw/gdsc_drug_response.csv,187511,2026-10-03,b472905ea811c145b1827f382975756a66c2ac5dffbe9ad323148bfdea38cdb5
SIDM00598,osimertinib,IC50,2184.320945163877,nM,GDSC,unknown,data/raw/gdsc_drug_response.csv,187512,2026-10-03,b472905ea811c145b1827f382975756a66c2ac5dffbe9ad323148bfdea38cdb5
SIDM01072,osimertinib,IC50,12516.327600491468,nM,GDSC,unknown,data/raw/gdsc_drug_response.csv,187513,2026-10-03,b472905ea811c145b1827f382975756a66c2ac5dffbe9ad323148bfdea38cdb5
SIDM01070,osimertinib,IC50,1703.2445654971982,nM,GDSC,unknown,data/raw/gdsc_drug_response.csv,187514,2026-10-03,b472905ea811c145b1827f382975756a66c2ac5dffbe9ad323148bfdea38cdb5
SIDM01069,osimertinib,IC50,11862.664131444111,nM,GDSC,unknown,data/raw/gdsc_drug_response.csv,187515,2026-10-03,b472905ea811c145b1827f382975756a66c2ac5dffbe9ad323148bfdea38cdb5
SIDM01067,osimertinib,IC50,27.578356463468786,nM,GDSC,unknown,data/raw/gdsc_drug_response.csv,187516,2026-10-03,b472905ea811c145b1827f382975756a66c2ac5dffbe9ad323148bfdea38cdb5
SIDM00672,osimertinib,IC50,1659.2455315729303,nM,GDSC,unknown,data/raw/gdsc_drug_response.csv,187517,2026-10-03,b472905ea811c145b1827f382975756a66c2ac5dffbe9ad323148bfdea38cdb5
SIDM00667,osimertinib,IC50,5665.062913120313,nM,GDSC,unknown,data/raw/gdsc_drug_response.csv,187518,2026-10-03,b472905ea811c145b1827f382975756a66c2ac5dffbe9ad323148bfdea38cdb5
SIDM00666,osimertinib,IC50,9886.241074188489,nM,GDSC,unknown,data/raw/gdsc_drug_response.csv,187519,2026-10-03,b472905ea811c145b1827f382975756a66c2ac5dffbe9ad323148bfdea38cdb5
SIDM00665,osimertinib,IC50,6871.7994457921795,nM,GDSC,unknown,data/raw/gdsc_drug_response.csv,187520,2026-10-03,b472905ea811c145b1827f382975756a66c2ac5dffbe9ad323148bfdea38cdb5
SIDM01066,osimertinib,IC50,16094.361608497235,nM,GDSC,unknown,data/raw/gdsc_drug_response.csv,187521,2026-10-03,b472905ea811c145b1827f382975756a66c2ac5dffbe9ad323148bfdea38cdb5
SIDM00600,osimertinib,IC50,4515.130093160883,nM,GDSC,unknown,data/raw/gdsc_drug_response.csv,187522,2026-10-03,b472905ea811c145b1827f382975756a66c2ac5dffbe9ad323148bfdea38cdb5
SIDM00602,osimertinib,IC50,3502.8292531751235,nM,GDSC,unknown,data/raw/gdsc_drug_response.csv,187523,2026-10-03,b472905ea811c145b1827f382975756a66c2ac5dffbe9ad323148bfdea38cdb5
SIDM00617,osimertinib,IC50,10181.598272226403,nM,GDSC,unknown,data/raw/gdsc_drug_response.csv,187524,2026-10-03,b472905ea811c145b1827f382975756a66c2ac5dffbe9ad323148bfdea38cdb5
SIDM00616,osimertinib,IC50,4643.632842061913,nM,GDSC,unknown,data/raw/gdsc_drug_response.csv,187525,2026-10-03,b472905ea811c145b1827f382975756a66c2ac5dffbe9ad323148bfdea38cdb5
SIDM00615,osimertinib,IC50,78816.39235190113,nM,GDSC,unknown,data/raw/gdsc_drug_response.csv,187526,2026-10-03,b472905ea811c145b1827f382975756a66c2ac5dffbe9ad323148bfdea38cdb5
SIDM00614,osimertinib,IC50,24099.304954054493,nM,GDSC,unknown,data/raw/gdsc_drug_response.csv,187527,2026-10-03,b472905ea811c145b1827f382975756a66c2ac5dffbe9ad323148bfdea38cdb5
SIDM00128,osimertinib,IC50,1439.5578243359635,nM,GDSC,unknown,data/raw/gdsc_drug_response.csv,187528,2026-10-03,b472905ea811c145b1827f382975756a66c2ac5dffbe9ad323148bfdea38cdb5
SIDM00127,osimertinib,IC50,352.0296056361318,nM,GDSC,unknown,data/raw/gdsc_drug_response.csv,187529,2026-10-03,b472905ea811c145b1827f382975756a66c2ac5dffbe9ad323148bfdea38cdb5
SIDM00552,osimertinib,IC50,2820.056725011448,nM,GDSC,unknown,data/raw/gdsc_drug_response.csv,187530,2026-10-03,b472905ea811c145b1827f382975756a66c2ac5dffbe9ad323148bfdea38cdb5
SIDM00551,osimertinib,IC50,2784.596556863587,nM,GDSC,unknown,data/raw/gdsc_drug_response.csv,187531,2026-10-03,b472905ea811c145b1827f382975756a66c2ac5dffbe9ad323148bfdea38cdb5
SIDM00685,osimertinib,IC50,19704.93279331612,nM,GDSC,unknown,data/raw/gdsc_drug_response.csv,187532,2026-10-03,b472905ea811c145b1827f382975756a66c2ac5dffbe9ad323148bfdea38cdb5
SIDM00684,osimertinib,IC50,3871.2134079361417,nM,GDSC,unknown,data/raw/gdsc_drug_response.csv,187533,2026-10-03,b472905ea811c145b1827f382975756a66c2ac5dffbe9ad323148bfdea38cdb5
SIDM00629,osimertinib,IC50,12754.434307966165,nM,GDSC,unknown,data/raw/gdsc_drug_response.csv,187534,2026-10-03,b472905ea811c145b1827f382975756a66c2ac5dffbe9ad323148bfdea38cdb5
SIDM00527,osimertinib,IC50,7058.524250632823,nM,GDSC,unknown,data/raw/gdsc_drug_response.csv,187535,2026-10-03,b472905ea811c145b1827f382975756a66c2ac5dffbe9ad323148bfdea38cdb5
SIDM00333,osimertinib,IC50,4848.192717807879,nM,GDSC,unknown,data/raw/gdsc_drug_response.csv,187536,2026-10-03,b472905ea811c145b1827f382975756a66c2ac5dffbe9ad323148bfdea38cdb5
SIDM00442,osimertinib,IC50,16153.665663797121,nM,GDSC,unknown,data/raw/gdsc_drug_response.csv,187537,2026-10-03,b472905ea811c145b1827f382975756a66c2ac5dffbe9ad323148bfdea38cdb5
SIDM00638,osimertinib,IC50,1438.6310475512462,nM,GDSC,unknown,data/raw/gdsc_drug_response.csv,187538,2026-10-03,b472905ea811c145b1827f382975756a66c2ac5dffbe9ad323148bfdea38cdb5
SIDM00579,osimertinib,IC50,1501.4465348773767,nM,GDSC,unknown,data/raw/gdsc_drug_response.csv,187539,2026-10-03,b472905ea811c145b1827f382975756a66c2ac5dffbe9ad323148bfdea38cdb5
SIDM00770,osimertinib,IC50,79850.72866164206,nM,GDSC,unknown,data/raw/gdsc_drug_response.csv,187540,2026-10-03,b472905ea811c145b1827f382975756a66c2ac5dffbe9ad323148bfdea38cdb5
SIDM00768,osimertinib,IC50,1089.2866146480883,nM,GDSC,unknown,data/raw/gdsc_drug_response.csv,187541,2026-10-03,b472905ea811c145b1827f382975756a66c2ac5dffbe9ad323148bfdea38cdb5
SIDM00763,osimertinib,IC50,23545.388879600447,nM,GDSC,unknown,data/raw/gdsc_drug_response.csv,187542,2026-10-03,b472905ea811c145b1827f382975756a66c2ac5dffbe9ad323148bfdea38cdb5
SIDM00762,osimertinib,IC50,2970.4308213845725,nM,GDSC,unknown,data/raw/gdsc_drug_response.csv,187543,2026-10-03,b472905ea811c145b1827f382975756a66c2ac5dffbe9ad323148bfdea38cdb5
SIDM00761,osimertinib,IC50,5865.014767470193,nM,GDSC,unknown,data/raw/gdsc_drug_response.csv,187544,2026-10-03,b472905ea811c145b1827f382975756a66c2ac5dffbe9ad323148bfdea38cdb5
SIDM00753,osimertinib,IC50,21372.156997247082,nM,GDSC,unknown,data/raw/gdsc_drug_response.csv,187545,2026-10-03,b472905ea811c145b1827f382975756a66c2ac5dffbe9ad323148bfdea38cdb5
SIDM00704,osimertinib,IC50,1345.6995643090274,nM,GDSC,unknown,data/raw/gdsc_drug_response.csv,187546,2026-10-03,b472905ea811c145b1827f382975756a66c2ac5dffbe9ad323148bfdea38cdb5
SIDM00137,osimertinib,IC50,8594.203806094594,nM,GDSC,unknown,data/raw/gdsc_drug_response.csv,187547,2026-10-03,b472905ea811c145b1827f382975756a66c2ac5dffbe9ad323148bfdea38cdb5
SIDM01125,osimertinib,IC50,3035.21116895372,nM,GDSC,unknown,data/raw/gdsc_drug_response.csv,187548,2026-10-03,b472905ea811c145b1827f382975756a66c2ac5dffbe9ad323148bfdea38cdb5
SIDM01134,osimertinib,IC50,7814.695503261291,nM,GDSC,unknown,data/raw/gdsc_drug_response.csv,187549,2026-10-03,b472905ea811c145b1827f382975756a66c2ac5dffbe9ad323148bfdea38cdb5
SIDM01149,osimertinib,IC50,3026.5852384882287,nM,GDSC,unknown,data/raw/gdsc_drug_response.csv,187550,2026-10-03,b472905ea811c145b1827f382975756a66c2ac5dffbe9ad323148bfdea38cdb5
SIDM00565,osimertinib,IC50,4100.713569876083,nM,GDSC,unknown,data/raw/gdsc_drug_response.csv,187551,2026-10-03,b472905ea811c145b1827f382975756a66c2ac5dffbe9ad323148bfdea38cdb5
SIDM01141,osimertinib,IC50,99937.00125373936,nM,GDSC,unknown,data/raw/gdsc_drug_response.csv,187552,2026-10-03,b472905ea811c145b1827f382975756a66c2ac5dffbe9ad323148bfdea38cdb5
SIDM00564,osimertinib,IC50,2353.0468022349373,nM,GDSC,unknown,data/raw/gdsc_drug_response.csv,187553,2026-10-03,b472905ea811c145b1827f382975756a66c2ac5dffbe9ad323148bfdea38cdb5
SIDM00466,osimertinib,IC50,7079.236054662687,nM,GDSC,unknown,data/raw/gdsc_drug_response.csv,187554,2026-10-03,b472905ea811c145b1827f382975756a66c2ac5dffbe9ad323148bfdea38cdb5
SIDM00465,osimertinib,IC50,1035.9925990110019,nM,GDSC,unknown,data/raw/gdsc_drug_response.csv,187555,2026-10-03,b472905ea811c145b1827f382975756a66c2ac5dffbe9ad323148bfdea38cdb5
SIDM00453,osimertinib,IC50,3221.8540958237327,nM,GDSC,unknown,data/raw/gdsc_drug_response.csv,187556,2026-10-03,b472905ea811c145b1827f382975756a66c2ac5dffbe9ad323148bfdea38cdb5
SIDM00361,osimertinib,IC50,73.93743620997114,nM,GDSC,unknown,data/raw/gdsc_drug_response.csv,187557,2026-10-03,b472905ea811c145b1827f382975756a66c2ac5dffbe9ad323148bfdea38cdb5
SIDM00270,osimertinib,IC50,490.0332661891305,nM,GDSC,unknown,data/raw/gdsc_drug_response.csv,187558,2026-10-03,b472905ea811c145b1827f382975756a66c2ac5dffbe9ad323148bfdea38cdb5
SIDM00115,osimertinib,IC50,1040.143828265137,nM,GDSC,unknown,data/raw/gdsc_drug_response.csv,187559,2026-10-03,b472905ea811c145b1827f382975756a66c2ac5dffbe9ad323148bfdea38cdb5
SIDM00473,osimertinib,IC50,2549.894536296607,nM,GDSC,unknown,data/raw/gdsc_drug_response.csv,187560,2026-10-03,b472905ea811c145b1827f382975756a66c2ac5dffbe9ad323148bfdea38cdb5
SIDM00358,osimertinib,IC50,11932.013523110008,nM,GDSC,unknown,data/raw/gdsc_drug_response.csv,187561,2026-10-03,b472905ea811c145b1827f382975756a66c2ac5dffbe9ad323148bfdea38cdb5
SIDM00426,osimertinib,IC50,2720.7076175911407,nM,GDSC,unknown,data/raw/gdsc_drug_response.csv,187562,2026-10-03,b472905ea811c145b1827f382975756a66c2ac5dffbe9ad323148bfdea38cdb5
SIDM00394,osimertinib,IC50,25877.6069965475,nM,GDSC,unknown,data/raw/gdsc_drug_response.csv,187563,2026-10-03,b472905ea811c145b1827f382975756a66c2ac5dffbe9ad323148bfdea38cdb5
SIDM00377,osimertinib,IC50,56534.83517882441,nM,GDSC,unknown,data/raw/gdsc_drug_response.csv,187564,2026-10-03,b472905ea811c145b1827f382975756a66c2ac5dffbe9ad323148bfdea38cdb5
SIDM01181,osimertinib,IC50,5291.4853978526335,nM,GDSC,unknown,data/raw/gdsc_drug_response.csv,187565,2026-10-03,b472905ea811c145b1827f382975756a66c2ac5dffbe9ad323148bfdea38cdb5
SIDM01188,osimertinib,IC50,9266.520884349462,nM,GDSC,unknown,data/raw/gdsc_drug_response.csv,187566,2026-10-03,b472905ea811c145b1827f382975756a66c2ac5dffbe9ad323148bfdea38cdb5
SIDM00371,osimertinib,IC50,20453.254211998003,nM,GDSC,unknown,data/raw/gdsc_drug_response.csv,187567,2026-10-03,b472905ea811c145b1827f382975756a66c2ac5dffbe9ad323148bfdea38cdb5
SIDM01162,osimertinib,IC50,6920.285320045204,nM,GDSC,unknown,data/raw/gdsc_drug_response.csv,187568,2026-10-03,b472905ea811c145b1827f382975756a66c2ac5dffbe9ad323148bfdea38cdb5
SIDM00419,osimertinib,IC50,8334.087232432348,nM,GDSC,unknown,data/raw/gdsc_drug_response.csv,187569,2026-10-03,b472905ea811c145b1827f382975756a66c2ac5dffbe9ad323148bfdea38cdb5
SIDM01169,osimertinib,IC50,6280.018962613554,nM,GDSC,unknown,data/raw/gdsc_drug_response.csv,187570,2026-10-03,b472905ea811c145b1827f382975756a66c2ac5dffbe9ad323148bfdea38cdb5
SIDM00418,osimertinib,IC50,33013.18410455055,nM,GDSC,unknown,data/raw/gdsc_drug_response.csv,187571,2026-10-03,b472905ea811c145b1827f382975756a66c2ac5dffbe9ad323148bfdea38cdb5
SIDM00318,osimertinib,IC50,9082.123219274628,nM,GDSC,unknown,data/raw/gdsc_drug_response.csv,187572,2026-10-03,b472905ea811c145b1827f382975756a66c2ac5dffbe9ad323148bfdea38cdb5
SIDM00975,osimertinib,IC50,26213.328426963177,nM,GDSC,unknown,data/raw/gdsc_drug_response.csv,187573,2026-10-03,b472905ea811c145b1827f382975756a66c2ac5dffbe9ad323148bfdea38cdb5
SIDM01176,osimertinib,IC50,4743.574663985366,nM,GDSC,unknown,data/raw/gdsc_drug_response.csv,187574,2026-10-03,b472905ea811c145b1827f382975756a66c2ac5dffbe9ad323148bfdea38cdb5
SIDM00046,osimertinib,IC50,80.19019728072966,nM,GDSC,unknown,data/raw/gdsc_drug_response.csv,187575,2026-10-03,b472905ea811c145b1827f382975756a66c2ac5dffbe9ad323148bfdea38cdb5
SIDM01240,osimertinib,IC50,25078.402059528365,nM,GDSC,unknown,data/raw/gdsc_drug_response.csv,187576,2026-10-03,b472905ea811c145b1827f382975756a66c2ac5dffbe9ad323148bfdea38cdb5
SIDM00462,osimertinib,IC50,2382.1513310442447,nM,GDSC,unknown,data/raw/gdsc_drug_response.csv,187577,2026-10-03,b472905ea811c145b1827f382975756a66c2ac5dffbe9ad323148bfdea38cdb5
SIDM00491,osimertinib,IC50,7948.641233232793,nM,GDSC,unknown,data/raw/gdsc_drug_response.csv,187578,2026-10-03,b472905ea811c145b1827f382975756a66c2ac5dffbe9ad323148bfdea38cdb5
SIDM00077,osimertinib,IC50,21227.128290807683,nM,GDSC,unknown,data/raw/gdsc_drug_response.csv,187579,2026-10-03,b472905ea811c145b1827f382975756a66c2ac5dffbe9ad323148bfdea38cdb5
SIDM00078,osimertinib,IC50,4696.262595800644,nM,GDSC,unknown,data/raw/gdsc_drug_response.csv,187580,2026-10-03,b472905ea811c145b1827f382975756a66c2ac5dffbe9ad323148bfdea38cdb5
SIDM00936,osimertinib,IC50,1772.7552948541168,nM,GDSC,unknown,data/raw/gdsc_drug_response.csv,187581,2026-10-03,b472905ea811c145b1827f382975756a66c2ac5dffbe9ad323148bfdea38cdb5
SIDM00929,osimertinib,IC50,21683.790503255797,nM,GDSC,unknown,data/raw/gdsc_drug_response.csv,187582,2026-10-03,b472905ea811c145b1827f382975756a66c2ac5dffbe9ad323148bfdea38cdb5
SIDM00051,osimertinib,IC50,4619.641016414956,nM,GDSC,unknown,data/raw/gdsc_drug_response.csv,187583,2026-10-03,b472905ea811c145b1827f382975756a66c2ac5dffbe9ad323148bfdea38cdb5
SIDM00050,osimertinib,IC50,25373.288834639363,nM,GDSC,unknown,data/raw/gdsc_drug_response.csv,187584,2026-10-03,b472905ea811c145b1827f382975756a66c2ac5dffbe9ad323148bfdea38cdb5
SIDM00944,osimertinib,IC50,16438.398992477156,nM,GDSC,unknown,data/raw/gdsc_drug_response.csv,187585,2026-10-03,b472905ea811c145b1827f382975756a66c2ac5dffbe9ad323148bfdea38cdb5
SIDM00199,osimertinib,IC50,5866.4049406991035,nM,GDSC,unknown,data/raw/gdsc_drug_response.csv,187586,2026-10-03,b472905ea811c145b1827f382975756a66c2ac5dffbe9ad323148bfdea38cdb5
SIDM00950,osimertinib,IC50,9427.604173032885,nM,GDSC,unknown,data/raw/gdsc_drug_response.csv,187587,2026-10-03,b472905ea811c145b1827f382975756a66c2ac5dffbe9ad323148bfdea38cdb5
SIDM01002,osimertinib,IC50,534.8719000046113,nM,GDSC,unknown,data/raw/gdsc_drug_response.csv,187588,2026-10-03,b472905ea811c145b1827f382975756a66c2ac5dffbe9ad323148bfdea38cdb5
SIDM00503,osimertinib,IC50,6649.914517008806,nM,GDSC,unknown,data/raw/gdsc_drug_response.csv,187589,2026-10-03,b472905ea811c145b1827f382975756a66c2ac5dffbe9ad323148bfdea38cdb5
SIDM00858,osimertinib,IC50,6384.300947911575,nM,GDSC,unknown,data/raw/gdsc_drug_response.csv,187590,2026-10-03,b472905ea811c145b1827f382975756a66c2ac5dffbe9ad323148bfdea38cdb5
SIDM00104,osimertinib,IC50,19865.171052956182,nM,GDSC,unknown,data/raw/gdsc_drug_response.csv,187591,2026-10-03,b472905ea811c145b1827f382975756a66c2ac5dffbe9ad323148bfdea38cdb5
SIDM00103,osimertinib,IC50,14851.69499778391,nM,GDSC,unknown,data/raw/gdsc_drug_response.csv,187592,2026-10-03,b472905ea811c145b1827f382975756a66c2ac5dffbe9ad323148bfdea38cdb5
SIDM00102,osimertinib,IC50,38194.70907004802,nM,GDSC,unknown,data/raw/gdsc_drug_response.csv,187593,2026-10-03,b472905ea811c145b1827f382975756a66c2ac5dffbe9ad323148bfdea38cdb5
SIDM00099,osimertinib,IC50,9891.709677431949,nM,GDSC,unknown,data/raw/gdsc_drug_response.csv,187594,2026-10-03,b472905ea811c145b1827f382975756a66c2ac5dffbe9ad323148bfdea38cdb5
SIDM00154,osimertinib,IC50,2414.1735180976634,nM,GDSC,unknown,data/raw/gdsc_drug_response.csv,187595,2026-10-03,b472905ea811c145b1827f382975756a66c2ac5dffbe9ad323148bfdea38cdb5
SIDM00520,osimertinib,IC50,9811.969323848016,nM,GDSC,unknown,data/raw/gdsc_drug_response.csv,187596,2026-10-03,b472905ea811c145b1827f382975756a66c2ac5dffbe9ad323148bfdea38cdb5
SIDM00881,osimertinib,IC50,79681.06666128055,nM,GDSC,unknown,data/raw/gdsc_drug_response.csv,187597,2026-10-03,b472905ea811c145b1827f382975756a66c2ac5dffbe9ad323148bfdea38cdb5
SIDM01068,osimertinib,IC50,2620.6909385248264,nM,GDSC,unknown,data/raw/gdsc_drug_response.csv,187598,2026-10-03,b472905ea811c145b1827f382975756a66c2ac5dffbe9ad323148bfdea38cdb5
SIDM01062,osimertinib,IC50,289.493336356743,nM,GDSC,unknown,data/raw/gdsc_drug_response.csv,187599,2026-10-03,b472905ea811c145b1827f382975756a66c2ac5dffbe9ad323148bfdea38cdb5
SIDM00994,osimertinib,IC50,3224.67445188341,nM,GDSC,unknown,data/raw/gdsc_drug_response.csv,187600,2026-10-03,b472905ea811c145b1827f382975756a66c2ac5dffbe9ad323148bfdea38cdb5
SIDM00993,osimertinib,IC50,2230.9533381181463,nM,GDSC,unknown,data/raw/gdsc_drug_response.csv,187601,2026-10-03,b472905ea811c145b1827f382975756a66c2ac5dffbe9ad323148bfdea38cdb5
SIDM00510,osimertinib,IC50,6640.637713058784,nM,GDSC,unknown,data/raw/gdsc_drug_response.csv,187602,2026-10-03,b472905ea811c145b1827f382975756a66c2ac5dffbe9ad323148bfdea38cdb5
SIDM00946,osimertinib,IC50,8022.659697459421,nM,GDSC,unknown,data/raw/gdsc_drug_response.csv,187603,2026-10-03,b472905ea811c145b1827f382975756a66c2ac5dffbe9ad323148bfdea38cdb5
SIDM01048,osimertinib,IC50,10464.43118098729,nM,GDSC,unknown,data/raw/gdsc_drug_response.csv,187604,2026-10-03,b472905ea811c145b1827f382975756a66c2ac5dffbe9ad323148bfdea38cdb5
SIDM00859,osimertinib,IC50,2677.2817301549385,nM,GDSC,unknown,data/raw/gdsc_drug_response.csv,187605,2026-10-03,b472905ea811c145b1827f382975756a66c2ac5dffbe9ad323148bfdea38cdb5
SIDM00846,osimertinib,IC50,14960.88307676951,nM,GDSC,unknown,data/raw/gdsc_drug_response.csv,187606,2026-10-03,b472905ea811c145b1827f382975756a66c2ac5dffbe9ad323148bfdea38cdb5
SIDM00670,osimertinib,IC50,51008.791488720075,nM,GDSC,unknown,data/raw/gdsc_drug_response.csv,187607,2026-10-03,b472905ea811c145b1827f382975756a66c2ac5dffbe9ad323148bfdea38cdb5
SIDM00664,osimertinib,IC50,16861.686883990045,nM,GDSC,unknown,data/raw/gdsc_drug_response.csv,187608,2026-10-03,b472905ea811c145b1827f382975756a66c2ac5dffbe9ad323148bfdea38cdb5
SIDM00663,osimertinib,IC50,4942.029120492555,nM,GDSC,unknown,data/raw/gdsc_drug_response.csv,187609,2026-10-03,b472905ea811c145b1827f382975756a66c2ac5dffbe9ad323148bfdea38cdb5
SIDM00662,osimertinib,IC50,5693.350984445787,nM,GDSC,unknown,data/raw/gdsc_drug_response.csv,187610,2026-10-03,b472905ea811c145b1827f382975756a66c2ac5dffbe9ad323148bfdea38cdb5
SIDM00586,osimertinib,IC50,46366.443631421396,nM,GDSC,unknown,data/raw/gdsc_drug_response.csv,187611,2026-10-03,b472905ea811c145b1827f382975756a66c2ac5dffbe9ad323148bfdea38cdb5
SIDM00618,osimertinib,IC50,5164.870346844997,nM,GDSC,unknown,data/raw/gdsc_drug_response.csv,187612,2026-10-03,b472905ea811c145b1827f382975756a66c2ac5dffbe9ad323148bfdea38cdb5
SIDM00690,osimertinib,IC50,1358.7389133880831,nM,GDSC,unknown,data/raw/gdsc_drug_response.csv,187613,2026-10-03,b472905ea811c145b1827f382975756a66c2ac5dffbe9ad323148bfdea38cdb5
SIDM01037,osimertinib,IC50,16973.970099519316,nM,GDSC,unknown,data/raw/gdsc_drug_response.csv,187614,2026-10-03,b472905ea811c145b1827f382975756a66c2ac5dffbe9ad323148bfdea38cdb5
SIDM00126,osimertinib,IC50,38853.182846162104,nM,GDSC,unknown,data/raw/gdsc_drug_response.csv,187615,2026-10-03,b472905ea811c145b1827f382975756a66c2ac5dffbe9ad323148bfdea38cdb5
SIDM00619,osimertinib,IC50,9345.855658890245,nM,GDSC,unknown,data/raw/gdsc_drug_response.csv,187616,2026-10-03,b472905ea811c145b1827f382975756a66c2ac5dffbe9ad323148bfdea38cdb5
SIDM00611,osimertinib,IC50,2682.193688000375,nM,GDSC,unknown,data/raw/gdsc_drug_response.csv,187617,2026-10-03,b472905ea811c145b1827f382975756a66c2ac5dffbe9ad323148bfdea38cdb5
SIDM00609,osimertinib,IC50,27619.74733391643,nM,GDSC,unknown,data/raw/gdsc_drug_response.csv,187618,2026-10-03,b472905ea811c145b1827f382975756a66c2ac5dffbe9ad323148bfdea38cdb5
SIDM00604,osimertinib,IC50,1147.0816255494012,nM,GDSC,unknown,data/raw/gdsc_drug_response.csv,187619,2026-10-03,b472905ea811c145b1827f382975756a66c2ac5dffbe9ad323148bfdea38cdb5
SIDM00583,osimertinib,IC50,35149.275275749205,nM,GDSC,unknown,data/raw/gdsc_drug_response.csv,187620,2026-10-03,b472905ea811c145b1827f382975756a66c2ac5dffbe9ad323148bfdea38cdb5
SIDM00582,osimertinib,IC50,40170.62471378691,nM,GDSC,unknown,data/raw/gdsc_drug_response.csv,187621,2026-10-03,b472905ea811c145b1827f382975756a66c2ac5dffbe9ad323148bfdea38cdb5
SIDM00571,osimertinib,IC50,14746.002070818395,nM,GDSC,unknown,data/raw/gdsc_drug_response.csv,187622,2026-10-03,b472905ea811c145b1827f382975756a66c2ac5dffbe9ad323148bfdea38cdb5
SIDM00550,osimertinib,IC50,2929.3395849642757,nM,GDSC,unknown,data/raw/gdsc_drug_response.csv,187623,2026-10-03,b472905ea811c145b1827f382975756a66c2ac5dffbe9ad323148bfdea38cdb5
SIDM00300,osimertinib,IC50,3443.6122736952675,nM,GDSC,unknown,data/raw/gdsc_drug_response.csv,187624,2026-10-03,b472905ea811c145b1827f382975756a66c2ac5dffbe9ad323148bfdea38cdb5
SIDM00341,osimertinib,IC50,1341.3411880308588,nM,GDSC,unknown,data/raw/gdsc_drug_response.csv,187625,2026-10-03,b472905ea811c145b1827f382975756a66c2ac5dffbe9ad323148bfdea38cdb5
SIDM00658,osimertinib,IC50,9165.2577115851,nM,GDSC,unknown,data/raw/gdsc_drug_response.csv,187626,2026-10-03,b472905ea811c145b1827f382975756a66c2ac5dffbe9ad323148bfdea38cdb5
SIDM00750,osimertinib,IC50,1598.703518760623,nM,GDSC,unknown,data/raw/gdsc_drug_response.csv,187627,2026-10-03,b472905ea811c145b1827f382975756a66c2ac5dffbe9ad323148bfdea38cdb5
SIDM00792,osimertinib,IC50,8886.55979552322,nM,GDSC,unknown,data/raw/gdsc_drug_response.csv,187628,2026-10-03,b472905ea811c145b1827f382975756a66c2ac5dffbe9ad323148bfdea38cdb5
SIDM00754,osimertinib,IC50,705.809435014637,nM,GDSC,unknown,data/raw/gdsc_drug_response.csv,187629,2026-10-03,b472905ea811c145b1827f382975756a66c2ac5dffbe9ad323148bfdea38cdb5
SIDM00703,osimertinib,IC50,1012.9430454061472,nM,GDSC,unknown,data/raw/gdsc_drug_response.csv,187630,2026-10-03,b472905ea811c145b1827f382975756a66c2ac5dffbe9ad323148bfdea38cdb5
SIDM00700,osimertinib,IC50,144388.8489299443,nM,GDSC,unknown,data/raw/gdsc_drug_response.csv,187631,2026-10-03,b472905ea811c145b1827f382975756a66c2ac5dffbe9ad323148bfdea38cdb5
SIDM00926,osimertinib,IC50,3887.5066962037085,nM,GDSC,unknown,data/raw/gdsc_drug_response.csv,187632,2026-10-03,b472905ea811c145b1827f382975756a66c2ac5dffbe9ad323148bfdea38cdb5
SIDM00723,osimertinib,IC50,40309.89611606086,nM,GDSC,unknown,data/raw/gdsc_drug_response.csv,187633,2026-10-03,b472905ea811c145b1827f382975756a66c2ac5dffbe9ad323148bfdea38cdb5
SIDM00570,osimertinib,IC50,3732.0661204853436,nM,GDSC,unknown,data/raw/gdsc_drug_response.csv,187634,2026-10-03,b472905ea811c145b1827f382975756a66c2ac5dffbe9ad323148bfdea38cdb5
SIDM00568,osimertinib,IC50,48106.38920523342,nM,GDSC,unknown,data/raw/gdsc_drug_response.csv,187635,2026-10-03,b472905ea811c145b1827f382975756a66c2ac5dffbe9ad323148bfdea38cdb5
SIDM00478,osimertinib,IC50,698.8969307867279,nM,GDSC,unknown,data/raw/gdsc_drug_response.csv,187636,2026-10-03,b472905ea811c145b1827f382975756a66c2ac5dffbe9ad323148bfdea38cdb5
SIDM00566,osimertinib,IC50,1106.4934932359592,nM,GDSC,unknown,data/raw/gdsc_drug_response.csv,187637,2026-10-03,b472905ea811c145b1827f382975756a66c2ac5dffbe9ad323148bfdea38cdb5
SIDM00425,osimertinib,IC50,7262.14325894408,nM,GDSC,unknown,data/raw/gdsc_drug_response.csv,187638,2026-10-03,b472905ea811c145b1827f382975756a66c2ac5dffbe9ad323148bfdea38cdb5
SIDM01139,osimertinib,IC50,7637.566259436127,nM,GDSC,unknown,data/raw/gdsc_drug_response.csv,187639,2026-10-03,b472905ea811c145b1827f382975756a66c2ac5dffbe9ad323148bfdea38cdb5
SIDM01137,osimertinib,IC50,34273.79266902135,nM,GDSC,unknown,data/raw/gdsc_drug_response.csv,187640,2026-10-03,b472905ea811c145b1827f382975756a66c2ac5dffbe9ad323148bfdea38cdb5
SIDM00455,osimertinib,IC50,14219.880205890744,nM,GDSC,unknown,data/raw/gdsc_drug_response.csv,187641,2026-10-03,b472905ea811c145b1827f382975756a66c2ac5dffbe9ad323148bfdea38cdb5
SIDM00044,osimertinib,IC50,4033.364938921002,nM,GDSC,unknown,data/raw/gdsc_drug_response.csv,187642,2026-10-03,b472905ea811c145b1827f382975756a66c2ac5dffbe9ad323148bfdea38cdb5
SIDM00043,osimertinib,IC50,2088.5666138636084,nM,GDSC,unknown,data/raw/gdsc_drug_response.csv,187643,2026-10-03,b472905ea811c145b1827f382975756a66c2ac5dffbe9ad323148bfdea38cdb5
SIDM00042,osimertinib,IC50,14646.933556434822,nM,GDSC,unknown,data/raw/gdsc_drug_response.csv,187644,2026-10-03,b472905ea811c145b1827f382975756a66c2ac5dffbe9ad323148bfdea38cdb5
SIDM00360,osimertinib,IC50,27177.325382513925,nM,GDSC,unknown,data/raw/gdsc_drug_response.csv,187645,2026-10-03,b472905ea811c145b1827f382975756a66c2ac5dffbe9ad323148bfdea38cdb5
SIDM00356,osimertinib,IC50,4117.565126725733,nM,GDSC,unknown,data/raw/gdsc_drug_response.csv,187646,2026-10-03,b472905ea811c145b1827f382975756a66c2ac5dffbe9ad323148bfdea38cdb5
SIDM00354,osimertinib,IC50,830.2080059587297,nM,GDSC,unknown,data/raw/gdsc_drug_response.csv,187647,2026-10-03,b472905ea811c145b1827f382975756a66c2ac5dffbe9ad323148bfdea38cdb5
SIDM00353,osimertinib,IC50,18683.074368246133,nM,GDSC,unknown,data/raw/gdsc_drug_response.csv,187648,2026-10-03,b472905ea811c145b1827f382975756a66c2ac5dffbe9ad323148bfdea38cdb5
SIDM00350,osimertinib,IC50,406.9398065222055,nM,GDSC,unknown,data/raw/gdsc_drug_response.csv,187649,2026-10-03,b472905ea811c145b1827f382975756a66c2ac5dffbe9ad323148bfdea38cdb5
SIDM00399,osimertinib,IC50,2496.4906357496,nM,GDSC,unknown,data/raw/gdsc_drug_response.csv,187650,2026-10-03,b472905ea811c145b1827f382975756a66c2ac5dffbe9ad323148bfdea38cdb5
SIDM00375,osimertinib,IC50,12635.192800955598,nM,GDSC,unknown,data/raw/gdsc_drug_response.csv,187651,2026-10-03,b472905ea811c145b1827f382975756a66c2ac5dffbe9ad323148bfdea38cdb5
SIDM00041,osimertinib,IC50,6408.216531477403,nM,GDSC,unknown,data/raw/gdsc_drug_response.csv,187652,2026-10-03,b472905ea811c145b1827f382975756a66c2ac5dffbe9ad323148bfdea38cdb5
SIDM01156,osimertinib,IC50,56989.041786920345,nM,GDSC,unknown,data/raw/gdsc_drug_response.csv,187653,2026-10-03,b472905ea811c145b1827f382975756a66c2ac5dffbe9ad323148bfdea38cdb5
SIDM00322,osimertinib,IC50,1013.5499800491236,nM,GDSC,unknown,data/raw/gdsc_drug_response.csv,187654,2026-10-03,b472905ea811c145b1827f382975756a66c2ac5dffbe9ad323148bfdea38cdb5
SIDM00040,osimertinib,IC50,2286.682323367589,nM,GDSC,unknown,data/raw/gdsc_drug_response.csv,187655,2026-10-03,b472905ea811c145b1827f382975756a66c2ac5dffbe9ad323148bfdea38cdb5
SIDM01170,osimertinib,IC50,2905.152835187516,nM,GDSC,unknown,data/raw/gdsc_drug_response.csv,187656,2026-10-03,b472905ea811c145b1827f382975756a66c2ac5dffbe9ad323148bfdea38cdb5
SIDM01077,osimertinib,IC50,20487.460170905655,nM,GDSC,unknown,data/raw/gdsc_drug_response.csv,187657,2026-10-03,b472905ea811c145b1827f382975756a66c2ac5dffbe9ad323148bfdea38cdb5
SIDM00976,osimertinib,IC50,8393.419449810797,nM,GDSC,unknown,data/raw/gdsc_drug_response.csv,187658,2026-10-03,b472905ea811c145b1827f382975756a66c2ac5dffbe9ad323148bfdea38cdb5
SIDM00974,osimertinib,IC50,13978.535856133027,nM,GDSC,unknown,data/raw/gdsc_drug_response.csv,187659,2026-10-03,b472905ea811c145b1827f382975756a66c2ac5dffbe9ad323148bfdea38cdb5
SIDM00973,osimertinib,IC50,11961.737333843172,nM,GDSC,unknown,data/raw/gdsc_drug_response.csv,187660,2026-10-03,b472905ea811c145b1827f382975756a66c2ac5dffbe9ad323148bfdea38cdb5
SIDM00854,osimertinib,IC50,3124.777247975691,nM,GDSC,unknown,data/raw/gdsc_drug_response.csv,187661,2026-10-03,b472905ea811c145b1827f382975756a66c2ac5dffbe9ad323148bfdea38cdb5
SIDM01058,osimertinib,IC50,18133.91605384874,nM,GDSC,unknown,data/raw/gdsc_drug_response.csv,187662,2026-10-03,b472905ea811c145b1827f382975756a66c2ac5dffbe9ad323148bfdea38cdb5
SIDM00879,osimertinib,IC50,13310.004892663457,nM,GDSC,unknown,data/raw/gdsc_drug_response.csv,187663,2026-10-03,b472905ea811c145b1827f382975756a66c2ac5dffbe9ad323148bfdea38cdb5
SIDM01071,osimertinib,IC50,5054.202118727265,nM,GDSC,unknown,data/raw/gdsc_drug_response.csv,187664,2026-10-03,b472905ea811c145b1827f382975756a66c2ac5dffbe9ad323148bfdea38cdb5
SIDM01261,osimertinib,IC50,7571.044221422771,nM,GDSC,unknown,data/raw/gdsc_drug_response.csv,187665,2026-10-03,b472905ea811c145b1827f382975756a66c2ac5dffbe9ad323148bfdea38cdb5
SIDM00176,osimertinib,IC50,34866.413432286354,nM,GDSC,unknown,data/raw/gdsc_drug_response.csv,187666,2026-10-03,b472905ea811c145b1827f382975756a66c2ac5dffbe9ad323148bfdea38cdb5
SIDM00508,osimertinib,IC50,4983.079134160101,nM,GDSC,unknown,data/raw/gdsc_drug_response.csv,187667,2026-10-03,b472905ea811c145b1827f382975756a66c2ac5dffbe9ad323148bfdea38cdb5
SIDM00507,osimertinib,IC50,6590.933549407768,nM,GDSC,unknown,data/raw/gdsc_drug_response.csv,187668,2026-10-03,b472905ea811c145b1827f382975756a66c2ac5dffbe9ad323148bfdea38cdb5
SIDM00668,osimertinib,IC50,5590.518288762064,nM,GDSC,unknown,data/raw/gdsc_drug_response.csv,187669,2026-10-03,b472905ea811c145b1827f382975756a66c2ac5dffbe9ad323148bfdea38cdb5
SIDM00045,osimertinib,IC50,1330.2195449475298,nM,GDSC,unknown,data/raw/gdsc_drug_response.csv,187670,2026-10-03,b472905ea811c145b1827f382975756a66c2ac5dffbe9ad323148bfdea38cdb5
SIDM00428,osimertinib,IC50,3850.8888816421536,nM,GDSC,unknown,data/raw/gdsc_drug_response.csv,187671,2026-10-03,b472905ea811c145b1827f382975756a66c2ac5dffbe9ad323148bfdea38cdb5
SIDM01038,osimertinib,IC50,3103.3494625751605,nM,GDSC,unknown,data/raw/gdsc_drug_response.csv,187672,2026-10-03,b472905ea811c145b1827f382975756a66c2ac5dffbe9ad323148bfdea38cdb5
SIDM01036,osimertinib,IC50,8967.688943410556,nM,GDSC,unknown,data/raw/gdsc_drug_response.csv,187673,2026-10-03,b472905ea811c145b1827f382975756a66c2ac5dffbe9ad323148bfdea38cdb5
SIDM00689,osimertinib,IC50,3775.37984941316,nM,GDSC,unknown,data/raw/gdsc_drug_response.csv,187674,2026-10-03,b472905ea811c145b1827f382975756a66c2ac5dffbe9ad323148bfdea38cdb5
SIDM00688,osimertinib,IC50,4039.261991844978,nM,GDSC,unknown,data/raw/gdsc_drug_response.csv,187675,2026-10-03,b472905ea811c145b1827f382975756a66c2ac5dffbe9ad323148bfdea38cdb5
SIDM01011,osimertinib,IC50,8933.872933247665,nM,GDSC,unknown,data/raw/gdsc_drug_response.csv,187676,2026-10-03,b472905ea811c145b1827f382975756a66c2ac5dffbe9ad323148bfdea38cdb5
SIDM01017,osimertinib,IC50,4217.223613346951,nM,GDSC,unknown,data/raw/gdsc_drug_response.csv,187677,2026-10-03,b472905ea811c145b1827f382975756a66c2ac5dffbe9ad323148bfdea38cdb5
SIDM01006,osimertinib,IC50,7750.086464401593,nM,GDSC,unknown,data/raw/gdsc_drug_response.csv,187678,2026-10-03,b472905ea811c145b1827f382975756a66c2ac5dffbe9ad323148bfdea38cdb5
SIDM01004,osimertinib,IC50,8069.713663065382,nM,GDSC,unknown,data/raw/gdsc_drug_response.csv,187679,2026-10-03,b472905ea811c145b1827f382975756a66c2ac5dffbe9ad323148bfdea38cdb5
SIDM01034,osimertinib,IC50,5420.700225480754,nM,GDSC,unknown,data/raw/gdsc_drug_response.csv,187680,2026-10-03,b472905ea811c145b1827f382975756a66c2ac5dffbe9ad323148bfdea38cdb5
SIDM00313,osimertinib,IC50,8594.272560000058,nM,GDSC,unknown,data/raw/gdsc_drug_response.csv,187681,2026-10-03,b472905ea811c145b1827f382975756a66c2ac5dffbe9ad323148bfdea38cdb5
SIDM00631,osimertinib,IC50,245.43797777987936,nM,GDSC,unknown,data/raw/gdsc_drug_response.csv,187682,2026-10-03,b472905ea811c145b1827f382975756a66c2ac5dffbe9ad323148bfdea38cdb5
SIDM00338,osimertinib,IC50,3865.909610937473,nM,GDSC,unknown,data/raw/gdsc_drug_response.csv,187683,2026-10-03,b472905ea811c145b1827f382975756a66c2ac5dffbe9ad323148bfdea38cdb5
SIDM00437,osimertinib,IC50,660.4399996159576,nM,GDSC,unknown,data/raw/gdsc_drug_response.csv,187684,2026-10-03,b472905ea811c145b1827f382975756a66c2ac5dffbe9ad323148bfdea38cdb5
SIDM00435,osimertinib,IC50,4485.136814720965,nM,GDSC,unknown,data/raw/gdsc_drug_response.csv,187685,2026-10-03,b472905ea811c145b1827f382975756a66c2ac5dffbe9ad323148bfdea38cdb5
SIDM00434,osimertinib,IC50,4668.388793257533,nM,GDSC,unknown,data/raw/gdsc_drug_response.csv,187686,2026-10-03,b472905ea811c145b1827f382975756a66c2ac5dffbe9ad323148bfdea38cdb5
SIDM01217,osimertinib,IC50,8471.079920455019,nM,GDSC,unknown,data/raw/gdsc_drug_response.csv,187687,2026-10-03,b472905ea811c145b1827f382975756a66c2ac5dffbe9ad323148bfdea38cdb5
SIDM00646,osimertinib,IC50,5604.98286820847,nM,GDSC,unknown,data/raw/gdsc_drug_response.csv,187688,2026-10-03,b472905ea811c145b1827f382975756a66c2ac5dffbe9ad323148bfdea38cdb5
SIDM00766,osimertinib,IC50,4187.24500094385,nM,GDSC,unknown,data/raw/gdsc_drug_response.csv,187689,2026-10-03,b472905ea811c145b1827f382975756a66c2ac5dffbe9ad323148bfdea38cdb5
SIDM00711,osimertinib,IC50,33113.59754530668,nM,GDSC,unknown,data/raw/gdsc_drug_response.csv,187690,2026-10-03,b472905ea811c145b1827f382975756a66c2ac5dffbe9ad323148bfdea38cdb5
SIDM01123,osimertinib,IC50,5472.45320805461,nM,GDSC,unknown,data/raw/gdsc_drug_response.csv,187691,2026-10-03,b472905ea811c145b1827f382975756a66c2ac5dffbe9ad323148bfdea38cdb5
SIDM01201,osimertinib,IC50,1652.861453265814,nM,GDSC,unknown,data/raw/gdsc_drug_response.csv,187692,2026-10-03,b472905ea811c145b1827f382975756a66c2ac5dffbe9ad323148bfdea38cdb5
SIDM00443,osimertinib,IC50,2640.0503791829738,nM,GDSC,unknown,data/raw/gdsc_drug_response.csv,187693,2026-10-03,b472905ea811c145b1827f382975756a66c2ac5dffbe9ad323148bfdea38cdb5
SIDM00460,osimertinib,IC50,7636.764357079496,nM,GDSC,unknown,data/raw/gdsc_drug_response.csv,187694,2026-10-03,b472905ea811c145b1827f382975756a66c2ac5dffbe9ad323148bfdea38cdb5
SIDM00458,osimertinib,IC50,2737.7762409838733,nM,GDSC,unknown,data/raw/gdsc_drug_response.csv,187695,2026-10-03,b472905ea811c145b1827f382975756a66c2ac5dffbe9ad323148bfdea38cdb5
SIDM00362,osimertinib,IC50,2916.1725910564874,nM,GDSC,unknown,data/raw/gdsc_drug_response.csv,187696,2026-10-03,b472905ea811c145b1827f382975756a66c2ac5dffbe9ad323148bfdea38cdb5
SIDM00450,osimertinib,IC50,3333.497322947303,nM,GDSC,unknown,data/raw/gdsc_drug_response.csv,187697,2026-10-03,b472905ea811c145b1827f382975756a66c2ac5dffbe9ad323148bfdea38cdb5
SIDM01114,osimertinib,IC50,5029.436751456444,nM,GDSC,unknown,data/raw/gdsc_drug_response.csv,187698,2026-10-03,b472905ea811c145b1827f382975756a66c2ac5dffbe9ad323148bfdea38cdb5
SIDM00449,osimertinib,IC50,3988.6506869044856,nM,GDSC,unknown,data/raw/gdsc_drug_response.csv,187699,2026-10-03,b472905ea811c145b1827f382975756a66c2ac5dffbe9ad323148bfdea38cdb5
SIDM00448,osimertinib,IC50,5928.397853323056,nM,GDSC,unknown,data/raw/gdsc_drug_response.csv,187700,2026-10-03,b472905ea811c145b1827f382975756a66c2ac5dffbe9ad323148bfdea38cdb5
SIDM00415,osimertinib,IC50,14601.992616735746,nM,GDSC,unknown,data/raw/gdsc_drug_response.csv,187701,2026-10-03,b472905ea811c145b1827f382975756a66c2ac5dffbe9ad323148bfdea38cdb5
SIDM00374,osimertinib,IC50,10584.12249132367,nM,GDSC,unknown,data/raw/gdsc_drug_response.csv,187702,2026-10-03,b472905ea811c145b1827f382975756a66c2ac5dffbe9ad323148bfdea38cdb5
SIDM00389,osimertinib,IC50,3652.7086928542876,nM,GDSC,unknown,data/raw/gdsc_drug_response.csv,187703,2026-10-03,b472905ea811c145b1827f382975756a66c2ac5dffbe9ad323148bfdea38cdb5
SIDM00404,osimertinib,IC50,2237.240082111895,nM,GDSC,unknown,data/raw/gdsc_drug_response.csv,187704,2026-10-03,b472905ea811c145b1827f382975756a66c2ac5dffbe9ad323148bfdea38cdb5
SIDM00405,osimertinib,IC50,4000.0705561427017,nM,GDSC,unknown,data/raw/gdsc_drug_response.csv,187705,2026-10-03,b472905ea811c145b1827f382975756a66c2ac5dffbe9ad323148bfdea38cdb5
SIDM00406,osimertinib,IC50,841.8242632527862,nM,GDSC,unknown,data/raw/gdsc_drug_response.csv,187706,2026-10-03,b472905ea811c145b1827f382975756a66c2ac5dffbe9ad323148bfdea38cdb5
SIDM00407,osimertinib,IC50,1624.9483001771757,nM,GDSC,unknown,data/raw/gdsc_drug_response.csv,187707,2026-10-03,b472905ea811c145b1827f382975756a66c2ac5dffbe9ad323148bfdea38cdb5
SIDM00423,osimertinib,IC50,2868.7431298490783,nM,GDSC,unknown,data/raw/gdsc_drug_response.csv,187708,2026-10-03,b472905ea811c145b1827f382975756a66c2ac5dffbe9ad323148bfdea38cdb5
SIDM00422,osimertinib,IC50,6162.767831959748,nM,GDSC,unknown,data/raw/gdsc_drug_response.csv,187709,2026-10-03,b472905ea811c145b1827f382975756a66c2ac5dffbe9ad323148bfdea38cdb5
SIDM00421,osimertinib,IC50,3781.0055773239565,nM,GDSC,unknown,data/raw/gdsc_drug_response.csv,187710,2026-10-03,b472905ea811c145b1827f382975756a66c2ac5dffbe9ad323148bfdea38cdb5
SIDM00323,osimertinib,IC50,10324.337787640725,nM,GDSC,unknown,data/raw/gdsc_drug_response.csv,187711,2026-10-03,b472905ea811c145b1827f382975756a66c2ac5dffbe9ad323148bfdea38cdb5
SIDM00416,osimertinib,IC50,2619.972967574183,nM,GDSC,unknown,data/raw/gdsc_drug_response.csv,187712,2026-10-03,b472905ea811c145b1827f382975756a66c2ac5dffbe9ad323148bfdea38cdb5
SIDM01102,osimertinib,IC50,13737.01480378125,nM,GDSC,unknown,data/raw/gdsc_drug_response.csv,187713,2026-10-03,b472905ea811c145b1827f382975756a66c2ac5dffbe9ad323148bfdea38cdb5
SIDM00413,osimertinib,IC50,1579.4094320764898,nM,GDSC,unknown,data/raw/gdsc_drug_response.csv,187714,2026-10-03,b472905ea811c145b1827f382975756a66c2ac5dffbe9ad323148bfdea38cdb5
SIDM01118,osimertinib,IC50,19194.98409785584,nM,GDSC,unknown,data/raw/gdsc_drug_response.csv,187715,2026-10-03,b472905ea811c145b1827f382975756a66c2ac5dffbe9ad323148bfdea38cdb5
SIDM00969,osimertinib,IC50,13065.380210455527,nM,GDSC,unknown,data/raw/gdsc_drug_response.csv,187716,2026-10-03,b472905ea811c145b1827f382975756a66c2ac5dffbe9ad323148bfdea38cdb5
SIDM00968,osimertinib,IC50,11175.277808369681,nM,GDSC,unknown,data/raw/gdsc_drug_response.csv,187717,2026-10-03,b472905ea811c145b1827f382975756a66c2ac5dffbe9ad323148bfdea38cdb5
SIDM00305,osimertinib,IC50,2829.290574950216,nM,GDSC,unknown,data/raw/gdsc_drug_response.csv,187718,2026-10-03,b472905ea811c145b1827f382975756a66c2ac5dffbe9ad323148bfdea38cdb5
SIDM00304,osimertinib,IC50,3747.942414760475,nM,GDSC,unknown,data/raw/gdsc_drug_response.csv,187719,2026-10-03,b472905ea811c145b1827f382975756a66c2ac5dffbe9ad323148bfdea38cdb5
SIDM00303,osimertinib,IC50,1146.4933235878493,nM,GDSC,unknown,data/raw/gdsc_drug_response.csv,187720,2026-10-03,b472905ea811c145b1827f382975756a66c2ac5dffbe9ad323148bfdea38cdb5
SIDM00474,osimertinib,IC50,12718.504751250544,nM,GDSC,unknown,data/raw/gdsc_drug_response.csv,187721,2026-10-03,b472905ea811c145b1827f382975756a66c2ac5dffbe9ad323148bfdea38cdb5
SIDM00476,osimertinib,IC50,3594.705253816486,nM,GDSC,unknown,data/raw/gdsc_drug_response.csv,187722,2026-10-03,b472905ea811c145b1827f382975756a66c2ac5dffbe9ad323148bfdea38cdb5
SIDM00475,osimertinib,IC50,44120.12378389412,nM,GDSC,unknown,data/raw/gdsc_drug_response.csv,187723,2026-10-03,b472905ea811c145b1827f382975756a66c2ac5dffbe9ad323148bfdea38cdb5
SIDM00967,osimertinib,IC50,361.95550104585203,nM,GDSC,unknown,data/raw/gdsc_drug_response.csv,187724,2026-10-03,b472905ea811c145b1827f382975756a66c2ac5dffbe9ad323148bfdea38cdb5
SIDM00966,osimertinib,IC50,6340.939857689047,nM,GDSC,unknown,data/raw/gdsc_drug_response.csv,187725,2026-10-03,b472905ea811c145b1827f382975756a66c2ac5dffbe9ad323148bfdea38cdb5
SIDM00238,osimertinib,IC50,3923.801679368743,nM,GDSC,unknown,data/raw/gdsc_drug_response.csv,187726,2026-10-03,b472905ea811c145b1827f382975756a66c2ac5dffbe9ad323148bfdea38cdb5
SIDM00472,osimertinib,IC50,15657.421158150073,nM,GDSC,unknown,data/raw/gdsc_drug_response.csv,187727,2026-10-03,b472905ea811c145b1827f382975756a66c2ac5dffbe9ad323148bfdea38cdb5
SIDM00815,osimertinib,IC50,1267.408164734613,nM,GDSC,unknown,data/raw/gdsc_drug_response.csv,187728,2026-10-03,b472905ea811c145b1827f382975756a66c2ac5dffbe9ad323148bfdea38cdb5
SIDM01041,osimertinib,IC50,6420.544967482714,nM,GDSC,unknown,data/raw/gdsc_drug_response.csv,187729,2026-10-03,b472905ea811c145b1827f382975756a66c2ac5dffbe9ad323148bfdea38cdb5
SIDM00445,osimertinib,IC50,6188.866797088989,nM,GDSC,unknown,data/raw/gdsc_drug_response.csv,187730,2026-10-03,b472905ea811c145b1827f382975756a66c2ac5dffbe9ad323148bfdea38cdb5
SIDM00444,osimertinib,IC50,24818.61558455978,nM,GDSC,unknown,data/raw/gdsc_drug_response.csv,187731,2026-10-03,b472905ea811c145b1827f382975756a66c2ac5dffbe9ad323148bfdea38cdb5
SIDM00393,osimertinib,IC50,46.564352425444476,nM,GDSC,unknown,data/raw/gdsc_drug_response.csv,187732,2026-10-03,b472905ea811c145b1827f382975756a66c2ac5dffbe9ad323148bfdea38cdb5
SIDM00483,osimertinib,IC50,6446.059410520916,nM,GDSC,unknown,data/raw/gdsc_drug_response.csv,187733,2026-10-03,b472905ea811c145b1827f382975756a66c2ac5dffbe9ad323148bfdea38cdb5
SIDM00539,osimertinib,IC50,3452.732684585376,nM,GDSC,unknown,data/raw/gdsc_drug_response.csv,187734,2026-10-03,b472905ea811c145b1827f382975756a66c2ac5dffbe9ad323148bfdea38cdb5
SIDM00538,osimertinib,IC50,23522.372746000074,nM,GDSC,unknown,data/raw/gdsc_drug_response.csv,187735,2026-10-03,b472905ea811c145b1827f382975756a66c2ac5dffbe9ad323148bfdea38cdb5
SIDM00530,osimertinib,IC50,210.0999309046728,nM,GDSC,unknown,data/raw/gdsc_drug_response.csv,187736,2026-10-03,b472905ea811c145b1827f382975756a66c2ac5dffbe9ad323148bfdea38cdb5
SIDM00048,osimertinib,IC50,958.3751313961719,nM,GDSC,unknown,data/raw/gdsc_drug_response.csv,187737,2026-10-03,b472905ea811c145b1827f382975756a66c2ac5dffbe9ad323148bfdea38cdb5
SIDM00047,osimertinib,IC50,1943.1570582693196,nM,GDSC,unknown,data/raw/gdsc_drug_response.csv,187738,2026-10-03,b472905ea811c145b1827f382975756a66c2ac5dffbe9ad323148bfdea38cdb5
SIDM00250,osimertinib,IC50,181.35152574989075,nM,GDSC,unknown,data/raw/gdsc_drug_response.csv,187739,2026-10-03,b472905ea811c145b1827f382975756a66c2ac5dffbe9ad323148bfdea38cdb5
SIDM01185,osimertinib,IC50,2263.988317018264,nM,GDSC,unknown,data/raw/gdsc_drug_response.csv,187740,2026-10-03,b472905ea811c145b1827f382975756a66c2ac5dffbe9ad323148bfdea38cdb5
SIDM00231,osimertinib,IC50,1776.6205636360448,nM,GDSC,unknown,data/raw/gdsc_drug_response.csv,187741,2026-10-03,b472905ea811c145b1827f382975756a66c2ac5dffbe9ad323148bfdea38cdb5
SIDM00232,osimertinib,IC50,10368.599913879816,nM,GDSC,unknown,data/raw/gdsc_drug_response.csv,187742,2026-10-03,b472905ea811c145b1827f382975756a66c2ac5dffbe9ad323148bfdea38cdb5
SIDM00819,osimertinib,IC50,2331.586646523766,nM,GDSC,unknown,data/raw/gdsc_drug_response.csv,187743,2026-10-03,b472905ea811c145b1827f382975756a66c2ac5dffbe9ad323148bfdea38cdb5
SIDM00818,osimertinib,IC50,2526.280341112406,nM,GDSC,unknown,data/raw/gdsc_drug_response.csv,187744,2026-10-03,b472905ea811c145b1827f382975756a66c2ac5dffbe9ad323148bfdea38cdb5
SIDM00817,osimertinib,IC50,9367.038646195475,nM,GDSC,unknown,data/raw/gdsc_drug_response.csv,187745,2026-10-03,b472905ea811c145b1827f382975756a66c2ac5dffbe9ad323148bfdea38cdb5
SIDM00820,osimertinib,IC50,5369.957531411379,nM,GDSC,unknown,data/raw/gdsc_drug_response.csv,187746,2026-10-03,b472905ea811c145b1827f382975756a66c2ac5dffbe9ad323148bfdea38cdb5
SIDM00821,osimertinib,IC50,2354.7227681311856,nM,GDSC,unknown,data/raw/gdsc_drug_response.csv,187747,2026-10-03,b472905ea811c145b1827f382975756a66c2ac5dffbe9ad323148bfdea38cdb5
SIDM00816,osimertinib,IC50,7137.888469136181,nM,GDSC,unknown,data/raw/gdsc_drug_response.csv,187748,2026-10-03,b472905ea811c145b1827f382975756a66c2ac5dffbe9ad323148bfdea38cdb5
SIDM00608,osimertinib,IC50,4837.843192376505,nM,GDSC,unknown,data/raw/gdsc_drug_response.csv,187749,2026-10-03,b472905ea811c145b1827f382975756a66c2ac5dffbe9ad323148bfdea38cdb5
SIDM01265,osimertinib,IC50,2368.1214412063805,nM,GDSC,unknown,data/raw/gdsc_drug_response.csv,187750,2026-10-03,b472905ea811c145b1827f382975756a66c2ac5dffbe9ad323148bfdea38cdb5
SIDM00459,osimertinib,IC50,2581.8133477069227,nM,GDSC,unknown,data/raw/gdsc_drug_response.csv,187751,2026-10-03,b472905ea811c145b1827f382975756a66c2ac5dffbe9ad323148bfdea38cdb5
SIDM00216,osimertinib,IC50,809.0059558181523,nM,GDSC,unknown,data/raw/gdsc_drug_response.csv,187752,2026-10-03,b472905ea811c145b1827f382975756a66c2ac5dffbe9ad323148bfdea38cdb5
SIDM00215,osimertinib,IC50,1858.1195840004684,nM,GDSC,unknown,data/raw/gdsc_drug_response.csv,187753,2026-10-03,b472905ea811c145b1827f382975756a66c2ac5dffbe9ad323148bfdea38cdb5
SIDM00214,osimertinib,IC50,3051.734141415507,nM,GDSC,unknown,data/raw/gdsc_drug_response.csv,187754,2026-10-03,b472905ea811c145b1827f382975756a66c2ac5dffbe9ad323148bfdea38cdb5
SIDM00194,osimertinib,IC50,10793.811924862039,nM,GDSC,unknown,data/raw/gdsc_drug_response.csv,187755,2026-10-03,b472905ea811c145b1827f382975756a66c2ac5dffbe9ad323148bfdea38cdb5
SIDM00193,osimertinib,IC50,6627.78724750236,nM,GDSC,unknown,data/raw/gdsc_drug_response.csv,187756,2026-10-03,b472905ea811c145b1827f382975756a66c2ac5dffbe9ad323148bfdea38cdb5
SIDM00498,osimertinib,IC50,12225.53747952752,nM,GDSC,unknown,data/raw/gdsc_drug_response.csv,187757,2026-10-03,b472905ea811c145b1827f382975756a66c2ac5dffbe9ad323148bfdea38cdb5
SIDM00049,osimertinib,IC50,127.21750749601574,nM,GDSC,unknown,data/raw/gdsc_drug_response.csv,187758,2026-10-03,b472905ea811c145b1827f382975756a66c2ac5dffbe9ad323148bfdea38cdb5
