model_id,model_name,cancer_type,tissue,canonical_alterations,drug,metric,value,unit,source
SIDM01132,PFSK-1,MB,,,gefitinib,IC50,8168.219878475665,nM,GDSC
SIDM00848,A673,UNCLASSIFIED,,,gefitinib,IC50,35443.14984385292,nM,GDSC
SIDM00263,ES5,UNCLASSIFIED,,,gefitinib,IC50,11657.747728000435,nM,GDSC
SIDM00269,ES7,UNCLASSIFIED,,,gefitinib,IC50,12128.4144341814,nM,GDSC
SIDM00203,EW-11,UNCLASSIFIED,,,gefitinib,IC50,59089.48560265942,nM,GDSC
SIDM01111,SK-ES-1,UNCLASSIFIED,,,gefitinib,IC50,21003.56110971452,nM,GDSC
SIDM00909,COLO-829,SKCM,,,gefitinib,IC50,115492.08506061482,nM,GDSC
SIDM00807,5637,BLCA,,,gefitinib,IC50,5780.071194523288,nM,GDSC
SIDM01085,RT4,BLCA,,,gefitinib,IC50,9990.643450043211,nM,GDSC
SIDM01160,SW780,BLCA,,,gefitinib,IC50,54448.48362243029,nM,GDSC
SIDM01190,TCCSUP,BLCA,,,gefitinib,IC50,23551.535028135513,nM,GDSC
SIDM00889,C-33-A,CESC,,,gefitinib,IC50,8383.420454411815,nM,GDSC
SIDM00905,C-4-I,CESC,,,gefitinib,IC50,11211.566851778925,nM,GDSC
SIDM00627,ME-180,CESC,,,gefitinib,IC50,4365.169412029796,nM,GDSC
SIDM00982,42-MG-BA,GBM,,,gefitinib,IC50,46854.30999137223,nM,GDSC
SIDM00998,8-MG-BA,GBM,,,gefitinib,IC50,13628.211238380156,nM,GDSC
SIDM00799,A172,GBM,,,gefitinib,IC50,21640.83415198652,nM,GDSC
SIDM00581,GB-1,GBM,,,gefitinib,IC50,83726.6227167197,nM,GDSC
SIDM01171,T98G,GBM,,,gefitinib,IC50,27307.51666480125,nM,GDSC
SIDM01193,U-118-MG,GBM,,,gefitinib,IC50,38490.90578444798,nM,GDSC
SIDM01189,U-87-MG,GBM,,,gefitinib,IC50,30981.894950001097,nM,GDSC
SIDM00315,YKG-1,GBM,,,gefitinib,IC50,24132.898678452297,nM,GDSC
SIDM00924,ChaGo-K-1,UNCLASSIFIED,,,gefitinib,IC50,43716.69212530342,nM,GDSC
SIDM01120,NCI-H720,UNCLASSIFIED,,,gefitinib,IC50,44002.21616340578,nM,GDSC
SIDM00922,Calu-3,LUAD,,,gefitinib,IC50,19097.606250509136,nM,GDSC
SIDM00512,COR-L23,UNCLASSIFIED,,,gefitinib,IC50,44438.97945727599,nM,GDSC
SIDM00548,LK-2,LUSC,,,gefitinib,IC50,70879.69477033819,nM,GDSC
SIDM00734,NCI-H1437,LUAD,,,gefitinib,IC50,9694.79360830262,nM,GDSC
SIDM00747,NCI-H1623,LUAD,,,gefitinib,IC50,4459.3008782981005,nM,GDSC
SIDM00746,NCI-H1648,Non-Small Cell Lung Carcinoma,Lung,MET_AMP,gefitinib,IC50,1327.6029195765852,nM,GDSC
SIDM00745,NCI-H1650,Non-Small Cell Lung Carcinoma,Lung,EGFR_EXON19DEL,gefitinib,IC50,16503.591105774594,nM,GDSC
SIDM00742,NCI-H1693,LUAD,,,gefitinib,IC50,16215.16637065675,nM,GDSC
SIDM00737,NCI-H1770,UNCLASSIFIED,,,gefitinib,IC50,24082.031945515988,nM,GDSC
SIDM00769,NCI-H1838,LUAD,,,gefitinib,IC50,21161.256793411507,nM,GDSC
SIDM00709,NCI-H2085,LUAD,,,gefitinib,IC50,27067.56100472131,nM,GDSC
SIDM00716,NCI-H2170,LUSC,,,gefitinib,IC50,2252.793496217271,nM,GDSC
SIDM00729,NCI-H2228,LUAD,,,gefitinib,IC50,55793.14430937645,nM,GDSC
SIDM00727,NCI-H2342,Non-Small Cell Lung Carcinoma,Lung,MET_AMP,gefitinib,IC50,57279.454545068176,nM,GDSC
SIDM00726,NCI-H2347,LUAD,,,gefitinib,IC50,330178.692390827,nM,GDSC
SIDM00724,NCI-H2405,LUAD,,,gefitinib,IC50,119937.40719624619,nM,GDSC
SIDM01122,NCI-H661,UNCLASSIFIED,,,gefitinib,IC50,73070.73904810296,nM,GDSC
SIDM00509,COR-L311,SCLC,,,gefitinib,IC50,32884.25592763526,nM,GDSC
SIDM00865,DMS-114,SCLC,,,gefitinib,IC50,43125.609129767385,nM,GDSC
SIDM00522,DMS-273,SCLC,,,gefitinib,IC50,43704.62798320501,nM,GDSC
SIDM00654,NCI-H1048,SCLC,,,gefitinib,IC50,43999.972107605354,nM,GDSC
SIDM00653,NCI-H1092,SCLC,,,gefitinib,IC50,34091.599330668,nM,GDSC
SIDM00741,NCI-H1694,SCLC,,,gefitinib,IC50,24101.18477315291,nM,GDSC
SIDM00760,NCI-H1963,SCLC,,,gefitinib,IC50,15513.816283234291,nM,GDSC
SIDM00735,NCI-H2029,SCLC,,,gefitinib,IC50,9041.119452694087,nM,GDSC
SIDM00706,NCI-H209,SCLC,,,gefitinib,IC50,29442.111104430373,nM,GDSC
SIDM00699,NCI-H2141,SCLC,,,gefitinib,IC50,78105.306540625,nM,GDSC
SIDM00733,NCI-H2171,SCLC,,,gefitinib,IC50,14640.92954458322,nM,GDSC
SIDM00730,NCI-H2227,SCLC,,,gefitinib,IC50,108018.33702710512,nM,GDSC
SIDM00719,NCI-H345,SCLC,,,gefitinib,IC50,33329.80360956471,nM,GDSC
SIDM00965,NCI-H446,SCLC,,,gefitinib,IC50,53798.46848817466,nM,GDSC
SIDM01128,NCI-H526,SCLC,,,gefitinib,IC50,13533.985954286292,nM,GDSC
SIDM01126,NCI-H64,SCLC,,,gefitinib,IC50,48218.07737417958,nM,GDSC
SIDM01121,NCI-H69,SCLC,,,gefitinib,IC50,39692.33118936593,nM,GDSC
SIDM01131,NCI-H82,SCLC,,,gefitinib,IC50,6213.417085969396,nM,GDSC
SIDM00713,NCI-H2052,MESO,,,gefitinib,IC50,93899.58813538821,nM,GDSC
SIDM01100,SK-N-DZ,NB,,,gefitinib,IC50,11516.686687884263,nM,GDSC
SIDM01099,SK-N-FI,NB,,,gefitinib,IC50,34184.523075888465,nM,GDSC
SIDM01179,VA-ES-BJ,UNCLASSIFIED,,,gefitinib,IC50,50418.894716987124,nM,GDSC
SIDM00320,VMRC-LCD,LUAD,,,gefitinib,IC50,52333.149294059884,nM,GDSC
SIDM00368,SBC-5,SCLC,,,gefitinib,IC50,31736.20047021621,nM,GDSC
SIDM00365,SBC-1,SCLC,,,gefitinib,IC50,72896.96457903116,nM,GDSC
SIDM00294,LU-135,SCLC,,,gefitinib,IC50,25131.49901011663,nM,GDSC
SIDM01098,SK-N-SH,NB,,,gefitinib,IC50,40895.907626057,nM,GDSC
SIDM00715,NCI-H2030,LUAD,,,gefitinib,IC50,24227.51570847241,nM,GDSC
SIDM00702,NCI-H2122,LUAD,,,gefitinib,IC50,4544.605840016713,nM,GDSC
SIDM00739,NCI-H1734,LUAD,,,gefitinib,IC50,27122.970804185483,nM,GDSC
SIDM01124,NCI-H650,LUAD,,,gefitinib,IC50,12145.114619535383,nM,GDSC
SIDM01184,T24,BLCA,,,gefitinib,IC50,53852.94009626948,nM,GDSC
SIDM01148,NCI-H929,MM,,,gefitinib,IC50,5281.853089155654,nM,GDSC
SIDM01101,SK-N-AS,NB,,,gefitinib,IC50,77684.67461364357,nM,GDSC
SIDM00649,NCI-H1299,UNCLASSIFIED,,,gefitinib,IC50,31637.527655260652,nM,GDSC
SIDM00708,NCI-H2087,LUAD,,,gefitinib,IC50,115472.10665808106,nM,GDSC
SIDM01182,UM-UC-3,BLCA,,,gefitinib,IC50,52175.23724218105,nM,GDSC
SIDM01174,SW756,CESC,,,gefitinib,IC50,108244.43967776805,nM,GDSC
SIDM01119,NCI-H727,UNCLASSIFIED,,,gefitinib,IC50,14577.919194952758,nM,GDSC
SIDM00921,Calu-6,LUAD,,,gefitinib,IC50,84971.84786136981,nM,GDSC
SIDM00547,LU-65,UNCLASSIFIED,,,gefitinib,IC50,4967.213406150409,nM,GDSC
SIDM00645,NCI-H1355,LUAD,,,gefitinib,IC50,132278.55972817494,nM,GDSC
SIDM00771,NCI-H1792,LUAD,,,gefitinib,IC50,21740.111272277558,nM,GDSC
SIDM00669,HPAF-II,PAAD,,,gefitinib,IC50,85703.44301492002,nM,GDSC
SIDM00505,MIA-PaCa-2,PAAD,,,gefitinib,IC50,48851.886697255824,nM,GDSC
SIDM01078,SHP-77,SCLC,,,gefitinib,IC50,12695.7970786084,nM,GDSC
SIDM00756,NCI-H2009,LUAD,,,gefitinib,IC50,35028.81470260857,nM,GDSC
SIDM00728,NCI-H2291,LUAD,,,gefitinib,IC50,34226.493229126,nM,GDSC
SIDM01163,SW1573,LUAD,,,gefitinib,IC50,237724.15764066347,nM,GDSC
SIDM00347,TE-5,ESCA,,,gefitinib,IC50,54728.57675632749,nM,GDSC
SIDM00872,HCC1954,BRCA,,,gefitinib,IC50,32292.20920334147,nM,GDSC
SIDM00866,HCC1143,BRCA,,,gefitinib,IC50,17018.244934563707,nM,GDSC
SIDM00885,HCC1187,BRCA,,,gefitinib,IC50,33890.813857145535,nM,GDSC
SIDM00884,HCC1395,BRCA,,,gefitinib,IC50,47649.25523154535,nM,GDSC
SIDM00877,HCC1599,BRCA,,,gefitinib,IC50,80806.70946396892,nM,GDSC
SIDM00874,HCC1937,BRCA,,,gefitinib,IC50,17847.13515809368,nM,GDSC
SIDM00774,HCC2157,BRCA,,,gefitinib,IC50,2230.101276697078,nM,GDSC
SIDM00772,HCC2218,BRCA,,,gefitinib,IC50,26790.91935329527,nM,GDSC
SIDM00675,HCC38,BRCA,,,gefitinib,IC50,100739.90527245909,nM,GDSC
SIDM00172,BB30-HNC,HNSC,,,gefitinib,IC50,1341.0340560667519,nM,GDSC
SIDM00174,BB49-HNC,HNSC,,,gefitinib,IC50,10978.754542467643,nM,GDSC
SIDM00191,BB65-RCC,KIRC,,,gefitinib,IC50,49079.82233844131,nM,GDSC
SIDM00990,BEN,UNCLASSIFIED,,,gefitinib,IC50,79117.88852785507,nM,GDSC
SIDM00986,BHY,HNSC,,,gefitinib,IC50,3262.5659924006745,nM,GDSC
SIDM00489,Ca9-22,HNSC,,,gefitinib,IC50,944.2276379598991,nM,GDSC
SIDM00961,CADO-ES1,UNCLASSIFIED,,,gefitinib,IC50,27847.745177787405,nM,GDSC
SIDM00939,CAL-12T,UNCLASSIFIED,,,gefitinib,IC50,17642.59237826227,nM,GDSC
SIDM00942,CAL-33,HNSC,,,gefitinib,IC50,3934.0325737851995,nM,GDSC
SIDM00175,CP50-MEL-B,SKCM,,,gefitinib,IC50,36086.97511152478,nM,GDSC
SIDM00190,CP66-MEL,SKCM,,,gefitinib,IC50,103241.20018741954,nM,GDSC
SIDM00953,CPC-N,SCLC,,,gefitinib,IC50,36232.48166220977,nM,GDSC
SIDM00951,CTV-1,LAML,,,gefitinib,IC50,7865.853111611847,nM,GDSC
SIDM00207,D-542MG,GBM,,,gefitinib,IC50,32535.79929888923,nM,GDSC
SIDM00524,DMS-79,Small Cell Lung Carcinoma,Lung,MET_AMP,gefitinib,IC50,15761.543224939047,nM,GDSC
SIDM00970,DSH1,BLCA,,,gefitinib,IC50,2176.922103430168,nM,GDSC
SIDM00486,EBC-1,Squamous Cell Lung Carcinoma,Lung,MET_AMP,gefitinib,IC50,61689.26939598912,nM,GDSC
SIDM00278,EC-GI-10,ESCA,,,gefitinib,IC50,1498.5035847540785,nM,GDSC
SIDM01044,EPLC-272H,LUSC,,,gefitinib,IC50,4182.1480412113,nM,GDSC
SIDM00188,HA7-RCC,KIRC,,,gefitinib,IC50,10667.278800159824,nM,GDSC
SIDM00052,HCE-4,ESCA,,,gefitinib,IC50,14293.401539932918,nM,GDSC
SIDM00591,HO-1-u-1,HNSC,,,gefitinib,IC50,1534.1492609434783,nM,GDSC
SIDM00590,HSC-2,HNSC,,,gefitinib,IC50,3778.628072619436,nM,GDSC
SIDM00632,IM-9,MM,,,gefitinib,IC50,17894.117007004555,nM,GDSC
SIDM00223,IST-SL1,SCLC,,,gefitinib,IC50,10256.71896897071,nM,GDSC
SIDM00230,IST-SL2,SCLC,,,gefitinib,IC50,57401.30280389968,nM,GDSC
SIDM00693,J82,BLCA,,,gefitinib,IC50,78698.02029308201,nM,GDSC
SIDM00606,KNS-62,LUSC,,,gefitinib,IC50,24528.458135087127,nM,GDSC
SIDM00603,KOSC-2,HNSC,,,gefitinib,IC50,4776.604794082609,nM,GDSC
SIDM00301,KP-4,PAAD,,,gefitinib,IC50,35418.77334323809,nM,GDSC
SIDM01032,KYSE-140,ESCA,,,gefitinib,IC50,1969.6187576772363,nM,GDSC
SIDM01028,KYSE-410,ESCA,,,gefitinib,IC50,19908.683632623062,nM,GDSC
SIDM01025,KYSE-520,ESCA,,,gefitinib,IC50,2657.186881943641,nM,GDSC
SIDM01024,KYSE-70,ESCA,,,gefitinib,IC50,69463.4698000978,nM,GDSC
SIDM00187,LB1047-RCC,KIRC,,,gefitinib,IC50,12974.462469185692,nM,GDSC
SIDM00186,LB2241-RCC,KIRC,,,gefitinib,IC50,8324.774929453826,nM,GDSC
SIDM00185,LB2518-MEL,SKCM,,,gefitinib,IC50,10738.946574938673,nM,GDSC
SIDM00184,LB373-MEL-D,SKCM,,,gefitinib,IC50,50242.78728399998,nM,GDSC
SIDM00183,LB647-SCLC,SCLC,,,gefitinib,IC50,20500.61734333581,nM,GDSC
SIDM00182,LB771-HNC,HNSC,,,gefitinib,IC50,81162.47420375298,nM,GDSC
SIDM00181,LB831-BLC,BLCA,,,gefitinib,IC50,45598.78174294633,nM,GDSC
SIDM00180,LB996-RCC,KIRC,,,gefitinib,IC50,5967.463722300185,nM,GDSC
SIDM00345,LCLC-103H,UNCLASSIFIED,,,gefitinib,IC50,88058.2035654748,nM,GDSC
SIDM00296,LU-134-A,SCLC,,,gefitinib,IC50,34399.36139127796,nM,GDSC
SIDM00292,LU-165,SCLC,,,gefitinib,IC50,221664.06165802357,nM,GDSC
SIDM00339,LXF-289,LUAD,,,gefitinib,IC50,44723.49595060861,nM,GDSC
SIDM00245,MS-1,SCLC,,,gefitinib,IC50,29380.112503705815,nM,GDSC
SIDM00053,MZ1-PC,PAAD,,,gefitinib,IC50,122219.05897479414,nM,GDSC
SIDM00516,MZ7-mel,SKCM,,,gefitinib,IC50,41651.73398336853,nM,GDSC
SIDM00751,NCI-H1563,LUAD,,,gefitinib,IC50,18105.90267954743,nM,GDSC
SIDM00493,NCI-H292,UNCLASSIFIED,,,gefitinib,IC50,4859.55077250887,nM,GDSC
SIDM00927,NCI-H510A,SCLC,,,gefitinib,IC50,12323.832632165479,nM,GDSC
SIDM01133,NCI-H835,UNCLASSIFIED,,,gefitinib,IC50,31555.09292846945,nM,GDSC
SIDM00237,PC-14,Non-Small Cell Lung Carcinoma,Lung,EGFR_EXON19DEL,gefitinib,IC50,247.32846696996984,nM,GDSC
SIDM00367,SBC-3,SCLC,,,gefitinib,IC50,30052.89512696905,nM,GDSC
SIDM00391,SK-MM-2,MM,,,gefitinib,IC50,65474.58159030445,nM,GDSC
SIDM00417,U-266,MM,,,gefitinib,IC50,57303.80348703349,nM,GDSC
SIDM01229,BE2-M17,NB,,,gefitinib,IC50,47078.19769947947,nM,GDSC
SIDM01009,KELLY,NB,,,gefitinib,IC50,13129.859663177906,nM,GDSC
SIDM00395,SIMA,NB,,,gefitinib,IC50,31058.67011007162,nM,GDSC
SIDM00369,TE-1,ESCA,,,gefitinib,IC50,4931.804769154214,nM,GDSC
SIDM00349,TE-10,ESCA,,,gefitinib,IC50,12669.695995447491,nM,GDSC
SIDM00326,TE-8,ESCA,,,gefitinib,IC50,14043.111628446657,nM,GDSC
SIDM00934,CAPAN-1,PAAD,,,gefitinib,IC50,23736.69113144626,nM,GDSC
SIDM00105,OVCAR-3,OV,,,gefitinib,IC50,17955.060550142774,nM,GDSC
SIDM00088,PC-3,PRAD,,,gefitinib,IC50,139677.75227477358,nM,GDSC
SIDM00120,DU-145,PRAD,,,gefitinib,IC50,63684.48695304943,nM,GDSC
SIDM00783,HCT-116,COREAD,,,gefitinib,IC50,18059.123244604085,nM,GDSC
SIDM00789,HCT-15,COREAD,,,gefitinib,IC50,34724.969141975555,nM,GDSC
SIDM00829,HL-60,LAML,,,gefitinib,IC50,26015.226468265657,nM,GDSC
SIDM00136,HT-29,COREAD,,,gefitinib,IC50,144939.87481811031,nM,GDSC
SIDM00791,K-562,LCML,,,gefitinib,IC50,21281.26269746616,nM,GDSC
SIDM00139,NCI-H226,LUSC,,,gefitinib,IC50,125519.60983112833,nM,GDSC
SIDM00138,NCI-H23,LUAD,,,gefitinib,IC50,29120.92535137672,nM,GDSC
SIDM00144,NCI-H460,UNCLASSIFIED,,,gefitinib,IC50,38362.6757027295,nM,GDSC
SIDM00116,NCI-H522,LUAD,,,gefitinib,IC50,12424.582875116936,nM,GDSC
SIDM00097,T47D,BRCA,,,gefitinib,IC50,59881.88268365654,nM,GDSC
SIDM00148,MCF7,BRCA,,,gefitinib,IC50,98305.30567402803,nM,GDSC
SIDM00125,786-0,KIRC,,,gefitinib,IC50,52700.02869266422,nM,GDSC
SIDM00124,A498,KIRC,,,gefitinib,IC50,37206.445038666454,nM,GDSC
SIDM00903,A549,LUAD,,,gefitinib,IC50,13606.60041986503,nM,GDSC
SIDM00123,ACHN,KIRC,,,gefitinib,IC50,2096.7216377011887,nM,GDSC
SIDM00122,BT-549,BRCA,,,gefitinib,IC50,94654.17627205563,nM,GDSC
SIDM00121,CCRF-CEM,ALL,,,gefitinib,IC50,14007.851586256644,nM,GDSC
SIDM00081,SK-MEL-28,SKCM,,,gefitinib,IC50,44940.52729502561,nM,GDSC
SIDM00082,SK-MEL-2,SKCM,,,gefitinib,IC50,27368.699324956946,nM,GDSC
SIDM00080,SK-MEL-5,SKCM,,,gefitinib,IC50,35514.746336802185,nM,GDSC
SIDM00135,Hs-578-T,BRCA,,,gefitinib,IC50,63181.02381656975,nM,GDSC
SIDM00145,MOLT-4,ALL,,,gefitinib,IC50,18905.180782896925,nM,GDSC
SIDM00079,SK-OV-3,OV,,,gefitinib,IC50,19579.615509310854,nM,GDSC
SIDM00146,MDA-MB-231,BRCA,,,gefitinib,IC50,46174.74483371614,nM,GDSC
SIDM00826,COLO-205,COREAD,,,gefitinib,IC50,41163.13194379744,nM,GDSC
SIDM00841,SW620,COREAD,,,gefitinib,IC50,210971.91070640413,nM,GDSC
SIDM00941,CAKI-1,KIRC,,,gefitinib,IC50,11133.404460925269,nM,GDSC
SIDM00087,RPMI-8226,MM,,,gefitinib,IC50,21515.809704494535,nM,GDSC
SIDM00096,SR,UNCLASSIFIED,,,gefitinib,IC50,12839.097402044199,nM,GDSC
SIDM00117,NCI-H322M,LUAD,,,gefitinib,IC50,426.7926418413063,nM,GDSC
SIDM00151,IGROV-1,OV,,,gefitinib,IC50,2075.545477793751,nM,GDSC
SIDM00091,OVCAR-5,OV,,,gefitinib,IC50,47828.41887671608,nM,GDSC
SIDM00119,EKVX,LUAD,,,gefitinib,IC50,15547.704388842078,nM,GDSC
SIDM00118,HCC2998,COREAD,,,gefitinib,IC50,36272.214231582286,nM,GDSC
SIDM00133,HOP-62,LUAD,,,gefitinib,IC50,117549.32115234665,nM,GDSC
SIDM00134,HOP-92,UNCLASSIFIED,,,gefitinib,IC50,79409.73755775926,nM,GDSC
SIDM00149,LOXIMVI,SKCM,,,gefitinib,IC50,43955.95017218015,nM,GDSC
SIDM00003,M14,SKCM,,,gefitinib,IC50,37729.41390762943,nM,GDSC
SIDM00107,UACC-62,SKCM,,,gefitinib,IC50,56167.59560786658,nM,GDSC
SIDM00108,UACC-257,SKCM,,,gefitinib,IC50,70037.44306714147,nM,GDSC
SIDM00086,RXF393,KIRC,,,gefitinib,IC50,41644.98694898777,nM,GDSC
SIDM00094,SN12C,KIRC,,,gefitinib,IC50,53690.334788556655,nM,GDSC
SIDM00113,TK10,KIRC,,,gefitinib,IC50,91509.33601250286,nM,GDSC
SIDM00112,U031,KIRC,,,gefitinib,IC50,3487.8970844273176,nM,GDSC
SIDM00095,SNB75,GBM,,,gefitinib,IC50,43139.02327999898,nM,GDSC
SIDM00111,U251,GBM,,,gefitinib,IC50,61684.88961334612,nM,GDSC
SIDM00083,SF539,LGG,,,gefitinib,IC50,23677.257777617207,nM,GDSC
SIDM00084,SF295,GBM,,,gefitinib,IC50,36716.56442630444,nM,GDSC
SIDM00085,SF268,GBM,,,gefitinib,IC50,29305.31796307341,nM,GDSC
SIDM00150,KM12,COREAD,,,gefitinib,IC50,21539.49011700858,nM,GDSC
SIDM00092,OVCAR-4,OV,,,gefitinib,IC50,51526.28160877845,nM,GDSC
SIDM00090,OVCAR-8,OV,,,gefitinib,IC50,11757.096315083461,nM,GDSC
SIDM00132,BxPC-3,PAAD,,,gefitinib,IC50,33952.075970008234,nM,GDSC
SIDM00984,BONNA-12,NA,,,gefitinib,IC50,21206.653992444866,nM,GDSC
SIDM00987,BHT-101,THCA,,,gefitinib,IC50,49104.41749000387,nM,GDSC
SIDM00490,Becker,GBM,,,gefitinib,IC50,55743.06455496177,nM,GDSC
SIDM01245,BE-13,ALL,,,gefitinib,IC50,21703.18447978151,nM,GDSC
SIDM00900,ARH-77,MM,,,gefitinib,IC50,17584.64362730337,nM,GDSC
SIDM00850,AGS,STAD,,,gefitinib,IC50,14839.966791986917,nM,GDSC
SIDM00494,ABC-1,LUAD,,,gefitinib,IC50,26168.175581691237,nM,GDSC
SIDM00797,A2058,SKCM,,,gefitinib,IC50,33617.27258793282,nM,GDSC
SIDM00795,A375,SKCM,,,gefitinib,IC50,72361.10997277263,nM,GDSC
SIDM00796,A253,UNCLASSIFIED,,,gefitinib,IC50,8299.066179674106,nM,GDSC
SIDM00997,8305C,THCA,,,gefitinib,IC50,73922.55565569061,nM,GDSC
SIDM00983,647-V,BLCA,,,gefitinib,IC50,28675.669195840896,nM,GDSC
SIDM00999,639-V,BLCA,,,gefitinib,IC50,12849.347090852947,nM,GDSC
SIDM01076,697,UNCLASSIFIED,,,gefitinib,IC50,10326.155031004077,nM,GDSC
SIDM00893,BT-20,BRCA,,,gefitinib,IC50,31816.94469770708,nM,GDSC
SIDM00210,A2780,UNCLASSIFIED,,,gefitinib,IC50,6842.396255262008,nM,GDSC
SIDM00513,COR-L105,LUAD,,,gefitinib,IC50,441.925041788514,nM,GDSC
SIDM00952,CRO-AP2,DLBC,,,gefitinib,IC50,14453.375703872816,nM,GDSC
SIDM00506,COR-L88,SCLC,,,gefitinib,IC50,44770.5698248651,nM,GDSC
SIDM00954,COLO-824,BRCA,,,gefitinib,IC50,7152.93670248002,nM,GDSC
SIDM00515,COLO-800,SKCM,,,gefitinib,IC50,29795.548405889418,nM,GDSC
SIDM00140,COLO-792,SKCM,,,gefitinib,IC50,46628.22292631578,nM,GDSC
SIDM00956,COLO-680N,ESCA,,,gefitinib,IC50,43875.759843217464,nM,GDSC
SIDM00284,COLO-679,SKCM,,,gefitinib,IC50,44405.88474689063,nM,GDSC
SIDM00910,CHP-212,NB,,,gefitinib,IC50,12642.535980960178,nM,GDSC
SIDM00130,CFPAC-1,PAAD,,,gefitinib,IC50,11025.524567283677,nM,GDSC
SIDM00923,Ca-Ski,CESC,,,gefitinib,IC50,5361.356385149054,nM,GDSC
SIDM00919,Caov-3,OV,,,gefitinib,IC50,19916.2304537521,nM,GDSC
SIDM00940,CAL-120,BRCA,,,gefitinib,IC50,254640.05526354795,nM,GDSC
SIDM00930,CAL-72,UNCLASSIFIED,,,gefitinib,IC50,31321.100255765356,nM,GDSC
SIDM00931,CAL-62,THCA,,,gefitinib,IC50,58224.07913405031,nM,GDSC
SIDM00890,C32,SKCM,,,gefitinib,IC50,52910.29857641473,nM,GDSC
SIDM00845,Daudi,UNCLASSIFIED,,,gefitinib,IC50,22530.456136990586,nM,GDSC
SIDM00886,DB,DLBC,,,gefitinib,IC50,953.191930011858,nM,GDSC
SIDM00887,Daoy,MB,,,gefitinib,IC50,38865.88991444523,nM,GDSC
SIDM00888,D-283MED,MB,,,gefitinib,IC50,18772.123934426385,nM,GDSC
SIDM00867,DBTRG-05MG,GBM,,,gefitinib,IC50,288598.94766826084,nM,GDSC
SIDM00949,DEL,UNCLASSIFIED,,,gefitinib,IC50,9408.212706406313,nM,GDSC
SIDM00831,Detroit562,HNSC,,,gefitinib,IC50,11575.953819617493,nM,GDSC
SIDM00948,DG-75,UNCLASSIFIED,,,gefitinib,IC50,35716.722625745264,nM,GDSC
SIDM00947,DK-MG,GBM,,,gefitinib,IC50,102124.84138159866,nM,GDSC
SIDM00281,DJM-1,UNCLASSIFIED,,,gefitinib,IC50,23105.137606344648,nM,GDSC
SIDM00981,DOHH-2,DLBC,,,gefitinib,IC50,5585.92477092318,nM,GDSC
SIDM00864,DoTc2-4510,CESC,,,gefitinib,IC50,12031.557625092048,nM,GDSC
SIDM01001,DU-4475,BRCA,,,gefitinib,IC50,7233.72414730431,nM,GDSC
SIDM00863,EB2,UNCLASSIFIED,,,gefitinib,IC50,16821.62060862431,nM,GDSC
SIDM00793,EB-3,UNCLASSIFIED,,,gefitinib,IC50,32382.495031803577,nM,GDSC
SIDM00280,ECC10,UNCLASSIFIED,,,gefitinib,IC50,9841.872621292549,nM,GDSC
SIDM00279,ECC12,UNCLASSIFIED,,,gefitinib,IC50,36277.546638996675,nM,GDSC
SIDM01056,EFM-19,BRCA,,,gefitinib,IC50,74433.19412988087,nM,GDSC
SIDM01051,EFO-27,UNCLASSIFIED,,,gefitinib,IC50,16624.65775226347,nM,GDSC
SIDM01047,EM-2,LCML,,,gefitinib,IC50,23293.794625150727,nM,GDSC
SIDM00277,EoL-1-cell,UNCLASSIFIED,,,gefitinib,IC50,7472.883982963033,nM,GDSC
SIDM00276,ETK-1,UNCLASSIFIED,,,gefitinib,IC50,3694.3809383560897,nM,GDSC
SIDM01042,EVSA-T,BRCA,,,gefitinib,IC50,22588.546821201133,nM,GDSC
SIDM00860,FADU,HNSC,,,gefitinib,IC50,1858.7626046126836,nM,GDSC
SIDM00213,FTC-133,THCA,,,gefitinib,IC50,10554.275093769538,nM,GDSC
SIDM00857,G-361,SKCM,,,gefitinib,IC50,25231.444139594627,nM,GDSC
SIDM01055,GAMG,LGG,,,gefitinib,IC50,35791.87813747513,nM,GDSC
SIDM00274,GCIY,STAD,,,gefitinib,IC50,9448.188216474193,nM,GDSC
SIDM01057,GDM-1,LAML,,,gefitinib,IC50,8971.142168356917,nM,GDSC
SIDM00273,GI-1,LGG,,,gefitinib,IC50,6219.316417574081,nM,GDSC
SIDM00227,GI-ME-N,NB,,,gefitinib,IC50,45677.14210431811,nM,GDSC
SIDM00544,GOTO,NB,,,gefitinib,IC50,16283.02249038687,nM,GDSC
SIDM01259,GR-ST,ALL,,,gefitinib,IC50,44959.90083698817,nM,GDSC
SIDM00853,GCT,UNCLASSIFIED,,,gefitinib,IC50,73343.14175904098,nM,GDSC
SIDM01043,ESS-1,UNCLASSIFIED,,,gefitinib,IC50,19051.846004475894,nM,GDSC
SIDM00852,H4,LGG,,,gefitinib,IC50,28158.323648776226,nM,GDSC
SIDM01251,H9,UNCLASSIFIED,,,gefitinib,IC50,10555.488905198143,nM,GDSC
SIDM01073,HC-1,UNCLASSIFIED,,,gefitinib,IC50,24348.90793846802,nM,GDSC
SIDM00882,HCC1419,BRCA,,,gefitinib,IC50,10963.800693389472,nM,GDSC
SIDM00878,HCC1569,BRCA,,,gefitinib,IC50,18837.05611927245,nM,GDSC
SIDM00875,HCC1806,UNCLASSIFIED,,,gefitinib,IC50,3653.3808530906185,nM,GDSC
SIDM00673,HCC70,BRCA,,,gefitinib,IC50,23597.151367990617,nM,GDSC
SIDM00596,HEC-1,UCEC,,,gefitinib,IC50,90981.84671787587,nM,GDSC
SIDM00594,HEL,LAML,,,gefitinib,IC50,11468.567129316476,nM,GDSC
SIDM00290,HGC-27,STAD,,,gefitinib,IC50,23278.053341137565,nM,GDSC
SIDM00671,HH,UNCLASSIFIED,,,gefitinib,IC50,66691.79954427607,nM,GDSC
SIDM00064,HLE,LIHC,,,gefitinib,IC50,48739.60773245379,nM,GDSC
SIDM00291,HMV-II,SKCM,,,gefitinib,IC50,46617.35981597544,nM,GDSC
SIDM00806,HOS,UNCLASSIFIED,,,gefitinib,IC50,25306.492920963075,nM,GDSC
SIDM00589,HSC-3,HNSC,,,gefitinib,IC50,2568.099163108967,nM,GDSC
SIDM00588,HSC-4,HNSC,,,gefitinib,IC50,2226.760859151753,nM,GDSC
SIDM00661,HT,DLBC,,,gefitinib,IC50,64594.35350984495,nM,GDSC
SIDM00828,HT-1080,UNCLASSIFIED,,,gefitinib,IC50,76333.73676475817,nM,GDSC
SIDM00676,HT-1197,BLCA,,,gefitinib,IC50,56182.59435813793,nM,GDSC
SIDM00678,HT-1376,BLCA,,,gefitinib,IC50,6420.962316469296,nM,GDSC
SIDM00695,HT-144,SKCM,,,gefitinib,IC50,21661.792621708435,nM,GDSC
SIDM00679,HT-3,CESC,,,gefitinib,IC50,20139.49877620809,nM,GDSC
SIDM00587,HuCCT1,UNCLASSIFIED,,,gefitinib,IC50,7502.685326550207,nM,GDSC
SIDM00585,HuH-7,LIHC,,,gefitinib,IC50,84706.97942710934,nM,GDSC
SIDM00599,HuO9,UNCLASSIFIED,,,gefitinib,IC50,37061.95604665042,nM,GDSC
SIDM00694,HuTu-80,UNCLASSIFIED,,,gefitinib,IC50,11009.835393642674,nM,GDSC
SIDM01060,IGR-1,SKCM,,,gefitinib,IC50,41308.033632609,nM,GDSC
SIDM01206,IMR-5,NB,,,gefitinib,IC50,12800.39461823551,nM,GDSC
SIDM01059,IPC-298,SKCM,,,gefitinib,IC50,13488.749936659438,nM,GDSC
SIDM00225,IST-MEL1,SKCM,,,gefitinib,IC50,92491.24579632514,nM,GDSC
SIDM00224,IST-MES1,MESO,,,gefitinib,IC50,94459.10599058607,nM,GDSC
SIDM01039,JAR,UNCLASSIFIED,,,gefitinib,IC50,12680.58394001027,nM,GDSC
SIDM01218,JEG-3,UNCLASSIFIED,,,gefitinib,IC50,40489.83682384441,nM,GDSC
SIDM00808,JiyoyeP-2003,UNCLASSIFIED,,,gefitinib,IC50,20464.404273659362,nM,GDSC
SIDM01013,JVM-2,CLL,,,gefitinib,IC50,23799.700581760637,nM,GDSC
SIDM01012,JVM-3,CLL,,,gefitinib,IC50,6893.3349810323925,nM,GDSC
SIDM00613,KALS-1,LGG,,,gefitinib,IC50,73596.39179436465,nM,GDSC
SIDM01007,KARPAS-45,ALL,,,gefitinib,IC50,6182.742850813451,nM,GDSC
SIDM01010,KARPAS-299,UNCLASSIFIED,,,gefitinib,IC50,26387.515484864034,nM,GDSC
SIDM01008,KARPAS-422,DLBC,,,gefitinib,IC50,43387.74378689467,nM,GDSC
SIDM01005,KASUMI-1,LAML,,,gefitinib,IC50,8470.283676366556,nM,GDSC
SIDM00687,KATOIII,STAD,,,gefitinib,IC50,192719.73822732668,nM,GDSC
SIDM01003,KE-37,ALL,,,gefitinib,IC50,9272.22154746757,nM,GDSC
SIDM00785,KG-1,LAML,,,gefitinib,IC50,28256.48531731249,nM,GDSC
SIDM00612,KINGS-1,LGG,,,gefitinib,IC50,217772.0775433625,nM,GDSC
SIDM01019,KMOE-2,LAML,,,gefitinib,IC50,19423.059612192006,nM,GDSC
SIDM01020,KMS-12-BM,MM,,,gefitinib,IC50,12525.34260137469,nM,GDSC
SIDM00607,KNS-42,LGG,,,gefitinib,IC50,46715.73285922704,nM,GDSC
SIDM00533,HuP-T3,PAAD,,,gefitinib,IC50,125229.74370755712,nM,GDSC
SIDM00531,HuP-T4,PAAD,,,gefitinib,IC50,12159.733984207423,nM,GDSC
SIDM00541,HT55,COREAD,,,gefitinib,IC50,10402.394291632832,nM,GDSC
SIDM00534,HT-115,COREAD,,,gefitinib,IC50,18430.151648529583,nM,GDSC
SIDM00535,H-EMC-SS,UNCLASSIFIED,,,gefitinib,IC50,174277.6993014682,nM,GDSC
SIDM00537,GP5d,COREAD,,,gefitinib,IC50,16352.209077660425,nM,GDSC
SIDM00523,DMS-53,SCLC,,,gefitinib,IC50,31304.410557528725,nM,GDSC
SIDM00855,G-402,UNCLASSIFIED,,,gefitinib,IC50,30779.719028800042,nM,GDSC
SIDM00856,G-401,UNCLASSIFIED,,,gefitinib,IC50,51293.49802541247,nM,GDSC
SIDM00553,KY821,LAML,,,gefitinib,IC50,15021.627560207911,nM,GDSC
SIDM00308,KU812,LCML,,,gefitinib,IC50,23982.27462047977,nM,GDSC
SIDM01033,KU-19-19,BLCA,,,gefitinib,IC50,16985.142647209883,nM,GDSC
SIDM00555,KS-1,GBM,,,gefitinib,IC50,67156.51903903445,nM,GDSC
SIDM00556,KP-N-YN,NB,,,gefitinib,IC50,79358.69350893005,nM,GDSC
SIDM01031,KYSE-150,ESCA,,,gefitinib,IC50,3899.5259715815605,nM,GDSC
SIDM01030,KYSE-180,ESCA,,,gefitinib,IC50,6373.756415901381,nM,GDSC
SIDM01029,KYSE-270,ESCA,,,gefitinib,IC50,3225.7194156808137,nM,GDSC
SIDM01027,KYSE-450,ESCA,,,gefitinib,IC50,535.0254302704519,nM,GDSC
SIDM01026,KYSE-510,ESCA,,,gefitinib,IC50,29841.439058685664,nM,GDSC
SIDM00327,L-428,UNCLASSIFIED,,,gefitinib,IC50,14129.587456701836,nM,GDSC
SIDM00329,L-540,UNCLASSIFIED,,,gefitinib,IC50,22072.621624365842,nM,GDSC
SIDM00346,LAMA-84,LCML,,,gefitinib,IC50,18407.422867937126,nM,GDSC
SIDM00297,LC-2-ad,LUAD,,,gefitinib,IC50,37791.49207836818,nM,GDSC
SIDM00549,LC4-1,ALL,,,gefitinib,IC50,18564.459996020563,nM,GDSC
SIDM00683,LNCaP-Clone-FGC,PRAD,,,gefitinib,IC50,56141.70831377108,nM,GDSC
SIDM00342,LOUCY,ALL,,,gefitinib,IC50,16425.237106923065,nM,GDSC
SIDM00839,LoVo,COREAD,,,gefitinib,IC50,5033.653185893446,nM,GDSC
SIDM00340,LP-1,MM,,,gefitinib,IC50,25320.23807809159,nM,GDSC
SIDM00776,LS-123,COREAD,,,gefitinib,IC50,58189.44611131153,nM,GDSC
SIDM00660,LS-411N,COREAD,,,gefitinib,IC50,87864.95205675614,nM,GDSC
SIDM01219,LU-99A,UNCLASSIFIED,,,gefitinib,IC50,418624.35903773806,nM,GDSC
SIDM00637,MC116,DLBC,,,gefitinib,IC50,11202.242707540116,nM,GDSC
SIDM01246,MC-IXC,NB,,,gefitinib,IC50,25582.28193624242,nM,GDSC
SIDM00633,MDA-MB-175-VII,BRCA,,,gefitinib,IC50,642.1881176931495,nM,GDSC
SIDM00528,MDA-MB-361,BRCA,,,gefitinib,IC50,21043.169117873334,nM,GDSC
SIDM00272,MDA-MB-453,BRCA,,,gefitinib,IC50,6070.560863126615,nM,GDSC
SIDM00628,MDA-MB-468,BRCA,,,gefitinib,IC50,6230.446502659583,nM,GDSC
SIDM00337,MEL-HO,SKCM,,,gefitinib,IC50,26179.718292103338,nM,GDSC
SIDM00336,MEL-JUSO,SKCM,,,gefitinib,IC50,61959.9370766365,nM,GDSC
SIDM00526,MEG-01,LCML,,,gefitinib,IC50,32429.126985798433,nM,GDSC
SIDM00625,MES-SA,UNCLASSIFIED,,,gefitinib,IC50,35306.74421711825,nM,GDSC
SIDM00545,Mewo,SKCM,,,gefitinib,IC50,137609.2297608415,nM,GDSC
SIDM00335,MFE-280,UCEC,,,gefitinib,IC50,109404.38812332903,nM,GDSC
SIDM00334,MFE-296,UCEC,,,gefitinib,IC50,52290.61973429243,nM,GDSC
SIDM00525,MG-63,UNCLASSIFIED,,,gefitinib,IC50,59009.17852343167,nM,GDSC
SIDM00331,MHH-CALL-2,UNCLASSIFIED,,,gefitinib,IC50,17845.885902357073,nM,GDSC
SIDM00376,MHH-CALL-4,NA,,,gefitinib,IC50,24625.143144109028,nM,GDSC
SIDM00386,MHH-ES-1,UNCLASSIFIED,,,gefitinib,IC50,58705.41668474469,nM,GDSC
SIDM00387,MHH-NB-11,NB,,,gefitinib,IC50,10350.336176446757,nM,GDSC
SIDM00388,MHH-PREB-1,UNCLASSIFIED,,,gefitinib,IC50,22288.16900971011,nM,GDSC
SIDM00271,MKN1,UNCLASSIFIED,,,gefitinib,IC50,22191.426043021933,nM,GDSC
SIDM00260,MKN28,STAD,,,gefitinib,IC50,36251.254949572445,nM,GDSC
SIDM00441,ML-2,LAML,,,gefitinib,IC50,10985.409684024602,nM,GDSC
SIDM00561,MLMA,UNCLASSIFIED,,,gefitinib,IC50,24675.824521015693,nM,GDSC
SIDM00438,MN-60,UNCLASSIFIED,,,gefitinib,IC50,43679.02457373852,nM,GDSC
SIDM00532,MOG-G-CCM,LGG,,,gefitinib,IC50,128129.43962191758,nM,GDSC
SIDM00504,MOG-G-UVW,LGG,,,gefitinib,IC50,27897.69307709746,nM,GDSC
SIDM00433,MOLT-13,ALL,,,gefitinib,IC50,19490.477247348572,nM,GDSC
SIDM00431,MOLT-16,ALL,,,gefitinib,IC50,6767.582953096881,nM,GDSC
SIDM01023,MONO-MAC-6,LAML,,,gefitinib,IC50,5882.500931674068,nM,GDSC
SIDM00623,Mo-T,UNCLASSIFIED,,,gefitinib,IC50,25829.209430505427,nM,GDSC
SIDM00222,MPP-89,MESO,,,gefitinib,IC50,73589.84200696481,nM,GDSC
SIDM00562,MRK-nu-1,BRCA,,,gefitinib,IC50,22411.651950998064,nM,GDSC
SIDM00640,MSTO-211H,MESO,,,gefitinib,IC50,4557.312109219787,nM,GDSC
SIDM00657,MV-4-11,UNCLASSIFIED,,,gefitinib,IC50,8935.2399203783,nM,GDSC
SIDM00429,NALM-6,UNCLASSIFIED,,,gefitinib,IC50,14587.835551184335,nM,GDSC
SIDM00641,NAMALWA,UNCLASSIFIED,,,gefitinib,IC50,17446.98754114074,nM,GDSC
SIDM00244,NB69,NB,,,gefitinib,IC50,3471.198765981664,nM,GDSC
SIDM00655,NCCIT,NA,,,gefitinib,IC50,12754.268501397906,nM,GDSC
SIDM00777,NCI-H508,COREAD,,,gefitinib,IC50,2037.6842673361336,nM,GDSC
SIDM01130,NCI-H520,LUSC,,,gefitinib,IC50,53275.7896487182,nM,GDSC
SIDM01146,SNU-1,STAD,,,gefitinib,IC50,29731.943305201934,nM,GDSC
SIDM01144,SNU-5,STAD,,,gefitinib,IC50,36812.29895232691,nM,GDSC
SIDM01145,SNU-16,STAD,,,gefitinib,IC50,17443.254285279567,nM,GDSC
SIDM00577,NH-12,NB,,,gefitinib,IC50,31985.798262737415,nM,GDSC
SIDM00576,NKM-1,LAML,,,gefitinib,IC50,32779.260055063416,nM,GDSC
SIDM00575,NMC-G1,LGG,,,gefitinib,IC50,356344.5144088954,nM,GDSC
SIDM00573,no-11,LGG,,,gefitinib,IC50,112821.1701399275,nM,GDSC
SIDM00580,NOMO-1,LAML,,,gefitinib,IC50,28533.2764242392,nM,GDSC
SIDM00574,no-10,LGG,,,gefitinib,IC50,61010.37916833715,nM,GDSC
SIDM01203,NTERA-2-cl-D1,UNCLASSIFIED,,,gefitinib,IC50,41689.61262279283,nM,GDSC
SIDM00572,NUGC-3,STAD,,,gefitinib,IC50,1810.6646720585766,nM,GDSC
SIDM00778,NCI-H747,COREAD,,,gefitinib,IC50,10005.410533225288,nM,GDSC
SIDM00779,NCI-H716,COREAD,,,gefitinib,IC50,89987.70051078287,nM,GDSC
SIDM01127,NCI-H596,UNCLASSIFIED,,,gefitinib,IC50,26792.044595538035,nM,GDSC
SIDM00925,NCI-H441,Non-Small Cell Lung Carcinoma,Lung,MET_AMP,gefitinib,IC50,137722.52877308306,nM,GDSC
SIDM01147,NCI-N87,STAD,,,gefitinib,IC50,7192.400625916151,nM,GDSC
SIDM00722,NCI-H2452,MESO,,,gefitinib,IC50,168005.37954638017,nM,GDSC
SIDM00755,NCI-H1793,LUAD,,,gefitinib,IC50,77490.8604711061,nM,GDSC
SIDM00718,NCI-H358,LUAD,,,gefitinib,IC50,18981.95896649739,nM,GDSC
SIDM00651,NCI-H1155,UNCLASSIFIED,,,gefitinib,IC50,26904.592582246853,nM,GDSC
SIDM00652,NCI-H1105,SCLC,,,gefitinib,IC50,22769.114717887514,nM,GDSC
SIDM00697,NCI-H1436,SCLC,,,gefitinib,IC50,32643.01835722106,nM,GDSC
SIDM00720,NCI-H28,MESO,,,gefitinib,IC50,278103.9598273698,nM,GDSC
SIDM00748,NCI-H1581,UNCLASSIFIED,,,gefitinib,IC50,24780.325209873296,nM,GDSC
SIDM00749,NCI-H1573,Non-Small Cell Lung Carcinoma,Lung,MET_AMP,gefitinib,IC50,19368.886694391087,nM,GDSC
SIDM00743,NCI-H1666,LUAD,,,gefitinib,IC50,1776.6116805554343,nM,GDSC
SIDM00740,NCI-H1703,UNCLASSIFIED,,,gefitinib,IC50,33731.90077030343,nM,GDSC
SIDM00738,NCI-H1755,LUAD,,,gefitinib,IC50,66741.03625845259,nM,GDSC
SIDM00758,NCI-H1993,Non-Small Cell Lung Carcinoma,Lung,MET_AMP,gefitinib,IC50,50863.01303595174,nM,GDSC
SIDM00710,NCI-H2081,SCLC,,,gefitinib,IC50,43425.37727251654,nM,GDSC
SIDM00731,NCI-H2196,SCLC,,,gefitinib,IC50,66442.90450502104,nM,GDSC
SIDM01129,NCI-H524,SCLC,,,gefitinib,IC50,19638.285445370988,nM,GDSC
SIDM01117,NCI-H748,SCLC,,,gefitinib,IC50,35282.88492337736,nM,GDSC
SIDM00567,ONS-76,MB,,,gefitinib,IC50,54736.294029705125,nM,GDSC
SIDM00457,OPM-2,MM,,,gefitinib,IC50,16459.091511275077,nM,GDSC
SIDM00239,OS-RC-2,KIRC,,,gefitinib,IC50,74751.2548932914,nM,GDSC
SIDM00463,P12-ICHIKAWA,ALL,,,gefitinib,IC50,22938.988099892387,nM,GDSC
SIDM00364,P30-OHK,ALL,,,gefitinib,IC50,10543.515221641559,nM,GDSC
SIDM00363,P31-FUJ,LAML,,,gefitinib,IC50,23705.474191169247,nM,GDSC
SIDM01140,PA-1,UNCLASSIFIED,,,gefitinib,IC50,37713.94801865119,nM,GDSC
SIDM00241,OCUB-M,BRCA,,,gefitinib,IC50,23187.399357943432,nM,GDSC
SIDM00220,OC-314,OV,,,gefitinib,IC50,8259.689532813241,nM,GDSC
SIDM00451,PF-382,ALL,,,gefitinib,IC50,11383.933280990028,nM,GDSC
SIDM00844,Raji,UNCLASSIFIED,,,gefitinib,IC50,20435.69241050352,nM,GDSC
SIDM00359,RCM-1,COREAD,,,gefitinib,IC50,51810.35330257344,nM,GDSC
SIDM00847,RD,UNCLASSIFIED,,,gefitinib,IC50,52223.41721779382,nM,GDSC
SIDM00447,REH,UNCLASSIFIED,,,gefitinib,IC50,22571.792336142462,nM,GDSC
SIDM01092,RF-48,STAD,,,gefitinib,IC50,37670.45122511466,nM,GDSC
SIDM01090,RKO,COREAD,,,gefitinib,IC50,40350.024423218485,nM,GDSC
SIDM00352,RMG-I,UNCLASSIFIED,,,gefitinib,IC50,3929.5503320143207,nM,GDSC
SIDM00813,RPMI-6666,UNCLASSIFIED,,,gefitinib,IC50,19892.942090470344,nM,GDSC
SIDM00403,RPMI-8402,ALL,,,gefitinib,IC50,18440.40166208588,nM,GDSC
SIDM01086,RS4-11,ALL,,,gefitinib,IC50,16058.141828696229,nM,GDSC
SIDM00402,RT-112,BLCA,,,gefitinib,IC50,24021.757928347623,nM,GDSC
SIDM00401,RVH-421,SKCM,,,gefitinib,IC50,27873.488385862234,nM,GDSC
SIDM01084,Saos-2,UNCLASSIFIED,,,gefitinib,IC50,61781.687389884195,nM,GDSC
SIDM00351,SAS,HNSC,,,gefitinib,IC50,11615.320970761943,nM,GDSC
SIDM01080,SCC-9,HNSC,,,gefitinib,IC50,11119.029390656797,nM,GDSC
SIDM00383,SCH,UNCLASSIFIED,,,gefitinib,IC50,36220.237152846596,nM,GDSC
SIDM00382,SF126,GBM,,,gefitinib,IC50,17037.367158744466,nM,GDSC
SIDM01079,SH-4,SKCM,,,gefitinib,IC50,43544.134066438965,nM,GDSC
SIDM00396,SIG-M5,LAML,,,gefitinib,IC50,3742.3134885088175,nM,GDSC
SIDM01095,SJRH30,UNCLASSIFIED,,,gefitinib,IC50,9370.22398081138,nM,GDSC
SIDM01112,SJSA-1,UNCLASSIFIED,,,gefitinib,IC50,55207.45508215649,nM,GDSC
SIDM01096,SK-CO-1,COREAD,,,gefitinib,IC50,12263.716195075349,nM,GDSC
SIDM01110,SK-HEP-1,LIHC,,,gefitinib,IC50,48702.04397758037,nM,GDSC
SIDM01109,SK-LMS-1,UNCLASSIFIED,,,gefitinib,IC50,34244.192901096394,nM,GDSC
SIDM01108,SK-LU-1,LUAD,,,gefitinib,IC50,166143.68728380563,nM,GDSC
SIDM00380,SKM-1,UNCLASSIFIED,,,gefitinib,IC50,13476.44032815863,nM,GDSC
SIDM01107,SK-MEL-1,SKCM,,,gefitinib,IC50,103119.6536585599,nM,GDSC
SIDM01105,SK-MEL-3,SKCM,,,gefitinib,IC50,41850.761805183545,nM,GDSC
SIDM01106,SK-MEL-24,SKCM,,,gefitinib,IC50,62434.9990280676,nM,GDSC
SIDM00392,SK-MEL-30,SKCM,,,gefitinib,IC50,25373.694810508518,nM,GDSC
SIDM01104,SK-MEL-31,SKCM,,,gefitinib,IC50,36523.1388197383,nM,GDSC
SIDM01103,SK-MES-1,LUSC,,,gefitinib,IC50,8100.736633898634,nM,GDSC
SIDM00379,SK-MG-1,GBM,,,gefitinib,IC50,75194.49323375958,nM,GDSC
SIDM01097,SK-PN-DW,UNCLASSIFIED,,,gefitinib,IC50,21021.610919991388,nM,GDSC
SIDM01113,SK-UT-1,UNCLASSIFIED,,,gefitinib,IC50,47336.75239397723,nM,GDSC
SIDM00373,SNG-M,UCEC,,,gefitinib,IC50,36613.975068480555,nM,GDSC
SIDM01180,SNU-387,LIHC,,,gefitinib,IC50,80909.6419077166,nM,GDSC
SIDM01199,SNU-423,LIHC,,,gefitinib,IC50,79101.82922655815,nM,GDSC
SIDM01194,SNU-449,LIHC,,,gefitinib,IC50,25072.609617705395,nM,GDSC
SIDM00781,SNU-C2B,COREAD,,,gefitinib,IC50,81535.05088492982,nM,GDSC
SIDM00390,SU-DHL-1,UNCLASSIFIED,,,gefitinib,IC50,25665.302951133184,nM,GDSC
SIDM01154,SUP-T1,ALL,,,gefitinib,IC50,38817.80371423067,nM,GDSC
SIDM00814,SW13,ACC,,,gefitinib,IC50,2836.7357292289835,nM,GDSC
SIDM01155,SW1088,GBM,,,gefitinib,IC50,82760.17769606193,nM,GDSC
SIDM00835,SW1116,COREAD,,,gefitinib,IC50,32594.155722972333,nM,GDSC
SIDM00812,SW1417,COREAD,,,gefitinib,IC50,201314.42715538322,nM,GDSC
SIDM00834,SW1463,COREAD,,,gefitinib,IC50,11645.676555301348,nM,GDSC
SIDM00420,SW1710,BLCA,,,gefitinib,IC50,74434.75724337017,nM,GDSC
SIDM01164,SW1783,LGG,,,gefitinib,IC50,30286.74021298477,nM,GDSC
SIDM00837,SW48,COREAD,,,gefitinib,IC50,1307.2360202306925,nM,GDSC
SIDM01168,SW626,OV,,,gefitinib,IC50,133277.57720239932,nM,GDSC
SIDM01175,SW684,UNCLASSIFIED,,,gefitinib,IC50,240818.37050563487,nM,GDSC
SIDM00833,SW837,COREAD,,,gefitinib,IC50,43465.26007225694,nM,GDSC
SIDM01159,SW872,UNCLASSIFIED,,,gefitinib,IC50,79303.79628965045,nM,GDSC
SIDM00832,SW948,COREAD,,,gefitinib,IC50,78324.0728851307,nM,GDSC
SIDM01178,SW962,UNCLASSIFIED,,,gefitinib,IC50,14610.186632800336,nM,GDSC
SIDM01161,SW982,UNCLASSIFIED,,,gefitinib,IC50,44578.06848148939,nM,GDSC
SIDM00782,T84,COREAD,,,gefitinib,IC50,19213.304850294604,nM,GDSC
SIDM00370,TALL-1,ALL,,,gefitinib,IC50,6430.748892663362,nM,GDSC
SIDM00252,TGBC1TKB,UNCLASSIFIED,,,gefitinib,IC50,31144.136712862888,nM,GDSC
SIDM00251,TGBC11TKB,STAD,,,gefitinib,IC50,18529.443361652447,nM,GDSC
SIDM01172,THP-1,LAML,,,gefitinib,IC50,21594.313151441656,nM,GDSC
SIDM01205,TUR,DLBC,,,gefitinib,IC50,11681.180003569563,nM,GDSC
SIDM00321,TYK-nu,UNCLASSIFIED,,,gefitinib,IC50,120356.11824054149,nM,GDSC
SIDM01191,U-2-OS,UNCLASSIFIED,,,gefitinib,IC50,82591.10606733567,nM,GDSC
SIDM00424,U-698-M,UNCLASSIFIED,,,gefitinib,IC50,23592.833484388677,nM,GDSC
SIDM01186,UACC-893,BRCA,,,gefitinib,IC50,15925.12419226199,nM,GDSC
SIDM01183,UMC-11,UNCLASSIFIED,,,gefitinib,IC50,52868.93889667048,nM,GDSC
SIDM00317,VMRC-RCZ,KIRC,,,gefitinib,IC50,357738.7602308894,nM,GDSC
SIDM01000,WM-115,SKCM,,,gefitinib,IC50,96113.1362324188,nM,GDSC
SIDM00412,WSU-NHL,UNCLASSIFIED,,,gefitinib,IC50,22750.610950422546,nM,GDSC
SIDM00411,YAPC,PAAD,,,gefitinib,IC50,164384.79655996786,nM,GDSC
SIDM00316,YH-13,GBM,,,gefitinib,IC50,63141.73743908587,nM,GDSC
SIDM00971,ZR-75-30,BRCA,,,gefitinib,IC50,193161.3789731305,nM,GDSC
SIDM00235,RCC10RGB,KIRC,,,gefitinib,IC50,7960.469654998639,nM,GDSC
SIDM00554,KURAMOCHI,UNCLASSIFIED,,,gefitinib,IC50,120727.38654441037,nM,GDSC
SIDM01018,KM-H2,UNCLASSIFIED,,,gefitinib,IC50,27589.630621229186,nM,GDSC
SIDM00584,HuO-3N1,UNCLASSIFIED,,,gefitinib,IC50,91696.57238569742,nM,GDSC
SIDM00479,OE19,ESCA,,,gefitinib,IC50,2127.6625866446157,nM,GDSC
SIDM01177,SUP-B8,UNCLASSIFIED,,,gefitinib,IC50,9096.547991853175,nM,GDSC
SIDM01150,NCI-H838,LUAD,,,gefitinib,IC50,23169.714120009583,nM,GDSC
SIDM01247,Ramos-2G6-4C10,UNCLASSIFIED,,,gefitinib,IC50,6882.238758784824,nM,GDSC
SIDM00467,QIMR-WIL,LAML,,,gefitinib,IC50,8456.572925517572,nM,GDSC
SIDM00469,PSN1,PAAD,,,gefitinib,IC50,68206.09975003175,nM,GDSC
SIDM00480,OAW-42,OV,,,gefitinib,IC50,58795.892675070696,nM,GDSC
SIDM00477,OE33,ESCA,,,gefitinib,IC50,11516.732754723145,nM,GDSC
SIDM00282,CW-2,COREAD,,,gefitinib,IC50,5549.156864990623,nM,GDSC
SIDM00286,CHP-126,NB,,,gefitinib,IC50,42647.25880465224,nM,GDSC
SIDM01248,CGTH-W-1,THCA,,,gefitinib,IC50,58249.64511611264,nM,GDSC
SIDM00842,COLO-320-HSR,COREAD,,,gefitinib,IC50,31231.681115703283,nM,GDSC
SIDM00233,ATN-1,ALL,,,gefitinib,IC50,17953.39080715586,nM,GDSC
SIDM00917,CESS,LAML,,,gefitinib,IC50,13088.36935039873,nM,GDSC
SIDM00957,COLO-678,COREAD,,,gefitinib,IC50,47059.37018615338,nM,GDSC
SIDM00142,COLO-684,UCEC,,,gefitinib,IC50,81269.35433150403,nM,GDSC
SIDM00143,COLO-668,SCLC,,,gefitinib,IC50,20447.71213109244,nM,GDSC
SIDM00343,LN-405,GBM,,,gefitinib,IC50,43546.57260622518,nM,GDSC
SIDM00267,TGBC24TKB,UNCLASSIFIED,,,gefitinib,IC50,2213.500059343806,nM,GDSC
SIDM00794,A388,UNCLASSIFIED,,,gefitinib,IC50,2613.3188406259924,nM,GDSC
SIDM00988,BFTC-909,KIRC,,,gefitinib,IC50,46182.87230400327,nM,GDSC
SIDM01233,C2BBe1,COREAD,,,gefitinib,IC50,52664.257518869716,nM,GDSC
SIDM01082,SCC-25,HNSC,,,gefitinib,IC50,24978.18889831564,nM,GDSC
SIDM00899,AsPC-1,PAAD,,,gefitinib,IC50,64453.49783603807,nM,GDSC
SIDM00907,CA46,UNCLASSIFIED,,,gefitinib,IC50,40043.36532535964,nM,GDSC
SIDM00898,AU565,BRCA,,,gefitinib,IC50,3132.702341638596,nM,GDSC
SIDM00287,BALL-1,UNCLASSIFIED,,,gefitinib,IC50,12129.384746148098,nM,GDSC
SIDM00985,BL-41,UNCLASSIFIED,,,gefitinib,IC50,8311.308023245194,nM,GDSC
SIDM00962,BV-173,LCML,,,gefitinib,IC50,14907.254892674577,nM,GDSC
SIDM00306,IA-LM,UNCLASSIFIED,,,gefitinib,IC50,64994.26271000227,nM,GDSC
SIDM00324,TGW,NB,,,gefitinib,IC50,35048.43633238558,nM,GDSC
SIDM00901,AN3-CA,UCEC,,,gefitinib,IC50,35157.32538148928,nM,GDSC
SIDM00798,A204,UNCLASSIFIED,,,gefitinib,IC50,71075.94832187967,nM,GDSC
SIDM00569,NY,UNCLASSIFIED,,,gefitinib,IC50,40522.12008696449,nM,GDSC
SIDM01237,C3A,LIHC,,,gefitinib,IC50,91104.93736516616,nM,GDSC
SIDM00810,A427,UNCLASSIFIED,,,gefitinib,IC50,12635.938299322836,nM,GDSC
SIDM00928,CAL-85-1,BRCA,,,gefitinib,IC50,45783.69393009327,nM,GDSC
SIDM01228,CHL-1,SKCM,,,gefitinib,IC50,10101.19769015048,nM,GDSC
SIDM01089,RL,DLBC,,,gefitinib,IC50,28871.328233160584,nM,GDSC
SIDM00698,NCI-H146,SCLC,,,gefitinib,IC50,44584.443601092426,nM,GDSC
SIDM00744,NCI-H1651,LUAD,,,gefitinib,IC50,21065.50776886616,nM,GDSC
SIDM01087,RPMI-7951,SKCM,,,gefitinib,IC50,36748.9994706575,nM,GDSC
SIDM01081,SCC-4,HNSC,,,gefitinib,IC50,40520.82339986881,nM,GDSC
SIDM01197,SNU-C1,COREAD,,,gefitinib,IC50,67477.68833150066,nM,GDSC
SIDM01198,ST486,UNCLASSIFIED,,,gefitinib,IC50,24393.726778459088,nM,GDSC
SIDM01165,SW1990,PAAD,,,gefitinib,IC50,59849.255949186685,nM,GDSC
SIDM01187,UACC-812,BRCA,,,gefitinib,IC50,42156.631372117816,nM,GDSC
SIDM01083,SCC-15,HNSC,,,gefitinib,IC50,1916.5620844161476,nM,GDSC
SIDM00943,CAPAN-2,PAAD,,,gefitinib,IC50,78525.23200836734,nM,GDSC
SIDM00937,CAL-27,HNSC,,,gefitinib,IC50,1798.8489713517467,nM,GDSC
SIDM00895,BC-3,DLBC,,,gefitinib,IC50,12235.285116816181,nM,GDSC
SIDM00896,BC-1,DLBC,,,gefitinib,IC50,18763.54703375943,nM,GDSC
SIDM00849,A704,KIRC,,,gefitinib,IC50,38129.947614393,nM,GDSC
SIDM00801,A101D,SKCM,,,gefitinib,IC50,43753.6045883254,nM,GDSC
SIDM00803,769-P,KIRC,,,gefitinib,IC50,4424.720001673999,nM,GDSC
SIDM00980,23132-87,STAD,,,gefitinib,IC50,6127.182380567848,nM,GDSC
SIDM00995,A431,UNCLASSIFIED,,,gefitinib,IC50,3283.175190414795,nM,GDSC
SIDM00989,BFTC-905,BLCA,,,gefitinib,IC50,37191.081949561754,nM,GDSC
SIDM00933,CAL-51,BRCA,,,gefitinib,IC50,22608.704794084973,nM,GDSC
SIDM00384,SCC-3,DLBC,,,gefitinib,IC50,15934.315640398709,nM,GDSC
SIDM00355,RERF-LC-MS,LUAD,,,gefitinib,IC50,35605.63813867781,nM,GDSC
SIDM00543,GAK,SKCM,,,gefitinib,IC50,44258.25908382964,nM,GDSC
SIDM00492,AM-38,GBM,,,gefitinib,IC50,36041.53415669764,nM,GDSC
SIDM00502,A4-Fuk,DLBC,,,gefitinib,IC50,24153.51697668393,nM,GDSC
SIDM00495,A3-KAW,DLBC,,,gefitinib,IC50,9233.78462791267,nM,GDSC
SIDM00540,DOK,HNSC,,,gefitinib,IC50,308.77574805714835,nM,GDSC
SIDM00511,COR-L279,SCLC,,,gefitinib,IC50,39794.90941642343,nM,GDSC
SIDM00285,CHP-134,NB,,,gefitinib,IC50,22904.60541120582,nM,GDSC
SIDM00243,NEC8,UNCLASSIFIED,,,gefitinib,IC50,10434.994359579694,nM,GDSC
SIDM00212,CAS-1,GBM,,,gefitinib,IC50,57139.063094379024,nM,GDSC
SIDM00211,ALL-PO,ALL,,,gefitinib,IC50,2216.1711507597543,nM,GDSC
SIDM00446,OCI-AML2,LAML,,,gefitinib,IC50,13909.568714125506,nM,GDSC
SIDM00332,MFM-223,BRCA,,,gefitinib,IC50,169001.7381869392,nM,GDSC
SIDM00958,CML-T1,LCML,,,gefitinib,IC50,13776.524218660077,nM,GDSC
SIDM00932,CAL-54,KIRC,,,gefitinib,IC50,2409.9090302357727,nM,GDSC
SIDM01052,EFO-21,OV,,,gefitinib,IC50,147318.66063498482,nM,GDSC
SIDM00681,LS-1034,COREAD,,,gefitinib,IC50,31364.321847456195,nM,GDSC
SIDM00499,22RV1,PRAD,,,gefitinib,IC50,74044.9247340757,nM,GDSC
SIDM00996,8505C,THCA,,,gefitinib,IC50,101745.13399152254,nM,GDSC
SIDM00992,B-CPAP,THCA,,,gefitinib,IC50,64875.56172352416,nM,GDSC
SIDM00964,BPH-1,UNCLASSIFIED,,,gefitinib,IC50,1420.414882905886,nM,GDSC
SIDM00938,CAL-148,BRCA,,,gefitinib,IC50,28249.139586116413,nM,GDSC
SIDM00935,CAL-39,CESC,,,gefitinib,IC50,666.0756675203573,nM,GDSC
SIDM00488,CaR-1,COREAD,,,gefitinib,IC50,17628.81889286101,nM,GDSC
SIDM01064,HDLM-2,UNCLASSIFIED,,,gefitinib,IC50,38186.95633103643,nM,GDSC
SIDM00592,HO-1-N-1,HNSC,,,gefitinib,IC50,8023.606427159676,nM,GDSC
SIDM00496,HTC-C3,THCA,,,gefitinib,IC50,26923.782397114028,nM,GDSC
SIDM00302,KGN,UNCLASSIFIED,,,gefitinib,IC50,29421.420573897572,nM,GDSC
SIDM00686,KLE,UCEC,,,gefitinib,IC50,39294.59587979681,nM,GDSC
SIDM01210,KNS-81-FD,LGG,,,gefitinib,IC50,23207.441928132215,nM,GDSC
SIDM00557,KP-N-RT-BM-1,NB,,,gefitinib,IC50,31887.11469074433,nM,GDSC
SIDM00056,K5,THCA,,,gefitinib,IC50,37173.346033824004,nM,GDSC
SIDM00312,L-363,MM,,,gefitinib,IC50,14537.114501942777,nM,GDSC
SIDM00630,MDA-MB-415,BRCA,,,gefitinib,IC50,15915.4446596292,nM,GDSC
SIDM00721,NCI-H250,SCLC,,,gefitinib,IC50,101971.05515266475,nM,GDSC
SIDM00759,NCI-H1975,Non-Small Cell Lung Carcinoma,Lung,EGFR_L858R|EGFR_T790M,gefitinib,IC50,13643.715326962285,nM,GDSC
SIDM01157,SW954,UNCLASSIFIED,,,gefitinib,IC50,12417.478045887245,nM,GDSC
SIDM01173,TE-441-T,UNCLASSIFIED,,,gefitinib,IC50,31626.235073733453,nM,GDSC
SIDM00560,MKN7,STAD,,,gefitinib,IC50,20290.86936725698,nM,GDSC
SIDM00529,MDA-MB-157,BRCA,,,gefitinib,IC50,59509.7997101032,nM,GDSC
SIDM01242,MMAc-SF,SKCM,,,gefitinib,IC50,23192.03730159393,nM,GDSC
SIDM00247,MKN45,STAD,,,gefitinib,IC50,109140.60444539624,nM,GDSC
SIDM01116,NCI-H810,Non-Small Cell Lung Carcinoma,Lung,MET_AMP,gefitinib,IC50,56692.50414692589,nM,GDSC
SIDM00299,MFH-ino,UNCLASSIFIED,,,gefitinib,IC50,89759.78082659864,nM,GDSC
SIDM00242,NOS-1,UNCLASSIFIED,,,gefitinib,IC50,15452.73484036065,nM,GDSC
SIDM01138,PANC-03-27,PAAD,,,gefitinib,IC50,7110.645305756588,nM,GDSC
SIDM01136,PANC-08-13,PAAD,,,gefitinib,IC50,63358.49537587465,nM,GDSC
SIDM01135,PANC-10-05,PAAD,,,gefitinib,IC50,96121.2100749589,nM,GDSC
SIDM01088,RL95-2,UNCLASSIFIED,,,gefitinib,IC50,10952.053796507831,nM,GDSC
SIDM00218,RO82-W-1,THCA,,,gefitinib,IC50,804908.8168426497,nM,GDSC
SIDM01093,SiHa,CESC,,,gefitinib,IC50,42468.43100349255,nM,GDSC
SIDM00381,SKG-IIIa,CESC,,,gefitinib,IC50,12219.07188050257,nM,GDSC
SIDM00484,TT,THCA,,,gefitinib,IC50,218728.88612327524,nM,GDSC
SIDM00319,VMRC-MELG,SKCM,,,gefitinib,IC50,8271.865020540325,nM,GDSC
SIDM00325,TE-9,ESCA,,,gefitinib,IC50,44827.91284594518,nM,GDSC
SIDM00348,TE-11,ESCA,,,gefitinib,IC50,2700.081614105703,nM,GDSC
SIDM00328,TE-6,ESCA,,,gefitinib,IC50,843.2110470000214,nM,GDSC
SIDM00023,TE-12,ESCA,,,gefitinib,IC50,2030.2399742840312,nM,GDSC
SIDM00234,TC-YIK,UNCLASSIFIED,,,gefitinib,IC50,18765.79879450643,nM,GDSC
SIDM00410,YT,ALL,,,gefitinib,IC50,21141.607114539474,nM,GDSC
SIDM00963,BT-474,BRCA,,,gefitinib,IC50,28242.501818281944,nM,GDSC
SIDM00481,OAW-28,OV,,,gefitinib,IC50,26053.41881272982,nM,GDSC
SIDM00344,LCLC-97TM1,UNCLASSIFIED,,,gefitinib,IC50,46482.59772156022,nM,GDSC
SIDM00157,KP-N-YS,NB,,,gefitinib,IC50,10229.891767545585,nM,GDSC
SIDM01021,D-245MG,GBM,,,gefitinib,IC50,37746.16948686776,nM,GDSC
SIDM00622,D-247MG,GBM,,,gefitinib,IC50,62726.06054742853,nM,GDSC
SIDM00732,D-263MG,GBM,,,gefitinib,IC50,42567.923492854854,nM,GDSC
SIDM00620,D-336MG,LGG,,,gefitinib,IC50,34782.83437503552,nM,GDSC
SIDM00542,D-392MG,GBM,,,gefitinib,IC50,67405.59322437465,nM,GDSC
SIDM00209,D-423MG,GBM,,,gefitinib,IC50,28653.196281724773,nM,GDSC
SIDM00208,D-502MG,LGG,,,gefitinib,IC50,59088.42200149102,nM,GDSC
SIDM00206,D-566MG,GBM,,,gefitinib,IC50,25108.915945115226,nM,GDSC
SIDM00920,CAMA-1,BRCA,,,gefitinib,IC50,34198.30221499809,nM,GDSC
SIDM00283,CTB-1,DLBC,,,gefitinib,IC50,36912.34323036001,nM,GDSC
SIDM00918,Caov-4,OV,,,gefitinib,IC50,17439.24279813266,nM,GDSC
SIDM00892,BT-483,BRCA,,,gefitinib,IC50,632704.8236264862,nM,GDSC
SIDM00659,M059J,GBM,,,gefitinib,IC50,76425.16295532424,nM,GDSC
SIDM00289,HAL-01,ALL,,,gefitinib,IC50,11149.5150088948,nM,GDSC
SIDM00240,OMC-1,CESC,,,gefitinib,IC50,5077.982311922339,nM,GDSC
SIDM00261,ES8,UNCLASSIFIED,,,gefitinib,IC50,9546.51341120582,nM,GDSC
SIDM00264,ES4,UNCLASSIFIED,,,gefitinib,IC50,12776.81244001008,nM,GDSC
SIDM00262,ES6,UNCLASSIFIED,,,gefitinib,IC50,99275.6177885283,nM,GDSC
SIDM00266,ES1,UNCLASSIFIED,,,gefitinib,IC50,19061.06932980674,nM,GDSC
SIDM00201,EW-7,UNCLASSIFIED,,,gefitinib,IC50,16462.070876463033,nM,GDSC
SIDM00202,EW-3,UNCLASSIFIED,,,gefitinib,IC50,43669.8529416331,nM,GDSC
SIDM00200,EW-12,UNCLASSIFIED,,,gefitinib,IC50,5550.111402059235,nM,GDSC
SIDM00205,EW-1,UNCLASSIFIED,,,gefitinib,IC50,10787.9416880241,nM,GDSC
SIDM00197,EW-18,UNCLASSIFIED,,,gefitinib,IC50,40428.298593723106,nM,GDSC
SIDM00198,EW-16,UNCLASSIFIED,,,gefitinib,IC50,23549.72162975508,nM,GDSC
SIDM00621,EW-13,UNCLASSIFIED,,,gefitinib,IC50,47473.75347961067,nM,GDSC
SIDM00196,EW-22,UNCLASSIFIED,,,gefitinib,IC50,42702.94980786832,nM,GDSC
SIDM00195,EW-24,UNCLASSIFIED,,,gefitinib,IC50,44404.59699490546,nM,GDSC
SIDM00330,LAN-6,NB,,,gefitinib,IC50,14562.969920148105,nM,GDSC
SIDM00259,NB10,NB,,,gefitinib,IC50,21208.26575939466,nM,GDSC
SIDM00258,NB12,NB,,,gefitinib,IC50,29814.564031111815,nM,GDSC
SIDM00253,NB6,NB,,,gefitinib,IC50,28941.541929451112,nM,GDSC
SIDM00156,NB7,NB,,,gefitinib,IC50,51456.150583297,nM,GDSC
SIDM00255,NB17,NB,,,gefitinib,IC50,18347.10873571512,nM,GDSC
SIDM00254,NB5,NB,,,gefitinib,IC50,14405.614119322147,nM,GDSC
SIDM00257,NB13,NB,,,gefitinib,IC50,30697.64679418341,nM,GDSC
SIDM00256,NB14,NB,,,gefitinib,IC50,9992.871611963394,nM,GDSC
SIDM00578,NB1,NB,,,gefitinib,IC50,59830.82521683284,nM,GDSC
SIDM00427,RH-1,UNCLASSIFIED,,,gefitinib,IC50,8191.991248514405,nM,GDSC
SIDM00179,MZ2-MEL,SKCM,,,gefitinib,IC50,14093.532440646974,nM,GDSC
SIDM01016,Jurkat,ALL,,,gefitinib,IC50,18530.11043362069,nM,GDSC
SIDM00680,LS-180,COREAD,,,gefitinib,IC50,31964.119241533917,nM,GDSC
SIDM00485,BICR22,HNSC,,,gefitinib,IC50,13000.866381868645,nM,GDSC
SIDM00501,BICR78,HNSC,,,gefitinib,IC50,9060.433802687854,nM,GDSC
SIDM00487,CCK-81,COREAD,,,gefitinib,IC50,1030.800824850538,nM,GDSC
SIDM00955,COLO-783,SKCM,,,gefitinib,IC50,56721.708305987035,nM,GDSC
SIDM01045,EN,UCEC,,,gefitinib,IC50,77558.69464714236,nM,GDSC
SIDM00861,ES-2,UNCLASSIFIED,,,gefitinib,IC50,64158.46251652394,nM,GDSC
SIDM01040,FU-OV-1,OV,,,gefitinib,IC50,142093.17437579192,nM,GDSC
SIDM00129,G-MEL,SKCM,,,gefitinib,IC50,10850.921421269813,nM,GDSC
SIDM00101,NCI-H2591,MESO,,,gefitinib,IC50,108944.21911486324,nM,GDSC
SIDM00100,NCI-H2595,MESO,,,gefitinib,IC50,96045.5924420714,nM,GDSC
SIDM00098,NCI-H2731,MESO,,,gefitinib,IC50,68989.61596423126,nM,GDSC
SIDM00309,NCI-H2803,MESO,,,gefitinib,IC50,48702.57970301062,nM,GDSC
SIDM00310,NCI-H2804,MESO,,,gefitinib,IC50,48222.75475453415,nM,GDSC
SIDM00311,NCI-H2810,MESO,,,gefitinib,IC50,33235.87949303877,nM,GDSC
SIDM00519,NCI-H2869,MESO,,,gefitinib,IC50,80979.49706684862,nM,GDSC
SIDM00518,NCI-H290,MESO,,,gefitinib,IC50,21918.148669395174,nM,GDSC
SIDM00517,NCI-H3118,UNCLASSIFIED,,,gefitinib,IC50,435.2938320272161,nM,GDSC
SIDM00114,NCI-H513,MESO,,,gefitinib,IC50,15041.484242666149,nM,GDSC
SIDM00598,HARA,LUSC,,,gefitinib,IC50,6949.126720811025,nM,GDSC
SIDM01072,HCC-15,LUSC,,,gefitinib,IC50,17270.019132431797,nM,GDSC
SIDM01070,HCC-366,UNCLASSIFIED,,,gefitinib,IC50,54178.871081687976,nM,GDSC
SIDM01069,HCC-44,LUAD,,,gefitinib,IC50,47800.35183331861,nM,GDSC
SIDM01067,HCC-827,Non-Small Cell Lung Carcinoma,Lung,EGFR_EXON19DEL,gefitinib,IC50,64.84574391871514,nM,GDSC
SIDM00672,Hep3B2-1-7,LIHC,,,gefitinib,IC50,8604.71234255373,nM,GDSC
SIDM00667,Hs-633T,UNCLASSIFIED,,,gefitinib,IC50,22350.70803553328,nM,GDSC
SIDM00666,Hs-683,LGG,,,gefitinib,IC50,5839.592400678344,nM,GDSC
SIDM00665,Hs-746T,STAD,,,gefitinib,IC50,47694.448143560556,nM,GDSC
SIDM01066,IGR-37,SKCM,,,gefitinib,IC50,13888.595003580398,nM,GDSC
SIDM00600,IHH-4,THCA,,,gefitinib,IC50,40176.65075943609,nM,GDSC
SIDM00602,IM-95,STAD,,,gefitinib,IC50,45035.496953351845,nM,GDSC
SIDM00617,JHH-2,LIHC,,,gefitinib,IC50,59363.34806613881,nM,GDSC
SIDM00616,JHH-4,LIHC,,,gefitinib,IC50,87096.52618520343,nM,GDSC
SIDM00615,JHH-6,LIHC,,,gefitinib,IC50,55065.53382379252,nM,GDSC
SIDM00614,JHH-7,LIHC,,,gefitinib,IC50,104076.79082549809,nM,GDSC
SIDM00128,JHU-011,HNSC,,,gefitinib,IC50,2887.329423527679,nM,GDSC
SIDM00127,JHU-022,HNSC,,,gefitinib,IC50,688.9242196579748,nM,GDSC
SIDM00552,KYM-1,UNCLASSIFIED,,,gefitinib,IC50,27864.62602574547,nM,GDSC
SIDM00551,KYSE-220,ESCA,,,gefitinib,IC50,4112.186984486655,nM,GDSC
SIDM00685,LN-18,GBM,,,gefitinib,IC50,48824.39082585934,nM,GDSC
SIDM00684,LN-229,GBM,,,gefitinib,IC50,21612.459995096175,nM,GDSC
SIDM00629,MDA-MB-436,BRCA,,,gefitinib,IC50,105260.26526336206,nM,GDSC
SIDM00527,MDST8,COREAD,,,gefitinib,IC50,38244.585702808894,nM,GDSC
SIDM00333,MFE-319,UCEC,,,gefitinib,IC50,21012.153323196268,nM,GDSC
SIDM00442,ML-1,THCA,,,gefitinib,IC50,17143.412687971817,nM,GDSC
SIDM00638,MS751,CESC,,,gefitinib,IC50,20906.288523386498,nM,GDSC
SIDM00579,NB(TU)1-10,NB,,,gefitinib,IC50,7365.2942382564,nM,GDSC
SIDM00770,NCI-H1836,SCLC,,,gefitinib,IC50,107694.22914033038,nM,GDSC
SIDM00768,NCI-H1869,LUSC,,,gefitinib,IC50,2831.175510086861,nM,GDSC
SIDM00763,NCI-H1915,UNCLASSIFIED,,,gefitinib,IC50,53303.180443428835,nM,GDSC
SIDM00762,NCI-H1944,LUAD,,,gefitinib,IC50,25730.781527333187,nM,GDSC
SIDM00761,NCI-H196,SCLC,,,gefitinib,IC50,55532.47584616431,nM,GDSC
SIDM00753,NCI-H2023,LUAD,,,gefitinib,IC50,64468.13044078463,nM,GDSC
SIDM00704,NCI-H211,SCLC,,,gefitinib,IC50,26020.06575042804,nM,GDSC
SIDM00137,NCI-H3122,LUAD,,,gefitinib,IC50,75440.7062480526,nM,GDSC
SIDM01125,NCI-H647,UNCLASSIFIED,,,gefitinib,IC50,25220.79871650996,nM,GDSC
SIDM01134,NCI-H841,SCLC,,,gefitinib,IC50,62236.08647992484,nM,GDSC
SIDM01149,NCI-H847,SCLC,,,gefitinib,IC50,19239.6258772668,nM,GDSC
SIDM00565,OSC-20,HNSC,,,gefitinib,IC50,16704.263729841306,nM,GDSC
SIDM01141,OV-90,OV,,,gefitinib,IC50,202907.05154036504,nM,GDSC
SIDM00564,OVISE,OV,,,gefitinib,IC50,19166.404868363396,nM,GDSC
SIDM00466,OVKATE,OV,,,gefitinib,IC50,81988.00860120724,nM,GDSC
SIDM00465,OVMIU,OV,,,gefitinib,IC50,1108.9027356851425,nM,GDSC
SIDM00453,PA-TU-8988T,PAAD,,,gefitinib,IC50,20287.075329438896,nM,GDSC
SIDM00361,PC-3_[JPC-3],LUAD,,,gefitinib,IC50,170.58015080833908,nM,GDSC
SIDM00270,PCI-15A,HNSC,,,gefitinib,IC50,1614.3299839939098,nM,GDSC
SIDM00115,PCI-6A,HNSC,,,gefitinib,IC50,4230.0930903881845,nM,GDSC
SIDM00473,PE-CA-PJ15,HNSC,,,gefitinib,IC50,6019.926199341581,nM,GDSC
SIDM00358,RERF-GC-1B,STAD,,,gefitinib,IC50,11257.53857733926,nM,GDSC
SIDM00426,RH-41,UNCLASSIFIED,,,gefitinib,IC50,12085.990839548283,nM,GDSC
SIDM00394,SISO,CESC,,,gefitinib,IC50,55479.467647175006,nM,GDSC
SIDM00377,SKN,UNCLASSIFIED,,,gefitinib,IC50,71929.46600234661,nM,GDSC
SIDM01181,SNU-398,LIHC,,,gefitinib,IC50,48728.837469302845,nM,GDSC
SIDM01188,SU8686,PAAD,,,gefitinib,IC50,115039.66707785809,nM,GDSC
SIDM00371,SUIT-2,PAAD,,,gefitinib,IC50,119558.0467145303,nM,GDSC
SIDM01162,SW156,KIRC,,,gefitinib,IC50,35056.63862611831,nM,GDSC
SIDM00419,TC-71,UNCLASSIFIED,,,gefitinib,IC50,13588.42055105412,nM,GDSC
SIDM01169,TOV-21G,OV,,,gefitinib,IC50,59083.87236816003,nM,GDSC
SIDM00418,TT2609-C02,THCA,,,gefitinib,IC50,203608.6970256384,nM,GDSC
SIDM00318,VMRC-RCW,KIRC,,,gefitinib,IC50,136322.5815052401,nM,GDSC
SIDM00975,WM278,SKCM,,,gefitinib,IC50,80952.85919448391,nM,GDSC
SIDM01176,SUP-B15,ALL,,,gefitinib,IC50,16275.778157362292,nM,GDSC
SIDM00046,H3255,Non-Small Cell Lung Carcinoma,Lung,EGFR_L858R,gefitinib,IC50,645.3948364103595,nM,GDSC
SIDM01240,451Lu,SKCM,,,gefitinib,IC50,13477.855428684563,nM,GDSC
SIDM00462,OCI-AML3,LAML,,,gefitinib,IC50,29130.39119023142,nM,GDSC
SIDM00491,ASH-3,THCA,,,gefitinib,IC50,53285.00715761895,nM,GDSC
SIDM00077,BICR10,HNSC,,,gefitinib,IC50,46198.43855473564,nM,GDSC
SIDM00078,BICR31,HNSC,,,gefitinib,IC50,22447.741325102757,nM,GDSC
SIDM00936,CAL-29,BLCA,,,gefitinib,IC50,6948.473533599548,nM,GDSC
SIDM00929,CAL-78,UNCLASSIFIED,,,gefitinib,IC50,39827.91307445577,nM,GDSC
SIDM00051,CHSA0011,UNCLASSIFIED,,,gefitinib,IC50,38740.98176233922,nM,GDSC
SIDM00050,CHSA0108,UNCLASSIFIED,,,gefitinib,IC50,106662.21799936716,nM,GDSC
SIDM00944,CL-11,COREAD,,,gefitinib,IC50,163837.97792358685,nM,GDSC
SIDM00199,CS1,UNCLASSIFIED,,,gefitinib,IC50,40527.388305002554,nM,GDSC
SIDM00950,DAN-G,PAAD,,,gefitinib,IC50,16411.626227850298,nM,GDSC
SIDM01002,EFM-192A,BRCA,,,gefitinib,IC50,51393.00121203035,nM,GDSC
SIDM00503,FU97,STAD,,,gefitinib,IC50,85669.76817935378,nM,GDSC
SIDM00858,G-292-Clone-A141B1,UNCLASSIFIED,,,gefitinib,IC50,118964.96047942997,nM,GDSC
SIDM00104,NCI-H2369,MESO,,,gefitinib,IC50,42087.25654609938,nM,GDSC
SIDM00103,NCI-H2373,MESO,,,gefitinib,IC50,27707.16378073546,nM,GDSC
SIDM00102,NCI-H2461,MESO,,,gefitinib,IC50,157021.38401647692,nM,GDSC
SIDM00099,NCI-H2722,MESO,,,gefitinib,IC50,369202.7680398616,nM,GDSC
SIDM00154,NCI-H2795,MESO,,,gefitinib,IC50,48189.396151651796,nM,GDSC
SIDM00520,NCI-H2818,MESO,,,gefitinib,IC50,51878.58061124208,nM,GDSC
SIDM00881,HCC1428,BRCA,,,gefitinib,IC50,73223.68981775358,nM,GDSC
SIDM01068,HCC-78,LUAD,,,gefitinib,IC50,55770.1064984121,nM,GDSC
SIDM01062,HDQ-P1,BRCA,,,gefitinib,IC50,2240.0719816145624,nM,GDSC
SIDM00994,ALL-SIL,ALL,,,gefitinib,IC50,11623.187205479151,nM,GDSC
SIDM00993,AMO-1,MM,,,gefitinib,IC50,15988.472598689728,nM,GDSC
SIDM00510,COR-L303,SCLC,,,gefitinib,IC50,18580.599523366072,nM,GDSC
SIDM00946,DND-41,ALL,,,gefitinib,IC50,7548.644419089858,nM,GDSC
SIDM01048,EJM,MM,,,gefitinib,IC50,21320.925323053918,nM,GDSC
SIDM00859,Farage,DLBC,,,gefitinib,IC50,7517.337354027487,nM,GDSC
SIDM00846,HeLa,CESC,,,gefitinib,IC50,12451.249757484038,nM,GDSC
SIDM00670,HPAC,PAAD,,,gefitinib,IC50,215188.20127595688,nM,GDSC
SIDM00664,Hs-766T,PAAD,,,gefitinib,IC50,80101.77390828983,nM,GDSC
SIDM00663,Hs-939-T,SKCM,,,gefitinib,IC50,19462.392233319584,nM,GDSC
SIDM00662,Hs-940-T,SKCM,,,gefitinib,IC50,78627.45981998242,nM,GDSC
SIDM00586,huH-1,LIHC,,,gefitinib,IC50,70703.28247198852,nM,GDSC
SIDM00618,JHH-1,LIHC,,,gefitinib,IC50,17995.252983928036,nM,GDSC
SIDM00690,JHU-029,HNSC,,,gefitinib,IC50,1860.2781136214776,nM,GDSC
SIDM01037,JIMT-1,BRCA,,,gefitinib,IC50,52295.11692096581,nM,GDSC
SIDM00126,K2,SKCM,,,gefitinib,IC50,17029.242272549156,nM,GDSC
SIDM00619,KMH-2,THCA,,,gefitinib,IC50,36019.771643007734,nM,GDSC
SIDM00611,KMRC-1,KIRC,,,gefitinib,IC50,68929.20752340669,nM,GDSC
SIDM00609,KMRC-20,KIRC,,,gefitinib,IC50,46918.02828542464,nM,GDSC
SIDM00604,KON,HNSC,,,gefitinib,IC50,7858.965641438452,nM,GDSC
SIDM00583,KP-1N,PAAD,,,gefitinib,IC50,26785.267065649048,nM,GDSC
SIDM00582,KP-2,PAAD,,,gefitinib,IC50,128919.47697942308,nM,GDSC
SIDM00571,KP-3,UNCLASSIFIED,,,gefitinib,IC50,30012.591191698048,nM,GDSC
SIDM00550,KYSE-50,ESCA,,,gefitinib,IC50,13243.197177225538,nM,GDSC
SIDM00300,LC-1-sq,LUSC,,,gefitinib,IC50,2785.1897391018647,nM,GDSC
SIDM00341,LOU-NH91,LUSC,,,gefitinib,IC50,4124.331722518641,nM,GDSC
SIDM00658,NCI-H1435,LUAD,,,gefitinib,IC50,24661.590677125936,nM,GDSC
SIDM00750,NCI-H1568,LUAD,,,gefitinib,IC50,2315.37809922239,nM,GDSC
SIDM00792,NCI-H1688,SCLC,,,gefitinib,IC50,9761.0307062721,nM,GDSC
SIDM00754,NCI-H1781,LUAD,,,gefitinib,IC50,6087.137875083213,nM,GDSC
SIDM00703,NCI-H2110,UNCLASSIFIED,,,gefitinib,IC50,4512.88211816672,nM,GDSC
SIDM00700,NCI-H2135,UNCLASSIFIED,,,gefitinib,IC50,312553.9205337008,nM,GDSC
SIDM00926,NCI-H2172,UNCLASSIFIED,,,gefitinib,IC50,38186.34534462304,nM,GDSC
SIDM00723,NCI-H2444,Non-Small Cell Lung Carcinoma,Lung,MET_AMP,gefitinib,IC50,96439.41622026401,nM,GDSC
SIDM00570,NUGC-4,STAD,,,gefitinib,IC50,48030.345064286026,nM,GDSC
SIDM00568,OCUM-1,STAD,,,gefitinib,IC50,73615.2348824764,nM,GDSC
SIDM00478,OE21,ESCA,,,gefitinib,IC50,1457.035657286875,nM,GDSC
SIDM00566,OSC-19,HNSC,,,gefitinib,IC50,14443.955174340243,nM,GDSC
SIDM00425,OVTOKO,OV,,,gefitinib,IC50,31161.42650621238,nM,GDSC
SIDM01139,PANC-02-03,PAAD,,,gefitinib,IC50,38303.60434564187,nM,GDSC
SIDM01137,PANC-04-03,PAAD,,,gefitinib,IC50,140307.71852099642,nM,GDSC
SIDM00455,PA-TU-8902,PAAD,,,gefitinib,IC50,115849.50753678575,nM,GDSC
SIDM00044,PCI-30,HNSC,,,gefitinib,IC50,48818.044067600225,nM,GDSC
SIDM00043,PCI-4B,HNSC,,,gefitinib,IC50,8358.441614739473,nM,GDSC
SIDM00042,PL4,PAAD,,,gefitinib,IC50,10122.86776799566,nM,GDSC
SIDM00360,QGP-1,UNCLASSIFIED,,,gefitinib,IC50,108766.24085348708,nM,GDSC
SIDM00356,RERF-LC-KJ,LUAD,,,gefitinib,IC50,6071.089024896411,nM,GDSC
SIDM00354,RERF-LC-Sq1,LUSC,,,gefitinib,IC50,1428.8658247032515,nM,GDSC
SIDM00353,RKN,UNCLASSIFIED,,,gefitinib,IC50,94853.63316784118,nM,GDSC
SIDM00350,SAT,HNSC,,,gefitinib,IC50,1343.9768268160906,nM,GDSC
SIDM00399,SCC90,HNSC,,,gefitinib,IC50,2932.7601197537797,nM,GDSC
SIDM00375,SKN-3,HNSC,,,gefitinib,IC50,14275.460297057865,nM,GDSC
SIDM00041,STS-0421,UNCLASSIFIED,,,gefitinib,IC50,30013.22146273089,nM,GDSC
SIDM01156,SW1271,SCLC,,,gefitinib,IC50,314163.3268872693,nM,GDSC
SIDM00322,T-T,ESCA,,,gefitinib,IC50,2336.9087289462755,nM,GDSC
SIDM00040,TMK-1,STAD,,,gefitinib,IC50,32428.86755382028,nM,GDSC
SIDM01170,TOV-112D,OV,,,gefitinib,IC50,14478.691256001966,nM,GDSC
SIDM01077,VCaP,PRAD,,,gefitinib,IC50,90244.53126722429,nM,GDSC
SIDM00976,WM1552C,SKCM,,,gefitinib,IC50,72328.77178473824,nM,GDSC
SIDM00974,WM35,SKCM,,,gefitinib,IC50,21580.00086686886,nM,GDSC
SIDM00973,WM793B,SKCM,,,gefitinib,IC50,21117.097068861498,nM,GDSC
SIDM00854,GA-10,UNCLASSIFIED,,,gefitinib,IC50,11342.990771600918,nM,GDSC
SIDM01058,GRANTA-519,DLBC,,,gefitinib,IC50,61032.652021282,nM,GDSC
SIDM00879,HCC1500,BRCA,,,gefitinib,IC50,39829.38673450208,nM,GDSC
SIDM01071,HCC-33,SCLC,,,gefitinib,IC50,16496.397108457848,nM,GDSC
SIDM01261,YMB-1-E,BRCA,,,gefitinib,IC50,51136.166184916176,nM,GDSC
SIDM00176,CHSA8926,UNCLASSIFIED,,,gefitinib,IC50,58276.5043930988,nM,GDSC
SIDM00508,COR-L32,SCLC,,,gefitinib,IC50,44052.847819615985,nM,GDSC
SIDM00507,COR-L321,UNCLASSIFIED,,,gefitinib,IC50,17843.49471385936,nM,GDSC
SIDM00668,Hs-445,UNCLASSIFIED,,,gefitinib,IC50,13389.689895166723,nM,GDSC
SIDM00045,HSC-39,STAD,,,gefitinib,IC50,11331.891417655777,nM,GDSC
SIDM00428,NB4,LAML,,,gefitinib,IC50,10554.53895394512,nM,GDSC
SIDM01038,JEKO-1,DLBC,,,gefitinib,IC50,10201.196323190548,nM,GDSC
SIDM01036,JJN-3,MM,,,gefitinib,IC50,18710.539973040668,nM,GDSC
SIDM00689,JM1,DLBC,,,gefitinib,IC50,5022.817343091958,nM,GDSC
SIDM00688,JSC-1,DLBC,,,gefitinib,IC50,14298.776869410549,nM,GDSC
SIDM01011,KARPAS-1106P,DLBC,,,gefitinib,IC50,23690.876115736333,nM,GDSC
SIDM01017,KARPAS-231,UNCLASSIFIED,,,gefitinib,IC50,15922.687834646682,nM,GDSC
SIDM01006,KARPAS-620,MM,,,gefitinib,IC50,33399.46894480123,nM,GDSC
SIDM01004,KCL-22,LCML,,,gefitinib,IC50,24322.990155182866,nM,GDSC
SIDM01034,KOPN-8,UNCLASSIFIED,,,gefitinib,IC50,25165.55010716683,nM,GDSC
SIDM00313,L-1236,UNCLASSIFIED,,,gefitinib,IC50,31179.661273868012,nM,GDSC
SIDM00631,MDA-MB-330,BRCA,,,gefitinib,IC50,6952.226722577513,nM,GDSC
SIDM00338,ME-1,LAML,,,gefitinib,IC50,37603.231844001944,nM,GDSC
SIDM00437,MOLM-13,LAML,,,gefitinib,IC50,2866.308600535764,nM,GDSC
SIDM00435,MOLM-16,LAML,,,gefitinib,IC50,16984.378332987962,nM,GDSC
SIDM00434,MOLP-8,MM,,,gefitinib,IC50,24539.203952912605,nM,GDSC
SIDM01217,MY-M12,ALL,,,gefitinib,IC50,5987.691826184788,nM,GDSC
SIDM00646,NCI-H1341,SCLC,,,gefitinib,IC50,27240.531695086054,nM,GDSC
SIDM00766,NCI-H1876,SCLC,,,gefitinib,IC50,22947.61478113238,nM,GDSC
SIDM00711,NCI-H2066,SCLC,,,gefitinib,IC50,146010.12958196536,nM,GDSC
SIDM01123,NCI-H660,OTHER,,,gefitinib,IC50,13341.466940547602,nM,GDSC
SIDM01201,NK-92MI,UNCLASSIFIED,,,gefitinib,IC50,12325.841580609374,nM,GDSC
SIDM00443,NU-DUL-1,DLBC,,,gefitinib,IC50,16798.893144788974,nM,GDSC
SIDM00460,OCI-LY-19,DLBC,,,gefitinib,IC50,12907.493058714073,nM,GDSC
SIDM00458,OCI-M1,LAML,,,gefitinib,IC50,15164.724892099037,nM,GDSC
SIDM00362,P32-ISH,UNCLASSIFIED,,,gefitinib,IC50,8209.688654261488,nM,GDSC
SIDM00450,PL-21,LAML,,,gefitinib,IC50,16314.250668519737,nM,GDSC
SIDM01114,PWR-1E,PRAD,,,gefitinib,IC50,20305.8292500203,nM,GDSC
SIDM00449,RCH-ACV,UNCLASSIFIED,,,gefitinib,IC50,13286.706179723673,nM,GDSC
SIDM00448,RC-K8,DLBC,,,gefitinib,IC50,31714.658904286196,nM,GDSC
SIDM00415,ROS-50,UNCLASSIFIED,,,gefitinib,IC50,41391.47741093443,nM,GDSC
SIDM00374,SLVL,DLBC,,,gefitinib,IC50,36098.45259443331,nM,GDSC
SIDM00389,SU-DHL-10,DLBC,,,gefitinib,IC50,4065.4929395915024,nM,GDSC
SIDM00404,SU-DHL-16,DLBC,,,gefitinib,IC50,10332.54889966646,nM,GDSC
SIDM00405,SU-DHL-4,DLBC,,,gefitinib,IC50,15366.717970912265,nM,GDSC
SIDM00406,SU-DHL-5,DLBC,,,gefitinib,IC50,3340.641986348714,nM,GDSC
SIDM00407,SU-DHL-6,DLBC,,,gefitinib,IC50,11539.69695111655,nM,GDSC
SIDM00423,SU-DHL-8,DLBC,,,gefitinib,IC50,10441.747985492733,nM,GDSC
SIDM00422,SUP-HD1,UNCLASSIFIED,,,gefitinib,IC50,29787.26639468548,nM,GDSC
SIDM00421,SUP-M2,UNCLASSIFIED,,,gefitinib,IC50,9810.782147385455,nM,GDSC
SIDM00323,TK,DLBC,,,gefitinib,IC50,20658.379003729275,nM,GDSC
SIDM00416,VAL,DLBC,,,gefitinib,IC50,32623.405797352953,nM,GDSC
SIDM01102,WIL2-NS,UNCLASSIFIED,,,gefitinib,IC50,24532.849122074913,nM,GDSC
SIDM00413,WSU-DLCL2,DLBC,,,gefitinib,IC50,19236.047639640037,nM,GDSC
SIDM01118,NCI-H740,NA,,,gefitinib,IC50,74351.43698331302,nM,GDSC
SIDM00969,DOV13,OV,,,gefitinib,IC50,30226.982930804494,nM,GDSC
SIDM00968,Hey,OV,,,gefitinib,IC50,23524.654526821014,nM,GDSC
SIDM00305,JHOS-2,OV,,,gefitinib,IC50,22479.594801078845,nM,GDSC
SIDM00304,JHOS-3,OV,,,gefitinib,IC50,12608.926304505418,nM,GDSC
SIDM00303,JHOS-4,OV,,,gefitinib,IC50,6050.778854270446,nM,GDSC
SIDM00474,OV-7,OV,,,gefitinib,IC50,19760.302482077437,nM,GDSC
SIDM00476,OV-17R,OV,,,gefitinib,IC50,25206.628609804226,nM,GDSC
SIDM00475,OV-56,OV,,,gefitinib,IC50,59763.79244065548,nM,GDSC
SIDM00967,OVCA420,OV,,,gefitinib,IC50,523.1740911701652,nM,GDSC
SIDM00966,OVCA433,OV,,,gefitinib,IC50,12228.912193560986,nM,GDSC
SIDM00238,OVK-18,OV,,,gefitinib,IC50,71852.255225469,nM,GDSC
SIDM00472,PEO1,OV,,,gefitinib,IC50,112611.96824755767,nM,GDSC
SIDM00815,UWB1.289,OV,,,gefitinib,IC50,5422.652028865457,nM,GDSC
SIDM01041,FLO-1,ESCA,,,gefitinib,IC50,46885.85355521508,nM,GDSC
SIDM00445,OACp4C,ESCA,,,gefitinib,IC50,29342.999501859576,nM,GDSC
SIDM00444,OACM5-1,ESCA,,,gefitinib,IC50,4376.721814560843,nM,GDSC
SIDM00393,SK-GT-2,STAD,,,gefitinib,IC50,592.0702414728795,nM,GDSC
SIDM00483,SK-GT-4,ESCA,,,gefitinib,IC50,16770.409598247104,nM,GDSC
SIDM00539,ESO26,ESCA,,,gefitinib,IC50,36394.33024461943,nM,GDSC
SIDM00538,ESO51,ESCA,,,gefitinib,IC50,55145.38161805943,nM,GDSC
SIDM00530,KYAE-1,ESCA,,,gefitinib,IC50,1205.0523379707356,nM,GDSC
SIDM00048,EMC-BAC-1,LUAD,,,gefitinib,IC50,4873.157089235509,nM,GDSC
SIDM00047,EMC-BAC-2,LUAD,,,gefitinib,IC50,11592.774313286754,nM,GDSC
SIDM00250,TE-4,ESCA,,,gefitinib,IC50,4045.8513577659705,nM,GDSC
SIDM01185,U-CH2,NA,,,gefitinib,IC50,42728.23743855473,nM,GDSC
SIDM00231,NCC010,KIRC,,,gefitinib,IC50,19591.52353521356,nM,GDSC
SIDM00232,NCC021,KIRC,,,gefitinib,IC50,13318.872308443662,nM,GDSC
SIDM00819,RCC-FG2,KIRC,,,gefitinib,IC50,21415.1368194301,nM,GDSC
SIDM00818,RCC-JF,KIRC,,,gefitinib,IC50,10995.949745063059,nM,GDSC
SIDM00817,RCC-JW,KIRC,,,gefitinib,IC50,48229.60287191411,nM,GDSC
SIDM00820,RCC-ER,KIRC,,,gefitinib,IC50,9016.939725904722,nM,GDSC
SIDM00821,RCC-AB,KIRC,,,gefitinib,IC50,16257.396915402102,nM,GDSC
SIDM00816,RCC-MF,KIRC,,,gefitinib,IC50,8351.590501955518,nM,GDSC
SIDM00608,KMS-11,MM,,,gefitinib,IC50,31425.44766877055,nM,GDSC
SIDM01265,MM1S,MM,,,gefitinib,IC50,16596.685387949878,nM,GDSC
SIDM00459,OCI-LY7,DLBC,,,gefitinib,IC50,6668.687073518904,nM,GDSC
SIDM00216,SNU-175,COREAD,,,gefitinib,IC50,3229.2535130061474,nM,GDSC
SIDM00215,SNU-283,NA,,,gefitinib,IC50,6280.596750935971,nM,GDSC
SIDM00214,SNU-407,COREAD,,,gefitinib,IC50,62033.09295586714,nM,GDSC
SIDM00194,SNU-61,COREAD,,,gefitinib,IC50,43439.10186010529,nM,GDSC
SIDM00193,SNU-81,COREAD,,,gefitinib,IC50,36707.900339502296,nM,GDSC
SIDM00498,SNU-C5,COREAD,,,gefitinib,IC50,27394.218842975955,nM,GDSC
SIDM00049,DiFi,COREAD,,,gefitinib,IC50,152.75346455141303,nM,GDSC
SIDM01132,PFSK-1,MB,,,erlotinib,IC50,8407.02780911438,nM,GDSC
SIDM00848,A673,UNCLASSIFIED,,,erlotinib,IC50,12632.76707681478,nM,GDSC
SIDM00263,ES5,UNCLASSIFIED,,,erlotinib,IC50,16747.131669579147,nM,GDSC
SIDM00269,ES7,UNCLASSIFIED,,,erlotinib,IC50,20710.876560860732,nM,GDSC
SIDM00203,EW-11,UNCLASSIFIED,,,erlotinib,IC50,31181.157933528706,nM,GDSC
SIDM01111,SK-ES-1,UNCLASSIFIED,,,erlotinib,IC50,5077.444074324372,nM,GDSC
SIDM00909,COLO-829,SKCM,,,erlotinib,IC50,39565.36047593746,nM,GDSC
SIDM00807,5637,BLCA,,,erlotinib,IC50,1958.8410552210455,nM,GDSC
SIDM01085,RT4,BLCA,,,erlotinib,IC50,7651.517544535044,nM,GDSC
SIDM01160,SW780,BLCA,,,erlotinib,IC50,53982.28839080428,nM,GDSC
SIDM01190,TCCSUP,BLCA,,,erlotinib,IC50,10524.869705848609,nM,GDSC
SIDM00889,C-33-A,CESC,,,erlotinib,IC50,5773.399066189459,nM,GDSC
SIDM00905,C-4-I,CESC,,,erlotinib,IC50,6821.429131662795,nM,GDSC
SIDM00627,ME-180,CESC,,,erlotinib,IC50,3836.1796938753732,nM,GDSC
SIDM00982,42-MG-BA,GBM,,,erlotinib,IC50,29297.90465545171,nM,GDSC
SIDM00998,8-MG-BA,GBM,,,erlotinib,IC50,13172.047886707085,nM,GDSC
SIDM00799,A172,GBM,,,erlotinib,IC50,19764.215409335906,nM,GDSC
SIDM00581,GB-1,GBM,,,erlotinib,IC50,10386.428478884085,nM,GDSC
SIDM01171,T98G,GBM,,,erlotinib,IC50,44983.960819407366,nM,GDSC
SIDM01193,U-118-MG,GBM,,,erlotinib,IC50,19844.7601501153,nM,GDSC
SIDM01189,U-87-MG,GBM,,,erlotinib,IC50,11581.998044916892,nM,GDSC
SIDM00315,YKG-1,GBM,,,erlotinib,IC50,34162.99360884485,nM,GDSC
SIDM00924,ChaGo-K-1,UNCLASSIFIED,,,erlotinib,IC50,95441.26193609758,nM,GDSC
SIDM01120,NCI-H720,UNCLASSIFIED,,,erlotinib,IC50,13632.000407774565,nM,GDSC
SIDM00922,Calu-3,LUAD,,,erlotinib,IC50,22976.56997578476,nM,GDSC
SIDM00512,COR-L23,UNCLASSIFIED,,,erlotinib,IC50,12806.156092048097,nM,GDSC
SIDM00548,LK-2,LUSC,,,erlotinib,IC50,42905.88517106982,nM,GDSC
SIDM00734,NCI-H1437,LUAD,,,erlotinib,IC50,35458.996473290936,nM,GDSC
SIDM00747,NCI-H1623,LUAD,,,erlotinib,IC50,1643.9781404790529,nM,GDSC
SIDM00746,NCI-H1648,Non-Small Cell Lung Carcinoma,Lung,MET_AMP,erlotinib,IC50,909.2238095355574,nM,GDSC
SIDM00745,NCI-H1650,Non-Small Cell Lung Carcinoma,Lung,EGFR_EXON19DEL,erlotinib,IC50,3169.8174516476074,nM,GDSC
SIDM00742,NCI-H1693,LUAD,,,erlotinib,IC50,6035.821693727461,nM,GDSC
SIDM00737,NCI-H1770,UNCLASSIFIED,,,erlotinib,IC50,148377.09908638406,nM,GDSC
SIDM00769,NCI-H1838,LUAD,,,erlotinib,IC50,47914.58755924291,nM,GDSC
SIDM00709,NCI-H2085,LUAD,,,erlotinib,IC50,70921.02968034477,nM,GDSC
SIDM00716,NCI-H2170,LUSC,,,erlotinib,IC50,1740.2677835896463,nM,GDSC
SIDM00729,NCI-H2228,LUAD,,,erlotinib,IC50,36476.71092156279,nM,GDSC
SIDM00727,NCI-H2342,Non-Small Cell Lung Carcinoma,Lung,MET_AMP,erlotinib,IC50,39536.88366927539,nM,GDSC
SIDM00726,NCI-H2347,LUAD,,,erlotinib,IC50,142327.25233412493,nM,GDSC
SIDM00724,NCI-H2405,LUAD,,,erlotinib,IC50,24544.431360053673,nM,GDSC
SIDM01122,NCI-H661,UNCLASSIFIED,,,erlotinib,IC50,25063.910931477392,nM,GDSC
SIDM00509,COR-L311,SCLC,,,erlotinib,IC50,28595.4324349524,nM,GDSC
SIDM00865,DMS-114,SCLC,,,erlotinib,IC50,28752.306784292,nM,GDSC
SIDM00522,DMS-273,SCLC,,,erlotinib,IC50,10144.472744798652,nM,GDSC
SIDM00654,NCI-H1048,SCLC,,,erlotinib,IC50,37064.068638353376,nM,GDSC
SIDM00653,NCI-H1092,SCLC,,,erlotinib,IC50,13118.730261716684,nM,GDSC
SIDM00741,NCI-H1694,SCLC,,,erlotinib,IC50,8841.344872708638,nM,GDSC
SIDM00760,NCI-H1963,SCLC,,,erlotinib,IC50,9803.083705433553,nM,GDSC
SIDM00735,NCI-H2029,SCLC,,,erlotinib,IC50,136761.29036799166,nM,GDSC
SIDM00706,NCI-H209,SCLC,,,erlotinib,IC50,3583.7079334173013,nM,GDSC
SIDM00699,NCI-H2141,SCLC,,,erlotinib,IC50,22528.924118062514,nM,GDSC
SIDM00733,NCI-H2171,SCLC,,,erlotinib,IC50,23840.885858478145,nM,GDSC
SIDM00730,NCI-H2227,SCLC,,,erlotinib,IC50,26576.968636553825,nM,GDSC
SIDM00719,NCI-H345,SCLC,,,erlotinib,IC50,511498.6775738643,nM,GDSC
SIDM00965,NCI-H446,SCLC,,,erlotinib,IC50,18436.658640478025,nM,GDSC
SIDM01128,NCI-H526,SCLC,,,erlotinib,IC50,14090.65765326737,nM,GDSC
SIDM01126,NCI-H64,SCLC,,,erlotinib,IC50,40480.88955861556,nM,GDSC
SIDM01121,NCI-H69,SCLC,,,erlotinib,IC50,23331.86446733971,nM,GDSC
SIDM01131,NCI-H82,SCLC,,,erlotinib,IC50,5643.254849350927,nM,GDSC
SIDM00713,NCI-H2052,MESO,,,erlotinib,IC50,13176.777500813349,nM,GDSC
SIDM01100,SK-N-DZ,NB,,,erlotinib,IC50,2873.833923072906,nM,GDSC
SIDM01099,SK-N-FI,NB,,,erlotinib,IC50,33725.222515120004,nM,GDSC
SIDM01179,VA-ES-BJ,UNCLASSIFIED,,,erlotinib,IC50,30469.159252962007,nM,GDSC
SIDM00320,VMRC-LCD,LUAD,,,erlotinib,IC50,86444.27615091829,nM,GDSC
SIDM00368,SBC-5,SCLC,,,erlotinib,IC50,11070.644882586637,nM,GDSC
SIDM00365,SBC-1,SCLC,,,erlotinib,IC50,144793.2698594155,nM,GDSC
SIDM00294,LU-135,SCLC,,,erlotinib,IC50,42412.74895742552,nM,GDSC
SIDM01098,SK-N-SH,NB,,,erlotinib,IC50,38939.22120996645,nM,GDSC
SIDM00715,NCI-H2030,LUAD,,,erlotinib,IC50,6956.684528480842,nM,GDSC
SIDM00702,NCI-H2122,LUAD,,,erlotinib,IC50,1695.4768013382895,nM,GDSC
SIDM00739,NCI-H1734,LUAD,,,erlotinib,IC50,33381.43810033719,nM,GDSC
SIDM01124,NCI-H650,LUAD,,,erlotinib,IC50,31377.905539473235,nM,GDSC
SIDM01184,T24,BLCA,,,erlotinib,IC50,65368.27179532229,nM,GDSC
SIDM01148,NCI-H929,MM,,,erlotinib,IC50,17254.224292167026,nM,GDSC
SIDM01101,SK-N-AS,NB,,,erlotinib,IC50,55035.7514268586,nM,GDSC
SIDM00649,NCI-H1299,UNCLASSIFIED,,,erlotinib,IC50,65624.2964439353,nM,GDSC
SIDM00708,NCI-H2087,LUAD,,,erlotinib,IC50,77143.32073401813,nM,GDSC
SIDM01182,UM-UC-3,BLCA,,,erlotinib,IC50,57655.866375332735,nM,GDSC
SIDM01174,SW756,CESC,,,erlotinib,IC50,17582.023710591537,nM,GDSC
SIDM01119,NCI-H727,UNCLASSIFIED,,,erlotinib,IC50,103867.91044332836,nM,GDSC
SIDM00921,Calu-6,LUAD,,,erlotinib,IC50,49537.502054986275,nM,GDSC
SIDM00547,LU-65,UNCLASSIFIED,,,erlotinib,IC50,16490.871740977247,nM,GDSC
SIDM00645,NCI-H1355,LUAD,,,erlotinib,IC50,23676.050268262297,nM,GDSC
SIDM00771,NCI-H1792,LUAD,,,erlotinib,IC50,11241.766567016526,nM,GDSC
SIDM00669,HPAF-II,PAAD,,,erlotinib,IC50,13279.666091236662,nM,GDSC
SIDM00505,MIA-PaCa-2,PAAD,,,erlotinib,IC50,132446.26288086345,nM,GDSC
SIDM01078,SHP-77,SCLC,,,erlotinib,IC50,16091.078693597805,nM,GDSC
SIDM00756,NCI-H2009,LUAD,,,erlotinib,IC50,19390.281753201107,nM,GDSC
SIDM00728,NCI-H2291,LUAD,,,erlotinib,IC50,64003.51476148957,nM,GDSC
SIDM01163,SW1573,LUAD,,,erlotinib,IC50,208639.73320421408,nM,GDSC
SIDM00347,TE-5,ESCA,,,erlotinib,IC50,25838.09620698743,nM,GDSC
SIDM00872,HCC1954,BRCA,,,erlotinib,IC50,11104.53962571134,nM,GDSC
SIDM00866,HCC1143,BRCA,,,erlotinib,IC50,7563.9686034426195,nM,GDSC
SIDM00885,HCC1187,BRCA,,,erlotinib,IC50,11897.710658843758,nM,GDSC
SIDM00884,HCC1395,BRCA,,,erlotinib,IC50,23161.953565744792,nM,GDSC
SIDM00877,HCC1599,BRCA,,,erlotinib,IC50,162766.23006202618,nM,GDSC
SIDM00874,HCC1937,BRCA,,,erlotinib,IC50,9917.57067824439,nM,GDSC
SIDM00774,HCC2157,BRCA,,,erlotinib,IC50,7362.238275303695,nM,GDSC
SIDM00772,HCC2218,BRCA,,,erlotinib,IC50,15061.412357304202,nM,GDSC
SIDM00675,HCC38,BRCA,,,erlotinib,IC50,75979.38093575672,nM,GDSC
SIDM00172,BB30-HNC,HNSC,,,erlotinib,IC50,664.21459266053,nM,GDSC
SIDM00174,BB49-HNC,HNSC,,,erlotinib,IC50,44392.25423266433,nM,GDSC
SIDM00191,BB65-RCC,KIRC,,,erlotinib,IC50,45968.85031303704,nM,GDSC
SIDM00990,BEN,UNCLASSIFIED,,,erlotinib,IC50,71968.53430847109,nM,GDSC
SIDM00986,BHY,HNSC,,,erlotinib,IC50,8644.34197512019,nM,GDSC
SIDM00489,Ca9-22,HNSC,,,erlotinib,IC50,908.2360202153495,nM,GDSC
SIDM00961,CADO-ES1,UNCLASSIFIED,,,erlotinib,IC50,2180.8942519380234,nM,GDSC
SIDM00939,CAL-12T,UNCLASSIFIED,,,erlotinib,IC50,7513.173902515912,nM,GDSC
SIDM00942,CAL-33,HNSC,,,erlotinib,IC50,2553.579243725523,nM,GDSC
SIDM00175,CP50-MEL-B,SKCM,,,erlotinib,IC50,56609.96331398241,nM,GDSC
SIDM00190,CP66-MEL,SKCM,,,erlotinib,IC50,155238.40002707552,nM,GDSC
SIDM00953,CPC-N,SCLC,,,erlotinib,IC50,16972.83288161988,nM,GDSC
SIDM00951,CTV-1,LAML,,,erlotinib,IC50,5150.629807927778,nM,GDSC
SIDM00207,D-542MG,GBM,,,erlotinib,IC50,46725.871273235636,nM,GDSC
SIDM00524,DMS-79,Small Cell Lung Carcinoma,Lung,MET_AMP,erlotinib,IC50,84568.42753744939,nM,GDSC
SIDM00970,DSH1,BLCA,,,erlotinib,IC50,4654.441849021178,nM,GDSC
SIDM00486,EBC-1,Squamous Cell Lung Carcinoma,Lung,MET_AMP,erlotinib,IC50,18439.350589147005,nM,GDSC
SIDM00278,EC-GI-10,ESCA,,,erlotinib,IC50,721.3974826882528,nM,GDSC
SIDM01044,EPLC-272H,LUSC,,,erlotinib,IC50,7543.098203925586,nM,GDSC
SIDM00188,HA7-RCC,KIRC,,,erlotinib,IC50,23845.845278498506,nM,GDSC
SIDM00052,HCE-4,ESCA,,,erlotinib,IC50,86677.6443584134,nM,GDSC
SIDM00591,HO-1-u-1,HNSC,,,erlotinib,IC50,1534.7323484422452,nM,GDSC
SIDM00590,HSC-2,HNSC,,,erlotinib,IC50,2069.69240579197,nM,GDSC
SIDM00632,IM-9,MM,,,erlotinib,IC50,7085.064664079458,nM,GDSC
SIDM00223,IST-SL1,SCLC,,,erlotinib,IC50,43243.54613798412,nM,GDSC
SIDM00230,IST-SL2,SCLC,,,erlotinib,IC50,25430.671883868392,nM,GDSC
SIDM00693,J82,BLCA,,,erlotinib,IC50,18154.50973327216,nM,GDSC
SIDM00606,KNS-62,LUSC,,,erlotinib,IC50,25939.684081561318,nM,GDSC
SIDM00603,KOSC-2,HNSC,,,erlotinib,IC50,7201.591188440676,nM,GDSC
SIDM00301,KP-4,PAAD,,,erlotinib,IC50,166099.8311396285,nM,GDSC
SIDM01032,KYSE-140,ESCA,,,erlotinib,IC50,1703.6244313887767,nM,GDSC
SIDM01028,KYSE-410,ESCA,,,erlotinib,IC50,7140.472852507176,nM,GDSC
SIDM01025,KYSE-520,ESCA,,,erlotinib,IC50,837.4547890198038,nM,GDSC
SIDM01024,KYSE-70,ESCA,,,erlotinib,IC50,31021.60818833054,nM,GDSC
SIDM00187,LB1047-RCC,KIRC,,,erlotinib,IC50,4404.7301606604115,nM,GDSC
SIDM00186,LB2241-RCC,KIRC,,,erlotinib,IC50,11550.329907733441,nM,GDSC
SIDM00185,LB2518-MEL,SKCM,,,erlotinib,IC50,78630.99813528582,nM,GDSC
SIDM00184,LB373-MEL-D,SKCM,,,erlotinib,IC50,167798.35656929275,nM,GDSC
SIDM00183,LB647-SCLC,SCLC,,,erlotinib,IC50,50930.80771054534,nM,GDSC
SIDM00182,LB771-HNC,HNSC,,,erlotinib,IC50,6732.792562406899,nM,GDSC
SIDM00181,LB831-BLC,BLCA,,,erlotinib,IC50,45591.486521500745,nM,GDSC
SIDM00180,LB996-RCC,KIRC,,,erlotinib,IC50,1757.299050673999,nM,GDSC
SIDM00345,LCLC-103H,UNCLASSIFIED,,,erlotinib,IC50,51422.56068526139,nM,GDSC
SIDM00296,LU-134-A,SCLC,,,erlotinib,IC50,33237.67427899017,nM,GDSC
SIDM00292,LU-165,SCLC,,,erlotinib,IC50,188477.00310451802,nM,GDSC
SIDM00339,LXF-289,LUAD,,,erlotinib,IC50,20252.92039112545,nM,GDSC
SIDM00245,MS-1,SCLC,,,erlotinib,IC50,29396.452388324862,nM,GDSC
SIDM00053,MZ1-PC,PAAD,,,erlotinib,IC50,103206.72338450348,nM,GDSC
SIDM00516,MZ7-mel,SKCM,,,erlotinib,IC50,9404.092811563745,nM,GDSC
SIDM00751,NCI-H1563,LUAD,,,erlotinib,IC50,8521.66717912688,nM,GDSC
SIDM00493,NCI-H292,UNCLASSIFIED,,,erlotinib,IC50,1376.1434699116467,nM,GDSC
SIDM00927,NCI-H510A,SCLC,,,erlotinib,IC50,119100.06236539088,nM,GDSC
SIDM01133,NCI-H835,UNCLASSIFIED,,,erlotinib,IC50,42319.75507159089,nM,GDSC
SIDM00237,PC-14,Non-Small Cell Lung Carcinoma,Lung,EGFR_EXON19DEL,erlotinib,IC50,114.67250452701425,nM,GDSC
SIDM00367,SBC-3,SCLC,,,erlotinib,IC50,28446.32561901461,nM,GDSC
SIDM00391,SK-MM-2,MM,,,erlotinib,IC50,60490.238202901426,nM,GDSC
SIDM00417,U-266,MM,,,erlotinib,IC50,50214.458341484526,nM,GDSC
SIDM01229,BE2-M17,NB,,,erlotinib,IC50,34121.0330797263,nM,GDSC
SIDM01009,KELLY,NB,,,erlotinib,IC50,4880.7846701365215,nM,GDSC
SIDM00395,SIMA,NB,,,erlotinib,IC50,48147.634051674664,nM,GDSC
SIDM00369,TE-1,ESCA,,,erlotinib,IC50,1368.7131611607183,nM,GDSC
SIDM00349,TE-10,ESCA,,,erlotinib,IC50,19566.57982674579,nM,GDSC
SIDM00326,TE-8,ESCA,,,erlotinib,IC50,14101.892383862463,nM,GDSC
SIDM00934,CAPAN-1,PAAD,,,erlotinib,IC50,35842.63117883354,nM,GDSC
SIDM00105,OVCAR-3,OV,,,erlotinib,IC50,8229.325046788124,nM,GDSC
SIDM00088,PC-3,PRAD,,,erlotinib,IC50,66711.00954865264,nM,GDSC
SIDM00120,DU-145,PRAD,,,erlotinib,IC50,34712.991093953664,nM,GDSC
SIDM00783,HCT-116,COREAD,,,erlotinib,IC50,40016.98544073692,nM,GDSC
SIDM00789,HCT-15,COREAD,,,erlotinib,IC50,8508.877242670624,nM,GDSC
SIDM00829,HL-60,LAML,,,erlotinib,IC50,22998.799064983796,nM,GDSC
SIDM00136,HT-29,COREAD,,,erlotinib,IC50,78453.88500459767,nM,GDSC
SIDM00791,K-562,LCML,,,erlotinib,IC50,29971.172409514103,nM,GDSC
SIDM00139,NCI-H226,LUSC,,,erlotinib,IC50,172938.14721165175,nM,GDSC
SIDM00138,NCI-H23,LUAD,,,erlotinib,IC50,22376.806537324606,nM,GDSC
SIDM00144,NCI-H460,UNCLASSIFIED,,,erlotinib,IC50,8078.700254482806,nM,GDSC
SIDM00116,NCI-H522,LUAD,,,erlotinib,IC50,17041.780408329734,nM,GDSC
SIDM00097,T47D,BRCA,,,erlotinib,IC50,13533.187472670425,nM,GDSC
SIDM00148,MCF7,BRCA,,,erlotinib,IC50,57885.50454767338,nM,GDSC
SIDM00125,786-0,KIRC,,,erlotinib,IC50,4929.585956278434,nM,GDSC
SIDM00124,A498,KIRC,,,erlotinib,IC50,62535.16259115694,nM,GDSC
SIDM00903,A549,LUAD,,,erlotinib,IC50,8313.228157165493,nM,GDSC
SIDM00123,ACHN,KIRC,,,erlotinib,IC50,1068.3025639554414,nM,GDSC
SIDM00122,BT-549,BRCA,,,erlotinib,IC50,81290.97485515843,nM,GDSC
SIDM00121,CCRF-CEM,ALL,,,erlotinib,IC50,6256.212687327048,nM,GDSC
SIDM00081,SK-MEL-28,SKCM,,,erlotinib,IC50,6349.182090735552,nM,GDSC
SIDM00082,SK-MEL-2,SKCM,,,erlotinib,IC50,32322.610473756235,nM,GDSC
SIDM00080,SK-MEL-5,SKCM,,,erlotinib,IC50,172745.77412928434,nM,GDSC
SIDM00135,Hs-578-T,BRCA,,,erlotinib,IC50,36460.44593585321,nM,GDSC
SIDM00145,MOLT-4,ALL,,,erlotinib,IC50,6890.199227054151,nM,GDSC
SIDM00079,SK-OV-3,OV,,,erlotinib,IC50,11333.40999284801,nM,GDSC
SIDM00146,MDA-MB-231,BRCA,,,erlotinib,IC50,25176.197386603006,nM,GDSC
SIDM00826,COLO-205,COREAD,,,erlotinib,IC50,38496.83384038738,nM,GDSC
SIDM00841,SW620,COREAD,,,erlotinib,IC50,146569.3946614031,nM,GDSC
SIDM00941,CAKI-1,KIRC,,,erlotinib,IC50,3722.412575969845,nM,GDSC
SIDM00087,RPMI-8226,MM,,,erlotinib,IC50,7128.251692922464,nM,GDSC
SIDM00096,SR,UNCLASSIFIED,,,erlotinib,IC50,14501.281139909219,nM,GDSC
SIDM00117,NCI-H322M,LUAD,,,erlotinib,IC50,296.5613998079213,nM,GDSC
SIDM00151,IGROV-1,OV,,,erlotinib,IC50,984.4826541517705,nM,GDSC
SIDM00091,OVCAR-5,OV,,,erlotinib,IC50,123320.29559618069,nM,GDSC
SIDM00119,EKVX,LUAD,,,erlotinib,IC50,5617.029694066477,nM,GDSC
SIDM00118,HCC2998,COREAD,,,erlotinib,IC50,23084.09841079392,nM,GDSC
SIDM00133,HOP-62,LUAD,,,erlotinib,IC50,17293.97197443441,nM,GDSC
SIDM00134,HOP-92,UNCLASSIFIED,,,erlotinib,IC50,10062.875914403161,nM,GDSC
SIDM00149,LOXIMVI,SKCM,,,erlotinib,IC50,30421.938216340805,nM,GDSC
SIDM00003,M14,SKCM,,,erlotinib,IC50,5411.368400667966,nM,GDSC
SIDM00107,UACC-62,SKCM,,,erlotinib,IC50,25866.22335405403,nM,GDSC
SIDM00108,UACC-257,SKCM,,,erlotinib,IC50,18042.40823672263,nM,GDSC
SIDM00086,RXF393,KIRC,,,erlotinib,IC50,24377.75411903621,nM,GDSC
SIDM00094,SN12C,KIRC,,,erlotinib,IC50,11157.913755427719,nM,GDSC
SIDM00113,TK10,KIRC,,,erlotinib,IC50,10209.656621251497,nM,GDSC
SIDM00112,U031,KIRC,,,erlotinib,IC50,5496.365194291962,nM,GDSC
SIDM00095,SNB75,GBM,,,erlotinib,IC50,122146.84885113337,nM,GDSC
SIDM00111,U251,GBM,,,erlotinib,IC50,15740.846158092352,nM,GDSC
SIDM00083,SF539,LGG,,,erlotinib,IC50,7661.47864715272,nM,GDSC
SIDM00084,SF295,GBM,,,erlotinib,IC50,235299.22451522844,nM,GDSC
SIDM00085,SF268,GBM,,,erlotinib,IC50,16057.756437917049,nM,GDSC
SIDM00150,KM12,COREAD,,,erlotinib,IC50,9578.950166332797,nM,GDSC
SIDM00092,OVCAR-4,OV,,,erlotinib,IC50,18405.600623275797,nM,GDSC
SIDM00090,OVCAR-8,OV,,,erlotinib,IC50,5540.340716270863,nM,GDSC
SIDM00132,BxPC-3,PAAD,,,erlotinib,IC50,19006.613546596873,nM,GDSC
SIDM00984,BONNA-12,NA,,,erlotinib,IC50,10239.911735560057,nM,GDSC
SIDM00987,BHT-101,THCA,,,erlotinib,IC50,14552.12454796036,nM,GDSC
SIDM00490,Becker,GBM,,,erlotinib,IC50,54259.440732539806,nM,GDSC
SIDM01245,BE-13,ALL,,,erlotinib,IC50,4450.742783992257,nM,GDSC
SIDM00900,ARH-77,MM,,,erlotinib,IC50,18483.343958882262,nM,GDSC
SIDM00850,AGS,STAD,,,erlotinib,IC50,7901.8112077566675,nM,GDSC
SIDM00494,ABC-1,LUAD,,,erlotinib,IC50,297463.9377526256,nM,GDSC
SIDM00797,A2058,SKCM,,,erlotinib,IC50,7992.6070846171215,nM,GDSC
SIDM00795,A375,SKCM,,,erlotinib,IC50,36564.542987052664,nM,GDSC
SIDM00796,A253,UNCLASSIFIED,,,erlotinib,IC50,12491.707198186527,nM,GDSC
SIDM00997,8305C,THCA,,,erlotinib,IC50,39910.20278080491,nM,GDSC
SIDM00983,647-V,BLCA,,,erlotinib,IC50,9839.619090501395,nM,GDSC
SIDM00999,639-V,BLCA,,,erlotinib,IC50,10788.50267557743,nM,GDSC
SIDM01076,697,UNCLASSIFIED,,,erlotinib,IC50,2486.4848344534394,nM,GDSC
SIDM00893,BT-20,BRCA,,,erlotinib,IC50,16644.68589471953,nM,GDSC
SIDM00210,A2780,UNCLASSIFIED,,,erlotinib,IC50,10153.50534445214,nM,GDSC
SIDM00513,COR-L105,LUAD,,,erlotinib,IC50,617.1352952138935,nM,GDSC
SIDM00952,CRO-AP2,DLBC,,,erlotinib,IC50,21107.301008683262,nM,GDSC
SIDM00506,COR-L88,SCLC,,,erlotinib,IC50,40272.74751997628,nM,GDSC
SIDM00954,COLO-824,BRCA,,,erlotinib,IC50,6854.415204232826,nM,GDSC
SIDM00515,COLO-800,SKCM,,,erlotinib,IC50,24420.281596395504,nM,GDSC
SIDM00140,COLO-792,SKCM,,,erlotinib,IC50,28941.48404642513,nM,GDSC
SIDM00956,COLO-680N,ESCA,,,erlotinib,IC50,33444.25423262873,nM,GDSC
SIDM00284,COLO-679,SKCM,,,erlotinib,IC50,58072.60279150246,nM,GDSC
SIDM00910,CHP-212,NB,,,erlotinib,IC50,19066.78850843958,nM,GDSC
SIDM00130,CFPAC-1,PAAD,,,erlotinib,IC50,22274.599647073508,nM,GDSC
SIDM00923,Ca-Ski,CESC,,,erlotinib,IC50,4679.910566384218,nM,GDSC
SIDM00919,Caov-3,OV,,,erlotinib,IC50,18545.051723161007,nM,GDSC
SIDM00940,CAL-120,BRCA,,,erlotinib,IC50,79539.121900782,nM,GDSC
SIDM00930,CAL-72,UNCLASSIFIED,,,erlotinib,IC50,46016.31465394744,nM,GDSC
SIDM00931,CAL-62,THCA,,,erlotinib,IC50,26790.89256238932,nM,GDSC
SIDM00890,C32,SKCM,,,erlotinib,IC50,148611.12575912316,nM,GDSC
SIDM00845,Daudi,UNCLASSIFIED,,,erlotinib,IC50,4895.693788227857,nM,GDSC
SIDM00886,DB,DLBC,,,erlotinib,IC50,4877.861955559515,nM,GDSC
SIDM00887,Daoy,MB,,,erlotinib,IC50,12216.188519788717,nM,GDSC
SIDM00888,D-283MED,MB,,,erlotinib,IC50,12408.429003168621,nM,GDSC
SIDM00867,DBTRG-05MG,GBM,,,erlotinib,IC50,36642.61839506513,nM,GDSC
SIDM00949,DEL,UNCLASSIFIED,,,erlotinib,IC50,1980.4914084515235,nM,GDSC
SIDM00831,Detroit562,HNSC,,,erlotinib,IC50,2848.4414925865863,nM,GDSC
SIDM00948,DG-75,UNCLASSIFIED,,,erlotinib,IC50,14884.717270032856,nM,GDSC
SIDM00947,DK-MG,GBM,,,erlotinib,IC50,16722.99970903676,nM,GDSC
SIDM00281,DJM-1,UNCLASSIFIED,,,erlotinib,IC50,12628.927299299183,nM,GDSC
SIDM00981,DOHH-2,DLBC,,,erlotinib,IC50,11227.296492406682,nM,GDSC
SIDM00864,DoTc2-4510,CESC,,,erlotinib,IC50,5930.123268134052,nM,GDSC
SIDM01001,DU-4475,BRCA,,,erlotinib,IC50,6118.071913054383,nM,GDSC
SIDM00863,EB2,UNCLASSIFIED,,,erlotinib,IC50,7627.750662008389,nM,GDSC
SIDM00793,EB-3,UNCLASSIFIED,,,erlotinib,IC50,17815.69837847376,nM,GDSC
SIDM00280,ECC10,UNCLASSIFIED,,,erlotinib,IC50,5852.172735109383,nM,GDSC
SIDM00279,ECC12,UNCLASSIFIED,,,erlotinib,IC50,182352.75035934875,nM,GDSC
SIDM01056,EFM-19,BRCA,,,erlotinib,IC50,51571.07740845245,nM,GDSC
SIDM01051,EFO-27,UNCLASSIFIED,,,erlotinib,IC50,5493.639673140716,nM,GDSC
SIDM01047,EM-2,LCML,,,erlotinib,IC50,4557.922829959799,nM,GDSC
SIDM00277,EoL-1-cell,UNCLASSIFIED,,,erlotinib,IC50,3487.2588576603976,nM,GDSC
SIDM00276,ETK-1,UNCLASSIFIED,,,erlotinib,IC50,9086.810804148665,nM,GDSC
SIDM01042,EVSA-T,BRCA,,,erlotinib,IC50,7128.729301785608,nM,GDSC
SIDM00860,FADU,HNSC,,,erlotinib,IC50,2196.605029402384,nM,GDSC
SIDM00213,FTC-133,THCA,,,erlotinib,IC50,11661.572096417356,nM,GDSC
SIDM00857,G-361,SKCM,,,erlotinib,IC50,11240.046708304324,nM,GDSC
SIDM01055,GAMG,LGG,,,erlotinib,IC50,67567.49336409023,nM,GDSC
SIDM00274,GCIY,STAD,,,erlotinib,IC50,11117.27272279349,nM,GDSC
SIDM01057,GDM-1,LAML,,,erlotinib,IC50,7039.27371946943,nM,GDSC
SIDM00273,GI-1,LGG,,,erlotinib,IC50,14550.800364877736,nM,GDSC
SIDM00227,GI-ME-N,NB,,,erlotinib,IC50,25928.791701806927,nM,GDSC
SIDM00544,GOTO,NB,,,erlotinib,IC50,13412.874107246476,nM,GDSC
SIDM01259,GR-ST,ALL,,,erlotinib,IC50,25454.10432165467,nM,GDSC
SIDM00853,GCT,UNCLASSIFIED,,,erlotinib,IC50,60611.582186321444,nM,GDSC
SIDM01043,ESS-1,UNCLASSIFIED,,,erlotinib,IC50,26931.29518038735,nM,GDSC
SIDM00852,H4,LGG,,,erlotinib,IC50,8240.944820251483,nM,GDSC
SIDM01251,H9,UNCLASSIFIED,,,erlotinib,IC50,3175.2170747260807,nM,GDSC
SIDM01073,HC-1,UNCLASSIFIED,,,erlotinib,IC50,15026.044567978935,nM,GDSC
SIDM00882,HCC1419,BRCA,,,erlotinib,IC50,10977.371306540988,nM,GDSC
SIDM00878,HCC1569,BRCA,,,erlotinib,IC50,41985.444554835965,nM,GDSC
SIDM00875,HCC1806,UNCLASSIFIED,,,erlotinib,IC50,2246.2878291550496,nM,GDSC
SIDM00673,HCC70,BRCA,,,erlotinib,IC50,13804.753646698005,nM,GDSC
SIDM00596,HEC-1,UCEC,,,erlotinib,IC50,41405.47009492971,nM,GDSC
SIDM00594,HEL,LAML,,,erlotinib,IC50,16996.713468770202,nM,GDSC
SIDM00290,HGC-27,STAD,,,erlotinib,IC50,4539.854667604421,nM,GDSC
SIDM00671,HH,UNCLASSIFIED,,,erlotinib,IC50,49746.494559175495,nM,GDSC
SIDM00064,HLE,LIHC,,,erlotinib,IC50,14162.462804308554,nM,GDSC
SIDM00291,HMV-II,SKCM,,,erlotinib,IC50,34377.9028855199,nM,GDSC
SIDM00806,HOS,UNCLASSIFIED,,,erlotinib,IC50,5577.189635682871,nM,GDSC
SIDM00589,HSC-3,HNSC,,,erlotinib,IC50,1533.5203886741165,nM,GDSC
SIDM00588,HSC-4,HNSC,,,erlotinib,IC50,1652.8465775796753,nM,GDSC
SIDM00828,HT-1080,UNCLASSIFIED,,,erlotinib,IC50,19080.578781114044,nM,GDSC
SIDM00676,HT-1197,BLCA,,,erlotinib,IC50,17010.622468392936,nM,GDSC
SIDM00678,HT-1376,BLCA,,,erlotinib,IC50,4841.928055600668,nM,GDSC
SIDM00695,HT-144,SKCM,,,erlotinib,IC50,11066.660167720622,nM,GDSC
SIDM00679,HT-3,CESC,,,erlotinib,IC50,8043.159671848805,nM,GDSC
SIDM00587,HuCCT1,UNCLASSIFIED,,,erlotinib,IC50,4764.892611899235,nM,GDSC
SIDM00585,HuH-7,LIHC,,,erlotinib,IC50,35133.81299657876,nM,GDSC
SIDM00599,HuO9,UNCLASSIFIED,,,erlotinib,IC50,20711.932842500293,nM,GDSC
SIDM00694,HuTu-80,UNCLASSIFIED,,,erlotinib,IC50,6283.869794396993,nM,GDSC
SIDM01060,IGR-1,SKCM,,,erlotinib,IC50,14058.370731868605,nM,GDSC
SIDM01206,IMR-5,NB,,,erlotinib,IC50,7299.267495226643,nM,GDSC
SIDM01059,IPC-298,SKCM,,,erlotinib,IC50,13079.315331859974,nM,GDSC
SIDM00225,IST-MEL1,SKCM,,,erlotinib,IC50,55054.576872814396,nM,GDSC
SIDM00224,IST-MES1,MESO,,,erlotinib,IC50,49008.36510652873,nM,GDSC
SIDM01039,JAR,UNCLASSIFIED,,,erlotinib,IC50,19276.158087401862,nM,GDSC
SIDM01218,JEG-3,UNCLASSIFIED,,,erlotinib,IC50,203349.46471167443,nM,GDSC
SIDM00808,JiyoyeP-2003,UNCLASSIFIED,,,erlotinib,IC50,1356.9696295227022,nM,GDSC
SIDM01013,JVM-2,CLL,,,erlotinib,IC50,4334.451179385975,nM,GDSC
SIDM01012,JVM-3,CLL,,,erlotinib,IC50,5060.711064462213,nM,GDSC
SIDM00613,KALS-1,LGG,,,erlotinib,IC50,58282.50718218964,nM,GDSC
SIDM01007,KARPAS-45,ALL,,,erlotinib,IC50,4639.54360310231,nM,GDSC
SIDM01010,KARPAS-299,UNCLASSIFIED,,,erlotinib,IC50,21644.751497477104,nM,GDSC
SIDM01008,KARPAS-422,DLBC,,,erlotinib,IC50,18199.661590840165,nM,GDSC
SIDM01005,KASUMI-1,LAML,,,erlotinib,IC50,11152.18006144302,nM,GDSC
SIDM00687,KATOIII,STAD,,,erlotinib,IC50,55869.074606535876,nM,GDSC
SIDM01003,KE-37,ALL,,,erlotinib,IC50,2116.0835540339485,nM,GDSC
SIDM00785,KG-1,LAML,,,erlotinib,IC50,9549.65473083685,nM,GDSC
SIDM00612,KINGS-1,LGG,,,erlotinib,IC50,168599.48651805834,nM,GDSC
SIDM01019,KMOE-2,LAML,,,erlotinib,IC50,7813.867189439356,nM,GDSC
SIDM01020,KMS-12-BM,MM,,,erlotinib,IC50,2824.0894667792313,nM,GDSC
SIDM00607,KNS-42,LGG,,,erlotinib,IC50,74217.94742734214,nM,GDSC
SIDM00533,HuP-T3,PAAD,,,erlotinib,IC50,181803.78479845013,nM,GDSC
SIDM00531,HuP-T4,PAAD,,,erlotinib,IC50,51892.485934075914,nM,GDSC
SIDM00541,HT55,COREAD,,,erlotinib,IC50,4807.720195846178,nM,GDSC
SIDM00534,HT-115,COREAD,,,erlotinib,IC50,21498.345958255006,nM,GDSC
SIDM00535,H-EMC-SS,UNCLASSIFIED,,,erlotinib,IC50,145845.5230113562,nM,GDSC
SIDM00537,GP5d,COREAD,,,erlotinib,IC50,12555.025202812414,nM,GDSC
SIDM00523,DMS-53,SCLC,,,erlotinib,IC50,9244.696169555327,nM,GDSC
SIDM00855,G-402,UNCLASSIFIED,,,erlotinib,IC50,44607.09825223598,nM,GDSC
SIDM00856,G-401,UNCLASSIFIED,,,erlotinib,IC50,16601.880963541473,nM,GDSC
SIDM00553,KY821,LAML,,,erlotinib,IC50,13170.638552983904,nM,GDSC
SIDM00308,KU812,LCML,,,erlotinib,IC50,2251.820499609304,nM,GDSC
SIDM01033,KU-19-19,BLCA,,,erlotinib,IC50,5909.870977727955,nM,GDSC
SIDM00555,KS-1,GBM,,,erlotinib,IC50,28560.79576490324,nM,GDSC
SIDM00556,KP-N-YN,NB,,,erlotinib,IC50,27214.529405386802,nM,GDSC
SIDM01031,KYSE-150,ESCA,,,erlotinib,IC50,2145.6896159767116,nM,GDSC
SIDM01030,KYSE-180,ESCA,,,erlotinib,IC50,2631.6762484785036,nM,GDSC
SIDM01029,KYSE-270,ESCA,,,erlotinib,IC50,4233.5335544298,nM,GDSC
SIDM01027,KYSE-450,ESCA,,,erlotinib,IC50,844.5376171768811,nM,GDSC
SIDM01026,KYSE-510,ESCA,,,erlotinib,IC50,166318.72872966286,nM,GDSC
SIDM00327,L-428,UNCLASSIFIED,,,erlotinib,IC50,2059.0423580896945,nM,GDSC
SIDM00329,L-540,UNCLASSIFIED,,,erlotinib,IC50,23328.621563565775,nM,GDSC
SIDM00346,LAMA-84,LCML,,,erlotinib,IC50,4120.5267206172675,nM,GDSC
SIDM00297,LC-2-ad,LUAD,,,erlotinib,IC50,8412.342730027842,nM,GDSC
SIDM00549,LC4-1,ALL,,,erlotinib,IC50,5808.962595909035,nM,GDSC
SIDM00683,LNCaP-Clone-FGC,PRAD,,,erlotinib,IC50,51020.4228191008,nM,GDSC
SIDM00342,LOUCY,ALL,,,erlotinib,IC50,2727.7333783612526,nM,GDSC
SIDM00839,LoVo,COREAD,,,erlotinib,IC50,2556.7425325009913,nM,GDSC
SIDM00340,LP-1,MM,,,erlotinib,IC50,141586.09821609635,nM,GDSC
SIDM00776,LS-123,COREAD,,,erlotinib,IC50,69179.94441326812,nM,GDSC
SIDM00660,LS-411N,COREAD,,,erlotinib,IC50,89683.78648038744,nM,GDSC
SIDM01219,LU-99A,UNCLASSIFIED,,,erlotinib,IC50,20728.65411843155,nM,GDSC
SIDM00637,MC116,DLBC,,,erlotinib,IC50,13605.226222620753,nM,GDSC
SIDM01246,MC-IXC,NB,,,erlotinib,IC50,21246.305044655575,nM,GDSC
SIDM00633,MDA-MB-175-VII,BRCA,,,erlotinib,IC50,1148.001954015477,nM,GDSC
SIDM00528,MDA-MB-361,BRCA,,,erlotinib,IC50,10116.006789783394,nM,GDSC
SIDM00272,MDA-MB-453,BRCA,,,erlotinib,IC50,19185.29307807487,nM,GDSC
SIDM00628,MDA-MB-468,BRCA,,,erlotinib,IC50,6287.43375885886,nM,GDSC
SIDM00337,MEL-HO,SKCM,,,erlotinib,IC50,62535.28766160722,nM,GDSC
SIDM00336,MEL-JUSO,SKCM,,,erlotinib,IC50,65012.98375336363,nM,GDSC
SIDM00526,MEG-01,LCML,,,erlotinib,IC50,5939.0845183101055,nM,GDSC
SIDM00625,MES-SA,UNCLASSIFIED,,,erlotinib,IC50,10396.539391955554,nM,GDSC
SIDM00545,Mewo,SKCM,,,erlotinib,IC50,114309.42204579302,nM,GDSC
SIDM00335,MFE-280,UCEC,,,erlotinib,IC50,99381.50202336116,nM,GDSC
SIDM00334,MFE-296,UCEC,,,erlotinib,IC50,13018.67675636514,nM,GDSC
SIDM00525,MG-63,UNCLASSIFIED,,,erlotinib,IC50,26496.270838121523,nM,GDSC
SIDM00331,MHH-CALL-2,UNCLASSIFIED,,,erlotinib,IC50,3610.101903273548,nM,GDSC
SIDM00376,MHH-CALL-4,NA,,,erlotinib,IC50,78107.49351982573,nM,GDSC
SIDM00386,MHH-ES-1,UNCLASSIFIED,,,erlotinib,IC50,95389.06984165772,nM,GDSC
SIDM00387,MHH-NB-11,NB,,,erlotinib,IC50,51376.198448035655,nM,GDSC
SIDM00388,MHH-PREB-1,UNCLASSIFIED,,,erlotinib,IC50,13176.909269247193,nM,GDSC
SIDM00271,MKN1,UNCLASSIFIED,,,erlotinib,IC50,8635.676046808692,nM,GDSC
SIDM00260,MKN28,STAD,,,erlotinib,IC50,32674.893495674987,nM,GDSC
SIDM00441,ML-2,LAML,,,erlotinib,IC50,19850.89312849804,nM,GDSC
SIDM00561,MLMA,UNCLASSIFIED,,,erlotinib,IC50,16389.190472726,nM,GDSC
SIDM00438,MN-60,UNCLASSIFIED,,,erlotinib,IC50,23241.44250546483,nM,GDSC
SIDM00532,MOG-G-CCM,LGG,,,erlotinib,IC50,74539.85881756376,nM,GDSC
SIDM00504,MOG-G-UVW,LGG,,,erlotinib,IC50,39820.2668492066,nM,GDSC
SIDM00433,MOLT-13,ALL,,,erlotinib,IC50,14143.724111307785,nM,GDSC
SIDM00431,MOLT-16,ALL,,,erlotinib,IC50,5260.394374080574,nM,GDSC
SIDM01023,MONO-MAC-6,LAML,,,erlotinib,IC50,6325.733523599933,nM,GDSC
SIDM00623,Mo-T,UNCLASSIFIED,,,erlotinib,IC50,46421.65254212954,nM,GDSC
SIDM00222,MPP-89,MESO,,,erlotinib,IC50,24038.771355003242,nM,GDSC
SIDM00562,MRK-nu-1,BRCA,,,erlotinib,IC50,13860.429753124525,nM,GDSC
SIDM00640,MSTO-211H,MESO,,,erlotinib,IC50,11075.21800320755,nM,GDSC
SIDM00657,MV-4-11,UNCLASSIFIED,,,erlotinib,IC50,1751.7354810858126,nM,GDSC
SIDM00429,NALM-6,UNCLASSIFIED,,,erlotinib,IC50,14842.608541184596,nM,GDSC
SIDM00641,NAMALWA,UNCLASSIFIED,,,erlotinib,IC50,7879.654045100506,nM,GDSC
SIDM00244,NB69,NB,,,erlotinib,IC50,3567.0003339541327,nM,GDSC
SIDM00655,NCCIT,NA,,,erlotinib,IC50,6896.610092925876,nM,GDSC
SIDM00777,NCI-H508,COREAD,,,erlotinib,IC50,1140.1194071097968,nM,GDSC
SIDM01130,NCI-H520,LUSC,,,erlotinib,IC50,31914.77280724218,nM,GDSC
SIDM01146,SNU-1,STAD,,,erlotinib,IC50,1573.6755533510236,nM,GDSC
SIDM01144,SNU-5,STAD,,,erlotinib,IC50,17790.026655172907,nM,GDSC
SIDM01145,SNU-16,STAD,,,erlotinib,IC50,15650.580359927242,nM,GDSC
SIDM00577,NH-12,NB,,,erlotinib,IC50,10396.778515111475,nM,GDSC
SIDM00576,NKM-1,LAML,,,erlotinib,IC50,14410.59932419814,nM,GDSC
SIDM00575,NMC-G1,LGG,,,erlotinib,IC50,182595.6234662744,nM,GDSC
SIDM00573,no-11,LGG,,,erlotinib,IC50,53624.22902560854,nM,GDSC
SIDM00580,NOMO-1,LAML,,,erlotinib,IC50,11991.6071389181,nM,GDSC
SIDM00574,no-10,LGG,,,erlotinib,IC50,86386.29149764773,nM,GDSC
SIDM01203,NTERA-2-cl-D1,UNCLASSIFIED,,,erlotinib,IC50,27317.130602621044,nM,GDSC
SIDM00572,NUGC-3,STAD,,,erlotinib,IC50,944.017098672637,nM,GDSC
SIDM00778,NCI-H747,COREAD,,,erlotinib,IC50,2540.436711721108,nM,GDSC
SIDM00779,NCI-H716,COREAD,,,erlotinib,IC50,10493.940548882527,nM,GDSC
SIDM01127,NCI-H596,UNCLASSIFIED,,,erlotinib,IC50,48654.582625871015,nM,GDSC
SIDM00925,NCI-H441,Non-Small Cell Lung Carcinoma,Lung,MET_AMP,erlotinib,IC50,22186.10073983356,nM,GDSC
SIDM01147,NCI-N87,STAD,,,erlotinib,IC50,57664.97672191846,nM,GDSC
SIDM00722,NCI-H2452,MESO,,,erlotinib,IC50,25154.88217568268,nM,GDSC
SIDM00755,NCI-H1793,LUAD,,,erlotinib,IC50,51862.18956968988,nM,GDSC
SIDM00718,NCI-H358,LUAD,,,erlotinib,IC50,7267.860815252168,nM,GDSC
SIDM00651,NCI-H1155,UNCLASSIFIED,,,erlotinib,IC50,3000.1791393439416,nM,GDSC
SIDM00652,NCI-H1105,SCLC,,,erlotinib,IC50,168550.26265502884,nM,GDSC
SIDM00697,NCI-H1436,SCLC,,,erlotinib,IC50,212035.13668097195,nM,GDSC
SIDM00720,NCI-H28,MESO,,,erlotinib,IC50,33576.58671109948,nM,GDSC
SIDM00748,NCI-H1581,UNCLASSIFIED,,,erlotinib,IC50,37559.86274323805,nM,GDSC
SIDM00749,NCI-H1573,Non-Small Cell Lung Carcinoma,Lung,MET_AMP,erlotinib,IC50,3515.0297888280875,nM,GDSC
SIDM00743,NCI-H1666,LUAD,,,erlotinib,IC50,1293.6090173538375,nM,GDSC
SIDM00740,NCI-H1703,UNCLASSIFIED,,,erlotinib,IC50,29496.452444624374,nM,GDSC
SIDM00738,NCI-H1755,LUAD,,,erlotinib,IC50,18034.705772998583,nM,GDSC
SIDM00758,NCI-H1993,Non-Small Cell Lung Carcinoma,Lung,MET_AMP,erlotinib,IC50,28967.10859699737,nM,GDSC
SIDM00710,NCI-H2081,SCLC,,,erlotinib,IC50,32361.647418655062,nM,GDSC
SIDM00731,NCI-H2196,SCLC,,,erlotinib,IC50,339431.44591630273,nM,GDSC
SIDM01129,NCI-H524,SCLC,,,erlotinib,IC50,21869.194440195006,nM,GDSC
SIDM01117,NCI-H748,SCLC,,,erlotinib,IC50,217844.8255655053,nM,GDSC
SIDM00567,ONS-76,MB,,,erlotinib,IC50,26476.432561625763,nM,GDSC
SIDM00457,OPM-2,MM,,,erlotinib,IC50,8546.185132107443,nM,GDSC
SIDM00239,OS-RC-2,KIRC,,,erlotinib,IC50,26892.111747066374,nM,GDSC
SIDM00463,P12-ICHIKAWA,ALL,,,erlotinib,IC50,7107.33962431991,nM,GDSC
SIDM00364,P30-OHK,ALL,,,erlotinib,IC50,756.2297854332187,nM,GDSC
SIDM00363,P31-FUJ,LAML,,,erlotinib,IC50,6041.951162925985,nM,GDSC
SIDM01140,PA-1,UNCLASSIFIED,,,erlotinib,IC50,9124.471682644229,nM,GDSC
SIDM00241,OCUB-M,BRCA,,,erlotinib,IC50,17813.649690962022,nM,GDSC
SIDM00220,OC-314,OV,,,erlotinib,IC50,13010.919936780196,nM,GDSC
SIDM00451,PF-382,ALL,,,erlotinib,IC50,25870.12944868321,nM,GDSC
SIDM00844,Raji,UNCLASSIFIED,,,erlotinib,IC50,4213.7037013975605,nM,GDSC
SIDM00359,RCM-1,COREAD,,,erlotinib,IC50,14909.625334647653,nM,GDSC
SIDM00847,RD,UNCLASSIFIED,,,erlotinib,IC50,33048.46101969376,nM,GDSC
SIDM00447,REH,UNCLASSIFIED,,,erlotinib,IC50,16940.123844999693,nM,GDSC
SIDM01092,RF-48,STAD,,,erlotinib,IC50,27814.904218454267,nM,GDSC
SIDM01090,RKO,COREAD,,,erlotinib,IC50,38104.332897105065,nM,GDSC
SIDM00352,RMG-I,UNCLASSIFIED,,,erlotinib,IC50,2160.139925668506,nM,GDSC
SIDM00813,RPMI-6666,UNCLASSIFIED,,,erlotinib,IC50,11330.769615935531,nM,GDSC
SIDM00403,RPMI-8402,ALL,,,erlotinib,IC50,3797.0027290960015,nM,GDSC
SIDM01086,RS4-11,ALL,,,erlotinib,IC50,2492.302544858346,nM,GDSC
SIDM00402,RT-112,BLCA,,,erlotinib,IC50,6212.833052213331,nM,GDSC
SIDM00401,RVH-421,SKCM,,,erlotinib,IC50,58810.71110706881,nM,GDSC
SIDM01084,Saos-2,UNCLASSIFIED,,,erlotinib,IC50,62184.94943704231,nM,GDSC
SIDM00351,SAS,HNSC,,,erlotinib,IC50,1892.3775472332613,nM,GDSC
SIDM01080,SCC-9,HNSC,,,erlotinib,IC50,7148.281656068714,nM,GDSC
SIDM00383,SCH,UNCLASSIFIED,,,erlotinib,IC50,8801.428166816646,nM,GDSC
SIDM00382,SF126,GBM,,,erlotinib,IC50,72018.06569691918,nM,GDSC
SIDM01079,SH-4,SKCM,,,erlotinib,IC50,54217.62282660929,nM,GDSC
SIDM00396,SIG-M5,LAML,,,erlotinib,IC50,896.2938161059818,nM,GDSC
SIDM01095,SJRH30,UNCLASSIFIED,,,erlotinib,IC50,4929.541590204476,nM,GDSC
SIDM01112,SJSA-1,UNCLASSIFIED,,,erlotinib,IC50,36594.24545352753,nM,GDSC
SIDM01096,SK-CO-1,COREAD,,,erlotinib,IC50,9499.403431970311,nM,GDSC
SIDM01110,SK-HEP-1,LIHC,,,erlotinib,IC50,7413.369060390953,nM,GDSC
SIDM01109,SK-LMS-1,UNCLASSIFIED,,,erlotinib,IC50,50543.58331396262,nM,GDSC
SIDM01108,SK-LU-1,LUAD,,,erlotinib,IC50,140093.21185110664,nM,GDSC
SIDM00380,SKM-1,UNCLASSIFIED,,,erlotinib,IC50,23416.71304234971,nM,GDSC
SIDM01107,SK-MEL-1,SKCM,,,erlotinib,IC50,85515.27372098429,nM,GDSC
SIDM01105,SK-MEL-3,SKCM,,,erlotinib,IC50,25060.828260021004,nM,GDSC
SIDM01106,SK-MEL-24,SKCM,,,erlotinib,IC50,64642.49423340266,nM,GDSC
SIDM00392,SK-MEL-30,SKCM,,,erlotinib,IC50,36337.05429113753,nM,GDSC
SIDM01104,SK-MEL-31,SKCM,,,erlotinib,IC50,94430.39478668905,nM,GDSC
SIDM01103,SK-MES-1,LUSC,,,erlotinib,IC50,3891.8670347232787,nM,GDSC
SIDM00379,SK-MG-1,GBM,,,erlotinib,IC50,25456.54803296582,nM,GDSC
SIDM01097,SK-PN-DW,UNCLASSIFIED,,,erlotinib,IC50,19616.67559150314,nM,GDSC
SIDM01113,SK-UT-1,UNCLASSIFIED,,,erlotinib,IC50,20461.13023090598,nM,GDSC
SIDM00373,SNG-M,UCEC,,,erlotinib,IC50,18168.0943865796,nM,GDSC
SIDM01180,SNU-387,LIHC,,,erlotinib,IC50,89036.90974525953,nM,GDSC
SIDM01199,SNU-423,LIHC,,,erlotinib,IC50,53278.71989772998,nM,GDSC
SIDM01194,SNU-449,LIHC,,,erlotinib,IC50,14066.780151732193,nM,GDSC
SIDM00781,SNU-C2B,COREAD,,,erlotinib,IC50,39882.31529687225,nM,GDSC
SIDM01154,SUP-T1,ALL,,,erlotinib,IC50,9442.1527527399,nM,GDSC
SIDM00814,SW13,ACC,,,erlotinib,IC50,2241.47022273695,nM,GDSC
SIDM01155,SW1088,GBM,,,erlotinib,IC50,22189.584231096615,nM,GDSC
SIDM00835,SW1116,COREAD,,,erlotinib,IC50,6856.9106655135665,nM,GDSC
SIDM00812,SW1417,COREAD,,,erlotinib,IC50,159708.455505047,nM,GDSC
SIDM00834,SW1463,COREAD,,,erlotinib,IC50,7869.29124059809,nM,GDSC
SIDM00420,SW1710,BLCA,,,erlotinib,IC50,34929.01991921141,nM,GDSC
SIDM01164,SW1783,LGG,,,erlotinib,IC50,43609.97898632268,nM,GDSC
SIDM00837,SW48,COREAD,,,erlotinib,IC50,1005.0929250771956,nM,GDSC
SIDM01168,SW626,OV,,,erlotinib,IC50,43051.582939986976,nM,GDSC
SIDM01175,SW684,UNCLASSIFIED,,,erlotinib,IC50,119403.08044529094,nM,GDSC
SIDM00833,SW837,COREAD,,,erlotinib,IC50,26375.907531987596,nM,GDSC
SIDM01159,SW872,UNCLASSIFIED,,,erlotinib,IC50,49140.227661575715,nM,GDSC
SIDM00832,SW948,COREAD,,,erlotinib,IC50,95024.61848723928,nM,GDSC
SIDM01178,SW962,UNCLASSIFIED,,,erlotinib,IC50,47222.52484263809,nM,GDSC
SIDM01161,SW982,UNCLASSIFIED,,,erlotinib,IC50,21624.1122510344,nM,GDSC
SIDM00782,T84,COREAD,,,erlotinib,IC50,15574.594048000501,nM,GDSC
SIDM00370,TALL-1,ALL,,,erlotinib,IC50,12033.603163754171,nM,GDSC
SIDM00252,TGBC1TKB,UNCLASSIFIED,,,erlotinib,IC50,24217.802422317345,nM,GDSC
SIDM00251,TGBC11TKB,STAD,,,erlotinib,IC50,20070.538629666105,nM,GDSC
SIDM01172,THP-1,LAML,,,erlotinib,IC50,89902.97201029085,nM,GDSC
SIDM01205,TUR,DLBC,,,erlotinib,IC50,9681.869376008697,nM,GDSC
SIDM00321,TYK-nu,UNCLASSIFIED,,,erlotinib,IC50,11824.586908195783,nM,GDSC
SIDM01191,U-2-OS,UNCLASSIFIED,,,erlotinib,IC50,70281.87907906799,nM,GDSC
SIDM00424,U-698-M,UNCLASSIFIED,,,erlotinib,IC50,24477.54092039055,nM,GDSC
SIDM01186,UACC-893,BRCA,,,erlotinib,IC50,7069.628976782754,nM,GDSC
SIDM01183,UMC-11,UNCLASSIFIED,,,erlotinib,IC50,3468.870372872939,nM,GDSC
SIDM00317,VMRC-RCZ,KIRC,,,erlotinib,IC50,139806.45474300784,nM,GDSC
SIDM01000,WM-115,SKCM,,,erlotinib,IC50,104407.86417935173,nM,GDSC
SIDM00412,WSU-NHL,UNCLASSIFIED,,,erlotinib,IC50,19015.948085289976,nM,GDSC
SIDM00411,YAPC,PAAD,,,erlotinib,IC50,102699.88529088961,nM,GDSC
SIDM00316,YH-13,GBM,,,erlotinib,IC50,15564.411593518658,nM,GDSC
SIDM00971,ZR-75-30,BRCA,,,erlotinib,IC50,137573.59358541726,nM,GDSC
SIDM00235,RCC10RGB,KIRC,,,erlotinib,IC50,2326.630305557103,nM,GDSC
SIDM00554,KURAMOCHI,UNCLASSIFIED,,,erlotinib,IC50,27717.50048050033,nM,GDSC
SIDM01018,KM-H2,UNCLASSIFIED,,,erlotinib,IC50,10625.853064382405,nM,GDSC
SIDM00584,HuO-3N1,UNCLASSIFIED,,,erlotinib,IC50,68962.30148493327,nM,GDSC
SIDM00479,OE19,ESCA,,,erlotinib,IC50,11507.776221183289,nM,GDSC
SIDM01177,SUP-B8,UNCLASSIFIED,,,erlotinib,IC50,3253.9153684756498,nM,GDSC
SIDM01150,NCI-H838,LUAD,,,erlotinib,IC50,44552.04248982546,nM,GDSC
SIDM01247,Ramos-2G6-4C10,UNCLASSIFIED,,,erlotinib,IC50,11987.830377540487,nM,GDSC
SIDM00467,QIMR-WIL,LAML,,,erlotinib,IC50,25158.706008377303,nM,GDSC
SIDM00469,PSN1,PAAD,,,erlotinib,IC50,357920.53768865176,nM,GDSC
SIDM00480,OAW-42,OV,,,erlotinib,IC50,21521.103244760594,nM,GDSC
SIDM00477,OE33,ESCA,,,erlotinib,IC50,16009.287138462852,nM,GDSC
SIDM00282,CW-2,COREAD,,,erlotinib,IC50,6421.57233686487,nM,GDSC
SIDM00286,CHP-126,NB,,,erlotinib,IC50,133688.03651005318,nM,GDSC
SIDM01248,CGTH-W-1,THCA,,,erlotinib,IC50,45758.8401327059,nM,GDSC
SIDM00842,COLO-320-HSR,COREAD,,,erlotinib,IC50,22957.346632806344,nM,GDSC
SIDM00233,ATN-1,ALL,,,erlotinib,IC50,10691.253742869849,nM,GDSC
SIDM00917,CESS,LAML,,,erlotinib,IC50,1977.613866423644,nM,GDSC
SIDM00957,COLO-678,COREAD,,,erlotinib,IC50,21672.062745238116,nM,GDSC
SIDM00142,COLO-684,UCEC,,,erlotinib,IC50,23006.573972953192,nM,GDSC
SIDM00143,COLO-668,SCLC,,,erlotinib,IC50,18768.764024963,nM,GDSC
SIDM00343,LN-405,GBM,,,erlotinib,IC50,39026.85504276971,nM,GDSC
SIDM00267,TGBC24TKB,UNCLASSIFIED,,,erlotinib,IC50,3330.225435335916,nM,GDSC
SIDM00794,A388,UNCLASSIFIED,,,erlotinib,IC50,2395.3754915153772,nM,GDSC
SIDM00988,BFTC-909,KIRC,,,erlotinib,IC50,13922.190416025756,nM,GDSC
SIDM01233,C2BBe1,COREAD,,,erlotinib,IC50,21700.298148191006,nM,GDSC
SIDM01082,SCC-25,HNSC,,,erlotinib,IC50,29937.62348731885,nM,GDSC
SIDM00899,AsPC-1,PAAD,,,erlotinib,IC50,417846.8592642384,nM,GDSC
SIDM00907,CA46,UNCLASSIFIED,,,erlotinib,IC50,6469.5011271560425,nM,GDSC
SIDM00898,AU565,BRCA,,,erlotinib,IC50,6372.551889770082,nM,GDSC
SIDM00287,BALL-1,UNCLASSIFIED,,,erlotinib,IC50,4160.673665564025,nM,GDSC
SIDM00985,BL-41,UNCLASSIFIED,,,erlotinib,IC50,6949.362995136174,nM,GDSC
SIDM00962,BV-173,LCML,,,erlotinib,IC50,6421.989752632631,nM,GDSC
SIDM00306,IA-LM,UNCLASSIFIED,,,erlotinib,IC50,86778.42232181503,nM,GDSC
SIDM00324,TGW,NB,,,erlotinib,IC50,13523.731080021293,nM,GDSC
SIDM00901,AN3-CA,UCEC,,,erlotinib,IC50,14247.26559170015,nM,GDSC
SIDM00798,A204,UNCLASSIFIED,,,erlotinib,IC50,16505.15902140445,nM,GDSC
SIDM00569,NY,UNCLASSIFIED,,,erlotinib,IC50,21640.314778199376,nM,GDSC
SIDM01237,C3A,LIHC,,,erlotinib,IC50,144924.80185493687,nM,GDSC
SIDM00810,A427,UNCLASSIFIED,,,erlotinib,IC50,77789.30858854136,nM,GDSC
SIDM00928,CAL-85-1,BRCA,,,erlotinib,IC50,37632.046954372774,nM,GDSC
SIDM01228,CHL-1,SKCM,,,erlotinib,IC50,7499.572358125316,nM,GDSC
SIDM00698,NCI-H146,SCLC,,,erlotinib,IC50,27790.437869514455,nM,GDSC
SIDM00744,NCI-H1651,LUAD,,,erlotinib,IC50,13019.562056484438,nM,GDSC
SIDM01087,RPMI-7951,SKCM,,,erlotinib,IC50,16230.17233873989,nM,GDSC
SIDM01081,SCC-4,HNSC,,,erlotinib,IC50,48871.7734618237,nM,GDSC
SIDM01197,SNU-C1,COREAD,,,erlotinib,IC50,41835.74007825681,nM,GDSC
SIDM01198,ST486,UNCLASSIFIED,,,erlotinib,IC50,18818.435480194283,nM,GDSC
SIDM01165,SW1990,PAAD,,,erlotinib,IC50,63740.68144867166,nM,GDSC
SIDM01187,UACC-812,BRCA,,,erlotinib,IC50,159673.64285646356,nM,GDSC
SIDM01083,SCC-15,HNSC,,,erlotinib,IC50,2399.6094621290517,nM,GDSC
SIDM00943,CAPAN-2,PAAD,,,erlotinib,IC50,69095.31996203565,nM,GDSC
SIDM00937,CAL-27,HNSC,,,erlotinib,IC50,2013.3942913885244,nM,GDSC
SIDM00895,BC-3,DLBC,,,erlotinib,IC50,9024.408843785846,nM,GDSC
SIDM00896,BC-1,DLBC,,,erlotinib,IC50,15148.840585242728,nM,GDSC
SIDM00849,A704,KIRC,,,erlotinib,IC50,9924.36654147641,nM,GDSC
SIDM00801,A101D,SKCM,,,erlotinib,IC50,7140.5371170520375,nM,GDSC
SIDM00803,769-P,KIRC,,,erlotinib,IC50,5084.862556847357,nM,GDSC
SIDM00980,23132-87,STAD,,,erlotinib,IC50,6256.95096398162,nM,GDSC
SIDM00995,A431,UNCLASSIFIED,,,erlotinib,IC50,2315.2484416792786,nM,GDSC
SIDM00989,BFTC-905,BLCA,,,erlotinib,IC50,29239.045771633315,nM,GDSC
SIDM00933,CAL-51,BRCA,,,erlotinib,IC50,13637.904342060663,nM,GDSC
SIDM00384,SCC-3,DLBC,,,erlotinib,IC50,3794.197780635309,nM,GDSC
SIDM00355,RERF-LC-MS,LUAD,,,erlotinib,IC50,22398.701759136373,nM,GDSC
SIDM00543,GAK,SKCM,,,erlotinib,IC50,20588.774498264545,nM,GDSC
SIDM00492,AM-38,GBM,,,erlotinib,IC50,11977.058160867982,nM,GDSC
SIDM00502,A4-Fuk,DLBC,,,erlotinib,IC50,9795.714557633915,nM,GDSC
SIDM00495,A3-KAW,DLBC,,,erlotinib,IC50,1747.8526896036585,nM,GDSC
SIDM00540,DOK,HNSC,,,erlotinib,IC50,252.4823332604232,nM,GDSC
SIDM00511,COR-L279,SCLC,,,erlotinib,IC50,18695.67100496004,nM,GDSC
SIDM00285,CHP-134,NB,,,erlotinib,IC50,11069.582151689814,nM,GDSC
SIDM00243,NEC8,UNCLASSIFIED,,,erlotinib,IC50,13760.882973057258,nM,GDSC
SIDM00212,CAS-1,GBM,,,erlotinib,IC50,49388.51957903796,nM,GDSC
SIDM00211,ALL-PO,ALL,,,erlotinib,IC50,6021.304920298755,nM,GDSC
SIDM00446,OCI-AML2,LAML,,,erlotinib,IC50,6658.058995781811,nM,GDSC
SIDM00332,MFM-223,BRCA,,,erlotinib,IC50,66814.15771984946,nM,GDSC
SIDM00958,CML-T1,LCML,,,erlotinib,IC50,4322.967120746641,nM,GDSC
SIDM00932,CAL-54,KIRC,,,erlotinib,IC50,1018.3065474909896,nM,GDSC
SIDM01052,EFO-21,OV,,,erlotinib,IC50,62628.09629380075,nM,GDSC
SIDM00681,LS-1034,COREAD,,,erlotinib,IC50,21034.963882042353,nM,GDSC
SIDM00499,22RV1,PRAD,,,erlotinib,IC50,54484.485967568944,nM,GDSC
SIDM00996,8505C,THCA,,,erlotinib,IC50,36166.01985648526,nM,GDSC
SIDM00992,B-CPAP,THCA,,,erlotinib,IC50,12513.96223810876,nM,GDSC
SIDM00964,BPH-1,UNCLASSIFIED,,,erlotinib,IC50,1136.8962935381828,nM,GDSC
SIDM00938,CAL-148,BRCA,,,erlotinib,IC50,12752.878361895237,nM,GDSC
SIDM00935,CAL-39,CESC,,,erlotinib,IC50,337.82002355616845,nM,GDSC
SIDM00488,CaR-1,COREAD,,,erlotinib,IC50,8576.500815901845,nM,GDSC
SIDM01064,HDLM-2,UNCLASSIFIED,,,erlotinib,IC50,3233.1923732860932,nM,GDSC
SIDM00592,HO-1-N-1,HNSC,,,erlotinib,IC50,3127.4969870964005,nM,GDSC
SIDM00496,HTC-C3,THCA,,,erlotinib,IC50,14516.67516428448,nM,GDSC
SIDM00302,KGN,UNCLASSIFIED,,,erlotinib,IC50,32737.62408080011,nM,GDSC
SIDM00686,KLE,UCEC,,,erlotinib,IC50,20098.415879619988,nM,GDSC
SIDM01210,KNS-81-FD,LGG,,,erlotinib,IC50,415402.9445974247,nM,GDSC
SIDM00557,KP-N-RT-BM-1,NB,,,erlotinib,IC50,37354.22409137424,nM,GDSC
SIDM00056,K5,THCA,,,erlotinib,IC50,26750.84335139503,nM,GDSC
SIDM00312,L-363,MM,,,erlotinib,IC50,10763.48083396534,nM,GDSC
SIDM00630,MDA-MB-415,BRCA,,,erlotinib,IC50,19227.720234025506,nM,GDSC
SIDM00721,NCI-H250,SCLC,,,erlotinib,IC50,291767.42640754953,nM,GDSC
SIDM00759,NCI-H1975,Non-Small Cell Lung Carcinoma,Lung,EGFR_L858R|EGFR_T790M,erlotinib,IC50,6132.337508377305,nM,GDSC
SIDM01157,SW954,UNCLASSIFIED,,,erlotinib,IC50,6719.192610031164,nM,GDSC
SIDM01173,TE-441-T,UNCLASSIFIED,,,erlotinib,IC50,23606.592116561646,nM,GDSC
SIDM00560,MKN7,STAD,,,erlotinib,IC50,39123.40964566334,nM,GDSC
SIDM00529,MDA-MB-157,BRCA,,,erlotinib,IC50,30735.36665970403,nM,GDSC
SIDM01242,MMAc-SF,SKCM,,,erlotinib,IC50,298368.4105626354,nM,GDSC
SIDM00247,MKN45,STAD,,,erlotinib,IC50,107505.82154409427,nM,GDSC
SIDM01116,NCI-H810,Non-Small Cell Lung Carcinoma,Lung,MET_AMP,erlotinib,IC50,34394.33945112539,nM,GDSC
SIDM00299,MFH-ino,UNCLASSIFIED,,,erlotinib,IC50,62130.93418900599,nM,GDSC
SIDM00242,NOS-1,UNCLASSIFIED,,,erlotinib,IC50,3800.5545868824606,nM,GDSC
SIDM01138,PANC-03-27,PAAD,,,erlotinib,IC50,15475.296835465893,nM,GDSC
SIDM01136,PANC-08-13,PAAD,,,erlotinib,IC50,52393.36703431221,nM,GDSC
SIDM01135,PANC-10-05,PAAD,,,erlotinib,IC50,226359.39963198043,nM,GDSC
SIDM01088,RL95-2,UNCLASSIFIED,,,erlotinib,IC50,6419.5434405889155,nM,GDSC
SIDM00218,RO82-W-1,THCA,,,erlotinib,IC50,259504.7482171975,nM,GDSC
SIDM01093,SiHa,CESC,,,erlotinib,IC50,28291.51680014279,nM,GDSC
SIDM00381,SKG-IIIa,CESC,,,erlotinib,IC50,51754.53183489011,nM,GDSC
SIDM00484,TT,THCA,,,erlotinib,IC50,196096.13035720916,nM,GDSC
SIDM00319,VMRC-MELG,SKCM,,,erlotinib,IC50,42606.337081769554,nM,GDSC
SIDM00325,TE-9,ESCA,,,erlotinib,IC50,8644.947100237581,nM,GDSC
SIDM00348,TE-11,ESCA,,,erlotinib,IC50,3015.311073056266,nM,GDSC
SIDM00328,TE-6,ESCA,,,erlotinib,IC50,744.6410416539526,nM,GDSC
SIDM00023,TE-12,ESCA,,,erlotinib,IC50,4429.248806324329,nM,GDSC
SIDM00234,TC-YIK,UNCLASSIFIED,,,erlotinib,IC50,6808.174346458921,nM,GDSC
SIDM00410,YT,ALL,,,erlotinib,IC50,20656.70574279795,nM,GDSC
SIDM00963,BT-474,BRCA,,,erlotinib,IC50,17323.76052589853,nM,GDSC
SIDM00481,OAW-28,OV,,,erlotinib,IC50,18934.108914234603,nM,GDSC
SIDM00344,LCLC-97TM1,UNCLASSIFIED,,,erlotinib,IC50,34139.599971458345,nM,GDSC
SIDM00157,KP-N-YS,NB,,,erlotinib,IC50,137330.7156913658,nM,GDSC
SIDM01021,D-245MG,GBM,,,erlotinib,IC50,127124.25576555444,nM,GDSC
SIDM00622,D-247MG,GBM,,,erlotinib,IC50,77522.71576057328,nM,GDSC
SIDM00732,D-263MG,GBM,,,erlotinib,IC50,42609.02136555975,nM,GDSC
SIDM00620,D-336MG,LGG,,,erlotinib,IC50,46043.7025082452,nM,GDSC
SIDM00542,D-392MG,GBM,,,erlotinib,IC50,60051.16807237446,nM,GDSC
SIDM00209,D-423MG,GBM,,,erlotinib,IC50,31677.479419422365,nM,GDSC
SIDM00208,D-502MG,LGG,,,erlotinib,IC50,32987.54282342906,nM,GDSC
SIDM00206,D-566MG,GBM,,,erlotinib,IC50,18518.366066963394,nM,GDSC
SIDM00920,CAMA-1,BRCA,,,erlotinib,IC50,34831.25096358183,nM,GDSC
SIDM00283,CTB-1,DLBC,,,erlotinib,IC50,915.1713165774588,nM,GDSC
SIDM00918,Caov-4,OV,,,erlotinib,IC50,8747.81539452642,nM,GDSC
SIDM00892,BT-483,BRCA,,,erlotinib,IC50,239035.95979334175,nM,GDSC
SIDM00659,M059J,GBM,,,erlotinib,IC50,16059.731663432789,nM,GDSC
SIDM00289,HAL-01,ALL,,,erlotinib,IC50,7110.887071806984,nM,GDSC
SIDM00240,OMC-1,CESC,,,erlotinib,IC50,7035.142878316594,nM,GDSC
SIDM00261,ES8,UNCLASSIFIED,,,erlotinib,IC50,6547.111761786139,nM,GDSC
SIDM00264,ES4,UNCLASSIFIED,,,erlotinib,IC50,9589.291431671612,nM,GDSC
SIDM00262,ES6,UNCLASSIFIED,,,erlotinib,IC50,43011.60659132478,nM,GDSC
SIDM00266,ES1,UNCLASSIFIED,,,erlotinib,IC50,4318.685182380876,nM,GDSC
SIDM00201,EW-7,UNCLASSIFIED,,,erlotinib,IC50,4955.891148766659,nM,GDSC
SIDM00202,EW-3,UNCLASSIFIED,,,erlotinib,IC50,51288.266355433596,nM,GDSC
SIDM00200,EW-12,UNCLASSIFIED,,,erlotinib,IC50,8573.430978143495,nM,GDSC
SIDM00205,EW-1,UNCLASSIFIED,,,erlotinib,IC50,6257.01979082077,nM,GDSC
SIDM00197,EW-18,UNCLASSIFIED,,,erlotinib,IC50,26565.72895618055,nM,GDSC
SIDM00198,EW-16,UNCLASSIFIED,,,erlotinib,IC50,9380.077263208117,nM,GDSC
SIDM00621,EW-13,UNCLASSIFIED,,,erlotinib,IC50,14913.457600783764,nM,GDSC
SIDM00196,EW-22,UNCLASSIFIED,,,erlotinib,IC50,12620.29206661271,nM,GDSC
SIDM00195,EW-24,UNCLASSIFIED,,,erlotinib,IC50,49788.69747807028,nM,GDSC
SIDM00330,LAN-6,NB,,,erlotinib,IC50,46841.520510588154,nM,GDSC
SIDM00259,NB10,NB,,,erlotinib,IC50,27031.639141103748,nM,GDSC
SIDM00258,NB12,NB,,,erlotinib,IC50,19539.51841108479,nM,GDSC
SIDM00253,NB6,NB,,,erlotinib,IC50,642.6545155485305,nM,GDSC
SIDM00156,NB7,NB,,,erlotinib,IC50,32475.95599504332,nM,GDSC
SIDM00255,NB17,NB,,,erlotinib,IC50,13366.291795143115,nM,GDSC
SIDM00254,NB5,NB,,,erlotinib,IC50,35391.9714776033,nM,GDSC
SIDM00257,NB13,NB,,,erlotinib,IC50,24465.574328950534,nM,GDSC
SIDM00256,NB14,NB,,,erlotinib,IC50,6362.7584380584685,nM,GDSC
SIDM00578,NB1,NB,,,erlotinib,IC50,25055.74142821512,nM,GDSC
SIDM00427,RH-1,UNCLASSIFIED,,,erlotinib,IC50,3475.665599152842,nM,GDSC
SIDM00179,MZ2-MEL,SKCM,,,erlotinib,IC50,12854.834933631788,nM,GDSC
SIDM01016,Jurkat,ALL,,,erlotinib,IC50,3598.0966596673775,nM,GDSC
SIDM00680,LS-180,COREAD,,,erlotinib,IC50,10816.427031674317,nM,GDSC
SIDM00485,BICR22,HNSC,,,erlotinib,IC50,26875.55130736927,nM,GDSC
SIDM00501,BICR78,HNSC,,,erlotinib,IC50,5315.201911150459,nM,GDSC
SIDM00487,CCK-81,COREAD,,,erlotinib,IC50,543.1585569081092,nM,GDSC
SIDM00955,COLO-783,SKCM,,,erlotinib,IC50,25463.80418310749,nM,GDSC
SIDM01045,EN,UCEC,,,erlotinib,IC50,67294.129229486,nM,GDSC
SIDM00861,ES-2,UNCLASSIFIED,,,erlotinib,IC50,15844.84165944216,nM,GDSC
SIDM01040,FU-OV-1,OV,,,erlotinib,IC50,61411.06311816242,nM,GDSC
SIDM00129,G-MEL,SKCM,,,erlotinib,IC50,12759.881614332811,nM,GDSC
SIDM00101,NCI-H2591,MESO,,,erlotinib,IC50,43297.50447604981,nM,GDSC
SIDM00100,NCI-H2595,MESO,,,erlotinib,IC50,57671.83926246142,nM,GDSC
SIDM00098,NCI-H2731,MESO,,,erlotinib,IC50,50298.38654746119,nM,GDSC
SIDM00309,NCI-H2803,MESO,,,erlotinib,IC50,67394.3374301912,nM,GDSC
SIDM00310,NCI-H2804,MESO,,,erlotinib,IC50,81403.15243815038,nM,GDSC
SIDM00311,NCI-H2810,MESO,,,erlotinib,IC50,17105.310998589448,nM,GDSC
SIDM00519,NCI-H2869,MESO,,,erlotinib,IC50,143959.93043698568,nM,GDSC
SIDM00518,NCI-H290,MESO,,,erlotinib,IC50,18888.759316956945,nM,GDSC
SIDM00517,NCI-H3118,UNCLASSIFIED,,,erlotinib,IC50,1110.0044229989026,nM,GDSC
SIDM00114,NCI-H513,MESO,,,erlotinib,IC50,3624.1797976930325,nM,GDSC
SIDM00598,HARA,LUSC,,,erlotinib,IC50,6031.2181182625245,nM,GDSC
SIDM01072,HCC-15,LUSC,,,erlotinib,IC50,8641.818195753176,nM,GDSC
SIDM01070,HCC-366,UNCLASSIFIED,,,erlotinib,IC50,23745.9739923597,nM,GDSC
SIDM01069,HCC-44,LUAD,,,erlotinib,IC50,45055.72243176402,nM,GDSC
SIDM01067,HCC-827,Non-Small Cell Lung Carcinoma,Lung,EGFR_EXON19DEL,erlotinib,IC50,65.1337129342134,nM,GDSC
SIDM00672,Hep3B2-1-7,LIHC,,,erlotinib,IC50,35850.9117830088,nM,GDSC
SIDM00667,Hs-633T,UNCLASSIFIED,,,erlotinib,IC50,23221.53312162715,nM,GDSC
SIDM00666,Hs-683,LGG,,,erlotinib,IC50,39529.09567033562,nM,GDSC
SIDM00665,Hs-746T,STAD,,,erlotinib,IC50,32601.881453341553,nM,GDSC
SIDM01066,IGR-37,SKCM,,,erlotinib,IC50,19777.501425692495,nM,GDSC
SIDM00600,IHH-4,THCA,,,erlotinib,IC50,20969.059623242723,nM,GDSC
SIDM00602,IM-95,STAD,,,erlotinib,IC50,14002.571621544506,nM,GDSC
SIDM00617,JHH-2,LIHC,,,erlotinib,IC50,19669.27945387071,nM,GDSC
SIDM00616,JHH-4,LIHC,,,erlotinib,IC50,21884.748966420793,nM,GDSC
SIDM00615,JHH-6,LIHC,,,erlotinib,IC50,34561.349803935685,nM,GDSC
SIDM00614,JHH-7,LIHC,,,erlotinib,IC50,50124.554609938765,nM,GDSC
SIDM00128,JHU-011,HNSC,,,erlotinib,IC50,3041.3910713014584,nM,GDSC
SIDM00127,JHU-022,HNSC,,,erlotinib,IC50,1954.8451829603493,nM,GDSC
SIDM00552,KYM-1,UNCLASSIFIED,,,erlotinib,IC50,27710.18402618795,nM,GDSC
SIDM00551,KYSE-220,ESCA,,,erlotinib,IC50,2846.681699576217,nM,GDSC
SIDM00685,LN-18,GBM,,,erlotinib,IC50,8670.29659890263,nM,GDSC
SIDM00684,LN-229,GBM,,,erlotinib,IC50,5261.015137241023,nM,GDSC
SIDM00629,MDA-MB-436,BRCA,,,erlotinib,IC50,51700.99360525413,nM,GDSC
SIDM00527,MDST8,COREAD,,,erlotinib,IC50,13299.640436331943,nM,GDSC
SIDM00333,MFE-319,UCEC,,,erlotinib,IC50,6090.456269405448,nM,GDSC
SIDM00442,ML-1,THCA,,,erlotinib,IC50,69428.88560431689,nM,GDSC
SIDM00638,MS751,CESC,,,erlotinib,IC50,11021.74346085392,nM,GDSC
SIDM00579,NB(TU)1-10,NB,,,erlotinib,IC50,2659.677832880288,nM,GDSC
SIDM00770,NCI-H1836,SCLC,,,erlotinib,IC50,1003228.9227946531,nM,GDSC
SIDM00768,NCI-H1869,LUSC,,,erlotinib,IC50,1550.569061492756,nM,GDSC
SIDM00763,NCI-H1915,UNCLASSIFIED,,,erlotinib,IC50,48265.78864203564,nM,GDSC
SIDM00762,NCI-H1944,LUAD,,,erlotinib,IC50,5646.602291895211,nM,GDSC
SIDM00761,NCI-H196,SCLC,,,erlotinib,IC50,15522.040785164902,nM,GDSC
SIDM00753,NCI-H2023,LUAD,,,erlotinib,IC50,30532.814789770924,nM,GDSC
SIDM00704,NCI-H211,SCLC,,,erlotinib,IC50,22317.29637446592,nM,GDSC
SIDM00137,NCI-H3122,LUAD,,,erlotinib,IC50,72208.44457991252,nM,GDSC
SIDM01125,NCI-H647,UNCLASSIFIED,,,erlotinib,IC50,27679.33206891357,nM,GDSC
SIDM01134,NCI-H841,SCLC,,,erlotinib,IC50,10741.030132672777,nM,GDSC
SIDM01149,NCI-H847,SCLC,,,erlotinib,IC50,6806.9489853623645,nM,GDSC
SIDM00565,OSC-20,HNSC,,,erlotinib,IC50,12566.354944490688,nM,GDSC
SIDM01141,OV-90,OV,,,erlotinib,IC50,87128.58360504307,nM,GDSC
SIDM00564,OVISE,OV,,,erlotinib,IC50,5303.876668139506,nM,GDSC
SIDM00466,OVKATE,OV,,,erlotinib,IC50,17585.276685868932,nM,GDSC
SIDM00465,OVMIU,OV,,,erlotinib,IC50,1076.6614463894384,nM,GDSC
SIDM00453,PA-TU-8988T,PAAD,,,erlotinib,IC50,90762.48142034041,nM,GDSC
SIDM00361,PC-3_[JPC-3],LUAD,,,erlotinib,IC50,212.43292234533354,nM,GDSC
SIDM00270,PCI-15A,HNSC,,,erlotinib,IC50,1654.3612786719284,nM,GDSC
SIDM00115,PCI-6A,HNSC,,,erlotinib,IC50,2831.7559605605693,nM,GDSC
SIDM00473,PE-CA-PJ15,HNSC,,,erlotinib,IC50,12178.851939518523,nM,GDSC
SIDM00358,RERF-GC-1B,STAD,,,erlotinib,IC50,6663.747406769981,nM,GDSC
SIDM00426,RH-41,UNCLASSIFIED,,,erlotinib,IC50,26470.370152741463,nM,GDSC
SIDM00394,SISO,CESC,,,erlotinib,IC50,21004.863370872998,nM,GDSC
SIDM00377,SKN,UNCLASSIFIED,,,erlotinib,IC50,86129.41579932405,nM,GDSC
SIDM01181,SNU-398,LIHC,,,erlotinib,IC50,7694.755554579671,nM,GDSC
SIDM01188,SU8686,PAAD,,,erlotinib,IC50,19849.027232242464,nM,GDSC
SIDM00371,SUIT-2,PAAD,,,erlotinib,IC50,34419.8351016306,nM,GDSC
SIDM01162,SW156,KIRC,,,erlotinib,IC50,10610.785671727392,nM,GDSC
SIDM00419,TC-71,UNCLASSIFIED,,,erlotinib,IC50,11945.34902870865,nM,GDSC
SIDM01169,TOV-21G,OV,,,erlotinib,IC50,4986.1795735182295,nM,GDSC
SIDM00418,TT2609-C02,THCA,,,erlotinib,IC50,107164.38886234911,nM,GDSC
SIDM00318,VMRC-RCW,KIRC,,,erlotinib,IC50,115458.01992037722,nM,GDSC
SIDM00975,WM278,SKCM,,,erlotinib,IC50,30568.13113258117,nM,GDSC
SIDM01176,SUP-B15,ALL,,,erlotinib,IC50,7533.840964439522,nM,GDSC
SIDM00046,H3255,Non-Small Cell Lung Carcinoma,Lung,EGFR_L858R,erlotinib,IC50,1384.552523902093,nM,GDSC
SIDM01240,451Lu,SKCM,,,erlotinib,IC50,65732.07432196265,nM,GDSC
SIDM00462,OCI-AML3,LAML,,,erlotinib,IC50,29438.784333841657,nM,GDSC
SIDM00491,ASH-3,THCA,,,erlotinib,IC50,16770.37605746145,nM,GDSC
SIDM00077,BICR10,HNSC,,,erlotinib,IC50,26201.45647838514,nM,GDSC
SIDM00078,BICR31,HNSC,,,erlotinib,IC50,74185.1503432688,nM,GDSC
SIDM00936,CAL-29,BLCA,,,erlotinib,IC50,6855.182941728196,nM,GDSC
SIDM00929,CAL-78,UNCLASSIFIED,,,erlotinib,IC50,44949.111755528844,nM,GDSC
SIDM00051,CHSA0011,UNCLASSIFIED,,,erlotinib,IC50,138650.03160363683,nM,GDSC
SIDM00050,CHSA0108,UNCLASSIFIED,,,erlotinib,IC50,19969.038519014957,nM,GDSC
SIDM00944,CL-11,COREAD,,,erlotinib,IC50,163979.4311268129,nM,GDSC
SIDM00199,CS1,UNCLASSIFIED,,,erlotinib,IC50,48469.028193159735,nM,GDSC
SIDM00950,DAN-G,PAAD,,,erlotinib,IC50,21517.939875096978,nM,GDSC
SIDM01002,EFM-192A,BRCA,,,erlotinib,IC50,9030.926819677214,nM,GDSC
SIDM00503,FU97,STAD,,,erlotinib,IC50,57441.38289958297,nM,GDSC
SIDM00858,G-292-Clone-A141B1,UNCLASSIFIED,,,erlotinib,IC50,61554.071505253225,nM,GDSC
SIDM00104,NCI-H2369,MESO,,,erlotinib,IC50,12768.548516029085,nM,GDSC
SIDM00103,NCI-H2373,MESO,,,erlotinib,IC50,36659.29457997926,nM,GDSC
SIDM00102,NCI-H2461,MESO,,,erlotinib,IC50,128515.30470426104,nM,GDSC
SIDM00099,NCI-H2722,MESO,,,erlotinib,IC50,21714.581643127,nM,GDSC
SIDM00154,NCI-H2795,MESO,,,erlotinib,IC50,6488.101753314436,nM,GDSC
SIDM00520,NCI-H2818,MESO,,,erlotinib,IC50,11418.878562783628,nM,GDSC
SIDM00881,HCC1428,BRCA,,,erlotinib,IC50,91122.34007010833,nM,GDSC
SIDM01068,HCC-78,LUAD,,,erlotinib,IC50,63500.958482669645,nM,GDSC
SIDM01062,HDQ-P1,BRCA,,,erlotinib,IC50,1424.356310872865,nM,GDSC
SIDM00994,ALL-SIL,ALL,,,erlotinib,IC50,2888.614571045263,nM,GDSC
SIDM00993,AMO-1,MM,,,erlotinib,IC50,11524.935588306735,nM,GDSC
SIDM00510,COR-L303,SCLC,,,erlotinib,IC50,118774.8875114594,nM,GDSC
SIDM00946,DND-41,ALL,,,erlotinib,IC50,9824.890375665513,nM,GDSC
SIDM01048,EJM,MM,,,erlotinib,IC50,9352.12883245172,nM,GDSC
SIDM00859,Farage,DLBC,,,erlotinib,IC50,9260.777422058462,nM,GDSC
SIDM00846,HeLa,CESC,,,erlotinib,IC50,19978.466129937082,nM,GDSC
SIDM00670,HPAC,PAAD,,,erlotinib,IC50,46511.2863338812,nM,GDSC
SIDM00664,Hs-766T,PAAD,,,erlotinib,IC50,134368.89966371632,nM,GDSC
SIDM00663,Hs-939-T,SKCM,,,erlotinib,IC50,166935.4148183822,nM,GDSC
SIDM00662,Hs-940-T,SKCM,,,erlotinib,IC50,34965.2251349112,nM,GDSC
SIDM00586,huH-1,LIHC,,,erlotinib,IC50,37269.56344074102,nM,GDSC
SIDM00618,JHH-1,LIHC,,,erlotinib,IC50,4696.351825637645,nM,GDSC
SIDM00690,JHU-029,HNSC,,,erlotinib,IC50,1070.296807291093,nM,GDSC
SIDM01037,JIMT-1,BRCA,,,erlotinib,IC50,21018.605044555046,nM,GDSC
SIDM00126,K2,SKCM,,,erlotinib,IC50,18325.160385266852,nM,GDSC
SIDM00619,KMH-2,THCA,,,erlotinib,IC50,43128.369257074824,nM,GDSC
SIDM00611,KMRC-1,KIRC,,,erlotinib,IC50,54471.08443247731,nM,GDSC
SIDM00609,KMRC-20,KIRC,,,erlotinib,IC50,8534.442202664912,nM,GDSC
SIDM00604,KON,HNSC,,,erlotinib,IC50,7051.5750273003,nM,GDSC
SIDM00583,KP-1N,PAAD,,,erlotinib,IC50,104300.27514306126,nM,GDSC
SIDM00582,KP-2,PAAD,,,erlotinib,IC50,307390.52266457706,nM,GDSC
SIDM00571,KP-3,UNCLASSIFIED,,,erlotinib,IC50,24864.97035679263,nM,GDSC
SIDM00550,KYSE-50,ESCA,,,erlotinib,IC50,4805.230441686729,nM,GDSC
SIDM00300,LC-1-sq,LUSC,,,erlotinib,IC50,2471.074311484384,nM,GDSC
SIDM00341,LOU-NH91,LUSC,,,erlotinib,IC50,1488.3245140016386,nM,GDSC
SIDM00658,NCI-H1435,LUAD,,,erlotinib,IC50,21639.622299206196,nM,GDSC
SIDM00750,NCI-H1568,LUAD,,,erlotinib,IC50,1056.720241847866,nM,GDSC
SIDM00792,NCI-H1688,SCLC,,,erlotinib,IC50,5010.511471471478,nM,GDSC
SIDM00754,NCI-H1781,LUAD,,,erlotinib,IC50,6619.130388059859,nM,GDSC
SIDM00703,NCI-H2110,UNCLASSIFIED,,,erlotinib,IC50,7440.008564598126,nM,GDSC
SIDM00700,NCI-H2135,UNCLASSIFIED,,,erlotinib,IC50,1101281.741510445,nM,GDSC
SIDM00926,NCI-H2172,UNCLASSIFIED,,,erlotinib,IC50,59748.315622747796,nM,GDSC
SIDM00723,NCI-H2444,Non-Small Cell Lung Carcinoma,Lung,MET_AMP,erlotinib,IC50,216492.9535933609,nM,GDSC
SIDM00570,NUGC-4,STAD,,,erlotinib,IC50,10525.185456676023,nM,GDSC
SIDM00568,OCUM-1,STAD,,,erlotinib,IC50,102123.51376729019,nM,GDSC
SIDM00478,OE21,ESCA,,,erlotinib,IC50,1757.5837561807316,nM,GDSC
SIDM00566,OSC-19,HNSC,,,erlotinib,IC50,30734.751958517863,nM,GDSC
SIDM00425,OVTOKO,OV,,,erlotinib,IC50,7617.444911370609,nM,GDSC
SIDM01139,PANC-02-03,PAAD,,,erlotinib,IC50,80788.61078817635,nM,GDSC
SIDM01137,PANC-04-03,PAAD,,,erlotinib,IC50,62239.63403795863,nM,GDSC
SIDM00455,PA-TU-8902,PAAD,,,erlotinib,IC50,719800.4350149104,nM,GDSC
SIDM00044,PCI-30,HNSC,,,erlotinib,IC50,28542.751044712026,nM,GDSC
SIDM00043,PCI-4B,HNSC,,,erlotinib,IC50,6393.500963698171,nM,GDSC
SIDM00042,PL4,PAAD,,,erlotinib,IC50,433353.5900681244,nM,GDSC
SIDM00360,QGP-1,UNCLASSIFIED,,,erlotinib,IC50,315296.0377913606,nM,GDSC
SIDM00356,RERF-LC-KJ,LUAD,,,erlotinib,IC50,2466.825249960514,nM,GDSC
SIDM00354,RERF-LC-Sq1,LUSC,,,erlotinib,IC50,1641.1299524761112,nM,GDSC
SIDM00353,RKN,UNCLASSIFIED,,,erlotinib,IC50,74768.0758179254,nM,GDSC
SIDM00350,SAT,HNSC,,,erlotinib,IC50,2345.3883597035483,nM,GDSC
SIDM00399,SCC90,HNSC,,,erlotinib,IC50,1668.3564831219894,nM,GDSC
SIDM00375,SKN-3,HNSC,,,erlotinib,IC50,12211.400712360528,nM,GDSC
SIDM00041,STS-0421,UNCLASSIFIED,,,erlotinib,IC50,33901.491145095104,nM,GDSC
SIDM01156,SW1271,SCLC,,,erlotinib,IC50,212466.21765812056,nM,GDSC
SIDM00322,T-T,ESCA,,,erlotinib,IC50,1052.5386415897729,nM,GDSC
SIDM00040,TMK-1,STAD,,,erlotinib,IC50,13188.246285436975,nM,GDSC
SIDM01170,TOV-112D,OV,,,erlotinib,IC50,10367.1795129913,nM,GDSC
SIDM01077,VCaP,PRAD,,,erlotinib,IC50,89948.9241687647,nM,GDSC
SIDM00976,WM1552C,SKCM,,,erlotinib,IC50,48008.68826263788,nM,GDSC
SIDM00974,WM35,SKCM,,,erlotinib,IC50,14297.33276587519,nM,GDSC
SIDM00973,WM793B,SKCM,,,erlotinib,IC50,6652.415354995279,nM,GDSC
SIDM00854,GA-10,UNCLASSIFIED,,,erlotinib,IC50,3748.092335455459,nM,GDSC
SIDM01058,GRANTA-519,DLBC,,,erlotinib,IC50,54529.454215343845,nM,GDSC
SIDM00879,HCC1500,BRCA,,,erlotinib,IC50,18066.763869614813,nM,GDSC
SIDM01071,HCC-33,SCLC,,,erlotinib,IC50,209126.6396913542,nM,GDSC
SIDM01261,YMB-1-E,BRCA,,,erlotinib,IC50,438189.29614862194,nM,GDSC
SIDM00176,CHSA8926,UNCLASSIFIED,,,erlotinib,IC50,7740.474572511777,nM,GDSC
SIDM00508,COR-L32,SCLC,,,erlotinib,IC50,214781.23532574187,nM,GDSC
SIDM00507,COR-L321,UNCLASSIFIED,,,erlotinib,IC50,32731.895497851616,nM,GDSC
SIDM00668,Hs-445,UNCLASSIFIED,,,erlotinib,IC50,3256.789844640474,nM,GDSC
SIDM00045,HSC-39,STAD,,,erlotinib,IC50,3862.6790610607304,nM,GDSC
SIDM00428,NB4,LAML,,,erlotinib,IC50,10843.903145767204,nM,GDSC
SIDM01038,JEKO-1,DLBC,,,erlotinib,IC50,15813.86362620692,nM,GDSC
SIDM01036,JJN-3,MM,,,erlotinib,IC50,4025.3505490104126,nM,GDSC
SIDM00689,JM1,DLBC,,,erlotinib,IC50,42309.76878782184,nM,GDSC
SIDM00688,JSC-1,DLBC,,,erlotinib,IC50,3524.1560882041576,nM,GDSC
SIDM01011,KARPAS-1106P,DLBC,,,erlotinib,IC50,13526.3143593529,nM,GDSC
SIDM01017,KARPAS-231,UNCLASSIFIED,,,erlotinib,IC50,2795.3155548449536,nM,GDSC
SIDM01006,KARPAS-620,MM,,,erlotinib,IC50,13453.83236953997,nM,GDSC
SIDM01004,KCL-22,LCML,,,erlotinib,IC50,7660.766162769572,nM,GDSC
SIDM01034,KOPN-8,UNCLASSIFIED,,,erlotinib,IC50,2319.72350570394,nM,GDSC
SIDM00313,L-1236,UNCLASSIFIED,,,erlotinib,IC50,13384.736626316759,nM,GDSC
SIDM00631,MDA-MB-330,BRCA,,,erlotinib,IC50,11776.758846495753,nM,GDSC
SIDM00338,ME-1,LAML,,,erlotinib,IC50,13305.520176731708,nM,GDSC
SIDM00437,MOLM-13,LAML,,,erlotinib,IC50,1182.5202902375536,nM,GDSC
SIDM00435,MOLM-16,LAML,,,erlotinib,IC50,4987.24174288441,nM,GDSC
SIDM00434,MOLP-8,MM,,,erlotinib,IC50,24539.203952912605,nM,GDSC
SIDM01217,MY-M12,ALL,,,erlotinib,IC50,22331.62867891579,nM,GDSC
SIDM00646,NCI-H1341,SCLC,,,erlotinib,IC50,1928.2657040559493,nM,GDSC
SIDM00766,NCI-H1876,SCLC,,,erlotinib,IC50,7527.063557861961,nM,GDSC
SIDM00711,NCI-H2066,SCLC,,,erlotinib,IC50,10739.225791179417,nM,GDSC
SIDM01123,NCI-H660,OTHER,,,erlotinib,IC50,154567.2072290856,nM,GDSC
SIDM01201,NK-92MI,UNCLASSIFIED,,,erlotinib,IC50,24277.16022695725,nM,GDSC
SIDM00443,NU-DUL-1,DLBC,,,erlotinib,IC50,19983.401420554474,nM,GDSC
SIDM00460,OCI-LY-19,DLBC,,,erlotinib,IC50,6173.9078470700215,nM,GDSC
SIDM00458,OCI-M1,LAML,,,erlotinib,IC50,3190.8361549846595,nM,GDSC
SIDM00362,P32-ISH,UNCLASSIFIED,,,erlotinib,IC50,9496.800951985992,nM,GDSC
SIDM00450,PL-21,LAML,,,erlotinib,IC50,38301.957326066185,nM,GDSC
SIDM01114,PWR-1E,PRAD,,,erlotinib,IC50,11247.535072760624,nM,GDSC
SIDM00449,RCH-ACV,UNCLASSIFIED,,,erlotinib,IC50,10395.593349916453,nM,GDSC
SIDM00448,RC-K8,DLBC,,,erlotinib,IC50,30435.600733605545,nM,GDSC
SIDM00415,ROS-50,UNCLASSIFIED,,,erlotinib,IC50,32217.474767895033,nM,GDSC
SIDM00374,SLVL,DLBC,,,erlotinib,IC50,34991.35391597169,nM,GDSC
SIDM00389,SU-DHL-10,DLBC,,,erlotinib,IC50,5082.63587472644,nM,GDSC
SIDM00404,SU-DHL-16,DLBC,,,erlotinib,IC50,7713.345419384697,nM,GDSC
SIDM00405,SU-DHL-4,DLBC,,,erlotinib,IC50,15750.356501006274,nM,GDSC
SIDM00406,SU-DHL-5,DLBC,,,erlotinib,IC50,3508.3961649872836,nM,GDSC
SIDM00407,SU-DHL-6,DLBC,,,erlotinib,IC50,12312.327546198561,nM,GDSC
SIDM00423,SU-DHL-8,DLBC,,,erlotinib,IC50,2633.4137281077064,nM,GDSC
SIDM00422,SUP-HD1,UNCLASSIFIED,,,erlotinib,IC50,60949.21643626897,nM,GDSC
SIDM00421,SUP-M2,UNCLASSIFIED,,,erlotinib,IC50,1864.3528582791366,nM,GDSC
SIDM00323,TK,DLBC,,,erlotinib,IC50,6958.813599677837,nM,GDSC
SIDM00416,VAL,DLBC,,,erlotinib,IC50,19384.36861906518,nM,GDSC
SIDM01102,WIL2-NS,UNCLASSIFIED,,,erlotinib,IC50,3501.043265721516,nM,GDSC
SIDM00413,WSU-DLCL2,DLBC,,,erlotinib,IC50,3724.963302108348,nM,GDSC
SIDM01118,NCI-H740,NA,,,erlotinib,IC50,191666.71417523478,nM,GDSC
SIDM00969,DOV13,OV,,,erlotinib,IC50,18269.64610640378,nM,GDSC
SIDM00968,Hey,OV,,,erlotinib,IC50,8603.507767148018,nM,GDSC
SIDM00305,JHOS-2,OV,,,erlotinib,IC50,5918.878568766496,nM,GDSC
SIDM00304,JHOS-3,OV,,,erlotinib,IC50,30686.751063678075,nM,GDSC
SIDM00303,JHOS-4,OV,,,erlotinib,IC50,7222.397778093407,nM,GDSC
SIDM00474,OV-7,OV,,,erlotinib,IC50,44258.878703794144,nM,GDSC
SIDM00476,OV-17R,OV,,,erlotinib,IC50,41727.65089231921,nM,GDSC
SIDM00475,OV-56,OV,,,erlotinib,IC50,63956.93715904757,nM,GDSC
SIDM00967,OVCA420,OV,,,erlotinib,IC50,359.54174102772015,nM,GDSC
SIDM00966,OVCA433,OV,,,erlotinib,IC50,30640.081353217953,nM,GDSC
SIDM00238,OVK-18,OV,,,erlotinib,IC50,106932.62893111362,nM,GDSC
SIDM00472,PEO1,OV,,,erlotinib,IC50,29339.918648659503,nM,GDSC
SIDM00815,UWB1.289,OV,,,erlotinib,IC50,4802.8908641949865,nM,GDSC
SIDM01041,FLO-1,ESCA,,,erlotinib,IC50,21927.44393488803,nM,GDSC
SIDM00445,OACp4C,ESCA,,,erlotinib,IC50,5601.419232460581,nM,GDSC
SIDM00444,OACM5-1,ESCA,,,erlotinib,IC50,24780.37477057327,nM,GDSC
SIDM00393,SK-GT-2,STAD,,,erlotinib,IC50,494.9859008254546,nM,GDSC
SIDM00483,SK-GT-4,ESCA,,,erlotinib,IC50,19899.686941026597,nM,GDSC
SIDM00539,ESO26,ESCA,,,erlotinib,IC50,12556.06731315123,nM,GDSC
SIDM00538,ESO51,ESCA,,,erlotinib,IC50,43023.86664617815,nM,GDSC
SIDM00530,KYAE-1,ESCA,,,erlotinib,IC50,2919.8463645037436,nM,GDSC
SIDM00048,EMC-BAC-1,LUAD,,,erlotinib,IC50,5391.388724146777,nM,GDSC
SIDM00047,EMC-BAC-2,LUAD,,,erlotinib,IC50,4427.929086828017,nM,GDSC
SIDM00250,TE-4,ESCA,,,erlotinib,IC50,5177.4362431685,nM,GDSC
SIDM01185,U-CH2,NA,,,erlotinib,IC50,47908.50279301372,nM,GDSC
SIDM00231,NCC010,KIRC,,,erlotinib,IC50,77151.88411787864,nM,GDSC
SIDM00232,NCC021,KIRC,,,erlotinib,IC50,17786.45121915857,nM,GDSC
SIDM00819,RCC-FG2,KIRC,,,erlotinib,IC50,18107.170137095494,nM,GDSC
SIDM00818,RCC-JF,KIRC,,,erlotinib,IC50,13024.640675952889,nM,GDSC
SIDM00817,RCC-JW,KIRC,,,erlotinib,IC50,28413.85845743549,nM,GDSC
SIDM00820,RCC-ER,KIRC,,,erlotinib,IC50,7527.8238296743875,nM,GDSC
SIDM00821,RCC-AB,KIRC,,,erlotinib,IC50,20259.584698152525,nM,GDSC
SIDM00816,RCC-MF,KIRC,,,erlotinib,IC50,20098.97864314327,nM,GDSC
SIDM00608,KMS-11,MM,,,erlotinib,IC50,40555.64574122367,nM,GDSC
SIDM01265,MM1S,MM,,,erlotinib,IC50,11210.513014026012,nM,GDSC
SIDM00459,OCI-LY7,DLBC,,,erlotinib,IC50,9518.259438527473,nM,GDSC
SIDM00216,SNU-175,COREAD,,,erlotinib,IC50,2055.423686136836,nM,GDSC
SIDM00215,SNU-283,NA,,,erlotinib,IC50,14666.676269667589,nM,GDSC
SIDM00214,SNU-407,COREAD,,,erlotinib,IC50,8635.451522150306,nM,GDSC
SIDM00194,SNU-61,COREAD,,,erlotinib,IC50,8226.807258565052,nM,GDSC
SIDM00193,SNU-81,COREAD,,,erlotinib,IC50,63631.20533893587,nM,GDSC
SIDM00498,SNU-C5,COREAD,,,erlotinib,IC50,9346.453812793134,nM,GDSC
SIDM00049,DiFi,COREAD,,,erlotinib,IC50,269.11055464516227,nM,GDSC
SIDM01132,PFSK-1,MB,,,osimertinib,IC50,3596.1937698931342,nM,GDSC
SIDM00848,A673,UNCLASSIFIED,,,osimertinib,IC50,3945.41837247794,nM,GDSC
SIDM00263,ES5,UNCLASSIFIED,,,osimertinib,IC50,3215.021355098915,nM,GDSC
SIDM00269,ES7,UNCLASSIFIED,,,osimertinib,IC50,6457.0593165710125,nM,GDSC
SIDM00203,EW-11,UNCLASSIFIED,,,osimertinib,IC50,3800.208752150774,nM,GDSC
SIDM01111,SK-ES-1,UNCLASSIFIED,,,osimertinib,IC50,5248.954951857224,nM,GDSC
SIDM00909,COLO-829,SKCM,,,osimertinib,IC50,18521.607064604137,nM,GDSC
SIDM00807,5637,BLCA,,,osimertinib,IC50,1580.0950445371534,nM,GDSC
SIDM01085,RT4,BLCA,,,osimertinib,IC50,16192.31909718714,nM,GDSC
SIDM01160,SW780,BLCA,,,osimertinib,IC50,9991.52266535172,nM,GDSC
SIDM01190,TCCSUP,BLCA,,,osimertinib,IC50,15740.830417254063,nM,GDSC
SIDM00889,C-33-A,CESC,,,osimertinib,IC50,1208.3309171058606,nM,GDSC
SIDM00905,C-4-I,CESC,,,osimertinib,IC50,1318.6229864350066,nM,GDSC
SIDM00627,ME-180,CESC,,,osimertinib,IC50,963.2782192804785,nM,GDSC
SIDM00982,42-MG-BA,GBM,,,osimertinib,IC50,4372.264206568793,nM,GDSC
SIDM00998,8-MG-BA,GBM,,,osimertinib,IC50,10676.958411071539,nM,GDSC
SIDM00799,A172,GBM,,,osimertinib,IC50,4894.01485321231,nM,GDSC
SIDM00581,GB-1,GBM,,,osimertinib,IC50,52068.80411294089,nM,GDSC
SIDM01171,T98G,GBM,,,osimertinib,IC50,17621.29299408749,nM,GDSC
SIDM01193,U-118-MG,GBM,,,osimertinib,IC50,6025.6478465830805,nM,GDSC
SIDM01189,U-87-MG,GBM,,,osimertinib,IC50,10018.175567635322,nM,GDSC
SIDM00315,YKG-1,GBM,,,osimertinib,IC50,5161.261363959017,nM,GDSC
SIDM00924,ChaGo-K-1,UNCLASSIFIED,,,osimertinib,IC50,7703.494060298018,nM,GDSC
SIDM01120,NCI-H720,UNCLASSIFIED,,,osimertinib,IC50,9695.860094255182,nM,GDSC
SIDM00922,Calu-3,LUAD,,,osimertinib,IC50,1110.7739226648791,nM,GDSC
SIDM00512,COR-L23,UNCLASSIFIED,,,osimertinib,IC50,9704.745571028601,nM,GDSC
SIDM00548,LK-2,LUSC,,,osimertinib,IC50,4224.838351173822,nM,GDSC
SIDM00734,NCI-H1437,LUAD,,,osimertinib,IC50,11786.785133854302,nM,GDSC
SIDM00747,NCI-H1623,LUAD,,,osimertinib,IC50,1217.2509542261744,nM,GDSC
SIDM00746,NCI-H1648,Non-Small Cell Lung Carcinoma,Lung,MET_AMP,osimertinib,IC50,495.79536894275157,nM,GDSC
SIDM00745,NCI-H1650,Non-Small Cell Lung Carcinoma,Lung,EGFR_EXON19DEL,osimertinib,IC50,1503.6146861721447,nM,GDSC
SIDM00742,NCI-H1693,LUAD,,,osimertinib,IC50,3038.3056254927274,nM,GDSC
SIDM00737,NCI-H1770,UNCLASSIFIED,,,osimertinib,IC50,10976.569987684104,nM,GDSC
SIDM00769,NCI-H1838,LUAD,,,osimertinib,IC50,31900.350589600035,nM,GDSC
SIDM00709,NCI-H2085,LUAD,,,osimertinib,IC50,5893.157900007298,nM,GDSC
SIDM00716,NCI-H2170,LUSC,,,osimertinib,IC50,103.12638542430807,nM,GDSC
SIDM00729,NCI-H2228,LUAD,,,osimertinib,IC50,21589.908360862675,nM,GDSC
SIDM00727,NCI-H2342,Non-Small Cell Lung Carcinoma,Lung,MET_AMP,osimertinib,IC50,14138.61914840485,nM,GDSC
SIDM00726,NCI-H2347,LUAD,,,osimertinib,IC50,34951.66125912093,nM,GDSC
SIDM00724,NCI-H2405,LUAD,,,osimertinib,IC50,28027.69139917264,nM,GDSC
SIDM01122,NCI-H661,UNCLASSIFIED,,,osimertinib,IC50,9448.651189039538,nM,GDSC
SIDM00509,COR-L311,SCLC,,,osimertinib,IC50,9086.392820465371,nM,GDSC
SIDM00865,DMS-114,SCLC,,,osimertinib,IC50,6096.238855808379,nM,GDSC
SIDM00522,DMS-273,SCLC,,,osimertinib,IC50,18130.54345912376,nM,GDSC
SIDM00654,NCI-H1048,SCLC,,,osimertinib,IC50,4852.907452119263,nM,GDSC
SIDM00653,NCI-H1092,SCLC,,,osimertinib,IC50,9809.418543439639,nM,GDSC
SIDM00741,NCI-H1694,SCLC,,,osimertinib,IC50,20978.41390968551,nM,GDSC
SIDM00760,NCI-H1963,SCLC,,,osimertinib,IC50,2723.1873115598733,nM,GDSC
SIDM00735,NCI-H2029,SCLC,,,osimertinib,IC50,5267.3584815788045,nM,GDSC
SIDM00706,NCI-H209,SCLC,,,osimertinib,IC50,9311.907895565171,nM,GDSC
SIDM00699,NCI-H2141,SCLC,,,osimertinib,IC50,2307.9253405329437,nM,GDSC
SIDM00733,NCI-H2171,SCLC,,,osimertinib,IC50,7630.603974292117,nM,GDSC
SIDM00730,NCI-H2227,SCLC,,,osimertinib,IC50,1132.0045508970657,nM,GDSC
SIDM00719,NCI-H345,SCLC,,,osimertinib,IC50,39692.76780741039,nM,GDSC
SIDM00965,NCI-H446,SCLC,,,osimertinib,IC50,5530.028670169953,nM,GDSC
SIDM01128,NCI-H526,SCLC,,,osimertinib,IC50,8824.359303377614,nM,GDSC
SIDM01126,NCI-H64,SCLC,,,osimertinib,IC50,3257.8484733578302,nM,GDSC
SIDM01121,NCI-H69,SCLC,,,osimertinib,IC50,7864.3036911717845,nM,GDSC
SIDM01131,NCI-H82,SCLC,,,osimertinib,IC50,7860.655500704723,nM,GDSC
SIDM00713,NCI-H2052,MESO,,,osimertinib,IC50,17101.873176591424,nM,GDSC
SIDM01100,SK-N-DZ,NB,,,osimertinib,IC50,4145.693149255432,nM,GDSC
SIDM01099,SK-N-FI,NB,,,osimertinib,IC50,5312.348413956739,nM,GDSC
SIDM01179,VA-ES-BJ,UNCLASSIFIED,,,osimertinib,IC50,12538.137506858451,nM,GDSC
SIDM00320,VMRC-LCD,LUAD,,,osimertinib,IC50,16263.998758633243,nM,GDSC
SIDM00368,SBC-5,SCLC,,,osimertinib,IC50,2720.016645613429,nM,GDSC
SIDM00365,SBC-1,SCLC,,,osimertinib,IC50,5178.9068438769755,nM,GDSC
SIDM00294,LU-135,SCLC,,,osimertinib,IC50,15187.519423294516,nM,GDSC
SIDM01098,SK-N-SH,NB,,,osimertinib,IC50,6046.429907907795,nM,GDSC
SIDM00715,NCI-H2030,LUAD,,,osimertinib,IC50,1965.2589150000506,nM,GDSC
SIDM00702,NCI-H2122,LUAD,,,osimertinib,IC50,2121.1385576149696,nM,GDSC
SIDM00739,NCI-H1734,LUAD,,,osimertinib,IC50,6509.489270039921,nM,GDSC
SIDM01124,NCI-H650,LUAD,,,osimertinib,IC50,17715.748681526795,nM,GDSC
SIDM01184,T24,BLCA,,,osimertinib,IC50,14029.959395634147,nM,GDSC
SIDM01148,NCI-H929,MM,,,osimertinib,IC50,12578.298654051729,nM,GDSC
SIDM01101,SK-N-AS,NB,,,osimertinib,IC50,41382.041229850256,nM,GDSC
SIDM00649,NCI-H1299,UNCLASSIFIED,,,osimertinib,IC50,45478.46876500901,nM,GDSC
SIDM00708,NCI-H2087,LUAD,,,osimertinib,IC50,30308.342359006518,nM,GDSC
SIDM01182,UM-UC-3,BLCA,,,osimertinib,IC50,17389.055255375373,nM,GDSC
SIDM01174,SW756,CESC,,,osimertinib,IC50,26982.83707512163,nM,GDSC
SIDM01119,NCI-H727,UNCLASSIFIED,,,osimertinib,IC50,51443.90547668367,nM,GDSC
SIDM00921,Calu-6,LUAD,,,osimertinib,IC50,32511.374086431028,nM,GDSC
SIDM00547,LU-65,UNCLASSIFIED,,,osimertinib,IC50,27937.280066423,nM,GDSC
SIDM00645,NCI-H1355,LUAD,,,osimertinib,IC50,25234.043112185787,nM,GDSC
SIDM00771,NCI-H1792,LUAD,,,osimertinib,IC50,8967.168832535197,nM,GDSC
SIDM00669,HPAF-II,PAAD,,,osimertinib,IC50,16800.573118100714,nM,GDSC
SIDM00505,MIA-PaCa-2,PAAD,,,osimertinib,IC50,7474.117110550449,nM,GDSC
SIDM01078,SHP-77,SCLC,,,osimertinib,IC50,6354.473162842718,nM,GDSC
SIDM00756,NCI-H2009,LUAD,,,osimertinib,IC50,10737.82978256909,nM,GDSC
SIDM00728,NCI-H2291,LUAD,,,osimertinib,IC50,6114.5978349393545,nM,GDSC
SIDM01163,SW1573,LUAD,,,osimertinib,IC50,100482.0394914036,nM,GDSC
SIDM00347,TE-5,ESCA,,,osimertinib,IC50,5900.983311552835,nM,GDSC
SIDM00872,HCC1954,BRCA,,,osimertinib,IC50,3123.324564330506,nM,GDSC
SIDM00866,HCC1143,BRCA,,,osimertinib,IC50,2850.9121622411894,nM,GDSC
SIDM00885,HCC1187,BRCA,,,osimertinib,IC50,6287.999653362029,nM,GDSC
SIDM00884,HCC1395,BRCA,,,osimertinib,IC50,13562.505000485471,nM,GDSC
SIDM00877,HCC1599,BRCA,,,osimertinib,IC50,7116.136843393421,nM,GDSC
SIDM00874,HCC1937,BRCA,,,osimertinib,IC50,4090.7691147822743,nM,GDSC
SIDM00774,HCC2157,BRCA,,,osimertinib,IC50,1605.8560839161946,nM,GDSC
SIDM00772,HCC2218,BRCA,,,osimertinib,IC50,132.89113762814904,nM,GDSC
SIDM00675,HCC38,BRCA,,,osimertinib,IC50,19257.257448597225,nM,GDSC
SIDM00172,BB30-HNC,HNSC,,,osimertinib,IC50,448.87716647163836,nM,GDSC
SIDM00174,BB49-HNC,HNSC,,,osimertinib,IC50,5686.443450072392,nM,GDSC
SIDM00191,BB65-RCC,KIRC,,,osimertinib,IC50,5953.91508112338,nM,GDSC
SIDM00990,BEN,UNCLASSIFIED,,,osimertinib,IC50,3316.0754820616567,nM,GDSC
SIDM00986,BHY,HNSC,,,osimertinib,IC50,2198.017900625709,nM,GDSC
SIDM00489,Ca9-22,HNSC,,,osimertinib,IC50,969.2031887117871,nM,GDSC
SIDM00961,CADO-ES1,UNCLASSIFIED,,,osimertinib,IC50,4054.5592958642533,nM,GDSC
SIDM00939,CAL-12T,UNCLASSIFIED,,,osimertinib,IC50,1307.8754149638564,nM,GDSC
SIDM00942,CAL-33,HNSC,,,osimertinib,IC50,1614.7061667037642,nM,GDSC
SIDM00175,CP50-MEL-B,SKCM,,,osimertinib,IC50,6739.19849367127,nM,GDSC
SIDM00190,CP66-MEL,SKCM,,,osimertinib,IC50,21460.37046283083,nM,GDSC
SIDM00953,CPC-N,SCLC,,,osimertinib,IC50,5357.454738072519,nM,GDSC
SIDM00951,CTV-1,LAML,,,osimertinib,IC50,1630.211889616523,nM,GDSC
SIDM00207,D-542MG,GBM,,,osimertinib,IC50,6094.148204448042,nM,GDSC
SIDM00524,DMS-79,Small Cell Lung Carcinoma,Lung,MET_AMP,osimertinib,IC50,20480.495618488552,nM,GDSC
SIDM00970,DSH1,BLCA,,,osimertinib,IC50,233.07173436229328,nM,GDSC
SIDM00486,EBC-1,Squamous Cell Lung Carcinoma,Lung,MET_AMP,osimertinib,IC50,3227.4617745598393,nM,GDSC
SIDM00278,EC-GI-10,ESCA,,,osimertinib,IC50,298.588472434205,nM,GDSC
SIDM01044,EPLC-272H,LUSC,,,osimertinib,IC50,2115.4594014525405,nM,GDSC
SIDM00188,HA7-RCC,KIRC,,,osimertinib,IC50,4201.892419996519,nM,GDSC
SIDM00052,HCE-4,ESCA,,,osimertinib,IC50,12655.982142076424,nM,GDSC
SIDM00591,HO-1-u-1,HNSC,,,osimertinib,IC50,611.7350592038139,nM,GDSC
SIDM00590,HSC-2,HNSC,,,osimertinib,IC50,1694.7343451090871,nM,GDSC
SIDM00632,IM-9,MM,,,osimertinib,IC50,4964.581480567038,nM,GDSC
SIDM00223,IST-SL1,SCLC,,,osimertinib,IC50,2421.4608135188087,nM,GDSC
SIDM00230,IST-SL2,SCLC,,,osimertinib,IC50,13536.72009558803,nM,GDSC
SIDM00693,J82,BLCA,,,osimertinib,IC50,10806.880342089087,nM,GDSC
SIDM00606,KNS-62,LUSC,,,osimertinib,IC50,9083.749064839716,nM,GDSC
SIDM00603,KOSC-2,HNSC,,,osimertinib,IC50,2171.2803139596003,nM,GDSC
SIDM00301,KP-4,PAAD,,,osimertinib,IC50,12651.730446401561,nM,GDSC
SIDM01032,KYSE-140,ESCA,,,osimertinib,IC50,1328.7584366936787,nM,GDSC
SIDM01028,KYSE-410,ESCA,,,osimertinib,IC50,1002.422930563511,nM,GDSC
SIDM01025,KYSE-520,ESCA,,,osimertinib,IC50,481.9600751506124,nM,GDSC
SIDM01024,KYSE-70,ESCA,,,osimertinib,IC50,8509.804760838899,nM,GDSC
SIDM00187,LB1047-RCC,KIRC,,,osimertinib,IC50,1138.4936169929865,nM,GDSC
SIDM00186,LB2241-RCC,KIRC,,,osimertinib,IC50,4009.2091403105715,nM,GDSC
SIDM00185,LB2518-MEL,SKCM,,,osimertinib,IC50,18225.432340496685,nM,GDSC
SIDM00184,LB373-MEL-D,SKCM,,,osimertinib,IC50,5957.589780256539,nM,GDSC
SIDM00183,LB647-SCLC,SCLC,,,osimertinib,IC50,2553.7809844544313,nM,GDSC
SIDM00182,LB771-HNC,HNSC,,,osimertinib,IC50,5615.092153067065,nM,GDSC
SIDM00181,LB831-BLC,BLCA,,,osimertinib,IC50,34887.37444491252,nM,GDSC
SIDM00180,LB996-RCC,KIRC,,,osimertinib,IC50,860.4059209391716,nM,GDSC
SIDM00345,LCLC-103H,UNCLASSIFIED,,,osimertinib,IC50,16623.992779252934,nM,GDSC
SIDM00296,LU-134-A,SCLC,,,osimertinib,IC50,3728.522341232549,nM,GDSC
SIDM00292,LU-165,SCLC,,,osimertinib,IC50,50987.678219792,nM,GDSC
SIDM00339,LXF-289,LUAD,,,osimertinib,IC50,10417.072012945828,nM,GDSC
SIDM00245,MS-1,SCLC,,,osimertinib,IC50,8812.022656208994,nM,GDSC
SIDM00053,MZ1-PC,PAAD,,,osimertinib,IC50,15629.903962801234,nM,GDSC
SIDM00516,MZ7-mel,SKCM,,,osimertinib,IC50,7484.812743573523,nM,GDSC
SIDM00751,NCI-H1563,LUAD,,,osimertinib,IC50,2417.9788372909006,nM,GDSC
SIDM00493,NCI-H292,UNCLASSIFIED,,,osimertinib,IC50,338.54914924200983,nM,GDSC
SIDM00927,NCI-H510A,SCLC,,,osimertinib,IC50,2829.502779700916,nM,GDSC
SIDM01133,NCI-H835,UNCLASSIFIED,,,osimertinib,IC50,8627.277620512128,nM,GDSC
SIDM00237,PC-14,Non-Small Cell Lung Carcinoma,Lung,EGFR_EXON19DEL,osimertinib,IC50,36.722523236488875,nM,GDSC
SIDM00367,SBC-3,SCLC,,,osimertinib,IC50,11716.580788635383,nM,GDSC
SIDM00391,SK-MM-2,MM,,,osimertinib,IC50,21303.214993771453,nM,GDSC
SIDM00417,U-266,MM,,,osimertinib,IC50,10224.041942663962,nM,GDSC
SIDM01229,BE2-M17,NB,,,osimertinib,IC50,5573.091907400262,nM,GDSC
SIDM01009,KELLY,NB,,,osimertinib,IC50,1339.31996990081,nM,GDSC
SIDM00395,SIMA,NB,,,osimertinib,IC50,2593.501777042643,nM,GDSC
SIDM00369,TE-1,ESCA,,,osimertinib,IC50,1719.0864224895424,nM,GDSC
SIDM00349,TE-10,ESCA,,,osimertinib,IC50,2941.5627860393092,nM,GDSC
SIDM00326,TE-8,ESCA,,,osimertinib,IC50,6412.229330901285,nM,GDSC
SIDM00934,CAPAN-1,PAAD,,,osimertinib,IC50,8513.626521097483,nM,GDSC
SIDM00105,OVCAR-3,OV,,,osimertinib,IC50,4233.00862881511,nM,GDSC
SIDM00088,PC-3,PRAD,,,osimertinib,IC50,10709.005253636022,nM,GDSC
SIDM00120,DU-145,PRAD,,,osimertinib,IC50,11422.453231180201,nM,GDSC
SIDM00783,HCT-116,COREAD,,,osimertinib,IC50,9920.228943377773,nM,GDSC
SIDM00789,HCT-15,COREAD,,,osimertinib,IC50,4627.200307513293,nM,GDSC
SIDM00829,HL-60,LAML,,,osimertinib,IC50,2878.5134566340203,nM,GDSC
SIDM00136,HT-29,COREAD,,,osimertinib,IC50,10038.242006722965,nM,GDSC
SIDM00791,K-562,LCML,,,osimertinib,IC50,7007.177633987058,nM,GDSC
SIDM00139,NCI-H226,LUSC,,,osimertinib,IC50,91822.00731538988,nM,GDSC
SIDM00138,NCI-H23,LUAD,,,osimertinib,IC50,18961.810826630903,nM,GDSC
SIDM00144,NCI-H460,UNCLASSIFIED,,,osimertinib,IC50,4334.719923690085,nM,GDSC
SIDM00116,NCI-H522,LUAD,,,osimertinib,IC50,6372.794051342932,nM,GDSC
SIDM00097,T47D,BRCA,,,osimertinib,IC50,3204.4677245598464,nM,GDSC
SIDM00148,MCF7,BRCA,,,osimertinib,IC50,14515.092932924752,nM,GDSC
SIDM00125,786-0,KIRC,,,osimertinib,IC50,5850.458299675052,nM,GDSC
SIDM00124,A498,KIRC,,,osimertinib,IC50,5580.8941193534365,nM,GDSC
SIDM00903,A549,LUAD,,,osimertinib,IC50,3363.3752215652285,nM,GDSC
SIDM00123,ACHN,KIRC,,,osimertinib,IC50,1201.5699579390334,nM,GDSC
SIDM00122,BT-549,BRCA,,,osimertinib,IC50,10517.830922750867,nM,GDSC
SIDM00121,CCRF-CEM,ALL,,,osimertinib,IC50,4086.9501201771745,nM,GDSC
SIDM00081,SK-MEL-28,SKCM,,,osimertinib,IC50,13013.10595494996,nM,GDSC
SIDM00082,SK-MEL-2,SKCM,,,osimertinib,IC50,4260.68523230656,nM,GDSC
SIDM00080,SK-MEL-5,SKCM,,,osimertinib,IC50,12472.97121055845,nM,GDSC
SIDM00135,Hs-578-T,BRCA,,,osimertinib,IC50,25862.21440013611,nM,GDSC
SIDM00145,MOLT-4,ALL,,,osimertinib,IC50,4381.941977562853,nM,GDSC
SIDM00079,SK-OV-3,OV,,,osimertinib,IC50,1721.5895137915945,nM,GDSC
SIDM00146,MDA-MB-231,BRCA,,,osimertinib,IC50,11212.004111412654,nM,GDSC
SIDM00826,COLO-205,COREAD,,,osimertinib,IC50,11786.96193695733,nM,GDSC
SIDM00841,SW620,COREAD,,,osimertinib,IC50,45815.387210903325,nM,GDSC
SIDM00941,CAKI-1,KIRC,,,osimertinib,IC50,934.5192995741401,nM,GDSC
SIDM00087,RPMI-8226,MM,,,osimertinib,IC50,3430.5753924164537,nM,GDSC
SIDM00096,SR,UNCLASSIFIED,,,osimertinib,IC50,490.0724704185738,nM,GDSC
SIDM00117,NCI-H322M,LUAD,,,osimertinib,IC50,251.38440936590246,nM,GDSC
SIDM00151,IGROV-1,OV,,,osimertinib,IC50,561.7181878280087,nM,GDSC
SIDM00091,OVCAR-5,OV,,,osimertinib,IC50,58342.91914762516,nM,GDSC
SIDM00119,EKVX,LUAD,,,osimertinib,IC50,3205.7177107038797,nM,GDSC
SIDM00118,HCC2998,COREAD,,,osimertinib,IC50,6639.2566040547845,nM,GDSC
SIDM00133,HOP-62,LUAD,,,osimertinib,IC50,15520.643864356613,nM,GDSC
SIDM00134,HOP-92,UNCLASSIFIED,,,osimertinib,IC50,25615.20191382109,nM,GDSC
SIDM00149,LOXIMVI,SKCM,,,osimertinib,IC50,16927.27116920882,nM,GDSC
SIDM00003,M14,SKCM,,,osimertinib,IC50,9045.912516053606,nM,GDSC
SIDM00107,UACC-62,SKCM,,,osimertinib,IC50,10939.345840446025,nM,GDSC
SIDM00108,UACC-257,SKCM,,,osimertinib,IC50,31767.85724036267,nM,GDSC
SIDM00086,RXF393,KIRC,,,osimertinib,IC50,14576.184525783423,nM,GDSC
SIDM00094,SN12C,KIRC,,,osimertinib,IC50,8936.812661001404,nM,GDSC
SIDM00113,TK10,KIRC,,,osimertinib,IC50,8803.796069462149,nM,GDSC
SIDM00112,U031,KIRC,,,osimertinib,IC50,1338.8606619269544,nM,GDSC
SIDM00095,SNB75,GBM,,,osimertinib,IC50,4700.721464402572,nM,GDSC
SIDM00111,U251,GBM,,,osimertinib,IC50,17147.83625906145,nM,GDSC
SIDM00083,SF539,LGG,,,osimertinib,IC50,4626.524785582697,nM,GDSC
SIDM00084,SF295,GBM,,,osimertinib,IC50,5025.696242155363,nM,GDSC
SIDM00085,SF268,GBM,,,osimertinib,IC50,23664.735820602495,nM,GDSC
SIDM00150,KM12,COREAD,,,osimertinib,IC50,13126.091934149556,nM,GDSC
SIDM00092,OVCAR-4,OV,,,osimertinib,IC50,9233.13828561096,nM,GDSC
SIDM00090,OVCAR-8,OV,,,osimertinib,IC50,4539.119270717025,nM,GDSC
SIDM00132,BxPC-3,PAAD,,,osimertinib,IC50,5976.684602975465,nM,GDSC
SIDM00984,BONNA-12,NA,,,osimertinib,IC50,2148.7429570216036,nM,GDSC
SIDM00987,BHT-101,THCA,,,osimertinib,IC50,10646.125253582299,nM,GDSC
SIDM00490,Becker,GBM,,,osimertinib,IC50,11648.36701732202,nM,GDSC
SIDM01245,BE-13,ALL,,,osimertinib,IC50,2676.310053256919,nM,GDSC
SIDM00900,ARH-77,MM,,,osimertinib,IC50,9615.900207661747,nM,GDSC
SIDM00850,AGS,STAD,,,osimertinib,IC50,15414.921979670416,nM,GDSC
SIDM00494,ABC-1,LUAD,,,osimertinib,IC50,17141.54415782557,nM,GDSC
SIDM00797,A2058,SKCM,,,osimertinib,IC50,4879.027903892171,nM,GDSC
SIDM00795,A375,SKCM,,,osimertinib,IC50,9078.627274847691,nM,GDSC
SIDM00796,A253,UNCLASSIFIED,,,osimertinib,IC50,7471.98729068769,nM,GDSC
SIDM00997,8305C,THCA,,,osimertinib,IC50,14267.525347253162,nM,GDSC
SIDM00983,647-V,BLCA,,,osimertinib,IC50,7896.653009373068,nM,GDSC
SIDM00999,639-V,BLCA,,,osimertinib,IC50,7608.256201864319,nM,GDSC
SIDM01076,697,UNCLASSIFIED,,,osimertinib,IC50,1504.270405111657,nM,GDSC
SIDM00893,BT-20,BRCA,,,osimertinib,IC50,13986.086303932769,nM,GDSC
SIDM00210,A2780,UNCLASSIFIED,,,osimertinib,IC50,1510.4505744623991,nM,GDSC
SIDM00513,COR-L105,LUAD,,,osimertinib,IC50,250.89544008692582,nM,GDSC
SIDM00952,CRO-AP2,DLBC,,,osimertinib,IC50,10577.044081369106,nM,GDSC
SIDM00506,COR-L88,SCLC,,,osimertinib,IC50,3334.384151178133,nM,GDSC
SIDM00954,COLO-824,BRCA,,,osimertinib,IC50,2114.8290884722064,nM,GDSC
SIDM00515,COLO-800,SKCM,,,osimertinib,IC50,16194.537596867218,nM,GDSC
SIDM00140,COLO-792,SKCM,,,osimertinib,IC50,14414.620442329486,nM,GDSC
SIDM00956,COLO-680N,ESCA,,,osimertinib,IC50,9842.335200176272,nM,GDSC
SIDM00284,COLO-679,SKCM,,,osimertinib,IC50,25780.02584417831,nM,GDSC
SIDM00910,CHP-212,NB,,,osimertinib,IC50,9932.199956553513,nM,GDSC
SIDM00130,CFPAC-1,PAAD,,,osimertinib,IC50,5354.118083246599,nM,GDSC
SIDM00923,Ca-Ski,CESC,,,osimertinib,IC50,1114.1970377867167,nM,GDSC
SIDM00919,Caov-3,OV,,,osimertinib,IC50,15050.572043388256,nM,GDSC
SIDM00940,CAL-120,BRCA,,,osimertinib,IC50,95858.29430807513,nM,GDSC
SIDM00930,CAL-72,UNCLASSIFIED,,,osimertinib,IC50,6467.295403368962,nM,GDSC
SIDM00931,CAL-62,THCA,,,osimertinib,IC50,6757.756795498284,nM,GDSC
SIDM00890,C32,SKCM,,,osimertinib,IC50,11183.092058319919,nM,GDSC
SIDM00845,Daudi,UNCLASSIFIED,,,osimertinib,IC50,2966.24249905189,nM,GDSC
SIDM00886,DB,DLBC,,,osimertinib,IC50,5285.049577114701,nM,GDSC
SIDM00887,Daoy,MB,,,osimertinib,IC50,11087.817687640429,nM,GDSC
SIDM00888,D-283MED,MB,,,osimertinib,IC50,1488.2486113869577,nM,GDSC
SIDM00867,DBTRG-05MG,GBM,,,osimertinib,IC50,23760.748582604177,nM,GDSC
SIDM00949,DEL,UNCLASSIFIED,,,osimertinib,IC50,907.4770521952852,nM,GDSC
SIDM00831,Detroit562,HNSC,,,osimertinib,IC50,1743.4240074887825,nM,GDSC
SIDM00948,DG-75,UNCLASSIFIED,,,osimertinib,IC50,9575.780058509528,nM,GDSC
SIDM00947,DK-MG,GBM,,,osimertinib,IC50,3716.3499858242903,nM,GDSC
SIDM00281,DJM-1,UNCLASSIFIED,,,osimertinib,IC50,5488.8787517017745,nM,GDSC
SIDM00981,DOHH-2,DLBC,,,osimertinib,IC50,2883.134297141834,nM,GDSC
SIDM00864,DoTc2-4510,CESC,,,osimertinib,IC50,2503.9688172865813,nM,GDSC
SIDM01001,DU-4475,BRCA,,,osimertinib,IC50,1736.6708918130616,nM,GDSC
SIDM00863,EB2,UNCLASSIFIED,,,osimertinib,IC50,7713.168014480215,nM,GDSC
SIDM00793,EB-3,UNCLASSIFIED,,,osimertinib,IC50,2640.39360804166,nM,GDSC
SIDM00280,ECC10,UNCLASSIFIED,,,osimertinib,IC50,3341.9985623614684,nM,GDSC
SIDM00279,ECC12,UNCLASSIFIED,,,osimertinib,IC50,3627.174606891852,nM,GDSC
SIDM01056,EFM-19,BRCA,,,osimertinib,IC50,5191.392678468658,nM,GDSC
SIDM01051,EFO-27,UNCLASSIFIED,,,osimertinib,IC50,1831.9848562890397,nM,GDSC
SIDM01047,EM-2,LCML,,,osimertinib,IC50,3351.215111765486,nM,GDSC
SIDM00277,EoL-1-cell,UNCLASSIFIED,,,osimertinib,IC50,980.0781162843475,nM,GDSC
SIDM00276,ETK-1,UNCLASSIFIED,,,osimertinib,IC50,1398.1542864644339,nM,GDSC
SIDM01042,EVSA-T,BRCA,,,osimertinib,IC50,8130.407131653248,nM,GDSC
SIDM00860,FADU,HNSC,,,osimertinib,IC50,603.0205519499622,nM,GDSC
SIDM00213,FTC-133,THCA,,,osimertinib,IC50,12065.655158423746,nM,GDSC
SIDM00857,G-361,SKCM,,,osimertinib,IC50,10066.29787391421,nM,GDSC
SIDM01055,GAMG,LGG,,,osimertinib,IC50,30398.431144753253,nM,GDSC
SIDM00274,GCIY,STAD,,,osimertinib,IC50,4292.138098315465,nM,GDSC
SIDM01057,GDM-1,LAML,,,osimertinib,IC50,674.14571302775,nM,GDSC
SIDM00273,GI-1,LGG,,,osimertinib,IC50,9189.513527657948,nM,GDSC
SIDM00227,GI-ME-N,NB,,,osimertinib,IC50,15088.547313681654,nM,GDSC
SIDM00544,GOTO,NB,,,osimertinib,IC50,1299.4199856217913,nM,GDSC
SIDM01259,GR-ST,ALL,,,osimertinib,IC50,3768.1682196561196,nM,GDSC
SIDM00853,GCT,UNCLASSIFIED,,,osimertinib,IC50,12128.35379226084,nM,GDSC
SIDM01043,ESS-1,UNCLASSIFIED,,,osimertinib,IC50,13104.451740527564,nM,GDSC
SIDM00852,H4,LGG,,,osimertinib,IC50,9138.808354528539,nM,GDSC
SIDM01251,H9,UNCLASSIFIED,,,osimertinib,IC50,2756.0872200948215,nM,GDSC
SIDM01073,HC-1,UNCLASSIFIED,,,osimertinib,IC50,4639.042559450019,nM,GDSC
SIDM00882,HCC1419,BRCA,,,osimertinib,IC50,901.9546836837809,nM,GDSC
SIDM00878,HCC1569,BRCA,,,osimertinib,IC50,1099.5126102238728,nM,GDSC
SIDM00875,HCC1806,UNCLASSIFIED,,,osimertinib,IC50,947.9381703536931,nM,GDSC
SIDM00673,HCC70,BRCA,,,osimertinib,IC50,6830.193472170341,nM,GDSC
SIDM00596,HEC-1,UCEC,,,osimertinib,IC50,22023.696779172446,nM,GDSC
SIDM00594,HEL,LAML,,,osimertinib,IC50,5696.853472205813,nM,GDSC
SIDM00290,HGC-27,STAD,,,osimertinib,IC50,3254.191963037072,nM,GDSC
SIDM00671,HH,UNCLASSIFIED,,,osimertinib,IC50,15374.633868836043,nM,GDSC
SIDM00064,HLE,LIHC,,,osimertinib,IC50,4177.575273014489,nM,GDSC
SIDM00291,HMV-II,SKCM,,,osimertinib,IC50,8541.144370050532,nM,GDSC
SIDM00806,HOS,UNCLASSIFIED,,,osimertinib,IC50,4001.8069635372162,nM,GDSC
SIDM00589,HSC-3,HNSC,,,osimertinib,IC50,875.0615957143738,nM,GDSC
SIDM00588,HSC-4,HNSC,,,osimertinib,IC50,1673.9950247667607,nM,GDSC
SIDM00661,HT,DLBC,,,osimertinib,IC50,121.28198380386641,nM,GDSC
SIDM00828,HT-1080,UNCLASSIFIED,,,osimertinib,IC50,9895.89475570715,nM,GDSC
SIDM00676,HT-1197,BLCA,,,osimertinib,IC50,2937.1361265947476,nM,GDSC
SIDM00678,HT-1376,BLCA,,,osimertinib,IC50,4329.175031675713,nM,GDSC
SIDM00695,HT-144,SKCM,,,osimertinib,IC50,21503.592194683635,nM,GDSC
SIDM00679,HT-3,CESC,,,osimertinib,IC50,2075.5164203604645,nM,GDSC
SIDM00587,HuCCT1,UNCLASSIFIED,,,osimertinib,IC50,3789.321578359496,nM,GDSC
SIDM00585,HuH-7,LIHC,,,osimertinib,IC50,11704.951998562083,nM,GDSC
SIDM00599,HuO9,UNCLASSIFIED,,,osimertinib,IC50,4102.181888147387,nM,GDSC
SIDM00694,HuTu-80,UNCLASSIFIED,,,osimertinib,IC50,2802.9964340742968,nM,GDSC
SIDM01060,IGR-1,SKCM,,,osimertinib,IC50,6923.157834458537,nM,GDSC
SIDM01206,IMR-5,NB,,,osimertinib,IC50,2617.7600255162765,nM,GDSC
SIDM01059,IPC-298,SKCM,,,osimertinib,IC50,12770.106373975445,nM,GDSC
SIDM00225,IST-MEL1,SKCM,,,osimertinib,IC50,10152.2768446312,nM,GDSC
SIDM00224,IST-MES1,MESO,,,osimertinib,IC50,16223.357097658429,nM,GDSC
SIDM01039,JAR,UNCLASSIFIED,,,osimertinib,IC50,2506.0880712240228,nM,GDSC
SIDM01218,JEG-3,UNCLASSIFIED,,,osimertinib,IC50,2122.4455814884836,nM,GDSC
SIDM00808,JiyoyeP-2003,UNCLASSIFIED,,,osimertinib,IC50,3248.9081953211103,nM,GDSC
SIDM01013,JVM-2,CLL,,,osimertinib,IC50,4801.935184006344,nM,GDSC
SIDM01012,JVM-3,CLL,,,osimertinib,IC50,3828.0632636175283,nM,GDSC
SIDM00613,KALS-1,LGG,,,osimertinib,IC50,18667.779194567112,nM,GDSC
SIDM01007,KARPAS-45,ALL,,,osimertinib,IC50,8973.708281953821,nM,GDSC
SIDM01010,KARPAS-299,UNCLASSIFIED,,,osimertinib,IC50,1828.8969032572138,nM,GDSC
SIDM01008,KARPAS-422,DLBC,,,osimertinib,IC50,5864.029527751711,nM,GDSC
SIDM01005,KASUMI-1,LAML,,,osimertinib,IC50,1368.563979556697,nM,GDSC
SIDM00687,KATOIII,STAD,,,osimertinib,IC50,44990.933873732116,nM,GDSC
SIDM01003,KE-37,ALL,,,osimertinib,IC50,1957.276566314473,nM,GDSC
SIDM00785,KG-1,LAML,,,osimertinib,IC50,13698.454277378885,nM,GDSC
SIDM00612,KINGS-1,LGG,,,osimertinib,IC50,38630.57262916564,nM,GDSC
SIDM01019,KMOE-2,LAML,,,osimertinib,IC50,4915.915486310645,nM,GDSC
SIDM01020,KMS-12-BM,MM,,,osimertinib,IC50,1475.689000929831,nM,GDSC
SIDM00607,KNS-42,LGG,,,osimertinib,IC50,22768.52272860074,nM,GDSC
SIDM00533,HuP-T3,PAAD,,,osimertinib,IC50,15215.033726383339,nM,GDSC
SIDM00531,HuP-T4,PAAD,,,osimertinib,IC50,7144.036837600905,nM,GDSC
SIDM00541,HT55,COREAD,,,osimertinib,IC50,1634.039222291352,nM,GDSC
SIDM00534,HT-115,COREAD,,,osimertinib,IC50,3359.1098053880314,nM,GDSC
SIDM00535,H-EMC-SS,UNCLASSIFIED,,,osimertinib,IC50,6165.455384578379,nM,GDSC
SIDM00537,GP5d,COREAD,,,osimertinib,IC50,3303.584199069549,nM,GDSC
SIDM00523,DMS-53,SCLC,,,osimertinib,IC50,6919.337305896809,nM,GDSC
SIDM00855,G-402,UNCLASSIFIED,,,osimertinib,IC50,6821.19720701506,nM,GDSC
SIDM00856,G-401,UNCLASSIFIED,,,osimertinib,IC50,1352.082504774009,nM,GDSC
SIDM00553,KY821,LAML,,,osimertinib,IC50,5580.620662241341,nM,GDSC
SIDM00308,KU812,LCML,,,osimertinib,IC50,3117.991361170214,nM,GDSC
SIDM01033,KU-19-19,BLCA,,,osimertinib,IC50,18002.974603627143,nM,GDSC
SIDM00555,KS-1,GBM,,,osimertinib,IC50,14896.182916037995,nM,GDSC
SIDM00556,KP-N-YN,NB,,,osimertinib,IC50,10955.953421751497,nM,GDSC
SIDM01031,KYSE-150,ESCA,,,osimertinib,IC50,2006.0006227833705,nM,GDSC
SIDM01030,KYSE-180,ESCA,,,osimertinib,IC50,2165.033857715851,nM,GDSC
SIDM01029,KYSE-270,ESCA,,,osimertinib,IC50,1300.4274264435423,nM,GDSC
SIDM01027,KYSE-450,ESCA,,,osimertinib,IC50,489.2958315179344,nM,GDSC
SIDM01026,KYSE-510,ESCA,,,osimertinib,IC50,11677.489333844962,nM,GDSC
SIDM00327,L-428,UNCLASSIFIED,,,osimertinib,IC50,7845.334312501821,nM,GDSC
SIDM00329,L-540,UNCLASSIFIED,,,osimertinib,IC50,1376.571517088675,nM,GDSC
SIDM00346,LAMA-84,LCML,,,osimertinib,IC50,5472.3273430782765,nM,GDSC
SIDM00297,LC-2-ad,LUAD,,,osimertinib,IC50,5152.072186197531,nM,GDSC
SIDM00549,LC4-1,ALL,,,osimertinib,IC50,2206.0442950908314,nM,GDSC
SIDM00683,LNCaP-Clone-FGC,PRAD,,,osimertinib,IC50,1481.357652420417,nM,GDSC
SIDM00342,LOUCY,ALL,,,osimertinib,IC50,3139.8028144423743,nM,GDSC
SIDM00839,LoVo,COREAD,,,osimertinib,IC50,588.4754908282217,nM,GDSC
SIDM00340,LP-1,MM,,,osimertinib,IC50,20530.61116603365,nM,GDSC
SIDM00776,LS-123,COREAD,,,osimertinib,IC50,7066.215170487555,nM,GDSC
SIDM00660,LS-411N,COREAD,,,osimertinib,IC50,22261.995790901037,nM,GDSC
SIDM01219,LU-99A,UNCLASSIFIED,,,osimertinib,IC50,9897.844439011526,nM,GDSC
SIDM00637,MC116,DLBC,,,osimertinib,IC50,378.652644282089,nM,GDSC
SIDM01246,MC-IXC,NB,,,osimertinib,IC50,1595.9257892772998,nM,GDSC
SIDM00633,MDA-MB-175-VII,BRCA,,,osimertinib,IC50,150.10053140638308,nM,GDSC
SIDM00528,MDA-MB-361,BRCA,,,osimertinib,IC50,2641.1092516747717,nM,GDSC
SIDM00272,MDA-MB-453,BRCA,,,osimertinib,IC50,3421.989133558907,nM,GDSC
SIDM00628,MDA-MB-468,BRCA,,,osimertinib,IC50,1968.9117914512608,nM,GDSC
SIDM00337,MEL-HO,SKCM,,,osimertinib,IC50,3021.933928165939,nM,GDSC
SIDM00336,MEL-JUSO,SKCM,,,osimertinib,IC50,11875.898378672407,nM,GDSC
SIDM00526,MEG-01,LCML,,,osimertinib,IC50,3682.581497003295,nM,GDSC
SIDM00625,MES-SA,UNCLASSIFIED,,,osimertinib,IC50,4059.4155092052515,nM,GDSC
SIDM00545,Mewo,SKCM,,,osimertinib,IC50,13001.984504456068,nM,GDSC
SIDM00335,MFE-280,UCEC,,,osimertinib,IC50,12753.987910577387,nM,GDSC
SIDM00334,MFE-296,UCEC,,,osimertinib,IC50,7620.728737741161,nM,GDSC
SIDM00525,MG-63,UNCLASSIFIED,,,osimertinib,IC50,30781.996812285124,nM,GDSC
SIDM00331,MHH-CALL-2,UNCLASSIFIED,,,osimertinib,IC50,3311.611735395621,nM,GDSC
SIDM00376,MHH-CALL-4,NA,,,osimertinib,IC50,3645.3558952695867,nM,GDSC
SIDM00386,MHH-ES-1,UNCLASSIFIED,,,osimertinib,IC50,10291.383585094618,nM,GDSC
SIDM00387,MHH-NB-11,NB,,,osimertinib,IC50,1699.5797251531526,nM,GDSC
SIDM00388,MHH-PREB-1,UNCLASSIFIED,,,osimertinib,IC50,6211.0253808240805,nM,GDSC
SIDM00271,MKN1,UNCLASSIFIED,,,osimertinib,IC50,5686.022668826185,nM,GDSC
SIDM00260,MKN28,STAD,,,osimertinib,IC50,8886.257657626547,nM,GDSC
SIDM00441,ML-2,LAML,,,osimertinib,IC50,4175.837763128029,nM,GDSC
SIDM00561,MLMA,UNCLASSIFIED,,,osimertinib,IC50,1538.5878265792644,nM,GDSC
SIDM00438,MN-60,UNCLASSIFIED,,,osimertinib,IC50,17608.59262087348,nM,GDSC
SIDM00532,MOG-G-CCM,LGG,,,osimertinib,IC50,20665.362716013417,nM,GDSC
SIDM00504,MOG-G-UVW,LGG,,,osimertinib,IC50,13468.478104993388,nM,GDSC
SIDM00433,MOLT-13,ALL,,,osimertinib,IC50,2695.1800202594286,nM,GDSC
SIDM00431,MOLT-16,ALL,,,osimertinib,IC50,4902.023112465262,nM,GDSC
SIDM01023,MONO-MAC-6,LAML,,,osimertinib,IC50,1732.8405527344405,nM,GDSC
SIDM00623,Mo-T,UNCLASSIFIED,,,osimertinib,IC50,30684.14280069041,nM,GDSC
SIDM00222,MPP-89,MESO,,,osimertinib,IC50,9768.119787590002,nM,GDSC
SIDM00562,MRK-nu-1,BRCA,,,osimertinib,IC50,12343.208589059699,nM,GDSC
SIDM00640,MSTO-211H,MESO,,,osimertinib,IC50,4121.779551160928,nM,GDSC
SIDM00657,MV-4-11,UNCLASSIFIED,,,osimertinib,IC50,821.8199063185675,nM,GDSC
SIDM00429,NALM-6,UNCLASSIFIED,,,osimertinib,IC50,2325.9975481728966,nM,GDSC
SIDM00641,NAMALWA,UNCLASSIFIED,,,osimertinib,IC50,2776.249732851192,nM,GDSC
SIDM00244,NB69,NB,,,osimertinib,IC50,659.8617075052192,nM,GDSC
SIDM00655,NCCIT,NA,,,osimertinib,IC50,2959.999205725638,nM,GDSC
SIDM00777,NCI-H508,COREAD,,,osimertinib,IC50,368.28285807104464,nM,GDSC
SIDM01130,NCI-H520,LUSC,,,osimertinib,IC50,14427.887995274976,nM,GDSC
SIDM01146,SNU-1,STAD,,,osimertinib,IC50,14685.197299431567,nM,GDSC
SIDM01144,SNU-5,STAD,,,osimertinib,IC50,12134.019056217996,nM,GDSC
SIDM01145,SNU-16,STAD,,,osimertinib,IC50,2100.8415446416984,nM,GDSC
SIDM00577,NH-12,NB,,,osimertinib,IC50,4261.060189104859,nM,GDSC
SIDM00576,NKM-1,LAML,,,osimertinib,IC50,2150.8884729270694,nM,GDSC
SIDM00575,NMC-G1,LGG,,,osimertinib,IC50,56991.43537694042,nM,GDSC
SIDM00573,no-11,LGG,,,osimertinib,IC50,14638.894596808665,nM,GDSC
SIDM00580,NOMO-1,LAML,,,osimertinib,IC50,3531.536339792225,nM,GDSC
SIDM00574,no-10,LGG,,,osimertinib,IC50,21932.575557145177,nM,GDSC
SIDM01203,NTERA-2-cl-D1,UNCLASSIFIED,,,osimertinib,IC50,5175.950532176436,nM,GDSC
SIDM00572,NUGC-3,STAD,,,osimertinib,IC50,1592.0269250515569,nM,GDSC
SIDM00778,NCI-H747,COREAD,,,osimertinib,IC50,1757.0056062358292,nM,GDSC
SIDM00779,NCI-H716,COREAD,,,osimertinib,IC50,18889.684888839794,nM,GDSC
SIDM01127,NCI-H596,UNCLASSIFIED,,,osimertinib,IC50,33320.30596901406,nM,GDSC
SIDM00925,NCI-H441,Non-Small Cell Lung Carcinoma,Lung,MET_AMP,osimertinib,IC50,235075.79639709866,nM,GDSC
SIDM01147,NCI-N87,STAD,,,osimertinib,IC50,61.360989249177926,nM,GDSC
SIDM00722,NCI-H2452,MESO,,,osimertinib,IC50,15050.7677020966,nM,GDSC
SIDM00755,NCI-H1793,LUAD,,,osimertinib,IC50,40530.26585172389,nM,GDSC
SIDM00718,NCI-H358,LUAD,,,osimertinib,IC50,1907.714636008121,nM,GDSC
SIDM00651,NCI-H1155,UNCLASSIFIED,,,osimertinib,IC50,6444.886334461361,nM,GDSC
SIDM00652,NCI-H1105,SCLC,,,osimertinib,IC50,26259.031841199256,nM,GDSC
SIDM00697,NCI-H1436,SCLC,,,osimertinib,IC50,7546.87069607199,nM,GDSC
SIDM00720,NCI-H28,MESO,,,osimertinib,IC50,63046.90669087418,nM,GDSC
SIDM00748,NCI-H1581,UNCLASSIFIED,,,osimertinib,IC50,6888.807547374665,nM,GDSC
SIDM00749,NCI-H1573,Non-Small Cell Lung Carcinoma,Lung,MET_AMP,osimertinib,IC50,23781.3105218848,nM,GDSC
SIDM00743,NCI-H1666,LUAD,,,osimertinib,IC50,1564.4917330054636,nM,GDSC
SIDM00740,NCI-H1703,UNCLASSIFIED,,,osimertinib,IC50,6259.948761408531,nM,GDSC
SIDM00738,NCI-H1755,LUAD,,,osimertinib,IC50,6625.626941008763,nM,GDSC
SIDM00758,NCI-H1993,Non-Small Cell Lung Carcinoma,Lung,MET_AMP,osimertinib,IC50,8097.869480646299,nM,GDSC
SIDM00710,NCI-H2081,SCLC,,,osimertinib,IC50,19853.13640616437,nM,GDSC
SIDM00731,NCI-H2196,SCLC,,,osimertinib,IC50,5770.674664839515,nM,GDSC
SIDM01129,NCI-H524,SCLC,,,osimertinib,IC50,13156.961366056363,nM,GDSC
SIDM01117,NCI-H748,SCLC,,,osimertinib,IC50,2936.1200532857656,nM,GDSC
SIDM00567,ONS-76,MB,,,osimertinib,IC50,14481.413505841563,nM,GDSC
SIDM00457,OPM-2,MM,,,osimertinib,IC50,3185.7285277661285,nM,GDSC
SIDM00239,OS-RC-2,KIRC,,,osimertinib,IC50,6403.559451112849,nM,GDSC
SIDM00463,P12-ICHIKAWA,ALL,,,osimertinib,IC50,1406.7231604068038,nM,GDSC
SIDM00364,P30-OHK,ALL,,,osimertinib,IC50,4138.303825913388,nM,GDSC
SIDM00363,P31-FUJ,LAML,,,osimertinib,IC50,7390.896202982729,nM,GDSC
SIDM01140,PA-1,UNCLASSIFIED,,,osimertinib,IC50,5608.722638856428,nM,GDSC
SIDM00241,OCUB-M,BRCA,,,osimertinib,IC50,455.9833423815521,nM,GDSC
SIDM00220,OC-314,OV,,,osimertinib,IC50,2467.9651865310675,nM,GDSC
SIDM00451,PF-382,ALL,,,osimertinib,IC50,3096.9104949240677,nM,GDSC
SIDM00844,Raji,UNCLASSIFIED,,,osimertinib,IC50,1946.566400007421,nM,GDSC
SIDM00359,RCM-1,COREAD,,,osimertinib,IC50,4506.721729696548,nM,GDSC
SIDM00847,RD,UNCLASSIFIED,,,osimertinib,IC50,21811.557721168138,nM,GDSC
SIDM00447,REH,UNCLASSIFIED,,,osimertinib,IC50,3460.198647521285,nM,GDSC
SIDM01092,RF-48,STAD,,,osimertinib,IC50,10593.292311360148,nM,GDSC
SIDM01090,RKO,COREAD,,,osimertinib,IC50,19694.59041871051,nM,GDSC
SIDM00352,RMG-I,UNCLASSIFIED,,,osimertinib,IC50,2735.967168852791,nM,GDSC
SIDM00813,RPMI-6666,UNCLASSIFIED,,,osimertinib,IC50,3025.7530419799086,nM,GDSC
SIDM00403,RPMI-8402,ALL,,,osimertinib,IC50,1291.4724480092132,nM,GDSC
SIDM01086,RS4-11,ALL,,,osimertinib,IC50,2252.879103996664,nM,GDSC
SIDM00402,RT-112,BLCA,,,osimertinib,IC50,6605.482592309196,nM,GDSC
SIDM00401,RVH-421,SKCM,,,osimertinib,IC50,3645.3631859886686,nM,GDSC
SIDM01084,Saos-2,UNCLASSIFIED,,,osimertinib,IC50,28570.30809360778,nM,GDSC
SIDM00351,SAS,HNSC,,,osimertinib,IC50,1435.2700217829854,nM,GDSC
SIDM01080,SCC-9,HNSC,,,osimertinib,IC50,3350.950376228848,nM,GDSC
SIDM00383,SCH,UNCLASSIFIED,,,osimertinib,IC50,13097.298662845147,nM,GDSC
SIDM00382,SF126,GBM,,,osimertinib,IC50,2159.718739449991,nM,GDSC
SIDM01079,SH-4,SKCM,,,osimertinib,IC50,40189.62991365197,nM,GDSC
SIDM00396,SIG-M5,LAML,,,osimertinib,IC50,2304.378479594424,nM,GDSC
SIDM01095,SJRH30,UNCLASSIFIED,,,osimertinib,IC50,3336.782435462712,nM,GDSC
SIDM01112,SJSA-1,UNCLASSIFIED,,,osimertinib,IC50,6207.119874270118,nM,GDSC
SIDM01096,SK-CO-1,COREAD,,,osimertinib,IC50,2262.6031800633896,nM,GDSC
SIDM01110,SK-HEP-1,LIHC,,,osimertinib,IC50,27422.696227793396,nM,GDSC
SIDM01109,SK-LMS-1,UNCLASSIFIED,,,osimertinib,IC50,25357.511556226473,nM,GDSC
SIDM01108,SK-LU-1,LUAD,,,osimertinib,IC50,95592.7518772968,nM,GDSC
SIDM00380,SKM-1,UNCLASSIFIED,,,osimertinib,IC50,1258.6566482042763,nM,GDSC
SIDM01107,SK-MEL-1,SKCM,,,osimertinib,IC50,48954.04495571649,nM,GDSC
SIDM01105,SK-MEL-3,SKCM,,,osimertinib,IC50,3508.217241345461,nM,GDSC
SIDM01106,SK-MEL-24,SKCM,,,osimertinib,IC50,19951.61315566565,nM,GDSC
SIDM00392,SK-MEL-30,SKCM,,,osimertinib,IC50,10213.863866412443,nM,GDSC
SIDM01104,SK-MEL-31,SKCM,,,osimertinib,IC50,10064.667265741464,nM,GDSC
SIDM01103,SK-MES-1,LUSC,,,osimertinib,IC50,2835.499182037916,nM,GDSC
SIDM00379,SK-MG-1,GBM,,,osimertinib,IC50,8624.698450108786,nM,GDSC
SIDM01097,SK-PN-DW,UNCLASSIFIED,,,osimertinib,IC50,8956.244513453577,nM,GDSC
SIDM01113,SK-UT-1,UNCLASSIFIED,,,osimertinib,IC50,23786.685705435597,nM,GDSC
SIDM00373,SNG-M,UCEC,,,osimertinib,IC50,6004.925204996465,nM,GDSC
SIDM01180,SNU-387,LIHC,,,osimertinib,IC50,8472.977654895525,nM,GDSC
SIDM01199,SNU-423,LIHC,,,osimertinib,IC50,26853.039029335607,nM,GDSC
SIDM01194,SNU-449,LIHC,,,osimertinib,IC50,3866.110643464043,nM,GDSC
SIDM00781,SNU-C2B,COREAD,,,osimertinib,IC50,6080.926078974286,nM,GDSC
SIDM01154,SUP-T1,ALL,,,osimertinib,IC50,13211.914022812634,nM,GDSC
SIDM00814,SW13,ACC,,,osimertinib,IC50,246.98714209615653,nM,GDSC
SIDM01155,SW1088,GBM,,,osimertinib,IC50,7608.583363914935,nM,GDSC
SIDM00835,SW1116,COREAD,,,osimertinib,IC50,5383.323853288687,nM,GDSC
SIDM00812,SW1417,COREAD,,,osimertinib,IC50,29050.102160375045,nM,GDSC
SIDM00834,SW1463,COREAD,,,osimertinib,IC50,2199.0490127980065,nM,GDSC
SIDM00420,SW1710,BLCA,,,osimertinib,IC50,22177.715978573615,nM,GDSC
SIDM01164,SW1783,LGG,,,osimertinib,IC50,5803.992251537824,nM,GDSC
SIDM00837,SW48,COREAD,,,osimertinib,IC50,288.78148041686757,nM,GDSC
SIDM01168,SW626,OV,,,osimertinib,IC50,35121.93977447348,nM,GDSC
SIDM01175,SW684,UNCLASSIFIED,,,osimertinib,IC50,103357.51525192239,nM,GDSC
SIDM00833,SW837,COREAD,,,osimertinib,IC50,9186.95919796554,nM,GDSC
SIDM01159,SW872,UNCLASSIFIED,,,osimertinib,IC50,3805.5479925084583,nM,GDSC
SIDM00832,SW948,COREAD,,,osimertinib,IC50,29644.600472303882,nM,GDSC
SIDM01178,SW962,UNCLASSIFIED,,,osimertinib,IC50,2490.8275383967807,nM,GDSC
SIDM01161,SW982,UNCLASSIFIED,,,osimertinib,IC50,23391.038992933056,nM,GDSC
SIDM00782,T84,COREAD,,,osimertinib,IC50,4564.331212370343,nM,GDSC
SIDM00370,TALL-1,ALL,,,osimertinib,IC50,3673.4893980070497,nM,GDSC
SIDM00252,TGBC1TKB,UNCLASSIFIED,,,osimertinib,IC50,7042.568870575358,nM,GDSC
SIDM00251,TGBC11TKB,STAD,,,osimertinib,IC50,4347.8696956146005,nM,GDSC
SIDM01172,THP-1,LAML,,,osimertinib,IC50,1755.8358300807743,nM,GDSC
SIDM01205,TUR,DLBC,,,osimertinib,IC50,1404.8450331328743,nM,GDSC
SIDM00321,TYK-nu,UNCLASSIFIED,,,osimertinib,IC50,8360.999689239017,nM,GDSC
SIDM01191,U-2-OS,UNCLASSIFIED,,,osimertinib,IC50,7334.006823196422,nM,GDSC
SIDM00424,U-698-M,UNCLASSIFIED,,,osimertinib,IC50,1798.2266772707433,nM,GDSC
SIDM01186,UACC-893,BRCA,,,osimertinib,IC50,200.6582633924687,nM,GDSC
SIDM01183,UMC-11,UNCLASSIFIED,,,osimertinib,IC50,13330.944674711242,nM,GDSC
SIDM00317,VMRC-RCZ,KIRC,,,osimertinib,IC50,64489.859861945006,nM,GDSC
SIDM01000,WM-115,SKCM,,,osimertinib,IC50,21663.958909283185,nM,GDSC
SIDM00412,WSU-NHL,UNCLASSIFIED,,,osimertinib,IC50,800.2900936351047,nM,GDSC
SIDM00411,YAPC,PAAD,,,osimertinib,IC50,70886.85398104404,nM,GDSC
SIDM00316,YH-13,GBM,,,osimertinib,IC50,5171.32012886471,nM,GDSC
SIDM00971,ZR-75-30,BRCA,,,osimertinib,IC50,690.116399976653,nM,GDSC
SIDM00235,RCC10RGB,KIRC,,,osimertinib,IC50,888.3237669678614,nM,GDSC
SIDM00554,KURAMOCHI,UNCLASSIFIED,,,osimertinib,IC50,19789.37148721026,nM,GDSC
SIDM01018,KM-H2,UNCLASSIFIED,,,osimertinib,IC50,6686.583124873368,nM,GDSC
SIDM00584,HuO-3N1,UNCLASSIFIED,,,osimertinib,IC50,39649.1694172936,nM,GDSC
SIDM00479,OE19,ESCA,,,osimertinib,IC50,63.57607872902335,nM,GDSC
SIDM01177,SUP-B8,UNCLASSIFIED,,,osimertinib,IC50,369.6288074563198,nM,GDSC
SIDM01150,NCI-H838,LUAD,,,osimertinib,IC50,5139.280041966086,nM,GDSC
SIDM01247,Ramos-2G6-4C10,UNCLASSIFIED,,,osimertinib,IC50,6631.082076461543,nM,GDSC
SIDM00467,QIMR-WIL,LAML,,,osimertinib,IC50,8777.986031877796,nM,GDSC
SIDM00469,PSN1,PAAD,,,osimertinib,IC50,6964.598777187507,nM,GDSC
SIDM00480,OAW-42,OV,,,osimertinib,IC50,12291.193127138395,nM,GDSC
SIDM00477,OE33,ESCA,,,osimertinib,IC50,10287.720504605337,nM,GDSC
SIDM00282,CW-2,COREAD,,,osimertinib,IC50,559.1223258396294,nM,GDSC
SIDM00286,CHP-126,NB,,,osimertinib,IC50,3155.178275178111,nM,GDSC
SIDM01248,CGTH-W-1,THCA,,,osimertinib,IC50,11281.350905217872,nM,GDSC
SIDM00842,COLO-320-HSR,COREAD,,,osimertinib,IC50,799.0745767196624,nM,GDSC
SIDM00233,ATN-1,ALL,,,osimertinib,IC50,6219.739345469863,nM,GDSC
SIDM00917,CESS,LAML,,,osimertinib,IC50,3354.225854557042,nM,GDSC
SIDM00957,COLO-678,COREAD,,,osimertinib,IC50,19866.362998977384,nM,GDSC
SIDM00142,COLO-684,UCEC,,,osimertinib,IC50,41006.80382959869,nM,GDSC
SIDM00143,COLO-668,SCLC,,,osimertinib,IC50,7812.976459352337,nM,GDSC
SIDM00343,LN-405,GBM,,,osimertinib,IC50,24179.907023565633,nM,GDSC
SIDM00267,TGBC24TKB,UNCLASSIFIED,,,osimertinib,IC50,1103.3091698025828,nM,GDSC
SIDM00794,A388,UNCLASSIFIED,,,osimertinib,IC50,1395.3775167665383,nM,GDSC
SIDM00988,BFTC-909,KIRC,,,osimertinib,IC50,6458.938594253776,nM,GDSC
SIDM01233,C2BBe1,COREAD,,,osimertinib,IC50,5767.547806626294,nM,GDSC
SIDM01082,SCC-25,HNSC,,,osimertinib,IC50,4039.7305734132374,nM,GDSC
SIDM00899,AsPC-1,PAAD,,,osimertinib,IC50,101403.5398184569,nM,GDSC
SIDM00907,CA46,UNCLASSIFIED,,,osimertinib,IC50,3899.514273021194,nM,GDSC
SIDM00898,AU565,BRCA,,,osimertinib,IC50,362.3984434276875,nM,GDSC
SIDM00287,BALL-1,UNCLASSIFIED,,,osimertinib,IC50,1316.919108707882,nM,GDSC
SIDM00985,BL-41,UNCLASSIFIED,,,osimertinib,IC50,3559.6883539260825,nM,GDSC
SIDM00962,BV-173,LCML,,,osimertinib,IC50,2376.8616902494077,nM,GDSC
SIDM00306,IA-LM,UNCLASSIFIED,,,osimertinib,IC50,31800.372386981388,nM,GDSC
SIDM00324,TGW,NB,,,osimertinib,IC50,3836.4328900905525,nM,GDSC
SIDM00901,AN3-CA,UCEC,,,osimertinib,IC50,12986.066825007309,nM,GDSC
SIDM00798,A204,UNCLASSIFIED,,,osimertinib,IC50,4044.9492335037826,nM,GDSC
SIDM00569,NY,UNCLASSIFIED,,,osimertinib,IC50,5341.785711636021,nM,GDSC
SIDM01237,C3A,LIHC,,,osimertinib,IC50,15215.125016859574,nM,GDSC
SIDM00810,A427,UNCLASSIFIED,,,osimertinib,IC50,15253.469723096072,nM,GDSC
SIDM00928,CAL-85-1,BRCA,,,osimertinib,IC50,30830.17752279393,nM,GDSC
SIDM01228,CHL-1,SKCM,,,osimertinib,IC50,622.851594280065,nM,GDSC
SIDM01089,RL,DLBC,,,osimertinib,IC50,610.8670118792057,nM,GDSC
SIDM00698,NCI-H146,SCLC,,,osimertinib,IC50,4974.137555975867,nM,GDSC
SIDM00744,NCI-H1651,LUAD,,,osimertinib,IC50,5935.450910582276,nM,GDSC
SIDM01087,RPMI-7951,SKCM,,,osimertinib,IC50,9946.104828482756,nM,GDSC
SIDM01081,SCC-4,HNSC,,,osimertinib,IC50,4728.726843532972,nM,GDSC
SIDM01197,SNU-C1,COREAD,,,osimertinib,IC50,54511.24441884122,nM,GDSC
SIDM01198,ST486,UNCLASSIFIED,,,osimertinib,IC50,2607.3907274592557,nM,GDSC
SIDM01165,SW1990,PAAD,,,osimertinib,IC50,9311.116417032361,nM,GDSC
SIDM01187,UACC-812,BRCA,,,osimertinib,IC50,942.3561474586526,nM,GDSC
SIDM01083,SCC-15,HNSC,,,osimertinib,IC50,1519.481259552694,nM,GDSC
SIDM00943,CAPAN-2,PAAD,,,osimertinib,IC50,4634.878569143103,nM,GDSC
SIDM00937,CAL-27,HNSC,,,osimertinib,IC50,1082.8798283033125,nM,GDSC
SIDM00895,BC-3,DLBC,,,osimertinib,IC50,2048.4286765588677,nM,GDSC
SIDM00896,BC-1,DLBC,,,osimertinib,IC50,1508.100632822265,nM,GDSC
SIDM00849,A704,KIRC,,,osimertinib,IC50,6945.965587365452,nM,GDSC
SIDM00801,A101D,SKCM,,,osimertinib,IC50,27922.951917233426,nM,GDSC
SIDM00803,769-P,KIRC,,,osimertinib,IC50,2940.060031442143,nM,GDSC
SIDM00980,23132-87,STAD,,,osimertinib,IC50,5103.9665891084915,nM,GDSC
SIDM00995,A431,UNCLASSIFIED,,,osimertinib,IC50,973.0566271303792,nM,GDSC
SIDM00989,BFTC-905,BLCA,,,osimertinib,IC50,7834.859944296252,nM,GDSC
SIDM00933,CAL-51,BRCA,,,osimertinib,IC50,5396.329498747397,nM,GDSC
SIDM00384,SCC-3,DLBC,,,osimertinib,IC50,6422.272326398325,nM,GDSC
SIDM00355,RERF-LC-MS,LUAD,,,osimertinib,IC50,7266.603584084762,nM,GDSC
SIDM00543,GAK,SKCM,,,osimertinib,IC50,15335.570509934209,nM,GDSC
SIDM00492,AM-38,GBM,,,osimertinib,IC50,12218.118830065343,nM,GDSC
SIDM00502,A4-Fuk,DLBC,,,osimertinib,IC50,4829.819034570752,nM,GDSC
SIDM00495,A3-KAW,DLBC,,,osimertinib,IC50,3201.4921564091396,nM,GDSC
SIDM00540,DOK,HNSC,,,osimertinib,IC50,307.7015374743203,nM,GDSC
SIDM00511,COR-L279,SCLC,,,osimertinib,IC50,3632.986364508066,nM,GDSC
SIDM00285,CHP-134,NB,,,osimertinib,IC50,1367.7471906966355,nM,GDSC
SIDM00243,NEC8,UNCLASSIFIED,,,osimertinib,IC50,7791.33329560103,nM,GDSC
SIDM00212,CAS-1,GBM,,,osimertinib,IC50,12586.955501139644,nM,GDSC
SIDM00211,ALL-PO,ALL,,,osimertinib,IC50,3949.2986255700266,nM,GDSC
SIDM00446,OCI-AML2,LAML,,,osimertinib,IC50,4593.485021863993,nM,GDSC
SIDM00332,MFM-223,BRCA,,,osimertinib,IC50,23765.66756665806,nM,GDSC
SIDM00958,CML-T1,LCML,,,osimertinib,IC50,5929.83269921291,nM,GDSC
SIDM00932,CAL-54,KIRC,,,osimertinib,IC50,623.2964691197991,nM,GDSC
SIDM01052,EFO-21,OV,,,osimertinib,IC50,13598.72447852698,nM,GDSC
SIDM00681,LS-1034,COREAD,,,osimertinib,IC50,3354.638449711234,nM,GDSC
SIDM00499,22RV1,PRAD,,,osimertinib,IC50,24968.024843959392,nM,GDSC
SIDM00996,8505C,THCA,,,osimertinib,IC50,17354.58957101308,nM,GDSC
SIDM00992,B-CPAP,THCA,,,osimertinib,IC50,13790.114570482085,nM,GDSC
SIDM00964,BPH-1,UNCLASSIFIED,,,osimertinib,IC50,306.43978590071777,nM,GDSC
SIDM00938,CAL-148,BRCA,,,osimertinib,IC50,2088.2575288776097,nM,GDSC
SIDM00935,CAL-39,CESC,,,osimertinib,IC50,187.77590909797502,nM,GDSC
SIDM00488,CaR-1,COREAD,,,osimertinib,IC50,2196.2667782738617,nM,GDSC
SIDM01064,HDLM-2,UNCLASSIFIED,,,osimertinib,IC50,16433.517512911978,nM,GDSC
SIDM00592,HO-1-N-1,HNSC,,,osimertinib,IC50,2016.3561574350517,nM,GDSC
SIDM00496,HTC-C3,THCA,,,osimertinib,IC50,8017.390541145575,nM,GDSC
SIDM00302,KGN,UNCLASSIFIED,,,osimertinib,IC50,2087.601918949688,nM,GDSC
SIDM00686,KLE,UCEC,,,osimertinib,IC50,4047.3526470916513,nM,GDSC
SIDM01210,KNS-81-FD,LGG,,,osimertinib,IC50,17666.231632405477,nM,GDSC
SIDM00557,KP-N-RT-BM-1,NB,,,osimertinib,IC50,4311.405702445954,nM,GDSC
SIDM00056,K5,THCA,,,osimertinib,IC50,8823.32691373509,nM,GDSC
SIDM00312,L-363,MM,,,osimertinib,IC50,3568.552316631162,nM,GDSC
SIDM00630,MDA-MB-415,BRCA,,,osimertinib,IC50,3576.7265120452134,nM,GDSC
SIDM00721,NCI-H250,SCLC,,,osimertinib,IC50,11427.845901675437,nM,GDSC
SIDM00759,NCI-H1975,Non-Small Cell Lung Carcinoma,Lung,EGFR_L858R|EGFR_T790M,osimertinib,IC50,37.92578709404305,nM,GDSC
SIDM01157,SW954,UNCLASSIFIED,,,osimertinib,IC50,4871.149762052539,nM,GDSC
SIDM01173,TE-441-T,UNCLASSIFIED,,,osimertinib,IC50,4691.563988987292,nM,GDSC
SIDM00560,MKN7,STAD,,,osimertinib,IC50,2645.2378879513844,nM,GDSC
SIDM00529,MDA-MB-157,BRCA,,,osimertinib,IC50,20050.097167496257,nM,GDSC
SIDM01242,MMAc-SF,SKCM,,,osimertinib,IC50,9487.071718094392,nM,GDSC
SIDM00247,MKN45,STAD,,,osimertinib,IC50,53992.70797792151,nM,GDSC
SIDM01116,NCI-H810,Non-Small Cell Lung Carcinoma,Lung,MET_AMP,osimertinib,IC50,5771.499930321663,nM,GDSC
SIDM00299,MFH-ino,UNCLASSIFIED,,,osimertinib,IC50,13960.375566266039,nM,GDSC
SIDM00242,NOS-1,UNCLASSIFIED,,,osimertinib,IC50,2173.6222161965643,nM,GDSC
SIDM01138,PANC-03-27,PAAD,,,osimertinib,IC50,4826.473129469817,nM,GDSC
SIDM01136,PANC-08-13,PAAD,,,osimertinib,IC50,25032.150033081365,nM,GDSC
SIDM01135,PANC-10-05,PAAD,,,osimertinib,IC50,65197.361478983396,nM,GDSC
SIDM01088,RL95-2,UNCLASSIFIED,,,osimertinib,IC50,5519.415682133273,nM,GDSC
SIDM00218,RO82-W-1,THCA,,,osimertinib,IC50,178450.4550594708,nM,GDSC
SIDM01093,SiHa,CESC,,,osimertinib,IC50,5764.756988920252,nM,GDSC
SIDM00381,SKG-IIIa,CESC,,,osimertinib,IC50,3574.463160589399,nM,GDSC
SIDM00484,TT,THCA,,,osimertinib,IC50,38680.51558520479,nM,GDSC
SIDM00319,VMRC-MELG,SKCM,,,osimertinib,IC50,8366.352441738223,nM,GDSC
SIDM00325,TE-9,ESCA,,,osimertinib,IC50,2493.3295850625823,nM,GDSC
SIDM00348,TE-11,ESCA,,,osimertinib,IC50,1008.1177718731605,nM,GDSC
SIDM00328,TE-6,ESCA,,,osimertinib,IC50,427.10943949894875,nM,GDSC
SIDM00023,TE-12,ESCA,,,osimertinib,IC50,1593.6484336691117,nM,GDSC
SIDM00234,TC-YIK,UNCLASSIFIED,,,osimertinib,IC50,3305.9239648618445,nM,GDSC
SIDM00410,YT,ALL,,,osimertinib,IC50,2598.4471068589987,nM,GDSC
SIDM00963,BT-474,BRCA,,,osimertinib,IC50,851.33208277476,nM,GDSC
SIDM00481,OAW-28,OV,,,osimertinib,IC50,7379.176153028049,nM,GDSC
SIDM00344,LCLC-97TM1,UNCLASSIFIED,,,osimertinib,IC50,22967.08261166031,nM,GDSC
SIDM00157,KP-N-YS,NB,,,osimertinib,IC50,1495.715967156649,nM,GDSC
SIDM01021,D-245MG,GBM,,,osimertinib,IC50,6681.703700398831,nM,GDSC
SIDM00622,D-247MG,GBM,,,osimertinib,IC50,6723.769938602074,nM,GDSC
SIDM00732,D-263MG,GBM,,,osimertinib,IC50,18358.579262841275,nM,GDSC
SIDM00620,D-336MG,LGG,,,osimertinib,IC50,2619.273528171156,nM,GDSC
SIDM00542,D-392MG,GBM,,,osimertinib,IC50,12793.036506989738,nM,GDSC
SIDM00209,D-423MG,GBM,,,osimertinib,IC50,3480.113819484679,nM,GDSC
SIDM00208,D-502MG,LGG,,,osimertinib,IC50,8701.487603920745,nM,GDSC
SIDM00206,D-566MG,GBM,,,osimertinib,IC50,8034.742890626227,nM,GDSC
SIDM00920,CAMA-1,BRCA,,,osimertinib,IC50,5375.862358846754,nM,GDSC
SIDM00283,CTB-1,DLBC,,,osimertinib,IC50,114.92012007664363,nM,GDSC
SIDM00918,Caov-4,OV,,,osimertinib,IC50,4008.4955645937193,nM,GDSC
SIDM00892,BT-483,BRCA,,,osimertinib,IC50,159431.60157497946,nM,GDSC
SIDM00659,M059J,GBM,,,osimertinib,IC50,12865.341625171633,nM,GDSC
SIDM00289,HAL-01,ALL,,,osimertinib,IC50,2691.514375289087,nM,GDSC
SIDM00240,OMC-1,CESC,,,osimertinib,IC50,2022.8228775448874,nM,GDSC
SIDM00261,ES8,UNCLASSIFIED,,,osimertinib,IC50,1625.4488613360916,nM,GDSC
SIDM00264,ES4,UNCLASSIFIED,,,osimertinib,IC50,4680.35985936431,nM,GDSC
SIDM00262,ES6,UNCLASSIFIED,,,osimertinib,IC50,7696.217697034174,nM,GDSC
SIDM00266,ES1,UNCLASSIFIED,,,osimertinib,IC50,2459.327651034555,nM,GDSC
SIDM00201,EW-7,UNCLASSIFIED,,,osimertinib,IC50,2204.2338760032885,nM,GDSC
SIDM00202,EW-3,UNCLASSIFIED,,,osimertinib,IC50,2465.2519173974947,nM,GDSC
SIDM00200,EW-12,UNCLASSIFIED,,,osimertinib,IC50,2230.4068215013267,nM,GDSC
SIDM00205,EW-1,UNCLASSIFIED,,,osimertinib,IC50,4302.804416500687,nM,GDSC
SIDM00197,EW-18,UNCLASSIFIED,,,osimertinib,IC50,4395.344884183426,nM,GDSC
SIDM00198,EW-16,UNCLASSIFIED,,,osimertinib,IC50,4086.8642951258175,nM,GDSC
SIDM00621,EW-13,UNCLASSIFIED,,,osimertinib,IC50,22965.176422911478,nM,GDSC
SIDM00196,EW-22,UNCLASSIFIED,,,osimertinib,IC50,5169.350231184949,nM,GDSC
SIDM00195,EW-24,UNCLASSIFIED,,,osimertinib,IC50,11681.401948098097,nM,GDSC
SIDM00330,LAN-6,NB,,,osimertinib,IC50,2200.7913494903974,nM,GDSC
SIDM00259,NB10,NB,,,osimertinib,IC50,5753.377076166757,nM,GDSC
SIDM00258,NB12,NB,,,osimertinib,IC50,2427.6264246194287,nM,GDSC
SIDM00253,NB6,NB,,,osimertinib,IC50,22053.426794514333,nM,GDSC
SIDM00156,NB7,NB,,,osimertinib,IC50,11223.446190074385,nM,GDSC
SIDM00255,NB17,NB,,,osimertinib,IC50,559.2056412730252,nM,GDSC
SIDM00254,NB5,NB,,,osimertinib,IC50,3047.998055911849,nM,GDSC
SIDM00257,NB13,NB,,,osimertinib,IC50,3324.0868340087754,nM,GDSC
SIDM00256,NB14,NB,,,osimertinib,IC50,3048.558939153813,nM,GDSC
SIDM00578,NB1,NB,,,osimertinib,IC50,2905.789133330525,nM,GDSC
SIDM00427,RH-1,UNCLASSIFIED,,,osimertinib,IC50,2419.1953865825553,nM,GDSC
SIDM00179,MZ2-MEL,SKCM,,,osimertinib,IC50,2975.1456625480237,nM,GDSC
SIDM01016,Jurkat,ALL,,,osimertinib,IC50,4954.087532666552,nM,GDSC
SIDM00680,LS-180,COREAD,,,osimertinib,IC50,6402.541366100025,nM,GDSC
SIDM00485,BICR22,HNSC,,,osimertinib,IC50,6051.855988768632,nM,GDSC
SIDM00501,BICR78,HNSC,,,osimertinib,IC50,3365.8414793756992,nM,GDSC
SIDM00487,CCK-81,COREAD,,,osimertinib,IC50,240.89117584075822,nM,GDSC
SIDM00955,COLO-783,SKCM,,,osimertinib,IC50,7673.386167287911,nM,GDSC
SIDM01045,EN,UCEC,,,osimertinib,IC50,15704.463950531008,nM,GDSC
SIDM00861,ES-2,UNCLASSIFIED,,,osimertinib,IC50,12527.371871242534,nM,GDSC
SIDM01040,FU-OV-1,OV,,,osimertinib,IC50,3792.1153377366204,nM,GDSC
SIDM00129,G-MEL,SKCM,,,osimertinib,IC50,8703.76769235151,nM,GDSC
SIDM00101,NCI-H2591,MESO,,,osimertinib,IC50,7429.124361240419,nM,GDSC
SIDM00100,NCI-H2595,MESO,,,osimertinib,IC50,12765.675915792624,nM,GDSC
SIDM00098,NCI-H2731,MESO,,,osimertinib,IC50,3317.989409729838,nM,GDSC
SIDM00309,NCI-H2803,MESO,,,osimertinib,IC50,5849.534000285279,nM,GDSC
SIDM00310,NCI-H2804,MESO,,,osimertinib,IC50,12567.058680071994,nM,GDSC
SIDM00311,NCI-H2810,MESO,,,osimertinib,IC50,14179.397063564396,nM,GDSC
SIDM00519,NCI-H2869,MESO,,,osimertinib,IC50,20048.673661132438,nM,GDSC
SIDM00518,NCI-H290,MESO,,,osimertinib,IC50,2771.658839555406,nM,GDSC
SIDM00517,NCI-H3118,UNCLASSIFIED,,,osimertinib,IC50,1474.1152804949961,nM,GDSC
SIDM00114,NCI-H513,MESO,,,osimertinib,IC50,2137.4339056128715,nM,GDSC
SIDM00598,HARA,LUSC,,,osimertinib,IC50,2184.320945163877,nM,GDSC
SIDM01072,HCC-15,LUSC,,,osimertinib,IC50,12516.327600491468,nM,GDSC
SIDM01070,HCC-366,UNCLASSIFIED,,,osimertinib,IC50,1703.2445654971982,nM,GDSC
SIDM01069,HCC-44,LUAD,,,osimertinib,IC50,11862.664131444111,nM,GDSC
SIDM01067,HCC-827,Non-Small Cell Lung Carcinoma,Lung,EGFR_EXON19DEL,osimertinib,IC50,27.578356463468786,nM,GDSC
SIDM00672,Hep3B2-1-7,LIHC,,,osimertinib,IC50,1659.2455315729303,nM,GDSC
SIDM00667,Hs-633T,UNCLASSIFIED,,,osimertinib,IC50,5665.062913120313,nM,GDSC
SIDM00666,Hs-683,LGG,,,osimertinib,IC50,9886.241074188489,nM,GDSC
SIDM00665,Hs-746T,STAD,,,osimertinib,IC50,6871.7994457921795,nM,GDSC
SIDM01066,IGR-37,SKCM,,,osimertinib,IC50,16094.361608497235,nM,GDSC
SIDM00600,IHH-4,THCA,,,osimertinib,IC50,4515.130093160883,nM,GDSC
SIDM00602,IM-95,STAD,,,osimertinib,IC50,3502.8292531751235,nM,GDSC
SIDM00617,JHH-2,LIHC,,,osimertinib,IC50,10181.598272226403,nM,GDSC
SIDM00616,JHH-4,LIHC,,,osimertinib,IC50,4643.632842061913,nM,GDSC
SIDM00615,JHH-6,LIHC,,,osimertinib,IC50,78816.39235190113,nM,GDSC
SIDM00614,JHH-7,LIHC,,,osimertinib,IC50,24099.304954054493,nM,GDSC
SIDM00128,JHU-011,HNSC,,,osimertinib,IC50,1439.5578243359635,nM,GDSC
SIDM00127,JHU-022,HNSC,,,osimertinib,IC50,352.0296056361318,nM,GDSC
SIDM00552,KYM-1,UNCLASSIFIED,,,osimertinib,IC50,2820.056725011448,nM,GDSC
SIDM00551,KYSE-220,ESCA,,,osimertinib,IC50,2784.596556863587,nM,GDSC
SIDM00685,LN-18,GBM,,,osimertinib,IC50,19704.93279331612,nM,GDSC
SIDM00684,LN-229,GBM,,,osimertinib,IC50,3871.2134079361417,nM,GDSC
SIDM00629,MDA-MB-436,BRCA,,,osimertinib,IC50,12754.434307966165,nM,GDSC
SIDM00527,MDST8,COREAD,,,osimertinib,IC50,7058.524250632823,nM,GDSC
SIDM00333,MFE-319,UCEC,,,osimertinib,IC50,4848.192717807879,nM,GDSC
SIDM00442,ML-1,THCA,,,osimertinib,IC50,16153.665663797121,nM,GDSC
SIDM00638,MS751,CESC,,,osimertinib,IC50,1438.6310475512462,nM,GDSC
SIDM00579,NB(TU)1-10,NB,,,osimertinib,IC50,1501.4465348773767,nM,GDSC
SIDM00770,NCI-H1836,SCLC,,,osimertinib,IC50,79850.72866164206,nM,GDSC
SIDM00768,NCI-H1869,LUSC,,,osimertinib,IC50,1089.2866146480883,nM,GDSC
SIDM00763,NCI-H1915,UNCLASSIFIED,,,osimertinib,IC50,23545.388879600447,nM,GDSC
SIDM00762,NCI-H1944,LUAD,,,osimertinib,IC50,2970.4308213845725,nM,GDSC
SIDM00761,NCI-H196,SCLC,,,osimertinib,IC50,5865.014767470193,nM,GDSC
SIDM00753,NCI-H2023,LUAD,,,osimertinib,IC50,21372.156997247082,nM,GDSC
SIDM00704,NCI-H211,SCLC,,,osimertinib,IC50,1345.6995643090274,nM,GDSC
SIDM00137,NCI-H3122,LUAD,,,osimertinib,IC50,8594.203806094594,nM,GDSC
SIDM01125,NCI-H647,UNCLASSIFIED,,,osimertinib,IC50,3035.21116895372,nM,GDSC
SIDM01134,NCI-H841,SCLC,,,osimertinib,IC50,7814.695503261291,nM,GDSC
SIDM01149,NCI-H847,SCLC,,,osimertinib,IC50,3026.5852384882287,nM,GDSC
SIDM00565,OSC-20,HNSC,,,osimertinib,IC50,4100.713569876083,nM,GDSC
SIDM01141,OV-90,OV,,,osimertinib,IC50,99937.00125373936,nM,GDSC
SIDM00564,OVISE,OV,,,osimertinib,IC50,2353.0468022349373,nM,GDSC
SIDM00466,OVKATE,OV,,,osimertinib,IC50,7079.236054662687,nM,GDSC
SIDM00465,OVMIU,OV,,,osimertinib,IC50,1035.9925990110019,nM,GDSC
SIDM00453,PA-TU-8988T,PAAD,,,osimertinib,IC50,3221.8540958237327,nM,GDSC
SIDM00361,PC-3_[JPC-3],LUAD,,,osimertinib,IC50,73.93743620997114,nM,GDSC
SIDM00270,PCI-15A,HNSC,,,osimertinib,IC50,490.0332661891305,nM,GDSC
SIDM00115,PCI-6A,HNSC,,,osimertinib,IC50,1040.143828265137,nM,GDSC
SIDM00473,PE-CA-PJ15,HNSC,,,osimertinib,IC50,2549.894536296607,nM,GDSC
SIDM00358,RERF-GC-1B,STAD,,,osimertinib,IC50,11932.013523110008,nM,GDSC
SIDM00426,RH-41,UNCLASSIFIED,,,osimertinib,IC50,2720.7076175911407,nM,GDSC
SIDM00394,SISO,CESC,,,osimertinib,IC50,25877.6069965475,nM,GDSC
SIDM00377,SKN,UNCLASSIFIED,,,osimertinib,IC50,56534.83517882441,nM,GDSC
SIDM01181,SNU-398,LIHC,,,osimertinib,IC50,5291.4853978526335,nM,GDSC
SIDM01188,SU8686,PAAD,,,osimertinib,IC50,9266.520884349462,nM,GDSC
SIDM00371,SUIT-2,PAAD,,,osimertinib,IC50,20453.254211998003,nM,GDSC
SIDM01162,SW156,KIRC,,,osimertinib,IC50,6920.285320045204,nM,GDSC
SIDM00419,TC-71,UNCLASSIFIED,,,osimertinib,IC50,8334.087232432348,nM,GDSC
SIDM01169,TOV-21G,OV,,,osimertinib,IC50,6280.018962613554,nM,GDSC
SIDM00418,TT2609-C02,THCA,,,osimertinib,IC50,33013.18410455055,nM,GDSC
SIDM00318,VMRC-RCW,KIRC,,,osimertinib,IC50,9082.123219274628,nM,GDSC
SIDM00975,WM278,SKCM,,,osimertinib,IC50,26213.328426963177,nM,GDSC
SIDM01176,SUP-B15,ALL,,,osimertinib,IC50,4743.574663985366,nM,GDSC
SIDM00046,H3255,Non-Small Cell Lung Carcinoma,Lung,EGFR_L858R,osimertinib,IC50,80.19019728072966,nM,GDSC
SIDM01240,451Lu,SKCM,,,osimertinib,IC50,25078.402059528365,nM,GDSC
SIDM00462,OCI-AML3,LAML,,,osimertinib,IC50,2382.1513310442447,nM,GDSC
SIDM00491,ASH-3,THCA,,,osimertinib,IC50,7948.641233232793,nM,GDSC
SIDM00077,BICR10,HNSC,,,osimertinib,IC50,21227.128290807683,nM,GDSC
SIDM00078,BICR31,HNSC,,,osimertinib,IC50,4696.262595800644,nM,GDSC
SIDM00936,CAL-29,BLCA,,,osimertinib,IC50,1772.7552948541168,nM,GDSC
SIDM00929,CAL-78,UNCLASSIFIED,,,osimertinib,IC50,21683.790503255797,nM,GDSC
SIDM00051,CHSA0011,UNCLASSIFIED,,,osimertinib,IC50,4619.641016414956,nM,GDSC
SIDM00050,CHSA0108,UNCLASSIFIED,,,osimertinib,IC50,25373.288834639363,nM,GDSC
SIDM00944,CL-11,COREAD,,,osimertinib,IC50,16438.398992477156,nM,GDSC
SIDM00199,CS1,UNCLASSIFIED,,,osimertinib,IC50,5866.4049406991035,nM,GDSC
SIDM00950,DAN-G,PAAD,,,osimertinib,IC50,9427.604173032885,nM,GDSC
SIDM01002,EFM-192A,BRCA,,,osimertinib,IC50,534.8719000046113,nM,GDSC
SIDM00503,FU97,STAD,,,osimertinib,IC50,6649.914517008806,nM,GDSC
SIDM00858,G-292-Clone-A141B1,UNCLASSIFIED,,,osimertinib,IC50,6384.300947911575,nM,GDSC
SIDM00104,NCI-H2369,MESO,,,osimertinib,IC50,19865.171052956182,nM,GDSC
SIDM00103,NCI-H2373,MESO,,,osimertinib,IC50,14851.69499778391,nM,GDSC
SIDM00102,NCI-H2461,MESO,,,osimertinib,IC50,38194.70907004802,nM,GDSC
SIDM00099,NCI-H2722,MESO,,,osimertinib,IC50,9891.709677431949,nM,GDSC
SIDM00154,NCI-H2795,MESO,,,osimertinib,IC50,2414.1735180976634,nM,GDSC
SIDM00520,NCI-H2818,MESO,,,osimertinib,IC50,9811.969323848016,nM,GDSC
SIDM00881,HCC1428,BRCA,,,osimertinib,IC50,79681.06666128055,nM,GDSC
SIDM01068,HCC-78,LUAD,,,osimertinib,IC50,2620.6909385248264,nM,GDSC
SIDM01062,HDQ-P1,BRCA,,,osimertinib,IC50,289.493336356743,nM,GDSC
SIDM00994,ALL-SIL,ALL,,,osimertinib,IC50,3224.67445188341,nM,GDSC
SIDM00993,AMO-1,MM,,,osimertinib,IC50,2230.9533381181463,nM,GDSC
SIDM00510,COR-L303,SCLC,,,osimertinib,IC50,6640.637713058784,nM,GDSC
SIDM00946,DND-41,ALL,,,osimertinib,IC50,8022.659697459421,nM,GDSC
SIDM01048,EJM,MM,,,osimertinib,IC50,10464.43118098729,nM,GDSC
SIDM00859,Farage,DLBC,,,osimertinib,IC50,2677.2817301549385,nM,GDSC
SIDM00846,HeLa,CESC,,,osimertinib,IC50,14960.88307676951,nM,GDSC
SIDM00670,HPAC,PAAD,,,osimertinib,IC50,51008.791488720075,nM,GDSC
SIDM00664,Hs-766T,PAAD,,,osimertinib,IC50,16861.686883990045,nM,GDSC
SIDM00663,Hs-939-T,SKCM,,,osimertinib,IC50,4942.029120492555,nM,GDSC
SIDM00662,Hs-940-T,SKCM,,,osimertinib,IC50,5693.350984445787,nM,GDSC
SIDM00586,huH-1,LIHC,,,osimertinib,IC50,46366.443631421396,nM,GDSC
SIDM00618,JHH-1,LIHC,,,osimertinib,IC50,5164.870346844997,nM,GDSC
SIDM00690,JHU-029,HNSC,,,osimertinib,IC50,1358.7389133880831,nM,GDSC
SIDM01037,JIMT-1,BRCA,,,osimertinib,IC50,16973.970099519316,nM,GDSC
SIDM00126,K2,SKCM,,,osimertinib,IC50,38853.182846162104,nM,GDSC
SIDM00619,KMH-2,THCA,,,osimertinib,IC50,9345.855658890245,nM,GDSC
SIDM00611,KMRC-1,KIRC,,,osimertinib,IC50,2682.193688000375,nM,GDSC
SIDM00609,KMRC-20,KIRC,,,osimertinib,IC50,27619.74733391643,nM,GDSC
SIDM00604,KON,HNSC,,,osimertinib,IC50,1147.0816255494012,nM,GDSC
SIDM00583,KP-1N,PAAD,,,osimertinib,IC50,35149.275275749205,nM,GDSC
SIDM00582,KP-2,PAAD,,,osimertinib,IC50,40170.62471378691,nM,GDSC
SIDM00571,KP-3,UNCLASSIFIED,,,osimertinib,IC50,14746.002070818395,nM,GDSC
SIDM00550,KYSE-50,ESCA,,,osimertinib,IC50,2929.3395849642757,nM,GDSC
SIDM00300,LC-1-sq,LUSC,,,osimertinib,IC50,3443.6122736952675,nM,GDSC
SIDM00341,LOU-NH91,LUSC,,,osimertinib,IC50,1341.3411880308588,nM,GDSC
SIDM00658,NCI-H1435,LUAD,,,osimertinib,IC50,9165.2577115851,nM,GDSC
SIDM00750,NCI-H1568,LUAD,,,osimertinib,IC50,1598.703518760623,nM,GDSC
SIDM00792,NCI-H1688,SCLC,,,osimertinib,IC50,8886.55979552322,nM,GDSC
SIDM00754,NCI-H1781,LUAD,,,osimertinib,IC50,705.809435014637,nM,GDSC
SIDM00703,NCI-H2110,UNCLASSIFIED,,,osimertinib,IC50,1012.9430454061472,nM,GDSC
SIDM00700,NCI-H2135,UNCLASSIFIED,,,osimertinib,IC50,144388.8489299443,nM,GDSC
SIDM00926,NCI-H2172,UNCLASSIFIED,,,osimertinib,IC50,3887.5066962037085,nM,GDSC
SIDM00723,NCI-H2444,Non-Small Cell Lung Carcinoma,Lung,MET_AMP,osimertinib,IC50,40309.89611606086,nM,GDSC
SIDM00570,NUGC-4,STAD,,,osimertinib,IC50,3732.0661204853436,nM,GDSC
SIDM00568,OCUM-1,STAD,,,osimertinib,IC50,48106.38920523342,nM,GDSC
SIDM00478,OE21,ESCA,,,osimertinib,IC50,698.8969307867279,nM,GDSC
SIDM00566,OSC-19,HNSC,,,osimertinib,IC50,1106.4934932359592,nM,GDSC
SIDM00425,OVTOKO,OV,,,osimertinib,IC50,7262.14325894408,nM,GDSC
SIDM01139,PANC-02-03,PAAD,,,osimertinib,IC50,7637.566259436127,nM,GDSC
SIDM01137,PANC-04-03,PAAD,,,osimertinib,IC50,34273.79266902135,nM,GDSC
SIDM00455,PA-TU-8902,PAAD,,,osimertinib,IC50,14219.880205890744,nM,GDSC
SIDM00044,PCI-30,HNSC,,,osimertinib,IC50,4033.364938921002,nM,GDSC
SIDM00043,PCI-4B,HNSC,,,osimertinib,IC50,2088.5666138636084,nM,GDSC
SIDM00042,PL4,PAAD,,,osimertinib,IC50,14646.933556434822,nM,GDSC
SIDM00360,QGP-1,UNCLASSIFIED,,,osimertinib,IC50,27177.325382513925,nM,GDSC
SIDM00356,RERF-LC-KJ,LUAD,,,osimertinib,IC50,4117.565126725733,nM,GDSC
SIDM00354,RERF-LC-Sq1,LUSC,,,osimertinib,IC50,830.2080059587297,nM,GDSC
SIDM00353,RKN,UNCLASSIFIED,,,osimertinib,IC50,18683.074368246133,nM,GDSC
SIDM00350,SAT,HNSC,,,osimertinib,IC50,406.9398065222055,nM,GDSC
SIDM00399,SCC90,HNSC,,,osimertinib,IC50,2496.4906357496,nM,GDSC
SIDM00375,SKN-3,HNSC,,,osimertinib,IC50,12635.192800955598,nM,GDSC
SIDM00041,STS-0421,UNCLASSIFIED,,,osimertinib,IC50,6408.216531477403,nM,GDSC
SIDM01156,SW1271,SCLC,,,osimertinib,IC50,56989.041786920345,nM,GDSC
SIDM00322,T-T,ESCA,,,osimertinib,IC50,1013.5499800491236,nM,GDSC
SIDM00040,TMK-1,STAD,,,osimertinib,IC50,2286.682323367589,nM,GDSC
SIDM01170,TOV-112D,OV,,,osimertinib,IC50,2905.152835187516,nM,GDSC
SIDM01077,VCaP,PRAD,,,osimertinib,IC50,20487.460170905655,nM,GDSC
SIDM00976,WM1552C,SKCM,,,osimertinib,IC50,8393.419449810797,nM,GDSC
SIDM00974,WM35,SKCM,,,osimertinib,IC50,13978.535856133027,nM,GDSC
SIDM00973,WM793B,SKCM,,,osimertinib,IC50,11961.737333843172,nM,GDSC
SIDM00854,GA-10,UNCLASSIFIED,,,osimertinib,IC50,3124.777247975691,nM,GDSC
SIDM01058,GRANTA-519,DLBC,,,osimertinib,IC50,18133.91605384874,nM,GDSC
SIDM00879,HCC1500,BRCA,,,osimertinib,IC50,13310.004892663457,nM,GDSC
SIDM01071,HCC-33,SCLC,,,osimertinib,IC50,5054.202118727265,nM,GDSC
SIDM01261,YMB-1-E,BRCA,,,osimertinib,IC50,7571.044221422771,nM,GDSC
SIDM00176,CHSA8926,UNCLASSIFIED,,,osimertinib,IC50,34866.413432286354,nM,GDSC
SIDM00508,COR-L32,SCLC,,,osimertinib,IC50,4983.079134160101,nM,GDSC
SIDM00507,COR-L321,UNCLASSIFIED,,,osimertinib,IC50,6590.933549407768,nM,GDSC
SIDM00668,Hs-445,UNCLASSIFIED,,,osimertinib,IC50,5590.518288762064,nM,GDSC
SIDM00045,HSC-39,STAD,,,osimertinib,IC50,1330.2195449475298,nM,GDSC
SIDM00428,NB4,LAML,,,osimertinib,IC50,3850.8888816421536,nM,GDSC
SIDM01038,JEKO-1,DLBC,,,osimertinib,IC50,3103.3494625751605,nM,GDSC
SIDM01036,JJN-3,MM,,,osimertinib,IC50,8967.688943410556,nM,GDSC
SIDM00689,JM1,DLBC,,,osimertinib,IC50,3775.37984941316,nM,GDSC
SIDM00688,JSC-1,DLBC,,,osimertinib,IC50,4039.261991844978,nM,GDSC
SIDM01011,KARPAS-1106P,DLBC,,,osimertinib,IC50,8933.872933247665,nM,GDSC
SIDM01017,KARPAS-231,UNCLASSIFIED,,,osimertinib,IC50,4217.223613346951,nM,GDSC
SIDM01006,KARPAS-620,MM,,,osimertinib,IC50,7750.086464401593,nM,GDSC
SIDM01004,KCL-22,LCML,,,osimertinib,IC50,8069.713663065382,nM,GDSC
SIDM01034,KOPN-8,UNCLASSIFIED,,,osimertinib,IC50,5420.700225480754,nM,GDSC
SIDM00313,L-1236,UNCLASSIFIED,,,osimertinib,IC50,8594.272560000058,nM,GDSC
SIDM00631,MDA-MB-330,BRCA,,,osimertinib,IC50,245.43797777987936,nM,GDSC
SIDM00338,ME-1,LAML,,,osimertinib,IC50,3865.909610937473,nM,GDSC
SIDM00437,MOLM-13,LAML,,,osimertinib,IC50,660.4399996159576,nM,GDSC
SIDM00435,MOLM-16,LAML,,,osimertinib,IC50,4485.136814720965,nM,GDSC
SIDM00434,MOLP-8,MM,,,osimertinib,IC50,4668.388793257533,nM,GDSC
SIDM01217,MY-M12,ALL,,,osimertinib,IC50,8471.079920455019,nM,GDSC
SIDM00646,NCI-H1341,SCLC,,,osimertinib,IC50,5604.98286820847,nM,GDSC
SIDM00766,NCI-H1876,SCLC,,,osimertinib,IC50,4187.24500094385,nM,GDSC
SIDM00711,NCI-H2066,SCLC,,,osimertinib,IC50,33113.59754530668,nM,GDSC
SIDM01123,NCI-H660,OTHER,,,osimertinib,IC50,5472.45320805461,nM,GDSC
SIDM01201,NK-92MI,UNCLASSIFIED,,,osimertinib,IC50,1652.861453265814,nM,GDSC
SIDM00443,NU-DUL-1,DLBC,,,osimertinib,IC50,2640.0503791829738,nM,GDSC
SIDM00460,OCI-LY-19,DLBC,,,osimertinib,IC50,7636.764357079496,nM,GDSC
SIDM00458,OCI-M1,LAML,,,osimertinib,IC50,2737.7762409838733,nM,GDSC
SIDM00362,P32-ISH,UNCLASSIFIED,,,osimertinib,IC50,2916.1725910564874,nM,GDSC
SIDM00450,PL-21,LAML,,,osimertinib,IC50,3333.497322947303,nM,GDSC
SIDM01114,PWR-1E,PRAD,,,osimertinib,IC50,5029.436751456444,nM,GDSC
SIDM00449,RCH-ACV,UNCLASSIFIED,,,osimertinib,IC50,3988.6506869044856,nM,GDSC
SIDM00448,RC-K8,DLBC,,,osimertinib,IC50,5928.397853323056,nM,GDSC
SIDM00415,ROS-50,UNCLASSIFIED,,,osimertinib,IC50,14601.992616735746,nM,GDSC
SIDM00374,SLVL,DLBC,,,osimertinib,IC50,10584.12249132367,nM,GDSC
SIDM00389,SU-DHL-10,DLBC,,,osimertinib,IC50,3652.7086928542876,nM,GDSC
SIDM00404,SU-DHL-16,DLBC,,,osimertinib,IC50,2237.240082111895,nM,GDSC
SIDM00405,SU-DHL-4,DLBC,,,osimertinib,IC50,4000.0705561427017,nM,GDSC
SIDM00406,SU-DHL-5,DLBC,,,osimertinib,IC50,841.8242632527862,nM,GDSC
SIDM00407,SU-DHL-6,DLBC,,,osimertinib,IC50,1624.9483001771757,nM,GDSC
SIDM00423,SU-DHL-8,DLBC,,,osimertinib,IC50,2868.7431298490783,nM,GDSC
SIDM00422,SUP-HD1,UNCLASSIFIED,,,osimertinib,IC50,6162.767831959748,nM,GDSC
SIDM00421,SUP-M2,UNCLASSIFIED,,,osimertinib,IC50,3781.0055773239565,nM,GDSC
SIDM00323,TK,DLBC,,,osimertinib,IC50,10324.337787640725,nM,GDSC
SIDM00416,VAL,DLBC,,,osimertinib,IC50,2619.972967574183,nM,GDSC
SIDM01102,WIL2-NS,UNCLASSIFIED,,,osimertinib,IC50,13737.01480378125,nM,GDSC
SIDM00413,WSU-DLCL2,DLBC,,,osimertinib,IC50,1579.4094320764898,nM,GDSC
SIDM01118,NCI-H740,NA,,,osimertinib,IC50,19194.98409785584,nM,GDSC
SIDM00969,DOV13,OV,,,osimertinib,IC50,13065.380210455527,nM,GDSC
SIDM00968,Hey,OV,,,osimertinib,IC50,11175.277808369681,nM,GDSC
SIDM00305,JHOS-2,OV,,,osimertinib,IC50,2829.290574950216,nM,GDSC
SIDM00304,JHOS-3,OV,,,osimertinib,IC50,3747.942414760475,nM,GDSC
SIDM00303,JHOS-4,OV,,,osimertinib,IC50,1146.4933235878493,nM,GDSC
SIDM00474,OV-7,OV,,,osimertinib,IC50,12718.504751250544,nM,GDSC
SIDM00476,OV-17R,OV,,,osimertinib,IC50,3594.705253816486,nM,GDSC
SIDM00475,OV-56,OV,,,osimertinib,IC50,44120.12378389412,nM,GDSC
SIDM00967,OVCA420,OV,,,osimertinib,IC50,361.95550104585203,nM,GDSC
SIDM00966,OVCA433,OV,,,osimertinib,IC50,6340.939857689047,nM,GDSC
SIDM00238,OVK-18,OV,,,osimertinib,IC50,3923.801679368743,nM,GDSC
SIDM00472,PEO1,OV,,,osimertinib,IC50,15657.421158150073,nM,GDSC
SIDM00815,UWB1.289,OV,,,osimertinib,IC50,1267.408164734613,nM,GDSC
SIDM01041,FLO-1,ESCA,,,osimertinib,IC50,6420.544967482714,nM,GDSC
SIDM00445,OACp4C,ESCA,,,osimertinib,IC50,6188.866797088989,nM,GDSC
SIDM00444,OACM5-1,ESCA,,,osimertinib,IC50,24818.61558455978,nM,GDSC
SIDM00393,SK-GT-2,STAD,,,osimertinib,IC50,46.564352425444476,nM,GDSC
SIDM00483,SK-GT-4,ESCA,,,osimertinib,IC50,6446.059410520916,nM,GDSC
SIDM00539,ESO26,ESCA,,,osimertinib,IC50,3452.732684585376,nM,GDSC
SIDM00538,ESO51,ESCA,,,osimertinib,IC50,23522.372746000074,nM,GDSC
SIDM00530,KYAE-1,ESCA,,,osimertinib,IC50,210.0999309046728,nM,GDSC
SIDM00048,EMC-BAC-1,LUAD,,,osimertinib,IC50,958.3751313961719,nM,GDSC
SIDM00047,EMC-BAC-2,LUAD,,,osimertinib,IC50,1943.1570582693196,nM,GDSC
SIDM00250,TE-4,ESCA,,,osimertinib,IC50,181.35152574989075,nM,GDSC
SIDM01185,U-CH2,NA,,,osimertinib,IC50,2263.988317018264,nM,GDSC
SIDM00231,NCC010,KIRC,,,osimertinib,IC50,1776.6205636360448,nM,GDSC
SIDM00232,NCC021,KIRC,,,osimertinib,IC50,10368.599913879816,nM,GDSC
SIDM00819,RCC-FG2,KIRC,,,osimertinib,IC50,2331.586646523766,nM,GDSC
SIDM00818,RCC-JF,KIRC,,,osimertinib,IC50,2526.280341112406,nM,GDSC
SIDM00817,RCC-JW,KIRC,,,osimertinib,IC50,9367.038646195475,nM,GDSC
SIDM00820,RCC-ER,KIRC,,,osimertinib,IC50,5369.957531411379,nM,GDSC
SIDM00821,RCC-AB,KIRC,,,osimertinib,IC50,2354.7227681311856,nM,GDSC
SIDM00816,RCC-MF,KIRC,,,osimertinib,IC50,7137.888469136181,nM,GDSC
SIDM00608,KMS-11,MM,,,osimertinib,IC50,4837.843192376505,nM,GDSC
SIDM01265,MM1S,MM,,,osimertinib,IC50,2368.1214412063805,nM,GDSC
SIDM00459,OCI-LY7,DLBC,,,osimertinib,IC50,2581.8133477069227,nM,GDSC
SIDM00216,SNU-175,COREAD,,,osimertinib,IC50,809.0059558181523,nM,GDSC
SIDM00215,SNU-283,NA,,,osimertinib,IC50,1858.1195840004684,nM,GDSC
SIDM00214,SNU-407,COREAD,,,osimertinib,IC50,3051.734141415507,nM,GDSC
SIDM00194,SNU-61,COREAD,,,osimertinib,IC50,10793.811924862039,nM,GDSC
SIDM00193,SNU-81,COREAD,,,osimertinib,IC50,6627.78724750236,nM,GDSC
SIDM00498,SNU-C5,COREAD,,,osimertinib,IC50,12225.53747952752,nM,GDSC
SIDM00049,DiFi,COREAD,,,osimertinib,IC50,127.21750749601574,nM,GDSC
