model_id,model_name,cancer_type,tissue,source,source_version,source_file,source_record_id,download_date,file_sha256
SIDM01132,PFSK-1,MB,,GDSC,unknown,data/raw/gdsc_drug_response.csv,5286,2026-10-03,b472905ea811c145b1827f382975756a66c2ac5dffbe9ad323148bfdea38cdb5
SIDM00848,A673,UNCLASSIFIED,,GDSC,unknown,data/raw/gdsc_drug_response.csv,5287,2026-10-03,b472905ea811c145b1827f382975756a66c2ac5dffbe9ad323148bfdea38cdb5
SIDM00263,ES5,UNCLASSIFIED,,GDSC,unknown,data/raw/gdsc_drug_response.csv,5288,2026-10-03,b472905ea811c145b1827f382975756a66c2ac5dffbe9ad323148bfdea38cdb5
SIDM00269,ES7,UNCLASSIFIED,,GDSC,unknown,data/raw/gdsc_drug_response.csv,5289,2026-10-03,b472905ea811c145b1827f382975756a66c2ac5dffbe9ad323148bfdea38cdb5
SIDM00203,EW-11,UNCLASSIFIED,,GDSC,unknown,data/raw/gdsc_drug_response.csv,5290,2026-10-03,b472905ea811c145b1827f382975756a66c2ac5dffbe9ad323148bfdea38cdb5
SIDM01111,SK-ES-1,UNCLASSIFIED,,GDSC,unknown,data/raw/gdsc_drug_response.csv,5291,2026-10-03,b472905ea811c145b1827f382975756a66c2ac5dffbe9ad323148bfdea38cdb5
SIDM00909,COLO-829,SKCM,,GDSC,unknown,data/raw/gdsc_drug_response.csv,5292,2026-10-03,b472905ea811c145b1827f382975756a66c2ac5dffbe9ad323148bfdea38cdb5
SIDM00807,5637,BLCA,,GDSC,unknown,data/raw/gdsc_drug_response.csv,5293,2026-10-03,b472905ea811c145b1827f382975756a66c2ac5dffbe9ad323148bfdea38cdb5
SIDM01085,RT4,BLCA,,GDSC,unknown,data/raw/gdsc_drug_response.csv,5294,2026-10-03,b472905ea811c145b1827f382975756a66c2ac5dffbe9ad323148bfdea38cdb5
SIDM01160,SW780,BLCA,,GDSC,unknown,data/raw/gdsc_drug_response.csv,5295,2026-10-03,b472905ea811c145b1827f382975756a66c2ac5dffbe9ad323148bfdea38cdb5
SIDM01190,TCCSUP,BLCA,,GDSC,unknown,data/raw/gdsc_drug_response.csv,5296,2026-10-03,b472905ea811c145b1827f382975756a66c2ac5dffbe9ad323148bfdea38cdb5
SIDM00889,C-33-A,CESC,,GDSC,unknown,data/raw/gdsc_drug_response.csv,5297,2026-10-03,b472905ea811c145b1827f382975756a66c2ac5dffbe9ad323148bfdea38cdb5
SIDM00905,C-4-I,CESC,,GDSC,unknown,data/raw/gdsc_drug_response.csv,5298,2026-10-03,b472905ea811c145b1827f382975756a66c2ac5dffbe9ad323148bfdea38cdb5
SIDM00627,ME-180,CESC,,GDSC,unknown,data/raw/gdsc_drug_response.csv,5299,2026-10-03,b472905ea811c145b1827f382975756a66c2ac5dffbe9ad323148bfdea38cdb5
SIDM00982,42-MG-BA,GBM,,GDSC,unknown,data/raw/gdsc_drug_response.csv,5300,2026-10-03,b472905ea811c145b1827f382975756a66c2ac5dffbe9ad323148bfdea38cdb5
SIDM00998,8-MG-BA,GBM,,GDSC,unknown,data/raw/gdsc_drug_response.csv,5301,2026-10-03,b472905ea811c145b1827f382975756a66c2ac5dffbe9ad323148bfdea38cdb5
SIDM00799,A172,GBM,,GDSC,unknown,data/raw/gdsc_drug_response.csv,5302,2026-10-03,b472905ea811c145b1827f382975756a66c2ac5dffbe9ad323148bfdea38cdb5
SIDM00581,GB-1,GBM,,GDSC,unknown,data/raw/gdsc_drug_response.csv,5303,2026-10-03,b472905ea811c145b1827f382975756a66c2ac5dffbe9ad323148bfdea38cdb5
SIDM01171,T98G,GBM,,GDSC,unknown,data/raw/gdsc_drug_response.csv,5304,2026-10-03,b472905ea811c145b1827f382975756a66c2ac5dffbe9ad323148bfdea38cdb5
SIDM01193,U-118-MG,GBM,,GDSC,unknown,data/raw/gdsc_drug_response.csv,5305,2026-10-03,b472905ea811c145b1827f382975756a66c2ac5dffbe9ad323148bfdea38cdb5
SIDM01189,U-87-MG,GBM,,GDSC,unknown,data/raw/gdsc_drug_response.csv,5306,2026-10-03,b472905ea811c145b1827f382975756a66c2ac5dffbe9ad323148bfdea38cdb5
SIDM00315,YKG-1,GBM,,GDSC,unknown,data/raw/gdsc_drug_response.csv,5307,2026-10-03,b472905ea811c145b1827f382975756a66c2ac5dffbe9ad323148bfdea38cdb5
SIDM00924,ChaGo-K-1,UNCLASSIFIED,,GDSC,unknown,data/raw/gdsc_drug_response.csv,5308,2026-10-03,b472905ea811c145b1827f382975756a66c2ac5dffbe9ad323148bfdea38cdb5
SIDM01120,NCI-H720,UNCLASSIFIED,,GDSC,unknown,data/raw/gdsc_drug_response.csv,5309,2026-10-03,b472905ea811c145b1827f382975756a66c2ac5dffbe9ad323148bfdea38cdb5
SIDM00922,Calu-3,LUAD,,GDSC,unknown,data/raw/gdsc_drug_response.csv,5310,2026-10-03,b472905ea811c145b1827f382975756a66c2ac5dffbe9ad323148bfdea38cdb5
SIDM00512,COR-L23,UNCLASSIFIED,,GDSC,unknown,data/raw/gdsc_drug_response.csv,5311,2026-10-03,b472905ea811c145b1827f382975756a66c2ac5dffbe9ad323148bfdea38cdb5
SIDM00548,LK-2,LUSC,,GDSC,unknown,data/raw/gdsc_drug_response.csv,5312,2026-10-03,b472905ea811c145b1827f382975756a66c2ac5dffbe9ad323148bfdea38cdb5
SIDM00734,NCI-H1437,LUAD,,GDSC,unknown,data/raw/gdsc_drug_response.csv,5313,2026-10-03,b472905ea811c145b1827f382975756a66c2ac5dffbe9ad323148bfdea38cdb5
SIDM00747,NCI-H1623,LUAD,,GDSC,unknown,data/raw/gdsc_drug_response.csv,5314,2026-10-03,b472905ea811c145b1827f382975756a66c2ac5dffbe9ad323148bfdea38cdb5
SIDM00746,NCI-H1648,LUAD,,GDSC,unknown,data/raw/gdsc_drug_response.csv,5315,2026-10-03,b472905ea811c145b1827f382975756a66c2ac5dffbe9ad323148bfdea38cdb5
SIDM00745,NCI-H1650,LUAD,,GDSC,unknown,data/raw/gdsc_drug_response.csv,5316,2026-10-03,b472905ea811c145b1827f382975756a66c2ac5dffbe9ad323148bfdea38cdb5
SIDM00742,NCI-H1693,LUAD,,GDSC,unknown,data/raw/gdsc_drug_response.csv,5317,2026-10-03,b472905ea811c145b1827f382975756a66c2ac5dffbe9ad323148bfdea38cdb5
SIDM00737,NCI-H1770,UNCLASSIFIED,,GDSC,unknown,data/raw/gdsc_drug_response.csv,5318,2026-10-03,b472905ea811c145b1827f382975756a66c2ac5dffbe9ad323148bfdea38cdb5
SIDM00769,NCI-H1838,LUAD,,GDSC,unknown,data/raw/gdsc_drug_response.csv,5319,2026-10-03,b472905ea811c145b1827f382975756a66c2ac5dffbe9ad323148bfdea38cdb5
SIDM00709,NCI-H2085,LUAD,,GDSC,unknown,data/raw/gdsc_drug_response.csv,5320,2026-10-03,b472905ea811c145b1827f382975756a66c2ac5dffbe9ad323148bfdea38cdb5
SIDM00716,NCI-H2170,LUSC,,GDSC,unknown,data/raw/gdsc_drug_response.csv,5321,2026-10-03,b472905ea811c145b1827f382975756a66c2ac5dffbe9ad323148bfdea38cdb5
SIDM00729,NCI-H2228,LUAD,,GDSC,unknown,data/raw/gdsc_drug_response.csv,5322,2026-10-03,b472905ea811c145b1827f382975756a66c2ac5dffbe9ad323148bfdea38cdb5
SIDM00727,NCI-H2342,LUAD,,GDSC,unknown,data/raw/gdsc_drug_response.csv,5323,2026-10-03,b472905ea811c145b1827f382975756a66c2ac5dffbe9ad323148bfdea38cdb5
SIDM00726,NCI-H2347,LUAD,,GDSC,unknown,data/raw/gdsc_drug_response.csv,5324,2026-10-03,b472905ea811c145b1827f382975756a66c2ac5dffbe9ad323148bfdea38cdb5
SIDM00724,NCI-H2405,LUAD,,GDSC,unknown,data/raw/gdsc_drug_response.csv,5325,2026-10-03,b472905ea811c145b1827f382975756a66c2ac5dffbe9ad323148bfdea38cdb5
SIDM01122,NCI-H661,UNCLASSIFIED,,GDSC,unknown,data/raw/gdsc_drug_response.csv,5326,2026-10-03,b472905ea811c145b1827f382975756a66c2ac5dffbe9ad323148bfdea38cdb5
SIDM00509,COR-L311,SCLC,,GDSC,unknown,data/raw/gdsc_drug_response.csv,5327,2026-10-03,b472905ea811c145b1827f382975756a66c2ac5dffbe9ad323148bfdea38cdb5
SIDM00865,DMS-114,SCLC,,GDSC,unknown,data/raw/gdsc_drug_response.csv,5328,2026-10-03,b472905ea811c145b1827f382975756a66c2ac5dffbe9ad323148bfdea38cdb5
SIDM00522,DMS-273,SCLC,,GDSC,unknown,data/raw/gdsc_drug_response.csv,5329,2026-10-03,b472905ea811c145b1827f382975756a66c2ac5dffbe9ad323148bfdea38cdb5
SIDM00654,NCI-H1048,SCLC,,GDSC,unknown,data/raw/gdsc_drug_response.csv,5330,2026-10-03,b472905ea811c145b1827f382975756a66c2ac5dffbe9ad323148bfdea38cdb5
SIDM00653,NCI-H1092,SCLC,,GDSC,unknown,data/raw/gdsc_drug_response.csv,5331,2026-10-03,b472905ea811c145b1827f382975756a66c2ac5dffbe9ad323148bfdea38cdb5
SIDM00741,NCI-H1694,SCLC,,GDSC,unknown,data/raw/gdsc_drug_response.csv,5332,2026-10-03,b472905ea811c145b1827f382975756a66c2ac5dffbe9ad323148bfdea38cdb5
SIDM00760,NCI-H1963,SCLC,,GDSC,unknown,data/raw/gdsc_drug_response.csv,5333,2026-10-03,b472905ea811c145b1827f382975756a66c2ac5dffbe9ad323148bfdea38cdb5
SIDM00735,NCI-H2029,SCLC,,GDSC,unknown,data/raw/gdsc_drug_response.csv,5334,2026-10-03,b472905ea811c145b1827f382975756a66c2ac5dffbe9ad323148bfdea38cdb5
SIDM00706,NCI-H209,SCLC,,GDSC,unknown,data/raw/gdsc_drug_response.csv,5335,2026-10-03,b472905ea811c145b1827f382975756a66c2ac5dffbe9ad323148bfdea38cdb5
SIDM00699,NCI-H2141,SCLC,,GDSC,unknown,data/raw/gdsc_drug_response.csv,5336,2026-10-03,b472905ea811c145b1827f382975756a66c2ac5dffbe9ad323148bfdea38cdb5
SIDM00733,NCI-H2171,SCLC,,GDSC,unknown,data/raw/gdsc_drug_response.csv,5337,2026-10-03,b472905ea811c145b1827f382975756a66c2ac5dffbe9ad323148bfdea38cdb5
SIDM00730,NCI-H2227,SCLC,,GDSC,unknown,data/raw/gdsc_drug_response.csv,5338,2026-10-03,b472905ea811c145b1827f382975756a66c2ac5dffbe9ad323148bfdea38cdb5
SIDM00719,NCI-H345,SCLC,,GDSC,unknown,data/raw/gdsc_drug_response.csv,5339,2026-10-03,b472905ea811c145b1827f382975756a66c2ac5dffbe9ad323148bfdea38cdb5
SIDM00965,NCI-H446,SCLC,,GDSC,unknown,data/raw/gdsc_drug_response.csv,5340,2026-10-03,b472905ea811c145b1827f382975756a66c2ac5dffbe9ad323148bfdea38cdb5
SIDM01128,NCI-H526,SCLC,,GDSC,unknown,data/raw/gdsc_drug_response.csv,5341,2026-10-03,b472905ea811c145b1827f382975756a66c2ac5dffbe9ad323148bfdea38cdb5
SIDM01126,NCI-H64,SCLC,,GDSC,unknown,data/raw/gdsc_drug_response.csv,5342,2026-10-03,b472905ea811c145b1827f382975756a66c2ac5dffbe9ad323148bfdea38cdb5
SIDM01121,NCI-H69,SCLC,,GDSC,unknown,data/raw/gdsc_drug_response.csv,5343,2026-10-03,b472905ea811c145b1827f382975756a66c2ac5dffbe9ad323148bfdea38cdb5
SIDM01131,NCI-H82,SCLC,,GDSC,unknown,data/raw/gdsc_drug_response.csv,5344,2026-10-03,b472905ea811c145b1827f382975756a66c2ac5dffbe9ad323148bfdea38cdb5
SIDM00713,NCI-H2052,MESO,,GDSC,unknown,data/raw/gdsc_drug_response.csv,5345,2026-10-03,b472905ea811c145b1827f382975756a66c2ac5dffbe9ad323148bfdea38cdb5
SIDM01100,SK-N-DZ,NB,,GDSC,unknown,data/raw/gdsc_drug_response.csv,5346,2026-10-03,b472905ea811c145b1827f382975756a66c2ac5dffbe9ad323148bfdea38cdb5
SIDM01099,SK-N-FI,NB,,GDSC,unknown,data/raw/gdsc_drug_response.csv,5347,2026-10-03,b472905ea811c145b1827f382975756a66c2ac5dffbe9ad323148bfdea38cdb5
SIDM01179,VA-ES-BJ,UNCLASSIFIED,,GDSC,unknown,data/raw/gdsc_drug_response.csv,5348,2026-10-03,b472905ea811c145b1827f382975756a66c2ac5dffbe9ad323148bfdea38cdb5
SIDM00320,VMRC-LCD,LUAD,,GDSC,unknown,data/raw/gdsc_drug_response.csv,5349,2026-10-03,b472905ea811c145b1827f382975756a66c2ac5dffbe9ad323148bfdea38cdb5
SIDM00368,SBC-5,SCLC,,GDSC,unknown,data/raw/gdsc_drug_response.csv,5350,2026-10-03,b472905ea811c145b1827f382975756a66c2ac5dffbe9ad323148bfdea38cdb5
SIDM00365,SBC-1,SCLC,,GDSC,unknown,data/raw/gdsc_drug_response.csv,5351,2026-10-03,b472905ea811c145b1827f382975756a66c2ac5dffbe9ad323148bfdea38cdb5
SIDM00294,LU-135,SCLC,,GDSC,unknown,data/raw/gdsc_drug_response.csv,5352,2026-10-03,b472905ea811c145b1827f382975756a66c2ac5dffbe9ad323148bfdea38cdb5
SIDM01098,SK-N-SH,NB,,GDSC,unknown,data/raw/gdsc_drug_response.csv,5353,2026-10-03,b472905ea811c145b1827f382975756a66c2ac5dffbe9ad323148bfdea38cdb5
SIDM00715,NCI-H2030,LUAD,,GDSC,unknown,data/raw/gdsc_drug_response.csv,5354,2026-10-03,b472905ea811c145b1827f382975756a66c2ac5dffbe9ad323148bfdea38cdb5
SIDM00702,NCI-H2122,LUAD,,GDSC,unknown,data/raw/gdsc_drug_response.csv,5355,2026-10-03,b472905ea811c145b1827f382975756a66c2ac5dffbe9ad323148bfdea38cdb5
SIDM00739,NCI-H1734,LUAD,,GDSC,unknown,data/raw/gdsc_drug_response.csv,5356,2026-10-03,b472905ea811c145b1827f382975756a66c2ac5dffbe9ad323148bfdea38cdb5
SIDM01124,NCI-H650,LUAD,,GDSC,unknown,data/raw/gdsc_drug_response.csv,5357,2026-10-03,b472905ea811c145b1827f382975756a66c2ac5dffbe9ad323148bfdea38cdb5
SIDM01184,T24,BLCA,,GDSC,unknown,data/raw/gdsc_drug_response.csv,5358,2026-10-03,b472905ea811c145b1827f382975756a66c2ac5dffbe9ad323148bfdea38cdb5
SIDM01148,NCI-H929,MM,,GDSC,unknown,data/raw/gdsc_drug_response.csv,5359,2026-10-03,b472905ea811c145b1827f382975756a66c2ac5dffbe9ad323148bfdea38cdb5
SIDM01101,SK-N-AS,NB,,GDSC,unknown,data/raw/gdsc_drug_response.csv,5360,2026-10-03,b472905ea811c145b1827f382975756a66c2ac5dffbe9ad323148bfdea38cdb5
SIDM00649,NCI-H1299,UNCLASSIFIED,,GDSC,unknown,data/raw/gdsc_drug_response.csv,5361,2026-10-03,b472905ea811c145b1827f382975756a66c2ac5dffbe9ad323148bfdea38cdb5
SIDM00708,NCI-H2087,LUAD,,GDSC,unknown,data/raw/gdsc_drug_response.csv,5362,2026-10-03,b472905ea811c145b1827f382975756a66c2ac5dffbe9ad323148bfdea38cdb5
SIDM01182,UM-UC-3,BLCA,,GDSC,unknown,data/raw/gdsc_drug_response.csv,5363,2026-10-03,b472905ea811c145b1827f382975756a66c2ac5dffbe9ad323148bfdea38cdb5
SIDM01174,SW756,CESC,,GDSC,unknown,data/raw/gdsc_drug_response.csv,5364,2026-10-03,b472905ea811c145b1827f382975756a66c2ac5dffbe9ad323148bfdea38cdb5
SIDM01119,NCI-H727,UNCLASSIFIED,,GDSC,unknown,data/raw/gdsc_drug_response.csv,5365,2026-10-03,b472905ea811c145b1827f382975756a66c2ac5dffbe9ad323148bfdea38cdb5
SIDM00921,Calu-6,LUAD,,GDSC,unknown,data/raw/gdsc_drug_response.csv,5366,2026-10-03,b472905ea811c145b1827f382975756a66c2ac5dffbe9ad323148bfdea38cdb5
SIDM00547,LU-65,UNCLASSIFIED,,GDSC,unknown,data/raw/gdsc_drug_response.csv,5367,2026-10-03,b472905ea811c145b1827f382975756a66c2ac5dffbe9ad323148bfdea38cdb5
SIDM00645,NCI-H1355,LUAD,,GDSC,unknown,data/raw/gdsc_drug_response.csv,5368,2026-10-03,b472905ea811c145b1827f382975756a66c2ac5dffbe9ad323148bfdea38cdb5
SIDM00771,NCI-H1792,LUAD,,GDSC,unknown,data/raw/gdsc_drug_response.csv,5369,2026-10-03,b472905ea811c145b1827f382975756a66c2ac5dffbe9ad323148bfdea38cdb5
SIDM00669,HPAF-II,PAAD,,GDSC,unknown,data/raw/gdsc_drug_response.csv,5370,2026-10-03,b472905ea811c145b1827f382975756a66c2ac5dffbe9ad323148bfdea38cdb5
SIDM00505,MIA-PaCa-2,PAAD,,GDSC,unknown,data/raw/gdsc_drug_response.csv,5371,2026-10-03,b472905ea811c145b1827f382975756a66c2ac5dffbe9ad323148bfdea38cdb5
SIDM01078,SHP-77,SCLC,,GDSC,unknown,data/raw/gdsc_drug_response.csv,5372,2026-10-03,b472905ea811c145b1827f382975756a66c2ac5dffbe9ad323148bfdea38cdb5
SIDM00756,NCI-H2009,LUAD,,GDSC,unknown,data/raw/gdsc_drug_response.csv,5373,2026-10-03,b472905ea811c145b1827f382975756a66c2ac5dffbe9ad323148bfdea38cdb5
SIDM00728,NCI-H2291,LUAD,,GDSC,unknown,data/raw/gdsc_drug_response.csv,5374,2026-10-03,b472905ea811c145b1827f382975756a66c2ac5dffbe9ad323148bfdea38cdb5
SIDM01163,SW1573,LUAD,,GDSC,unknown,data/raw/gdsc_drug_response.csv,5375,2026-10-03,b472905ea811c145b1827f382975756a66c2ac5dffbe9ad323148bfdea38cdb5
SIDM00347,TE-5,ESCA,,GDSC,unknown,data/raw/gdsc_drug_response.csv,5376,2026-10-03,b472905ea811c145b1827f382975756a66c2ac5dffbe9ad323148bfdea38cdb5
SIDM00872,HCC1954,BRCA,,GDSC,unknown,data/raw/gdsc_drug_response.csv,5377,2026-10-03,b472905ea811c145b1827f382975756a66c2ac5dffbe9ad323148bfdea38cdb5
SIDM00866,HCC1143,BRCA,,GDSC,unknown,data/raw/gdsc_drug_response.csv,5378,2026-10-03,b472905ea811c145b1827f382975756a66c2ac5dffbe9ad323148bfdea38cdb5
SIDM00885,HCC1187,BRCA,,GDSC,unknown,data/raw/gdsc_drug_response.csv,5379,2026-10-03,b472905ea811c145b1827f382975756a66c2ac5dffbe9ad323148bfdea38cdb5
SIDM00884,HCC1395,BRCA,,GDSC,unknown,data/raw/gdsc_drug_response.csv,5380,2026-10-03,b472905ea811c145b1827f382975756a66c2ac5dffbe9ad323148bfdea38cdb5
SIDM00877,HCC1599,BRCA,,GDSC,unknown,data/raw/gdsc_drug_response.csv,5381,2026-10-03,b472905ea811c145b1827f382975756a66c2ac5dffbe9ad323148bfdea38cdb5
SIDM00874,HCC1937,BRCA,,GDSC,unknown,data/raw/gdsc_drug_response.csv,5382,2026-10-03,b472905ea811c145b1827f382975756a66c2ac5dffbe9ad323148bfdea38cdb5
SIDM00774,HCC2157,BRCA,,GDSC,unknown,data/raw/gdsc_drug_response.csv,5383,2026-10-03,b472905ea811c145b1827f382975756a66c2ac5dffbe9ad323148bfdea38cdb5
SIDM00772,HCC2218,BRCA,,GDSC,unknown,data/raw/gdsc_drug_response.csv,5384,2026-10-03,b472905ea811c145b1827f382975756a66c2ac5dffbe9ad323148bfdea38cdb5
SIDM00675,HCC38,BRCA,,GDSC,unknown,data/raw/gdsc_drug_response.csv,5385,2026-10-03,b472905ea811c145b1827f382975756a66c2ac5dffbe9ad323148bfdea38cdb5
SIDM00172,BB30-HNC,HNSC,,GDSC,unknown,data/raw/gdsc_drug_response.csv,5386,2026-10-03,b472905ea811c145b1827f382975756a66c2ac5dffbe9ad323148bfdea38cdb5
SIDM00174,BB49-HNC,HNSC,,GDSC,unknown,data/raw/gdsc_drug_response.csv,5387,2026-10-03,b472905ea811c145b1827f382975756a66c2ac5dffbe9ad323148bfdea38cdb5
SIDM00191,BB65-RCC,KIRC,,GDSC,unknown,data/raw/gdsc_drug_response.csv,5388,2026-10-03,b472905ea811c145b1827f382975756a66c2ac5dffbe9ad323148bfdea38cdb5
SIDM00990,BEN,UNCLASSIFIED,,GDSC,unknown,data/raw/gdsc_drug_response.csv,5389,2026-10-03,b472905ea811c145b1827f382975756a66c2ac5dffbe9ad323148bfdea38cdb5
SIDM00986,BHY,HNSC,,GDSC,unknown,data/raw/gdsc_drug_response.csv,5390,2026-10-03,b472905ea811c145b1827f382975756a66c2ac5dffbe9ad323148bfdea38cdb5
SIDM00489,Ca9-22,HNSC,,GDSC,unknown,data/raw/gdsc_drug_response.csv,5391,2026-10-03,b472905ea811c145b1827f382975756a66c2ac5dffbe9ad323148bfdea38cdb5
SIDM00961,CADO-ES1,UNCLASSIFIED,,GDSC,unknown,data/raw/gdsc_drug_response.csv,5392,2026-10-03,b472905ea811c145b1827f382975756a66c2ac5dffbe9ad323148bfdea38cdb5
SIDM00939,CAL-12T,UNCLASSIFIED,,GDSC,unknown,data/raw/gdsc_drug_response.csv,5393,2026-10-03,b472905ea811c145b1827f382975756a66c2ac5dffbe9ad323148bfdea38cdb5
SIDM00942,CAL-33,HNSC,,GDSC,unknown,data/raw/gdsc_drug_response.csv,5394,2026-10-03,b472905ea811c145b1827f382975756a66c2ac5dffbe9ad323148bfdea38cdb5
SIDM00175,CP50-MEL-B,SKCM,,GDSC,unknown,data/raw/gdsc_drug_response.csv,5395,2026-10-03,b472905ea811c145b1827f382975756a66c2ac5dffbe9ad323148bfdea38cdb5
SIDM00190,CP66-MEL,SKCM,,GDSC,unknown,data/raw/gdsc_drug_response.csv,5396,2026-10-03,b472905ea811c145b1827f382975756a66c2ac5dffbe9ad323148bfdea38cdb5
SIDM00953,CPC-N,SCLC,,GDSC,unknown,data/raw/gdsc_drug_response.csv,5397,2026-10-03,b472905ea811c145b1827f382975756a66c2ac5dffbe9ad323148bfdea38cdb5
SIDM00951,CTV-1,LAML,,GDSC,unknown,data/raw/gdsc_drug_response.csv,5398,2026-10-03,b472905ea811c145b1827f382975756a66c2ac5dffbe9ad323148bfdea38cdb5
SIDM00207,D-542MG,GBM,,GDSC,unknown,data/raw/gdsc_drug_response.csv,5399,2026-10-03,b472905ea811c145b1827f382975756a66c2ac5dffbe9ad323148bfdea38cdb5
SIDM00524,DMS-79,SCLC,,GDSC,unknown,data/raw/gdsc_drug_response.csv,5400,2026-10-03,b472905ea811c145b1827f382975756a66c2ac5dffbe9ad323148bfdea38cdb5
SIDM00970,DSH1,BLCA,,GDSC,unknown,data/raw/gdsc_drug_response.csv,5401,2026-10-03,b472905ea811c145b1827f382975756a66c2ac5dffbe9ad323148bfdea38cdb5
SIDM00486,EBC-1,LUSC,,GDSC,unknown,data/raw/gdsc_drug_response.csv,5402,2026-10-03,b472905ea811c145b1827f382975756a66c2ac5dffbe9ad323148bfdea38cdb5
SIDM00278,EC-GI-10,ESCA,,GDSC,unknown,data/raw/gdsc_drug_response.csv,5403,2026-10-03,b472905ea811c145b1827f382975756a66c2ac5dffbe9ad323148bfdea38cdb5
SIDM01044,EPLC-272H,LUSC,,GDSC,unknown,data/raw/gdsc_drug_response.csv,5404,2026-10-03,b472905ea811c145b1827f382975756a66c2ac5dffbe9ad323148bfdea38cdb5
SIDM00188,HA7-RCC,KIRC,,GDSC,unknown,data/raw/gdsc_drug_response.csv,5405,2026-10-03,b472905ea811c145b1827f382975756a66c2ac5dffbe9ad323148bfdea38cdb5
SIDM00052,HCE-4,ESCA,,GDSC,unknown,data/raw/gdsc_drug_response.csv,5406,2026-10-03,b472905ea811c145b1827f382975756a66c2ac5dffbe9ad323148bfdea38cdb5
SIDM00591,HO-1-u-1,HNSC,,GDSC,unknown,data/raw/gdsc_drug_response.csv,5407,2026-10-03,b472905ea811c145b1827f382975756a66c2ac5dffbe9ad323148bfdea38cdb5
SIDM00590,HSC-2,HNSC,,GDSC,unknown,data/raw/gdsc_drug_response.csv,5408,2026-10-03,b472905ea811c145b1827f382975756a66c2ac5dffbe9ad323148bfdea38cdb5
SIDM00632,IM-9,MM,,GDSC,unknown,data/raw/gdsc_drug_response.csv,5409,2026-10-03,b472905ea811c145b1827f382975756a66c2ac5dffbe9ad323148bfdea38cdb5
SIDM00223,IST-SL1,SCLC,,GDSC,unknown,data/raw/gdsc_drug_response.csv,5410,2026-10-03,b472905ea811c145b1827f382975756a66c2ac5dffbe9ad323148bfdea38cdb5
SIDM00230,IST-SL2,SCLC,,GDSC,unknown,data/raw/gdsc_drug_response.csv,5411,2026-10-03,b472905ea811c145b1827f382975756a66c2ac5dffbe9ad323148bfdea38cdb5
SIDM00693,J82,BLCA,,GDSC,unknown,data/raw/gdsc_drug_response.csv,5412,2026-10-03,b472905ea811c145b1827f382975756a66c2ac5dffbe9ad323148bfdea38cdb5
SIDM00606,KNS-62,LUSC,,GDSC,unknown,data/raw/gdsc_drug_response.csv,5413,2026-10-03,b472905ea811c145b1827f382975756a66c2ac5dffbe9ad323148bfdea38cdb5
SIDM00603,KOSC-2,HNSC,,GDSC,unknown,data/raw/gdsc_drug_response.csv,5414,2026-10-03,b472905ea811c145b1827f382975756a66c2ac5dffbe9ad323148bfdea38cdb5
SIDM00301,KP-4,PAAD,,GDSC,unknown,data/raw/gdsc_drug_response.csv,5415,2026-10-03,b472905ea811c145b1827f382975756a66c2ac5dffbe9ad323148bfdea38cdb5
SIDM01032,KYSE-140,ESCA,,GDSC,unknown,data/raw/gdsc_drug_response.csv,5416,2026-10-03,b472905ea811c145b1827f382975756a66c2ac5dffbe9ad323148bfdea38cdb5
SIDM01028,KYSE-410,ESCA,,GDSC,unknown,data/raw/gdsc_drug_response.csv,5417,2026-10-03,b472905ea811c145b1827f382975756a66c2ac5dffbe9ad323148bfdea38cdb5
SIDM01025,KYSE-520,ESCA,,GDSC,unknown,data/raw/gdsc_drug_response.csv,5418,2026-10-03,b472905ea811c145b1827f382975756a66c2ac5dffbe9ad323148bfdea38cdb5
SIDM01024,KYSE-70,ESCA,,GDSC,unknown,data/raw/gdsc_drug_response.csv,5419,2026-10-03,b472905ea811c145b1827f382975756a66c2ac5dffbe9ad323148bfdea38cdb5
SIDM00187,LB1047-RCC,KIRC,,GDSC,unknown,data/raw/gdsc_drug_response.csv,5420,2026-10-03,b472905ea811c145b1827f382975756a66c2ac5dffbe9ad323148bfdea38cdb5
SIDM00186,LB2241-RCC,KIRC,,GDSC,unknown,data/raw/gdsc_drug_response.csv,5421,2026-10-03,b472905ea811c145b1827f382975756a66c2ac5dffbe9ad323148bfdea38cdb5
SIDM00185,LB2518-MEL,SKCM,,GDSC,unknown,data/raw/gdsc_drug_response.csv,5422,2026-10-03,b472905ea811c145b1827f382975756a66c2ac5dffbe9ad323148bfdea38cdb5
SIDM00184,LB373-MEL-D,SKCM,,GDSC,unknown,data/raw/gdsc_drug_response.csv,5423,2026-10-03,b472905ea811c145b1827f382975756a66c2ac5dffbe9ad323148bfdea38cdb5
SIDM00183,LB647-SCLC,SCLC,,GDSC,unknown,data/raw/gdsc_drug_response.csv,5424,2026-10-03,b472905ea811c145b1827f382975756a66c2ac5dffbe9ad323148bfdea38cdb5
SIDM00182,LB771-HNC,HNSC,,GDSC,unknown,data/raw/gdsc_drug_response.csv,5425,2026-10-03,b472905ea811c145b1827f382975756a66c2ac5dffbe9ad323148bfdea38cdb5
SIDM00181,LB831-BLC,BLCA,,GDSC,unknown,data/raw/gdsc_drug_response.csv,5426,2026-10-03,b472905ea811c145b1827f382975756a66c2ac5dffbe9ad323148bfdea38cdb5
SIDM00180,LB996-RCC,KIRC,,GDSC,unknown,data/raw/gdsc_drug_response.csv,5427,2026-10-03,b472905ea811c145b1827f382975756a66c2ac5dffbe9ad323148bfdea38cdb5
SIDM00345,LCLC-103H,UNCLASSIFIED,,GDSC,unknown,data/raw/gdsc_drug_response.csv,5428,2026-10-03,b472905ea811c145b1827f382975756a66c2ac5dffbe9ad323148bfdea38cdb5
SIDM00296,LU-134-A,SCLC,,GDSC,unknown,data/raw/gdsc_drug_response.csv,5429,2026-10-03,b472905ea811c145b1827f382975756a66c2ac5dffbe9ad323148bfdea38cdb5
SIDM00292,LU-165,SCLC,,GDSC,unknown,data/raw/gdsc_drug_response.csv,5430,2026-10-03,b472905ea811c145b1827f382975756a66c2ac5dffbe9ad323148bfdea38cdb5
SIDM00339,LXF-289,LUAD,,GDSC,unknown,data/raw/gdsc_drug_response.csv,5431,2026-10-03,b472905ea811c145b1827f382975756a66c2ac5dffbe9ad323148bfdea38cdb5
SIDM00245,MS-1,SCLC,,GDSC,unknown,data/raw/gdsc_drug_response.csv,5432,2026-10-03,b472905ea811c145b1827f382975756a66c2ac5dffbe9ad323148bfdea38cdb5
SIDM00053,MZ1-PC,PAAD,,GDSC,unknown,data/raw/gdsc_drug_response.csv,5433,2026-10-03,b472905ea811c145b1827f382975756a66c2ac5dffbe9ad323148bfdea38cdb5
SIDM00516,MZ7-mel,SKCM,,GDSC,unknown,data/raw/gdsc_drug_response.csv,5434,2026-10-03,b472905ea811c145b1827f382975756a66c2ac5dffbe9ad323148bfdea38cdb5
SIDM00751,NCI-H1563,LUAD,,GDSC,unknown,data/raw/gdsc_drug_response.csv,5435,2026-10-03,b472905ea811c145b1827f382975756a66c2ac5dffbe9ad323148bfdea38cdb5
SIDM00493,NCI-H292,UNCLASSIFIED,,GDSC,unknown,data/raw/gdsc_drug_response.csv,5436,2026-10-03,b472905ea811c145b1827f382975756a66c2ac5dffbe9ad323148bfdea38cdb5
SIDM00927,NCI-H510A,SCLC,,GDSC,unknown,data/raw/gdsc_drug_response.csv,5437,2026-10-03,b472905ea811c145b1827f382975756a66c2ac5dffbe9ad323148bfdea38cdb5
SIDM01133,NCI-H835,UNCLASSIFIED,,GDSC,unknown,data/raw/gdsc_drug_response.csv,5438,2026-10-03,b472905ea811c145b1827f382975756a66c2ac5dffbe9ad323148bfdea38cdb5
SIDM00237,PC-14,LUAD,,GDSC,unknown,data/raw/gdsc_drug_response.csv,5439,2026-10-03,b472905ea811c145b1827f382975756a66c2ac5dffbe9ad323148bfdea38cdb5
SIDM00367,SBC-3,SCLC,,GDSC,unknown,data/raw/gdsc_drug_response.csv,5440,2026-10-03,b472905ea811c145b1827f382975756a66c2ac5dffbe9ad323148bfdea38cdb5
SIDM00391,SK-MM-2,MM,,GDSC,unknown,data/raw/gdsc_drug_response.csv,5441,2026-10-03,b472905ea811c145b1827f382975756a66c2ac5dffbe9ad323148bfdea38cdb5
SIDM00417,U-266,MM,,GDSC,unknown,data/raw/gdsc_drug_response.csv,5442,2026-10-03,b472905ea811c145b1827f382975756a66c2ac5dffbe9ad323148bfdea38cdb5
SIDM01229,BE2-M17,NB,,GDSC,unknown,data/raw/gdsc_drug_response.csv,5443,2026-10-03,b472905ea811c145b1827f382975756a66c2ac5dffbe9ad323148bfdea38cdb5
SIDM01009,KELLY,NB,,GDSC,unknown,data/raw/gdsc_drug_response.csv,5444,2026-10-03,b472905ea811c145b1827f382975756a66c2ac5dffbe9ad323148bfdea38cdb5
SIDM00395,SIMA,NB,,GDSC,unknown,data/raw/gdsc_drug_response.csv,5445,2026-10-03,b472905ea811c145b1827f382975756a66c2ac5dffbe9ad323148bfdea38cdb5
SIDM00369,TE-1,ESCA,,GDSC,unknown,data/raw/gdsc_drug_response.csv,5446,2026-10-03,b472905ea811c145b1827f382975756a66c2ac5dffbe9ad323148bfdea38cdb5
SIDM00349,TE-10,ESCA,,GDSC,unknown,data/raw/gdsc_drug_response.csv,5447,2026-10-03,b472905ea811c145b1827f382975756a66c2ac5dffbe9ad323148bfdea38cdb5
SIDM00326,TE-8,ESCA,,GDSC,unknown,data/raw/gdsc_drug_response.csv,5448,2026-10-03,b472905ea811c145b1827f382975756a66c2ac5dffbe9ad323148bfdea38cdb5
SIDM00934,CAPAN-1,PAAD,,GDSC,unknown,data/raw/gdsc_drug_response.csv,5449,2026-10-03,b472905ea811c145b1827f382975756a66c2ac5dffbe9ad323148bfdea38cdb5
SIDM00105,OVCAR-3,OV,,GDSC,unknown,data/raw/gdsc_drug_response.csv,5450,2026-10-03,b472905ea811c145b1827f382975756a66c2ac5dffbe9ad323148bfdea38cdb5
SIDM00088,PC-3,PRAD,,GDSC,unknown,data/raw/gdsc_drug_response.csv,5451,2026-10-03,b472905ea811c145b1827f382975756a66c2ac5dffbe9ad323148bfdea38cdb5
SIDM00120,DU-145,PRAD,,GDSC,unknown,data/raw/gdsc_drug_response.csv,5452,2026-10-03,b472905ea811c145b1827f382975756a66c2ac5dffbe9ad323148bfdea38cdb5
SIDM00783,HCT-116,COREAD,,GDSC,unknown,data/raw/gdsc_drug_response.csv,5453,2026-10-03,b472905ea811c145b1827f382975756a66c2ac5dffbe9ad323148bfdea38cdb5
SIDM00789,HCT-15,COREAD,,GDSC,unknown,data/raw/gdsc_drug_response.csv,5454,2026-10-03,b472905ea811c145b1827f382975756a66c2ac5dffbe9ad323148bfdea38cdb5
SIDM00829,HL-60,LAML,,GDSC,unknown,data/raw/gdsc_drug_response.csv,5455,2026-10-03,b472905ea811c145b1827f382975756a66c2ac5dffbe9ad323148bfdea38cdb5
SIDM00136,HT-29,COREAD,,GDSC,unknown,data/raw/gdsc_drug_response.csv,5456,2026-10-03,b472905ea811c145b1827f382975756a66c2ac5dffbe9ad323148bfdea38cdb5
SIDM00791,K-562,LCML,,GDSC,unknown,data/raw/gdsc_drug_response.csv,5457,2026-10-03,b472905ea811c145b1827f382975756a66c2ac5dffbe9ad323148bfdea38cdb5
SIDM00139,NCI-H226,LUSC,,GDSC,unknown,data/raw/gdsc_drug_response.csv,5458,2026-10-03,b472905ea811c145b1827f382975756a66c2ac5dffbe9ad323148bfdea38cdb5
SIDM00138,NCI-H23,LUAD,,GDSC,unknown,data/raw/gdsc_drug_response.csv,5459,2026-10-03,b472905ea811c145b1827f382975756a66c2ac5dffbe9ad323148bfdea38cdb5
SIDM00144,NCI-H460,UNCLASSIFIED,,GDSC,unknown,data/raw/gdsc_drug_response.csv,5460,2026-10-03,b472905ea811c145b1827f382975756a66c2ac5dffbe9ad323148bfdea38cdb5
SIDM00116,NCI-H522,LUAD,,GDSC,unknown,data/raw/gdsc_drug_response.csv,5461,2026-10-03,b472905ea811c145b1827f382975756a66c2ac5dffbe9ad323148bfdea38cdb5
SIDM00097,T47D,BRCA,,GDSC,unknown,data/raw/gdsc_drug_response.csv,5462,2026-10-03,b472905ea811c145b1827f382975756a66c2ac5dffbe9ad323148bfdea38cdb5
SIDM00148,MCF7,BRCA,,GDSC,unknown,data/raw/gdsc_drug_response.csv,5463,2026-10-03,b472905ea811c145b1827f382975756a66c2ac5dffbe9ad323148bfdea38cdb5
SIDM00125,786-0,KIRC,,GDSC,unknown,data/raw/gdsc_drug_response.csv,5464,2026-10-03,b472905ea811c145b1827f382975756a66c2ac5dffbe9ad323148bfdea38cdb5
SIDM00124,A498,KIRC,,GDSC,unknown,data/raw/gdsc_drug_response.csv,5465,2026-10-03,b472905ea811c145b1827f382975756a66c2ac5dffbe9ad323148bfdea38cdb5
SIDM00903,A549,LUAD,,GDSC,unknown,data/raw/gdsc_drug_response.csv,5466,2026-10-03,b472905ea811c145b1827f382975756a66c2ac5dffbe9ad323148bfdea38cdb5
SIDM00123,ACHN,KIRC,,GDSC,unknown,data/raw/gdsc_drug_response.csv,5467,2026-10-03,b472905ea811c145b1827f382975756a66c2ac5dffbe9ad323148bfdea38cdb5
SIDM00122,BT-549,BRCA,,GDSC,unknown,data/raw/gdsc_drug_response.csv,5468,2026-10-03,b472905ea811c145b1827f382975756a66c2ac5dffbe9ad323148bfdea38cdb5
SIDM00121,CCRF-CEM,ALL,,GDSC,unknown,data/raw/gdsc_drug_response.csv,5469,2026-10-03,b472905ea811c145b1827f382975756a66c2ac5dffbe9ad323148bfdea38cdb5
SIDM00081,SK-MEL-28,SKCM,,GDSC,unknown,data/raw/gdsc_drug_response.csv,5470,2026-10-03,b472905ea811c145b1827f382975756a66c2ac5dffbe9ad323148bfdea38cdb5
SIDM00082,SK-MEL-2,SKCM,,GDSC,unknown,data/raw/gdsc_drug_response.csv,5471,2026-10-03,b472905ea811c145b1827f382975756a66c2ac5dffbe9ad323148bfdea38cdb5
SIDM00080,SK-MEL-5,SKCM,,GDSC,unknown,data/raw/gdsc_drug_response.csv,5472,2026-10-03,b472905ea811c145b1827f382975756a66c2ac5dffbe9ad323148bfdea38cdb5
SIDM00135,Hs-578-T,BRCA,,GDSC,unknown,data/raw/gdsc_drug_response.csv,5473,2026-10-03,b472905ea811c145b1827f382975756a66c2ac5dffbe9ad323148bfdea38cdb5
SIDM00145,MOLT-4,ALL,,GDSC,unknown,data/raw/gdsc_drug_response.csv,5474,2026-10-03,b472905ea811c145b1827f382975756a66c2ac5dffbe9ad323148bfdea38cdb5
SIDM00079,SK-OV-3,OV,,GDSC,unknown,data/raw/gdsc_drug_response.csv,5475,2026-10-03,b472905ea811c145b1827f382975756a66c2ac5dffbe9ad323148bfdea38cdb5
SIDM00146,MDA-MB-231,BRCA,,GDSC,unknown,data/raw/gdsc_drug_response.csv,5476,2026-10-03,b472905ea811c145b1827f382975756a66c2ac5dffbe9ad323148bfdea38cdb5
SIDM00826,COLO-205,COREAD,,GDSC,unknown,data/raw/gdsc_drug_response.csv,5477,2026-10-03,b472905ea811c145b1827f382975756a66c2ac5dffbe9ad323148bfdea38cdb5
SIDM00841,SW620,COREAD,,GDSC,unknown,data/raw/gdsc_drug_response.csv,5478,2026-10-03,b472905ea811c145b1827f382975756a66c2ac5dffbe9ad323148bfdea38cdb5
SIDM00941,CAKI-1,KIRC,,GDSC,unknown,data/raw/gdsc_drug_response.csv,5479,2026-10-03,b472905ea811c145b1827f382975756a66c2ac5dffbe9ad323148bfdea38cdb5
SIDM00087,RPMI-8226,MM,,GDSC,unknown,data/raw/gdsc_drug_response.csv,5480,2026-10-03,b472905ea811c145b1827f382975756a66c2ac5dffbe9ad323148bfdea38cdb5
SIDM00096,SR,UNCLASSIFIED,,GDSC,unknown,data/raw/gdsc_drug_response.csv,5481,2026-10-03,b472905ea811c145b1827f382975756a66c2ac5dffbe9ad323148bfdea38cdb5
SIDM00117,NCI-H322M,LUAD,,GDSC,unknown,data/raw/gdsc_drug_response.csv,5482,2026-10-03,b472905ea811c145b1827f382975756a66c2ac5dffbe9ad323148bfdea38cdb5
SIDM00151,IGROV-1,OV,,GDSC,unknown,data/raw/gdsc_drug_response.csv,5483,2026-10-03,b472905ea811c145b1827f382975756a66c2ac5dffbe9ad323148bfdea38cdb5
SIDM00091,OVCAR-5,OV,,GDSC,unknown,data/raw/gdsc_drug_response.csv,5484,2026-10-03,b472905ea811c145b1827f382975756a66c2ac5dffbe9ad323148bfdea38cdb5
SIDM00119,EKVX,LUAD,,GDSC,unknown,data/raw/gdsc_drug_response.csv,5485,2026-10-03,b472905ea811c145b1827f382975756a66c2ac5dffbe9ad323148bfdea38cdb5
SIDM00118,HCC2998,COREAD,,GDSC,unknown,data/raw/gdsc_drug_response.csv,5486,2026-10-03,b472905ea811c145b1827f382975756a66c2ac5dffbe9ad323148bfdea38cdb5
SIDM00133,HOP-62,LUAD,,GDSC,unknown,data/raw/gdsc_drug_response.csv,5487,2026-10-03,b472905ea811c145b1827f382975756a66c2ac5dffbe9ad323148bfdea38cdb5
SIDM00134,HOP-92,UNCLASSIFIED,,GDSC,unknown,data/raw/gdsc_drug_response.csv,5488,2026-10-03,b472905ea811c145b1827f382975756a66c2ac5dffbe9ad323148bfdea38cdb5
SIDM00149,LOXIMVI,SKCM,,GDSC,unknown,data/raw/gdsc_drug_response.csv,5489,2026-10-03,b472905ea811c145b1827f382975756a66c2ac5dffbe9ad323148bfdea38cdb5
SIDM00003,M14,SKCM,,GDSC,unknown,data/raw/gdsc_drug_response.csv,5490,2026-10-03,b472905ea811c145b1827f382975756a66c2ac5dffbe9ad323148bfdea38cdb5
SIDM00107,UACC-62,SKCM,,GDSC,unknown,data/raw/gdsc_drug_response.csv,5491,2026-10-03,b472905ea811c145b1827f382975756a66c2ac5dffbe9ad323148bfdea38cdb5
SIDM00108,UACC-257,SKCM,,GDSC,unknown,data/raw/gdsc_drug_response.csv,5492,2026-10-03,b472905ea811c145b1827f382975756a66c2ac5dffbe9ad323148bfdea38cdb5
SIDM00086,RXF393,KIRC,,GDSC,unknown,data/raw/gdsc_drug_response.csv,5493,2026-10-03,b472905ea811c145b1827f382975756a66c2ac5dffbe9ad323148bfdea38cdb5
SIDM00094,SN12C,KIRC,,GDSC,unknown,data/raw/gdsc_drug_response.csv,5494,2026-10-03,b472905ea811c145b1827f382975756a66c2ac5dffbe9ad323148bfdea38cdb5
SIDM00113,TK10,KIRC,,GDSC,unknown,data/raw/gdsc_drug_response.csv,5495,2026-10-03,b472905ea811c145b1827f382975756a66c2ac5dffbe9ad323148bfdea38cdb5
SIDM00112,U031,KIRC,,GDSC,unknown,data/raw/gdsc_drug_response.csv,5496,2026-10-03,b472905ea811c145b1827f382975756a66c2ac5dffbe9ad323148bfdea38cdb5
SIDM00095,SNB75,GBM,,GDSC,unknown,data/raw/gdsc_drug_response.csv,5497,2026-10-03,b472905ea811c145b1827f382975756a66c2ac5dffbe9ad323148bfdea38cdb5
SIDM00111,U251,GBM,,GDSC,unknown,data/raw/gdsc_drug_response.csv,5498,2026-10-03,b472905ea811c145b1827f382975756a66c2ac5dffbe9ad323148bfdea38cdb5
SIDM00083,SF539,LGG,,GDSC,unknown,data/raw/gdsc_drug_response.csv,5499,2026-10-03,b472905ea811c145b1827f382975756a66c2ac5dffbe9ad323148bfdea38cdb5
SIDM00084,SF295,GBM,,GDSC,unknown,data/raw/gdsc_drug_response.csv,5500,2026-10-03,b472905ea811c145b1827f382975756a66c2ac5dffbe9ad323148bfdea38cdb5
SIDM00085,SF268,GBM,,GDSC,unknown,data/raw/gdsc_drug_response.csv,5501,2026-10-03,b472905ea811c145b1827f382975756a66c2ac5dffbe9ad323148bfdea38cdb5
SIDM00150,KM12,COREAD,,GDSC,unknown,data/raw/gdsc_drug_response.csv,5502,2026-10-03,b472905ea811c145b1827f382975756a66c2ac5dffbe9ad323148bfdea38cdb5
SIDM00092,OVCAR-4,OV,,GDSC,unknown,data/raw/gdsc_drug_response.csv,5503,2026-10-03,b472905ea811c145b1827f382975756a66c2ac5dffbe9ad323148bfdea38cdb5
SIDM00090,OVCAR-8,OV,,GDSC,unknown,data/raw/gdsc_drug_response.csv,5504,2026-10-03,b472905ea811c145b1827f382975756a66c2ac5dffbe9ad323148bfdea38cdb5
SIDM00132,BxPC-3,PAAD,,GDSC,unknown,data/raw/gdsc_drug_response.csv,5505,2026-10-03,b472905ea811c145b1827f382975756a66c2ac5dffbe9ad323148bfdea38cdb5
SIDM00984,BONNA-12,NA,,GDSC,unknown,data/raw/gdsc_drug_response.csv,5506,2026-10-03,b472905ea811c145b1827f382975756a66c2ac5dffbe9ad323148bfdea38cdb5
SIDM00987,BHT-101,THCA,,GDSC,unknown,data/raw/gdsc_drug_response.csv,5507,2026-10-03,b472905ea811c145b1827f382975756a66c2ac5dffbe9ad323148bfdea38cdb5
SIDM00490,Becker,GBM,,GDSC,unknown,data/raw/gdsc_drug_response.csv,5508,2026-10-03,b472905ea811c145b1827f382975756a66c2ac5dffbe9ad323148bfdea38cdb5
SIDM01245,BE-13,ALL,,GDSC,unknown,data/raw/gdsc_drug_response.csv,5509,2026-10-03,b472905ea811c145b1827f382975756a66c2ac5dffbe9ad323148bfdea38cdb5
SIDM00900,ARH-77,MM,,GDSC,unknown,data/raw/gdsc_drug_response.csv,5510,2026-10-03,b472905ea811c145b1827f382975756a66c2ac5dffbe9ad323148bfdea38cdb5
SIDM00850,AGS,STAD,,GDSC,unknown,data/raw/gdsc_drug_response.csv,5511,2026-10-03,b472905ea811c145b1827f382975756a66c2ac5dffbe9ad323148bfdea38cdb5
SIDM00494,ABC-1,LUAD,,GDSC,unknown,data/raw/gdsc_drug_response.csv,5512,2026-10-03,b472905ea811c145b1827f382975756a66c2ac5dffbe9ad323148bfdea38cdb5
SIDM00797,A2058,SKCM,,GDSC,unknown,data/raw/gdsc_drug_response.csv,5513,2026-10-03,b472905ea811c145b1827f382975756a66c2ac5dffbe9ad323148bfdea38cdb5
SIDM00795,A375,SKCM,,GDSC,unknown,data/raw/gdsc_drug_response.csv,5514,2026-10-03,b472905ea811c145b1827f382975756a66c2ac5dffbe9ad323148bfdea38cdb5
SIDM00796,A253,UNCLASSIFIED,,GDSC,unknown,data/raw/gdsc_drug_response.csv,5515,2026-10-03,b472905ea811c145b1827f382975756a66c2ac5dffbe9ad323148bfdea38cdb5
SIDM00997,8305C,THCA,,GDSC,unknown,data/raw/gdsc_drug_response.csv,5516,2026-10-03,b472905ea811c145b1827f382975756a66c2ac5dffbe9ad323148bfdea38cdb5
SIDM00983,647-V,BLCA,,GDSC,unknown,data/raw/gdsc_drug_response.csv,5517,2026-10-03,b472905ea811c145b1827f382975756a66c2ac5dffbe9ad323148bfdea38cdb5
SIDM00999,639-V,BLCA,,GDSC,unknown,data/raw/gdsc_drug_response.csv,5518,2026-10-03,b472905ea811c145b1827f382975756a66c2ac5dffbe9ad323148bfdea38cdb5
SIDM01076,697,UNCLASSIFIED,,GDSC,unknown,data/raw/gdsc_drug_response.csv,5519,2026-10-03,b472905ea811c145b1827f382975756a66c2ac5dffbe9ad323148bfdea38cdb5
SIDM00893,BT-20,BRCA,,GDSC,unknown,data/raw/gdsc_drug_response.csv,5520,2026-10-03,b472905ea811c145b1827f382975756a66c2ac5dffbe9ad323148bfdea38cdb5
SIDM00210,A2780,UNCLASSIFIED,,GDSC,unknown,data/raw/gdsc_drug_response.csv,5521,2026-10-03,b472905ea811c145b1827f382975756a66c2ac5dffbe9ad323148bfdea38cdb5
SIDM00513,COR-L105,LUAD,,GDSC,unknown,data/raw/gdsc_drug_response.csv,5522,2026-10-03,b472905ea811c145b1827f382975756a66c2ac5dffbe9ad323148bfdea38cdb5
SIDM00952,CRO-AP2,DLBC,,GDSC,unknown,data/raw/gdsc_drug_response.csv,5523,2026-10-03,b472905ea811c145b1827f382975756a66c2ac5dffbe9ad323148bfdea38cdb5
SIDM00506,COR-L88,SCLC,,GDSC,unknown,data/raw/gdsc_drug_response.csv,5524,2026-10-03,b472905ea811c145b1827f382975756a66c2ac5dffbe9ad323148bfdea38cdb5
SIDM00954,COLO-824,BRCA,,GDSC,unknown,data/raw/gdsc_drug_response.csv,5525,2026-10-03,b472905ea811c145b1827f382975756a66c2ac5dffbe9ad323148bfdea38cdb5
SIDM00515,COLO-800,SKCM,,GDSC,unknown,data/raw/gdsc_drug_response.csv,5526,2026-10-03,b472905ea811c145b1827f382975756a66c2ac5dffbe9ad323148bfdea38cdb5
SIDM00140,COLO-792,SKCM,,GDSC,unknown,data/raw/gdsc_drug_response.csv,5527,2026-10-03,b472905ea811c145b1827f382975756a66c2ac5dffbe9ad323148bfdea38cdb5
SIDM00956,COLO-680N,ESCA,,GDSC,unknown,data/raw/gdsc_drug_response.csv,5528,2026-10-03,b472905ea811c145b1827f382975756a66c2ac5dffbe9ad323148bfdea38cdb5
SIDM00284,COLO-679,SKCM,,GDSC,unknown,data/raw/gdsc_drug_response.csv,5529,2026-10-03,b472905ea811c145b1827f382975756a66c2ac5dffbe9ad323148bfdea38cdb5
SIDM00910,CHP-212,NB,,GDSC,unknown,data/raw/gdsc_drug_response.csv,5530,2026-10-03,b472905ea811c145b1827f382975756a66c2ac5dffbe9ad323148bfdea38cdb5
SIDM00130,CFPAC-1,PAAD,,GDSC,unknown,data/raw/gdsc_drug_response.csv,5531,2026-10-03,b472905ea811c145b1827f382975756a66c2ac5dffbe9ad323148bfdea38cdb5
SIDM00923,Ca-Ski,CESC,,GDSC,unknown,data/raw/gdsc_drug_response.csv,5532,2026-10-03,b472905ea811c145b1827f382975756a66c2ac5dffbe9ad323148bfdea38cdb5
SIDM00919,Caov-3,OV,,GDSC,unknown,data/raw/gdsc_drug_response.csv,5533,2026-10-03,b472905ea811c145b1827f382975756a66c2ac5dffbe9ad323148bfdea38cdb5
SIDM00940,CAL-120,BRCA,,GDSC,unknown,data/raw/gdsc_drug_response.csv,5534,2026-10-03,b472905ea811c145b1827f382975756a66c2ac5dffbe9ad323148bfdea38cdb5
SIDM00930,CAL-72,UNCLASSIFIED,,GDSC,unknown,data/raw/gdsc_drug_response.csv,5535,2026-10-03,b472905ea811c145b1827f382975756a66c2ac5dffbe9ad323148bfdea38cdb5
SIDM00931,CAL-62,THCA,,GDSC,unknown,data/raw/gdsc_drug_response.csv,5536,2026-10-03,b472905ea811c145b1827f382975756a66c2ac5dffbe9ad323148bfdea38cdb5
SIDM00890,C32,SKCM,,GDSC,unknown,data/raw/gdsc_drug_response.csv,5537,2026-10-03,b472905ea811c145b1827f382975756a66c2ac5dffbe9ad323148bfdea38cdb5
SIDM00845,Daudi,UNCLASSIFIED,,GDSC,unknown,data/raw/gdsc_drug_response.csv,5538,2026-10-03,b472905ea811c145b1827f382975756a66c2ac5dffbe9ad323148bfdea38cdb5
SIDM00886,DB,DLBC,,GDSC,unknown,data/raw/gdsc_drug_response.csv,5539,2026-10-03,b472905ea811c145b1827f382975756a66c2ac5dffbe9ad323148bfdea38cdb5
SIDM00887,Daoy,MB,,GDSC,unknown,data/raw/gdsc_drug_response.csv,5540,2026-10-03,b472905ea811c145b1827f382975756a66c2ac5dffbe9ad323148bfdea38cdb5
SIDM00888,D-283MED,MB,,GDSC,unknown,data/raw/gdsc_drug_response.csv,5541,2026-10-03,b472905ea811c145b1827f382975756a66c2ac5dffbe9ad323148bfdea38cdb5
SIDM00867,DBTRG-05MG,GBM,,GDSC,unknown,data/raw/gdsc_drug_response.csv,5542,2026-10-03,b472905ea811c145b1827f382975756a66c2ac5dffbe9ad323148bfdea38cdb5
SIDM00949,DEL,UNCLASSIFIED,,GDSC,unknown,data/raw/gdsc_drug_response.csv,5543,2026-10-03,b472905ea811c145b1827f382975756a66c2ac5dffbe9ad323148bfdea38cdb5
SIDM00831,Detroit562,HNSC,,GDSC,unknown,data/raw/gdsc_drug_response.csv,5544,2026-10-03,b472905ea811c145b1827f382975756a66c2ac5dffbe9ad323148bfdea38cdb5
SIDM00948,DG-75,UNCLASSIFIED,,GDSC,unknown,data/raw/gdsc_drug_response.csv,5545,2026-10-03,b472905ea811c145b1827f382975756a66c2ac5dffbe9ad323148bfdea38cdb5
SIDM00947,DK-MG,GBM,,GDSC,unknown,data/raw/gdsc_drug_response.csv,5546,2026-10-03,b472905ea811c145b1827f382975756a66c2ac5dffbe9ad323148bfdea38cdb5
SIDM00281,DJM-1,UNCLASSIFIED,,GDSC,unknown,data/raw/gdsc_drug_response.csv,5547,2026-10-03,b472905ea811c145b1827f382975756a66c2ac5dffbe9ad323148bfdea38cdb5
SIDM00981,DOHH-2,DLBC,,GDSC,unknown,data/raw/gdsc_drug_response.csv,5548,2026-10-03,b472905ea811c145b1827f382975756a66c2ac5dffbe9ad323148bfdea38cdb5
SIDM00864,DoTc2-4510,CESC,,GDSC,unknown,data/raw/gdsc_drug_response.csv,5549,2026-10-03,b472905ea811c145b1827f382975756a66c2ac5dffbe9ad323148bfdea38cdb5
SIDM01001,DU-4475,BRCA,,GDSC,unknown,data/raw/gdsc_drug_response.csv,5550,2026-10-03,b472905ea811c145b1827f382975756a66c2ac5dffbe9ad323148bfdea38cdb5
SIDM00863,EB2,UNCLASSIFIED,,GDSC,unknown,data/raw/gdsc_drug_response.csv,5551,2026-10-03,b472905ea811c145b1827f382975756a66c2ac5dffbe9ad323148bfdea38cdb5
SIDM00793,EB-3,UNCLASSIFIED,,GDSC,unknown,data/raw/gdsc_drug_response.csv,5552,2026-10-03,b472905ea811c145b1827f382975756a66c2ac5dffbe9ad323148bfdea38cdb5
SIDM00280,ECC10,UNCLASSIFIED,,GDSC,unknown,data/raw/gdsc_drug_response.csv,5553,2026-10-03,b472905ea811c145b1827f382975756a66c2ac5dffbe9ad323148bfdea38cdb5
SIDM00279,ECC12,UNCLASSIFIED,,GDSC,unknown,data/raw/gdsc_drug_response.csv,5554,2026-10-03,b472905ea811c145b1827f382975756a66c2ac5dffbe9ad323148bfdea38cdb5
SIDM01056,EFM-19,BRCA,,GDSC,unknown,data/raw/gdsc_drug_response.csv,5555,2026-10-03,b472905ea811c145b1827f382975756a66c2ac5dffbe9ad323148bfdea38cdb5
SIDM01051,EFO-27,UNCLASSIFIED,,GDSC,unknown,data/raw/gdsc_drug_response.csv,5556,2026-10-03,b472905ea811c145b1827f382975756a66c2ac5dffbe9ad323148bfdea38cdb5
SIDM01047,EM-2,LCML,,GDSC,unknown,data/raw/gdsc_drug_response.csv,5557,2026-10-03,b472905ea811c145b1827f382975756a66c2ac5dffbe9ad323148bfdea38cdb5
SIDM00277,EoL-1-cell,UNCLASSIFIED,,GDSC,unknown,data/raw/gdsc_drug_response.csv,5558,2026-10-03,b472905ea811c145b1827f382975756a66c2ac5dffbe9ad323148bfdea38cdb5
SIDM00276,ETK-1,UNCLASSIFIED,,GDSC,unknown,data/raw/gdsc_drug_response.csv,5559,2026-10-03,b472905ea811c145b1827f382975756a66c2ac5dffbe9ad323148bfdea38cdb5
SIDM01042,EVSA-T,BRCA,,GDSC,unknown,data/raw/gdsc_drug_response.csv,5560,2026-10-03,b472905ea811c145b1827f382975756a66c2ac5dffbe9ad323148bfdea38cdb5
SIDM00860,FADU,HNSC,,GDSC,unknown,data/raw/gdsc_drug_response.csv,5561,2026-10-03,b472905ea811c145b1827f382975756a66c2ac5dffbe9ad323148bfdea38cdb5
SIDM00213,FTC-133,THCA,,GDSC,unknown,data/raw/gdsc_drug_response.csv,5562,2026-10-03,b472905ea811c145b1827f382975756a66c2ac5dffbe9ad323148bfdea38cdb5
SIDM00857,G-361,SKCM,,GDSC,unknown,data/raw/gdsc_drug_response.csv,5563,2026-10-03,b472905ea811c145b1827f382975756a66c2ac5dffbe9ad323148bfdea38cdb5
SIDM01055,GAMG,LGG,,GDSC,unknown,data/raw/gdsc_drug_response.csv,5564,2026-10-03,b472905ea811c145b1827f382975756a66c2ac5dffbe9ad323148bfdea38cdb5
SIDM00274,GCIY,STAD,,GDSC,unknown,data/raw/gdsc_drug_response.csv,5565,2026-10-03,b472905ea811c145b1827f382975756a66c2ac5dffbe9ad323148bfdea38cdb5
SIDM01057,GDM-1,LAML,,GDSC,unknown,data/raw/gdsc_drug_response.csv,5566,2026-10-03,b472905ea811c145b1827f382975756a66c2ac5dffbe9ad323148bfdea38cdb5
SIDM00273,GI-1,LGG,,GDSC,unknown,data/raw/gdsc_drug_response.csv,5567,2026-10-03,b472905ea811c145b1827f382975756a66c2ac5dffbe9ad323148bfdea38cdb5
SIDM00227,GI-ME-N,NB,,GDSC,unknown,data/raw/gdsc_drug_response.csv,5568,2026-10-03,b472905ea811c145b1827f382975756a66c2ac5dffbe9ad323148bfdea38cdb5
SIDM00544,GOTO,NB,,GDSC,unknown,data/raw/gdsc_drug_response.csv,5569,2026-10-03,b472905ea811c145b1827f382975756a66c2ac5dffbe9ad323148bfdea38cdb5
SIDM01259,GR-ST,ALL,,GDSC,unknown,data/raw/gdsc_drug_response.csv,5570,2026-10-03,b472905ea811c145b1827f382975756a66c2ac5dffbe9ad323148bfdea38cdb5
SIDM00853,GCT,UNCLASSIFIED,,GDSC,unknown,data/raw/gdsc_drug_response.csv,5571,2026-10-03,b472905ea811c145b1827f382975756a66c2ac5dffbe9ad323148bfdea38cdb5
SIDM01043,ESS-1,UNCLASSIFIED,,GDSC,unknown,data/raw/gdsc_drug_response.csv,5572,2026-10-03,b472905ea811c145b1827f382975756a66c2ac5dffbe9ad323148bfdea38cdb5
SIDM00852,H4,LGG,,GDSC,unknown,data/raw/gdsc_drug_response.csv,5573,2026-10-03,b472905ea811c145b1827f382975756a66c2ac5dffbe9ad323148bfdea38cdb5
SIDM01251,H9,UNCLASSIFIED,,GDSC,unknown,data/raw/gdsc_drug_response.csv,5574,2026-10-03,b472905ea811c145b1827f382975756a66c2ac5dffbe9ad323148bfdea38cdb5
SIDM01073,HC-1,UNCLASSIFIED,,GDSC,unknown,data/raw/gdsc_drug_response.csv,5575,2026-10-03,b472905ea811c145b1827f382975756a66c2ac5dffbe9ad323148bfdea38cdb5
SIDM00882,HCC1419,BRCA,,GDSC,unknown,data/raw/gdsc_drug_response.csv,5576,2026-10-03,b472905ea811c145b1827f382975756a66c2ac5dffbe9ad323148bfdea38cdb5
SIDM00878,HCC1569,BRCA,,GDSC,unknown,data/raw/gdsc_drug_response.csv,5577,2026-10-03,b472905ea811c145b1827f382975756a66c2ac5dffbe9ad323148bfdea38cdb5
SIDM00875,HCC1806,UNCLASSIFIED,,GDSC,unknown,data/raw/gdsc_drug_response.csv,5578,2026-10-03,b472905ea811c145b1827f382975756a66c2ac5dffbe9ad323148bfdea38cdb5
SIDM00673,HCC70,BRCA,,GDSC,unknown,data/raw/gdsc_drug_response.csv,5579,2026-10-03,b472905ea811c145b1827f382975756a66c2ac5dffbe9ad323148bfdea38cdb5
SIDM00596,HEC-1,UCEC,,GDSC,unknown,data/raw/gdsc_drug_response.csv,5580,2026-10-03,b472905ea811c145b1827f382975756a66c2ac5dffbe9ad323148bfdea38cdb5
SIDM00594,HEL,LAML,,GDSC,unknown,data/raw/gdsc_drug_response.csv,5581,2026-10-03,b472905ea811c145b1827f382975756a66c2ac5dffbe9ad323148bfdea38cdb5
SIDM00290,HGC-27,STAD,,GDSC,unknown,data/raw/gdsc_drug_response.csv,5582,2026-10-03,b472905ea811c145b1827f382975756a66c2ac5dffbe9ad323148bfdea38cdb5
SIDM00671,HH,UNCLASSIFIED,,GDSC,unknown,data/raw/gdsc_drug_response.csv,5583,2026-10-03,b472905ea811c145b1827f382975756a66c2ac5dffbe9ad323148bfdea38cdb5
SIDM00064,HLE,LIHC,,GDSC,unknown,data/raw/gdsc_drug_response.csv,5584,2026-10-03,b472905ea811c145b1827f382975756a66c2ac5dffbe9ad323148bfdea38cdb5
SIDM00291,HMV-II,SKCM,,GDSC,unknown,data/raw/gdsc_drug_response.csv,5585,2026-10-03,b472905ea811c145b1827f382975756a66c2ac5dffbe9ad323148bfdea38cdb5
SIDM00806,HOS,UNCLASSIFIED,,GDSC,unknown,data/raw/gdsc_drug_response.csv,5586,2026-10-03,b472905ea811c145b1827f382975756a66c2ac5dffbe9ad323148bfdea38cdb5
SIDM00589,HSC-3,HNSC,,GDSC,unknown,data/raw/gdsc_drug_response.csv,5587,2026-10-03,b472905ea811c145b1827f382975756a66c2ac5dffbe9ad323148bfdea38cdb5
SIDM00588,HSC-4,HNSC,,GDSC,unknown,data/raw/gdsc_drug_response.csv,5588,2026-10-03,b472905ea811c145b1827f382975756a66c2ac5dffbe9ad323148bfdea38cdb5
SIDM00661,HT,DLBC,,GDSC,unknown,data/raw/gdsc_drug_response.csv,5589,2026-10-03,b472905ea811c145b1827f382975756a66c2ac5dffbe9ad323148bfdea38cdb5
SIDM00828,HT-1080,UNCLASSIFIED,,GDSC,unknown,data/raw/gdsc_drug_response.csv,5590,2026-10-03,b472905ea811c145b1827f382975756a66c2ac5dffbe9ad323148bfdea38cdb5
SIDM00676,HT-1197,BLCA,,GDSC,unknown,data/raw/gdsc_drug_response.csv,5591,2026-10-03,b472905ea811c145b1827f382975756a66c2ac5dffbe9ad323148bfdea38cdb5
SIDM00678,HT-1376,BLCA,,GDSC,unknown,data/raw/gdsc_drug_response.csv,5592,2026-10-03,b472905ea811c145b1827f382975756a66c2ac5dffbe9ad323148bfdea38cdb5
SIDM00695,HT-144,SKCM,,GDSC,unknown,data/raw/gdsc_drug_response.csv,5593,2026-10-03,b472905ea811c145b1827f382975756a66c2ac5dffbe9ad323148bfdea38cdb5
SIDM00679,HT-3,CESC,,GDSC,unknown,data/raw/gdsc_drug_response.csv,5594,2026-10-03,b472905ea811c145b1827f382975756a66c2ac5dffbe9ad323148bfdea38cdb5
SIDM00587,HuCCT1,UNCLASSIFIED,,GDSC,unknown,data/raw/gdsc_drug_response.csv,5595,2026-10-03,b472905ea811c145b1827f382975756a66c2ac5dffbe9ad323148bfdea38cdb5
SIDM00585,HuH-7,LIHC,,GDSC,unknown,data/raw/gdsc_drug_response.csv,5596,2026-10-03,b472905ea811c145b1827f382975756a66c2ac5dffbe9ad323148bfdea38cdb5
SIDM00599,HuO9,UNCLASSIFIED,,GDSC,unknown,data/raw/gdsc_drug_response.csv,5597,2026-10-03,b472905ea811c145b1827f382975756a66c2ac5dffbe9ad323148bfdea38cdb5
SIDM00694,HuTu-80,UNCLASSIFIED,,GDSC,unknown,data/raw/gdsc_drug_response.csv,5598,2026-10-03,b472905ea811c145b1827f382975756a66c2ac5dffbe9ad323148bfdea38cdb5
SIDM01060,IGR-1,SKCM,,GDSC,unknown,data/raw/gdsc_drug_response.csv,5599,2026-10-03,b472905ea811c145b1827f382975756a66c2ac5dffbe9ad323148bfdea38cdb5
SIDM01206,IMR-5,NB,,GDSC,unknown,data/raw/gdsc_drug_response.csv,5600,2026-10-03,b472905ea811c145b1827f382975756a66c2ac5dffbe9ad323148bfdea38cdb5
SIDM01059,IPC-298,SKCM,,GDSC,unknown,data/raw/gdsc_drug_response.csv,5601,2026-10-03,b472905ea811c145b1827f382975756a66c2ac5dffbe9ad323148bfdea38cdb5
SIDM00225,IST-MEL1,SKCM,,GDSC,unknown,data/raw/gdsc_drug_response.csv,5602,2026-10-03,b472905ea811c145b1827f382975756a66c2ac5dffbe9ad323148bfdea38cdb5
SIDM00224,IST-MES1,MESO,,GDSC,unknown,data/raw/gdsc_drug_response.csv,5603,2026-10-03,b472905ea811c145b1827f382975756a66c2ac5dffbe9ad323148bfdea38cdb5
SIDM01039,JAR,UNCLASSIFIED,,GDSC,unknown,data/raw/gdsc_drug_response.csv,5604,2026-10-03,b472905ea811c145b1827f382975756a66c2ac5dffbe9ad323148bfdea38cdb5
SIDM01218,JEG-3,UNCLASSIFIED,,GDSC,unknown,data/raw/gdsc_drug_response.csv,5605,2026-10-03,b472905ea811c145b1827f382975756a66c2ac5dffbe9ad323148bfdea38cdb5
SIDM00808,JiyoyeP-2003,UNCLASSIFIED,,GDSC,unknown,data/raw/gdsc_drug_response.csv,5606,2026-10-03,b472905ea811c145b1827f382975756a66c2ac5dffbe9ad323148bfdea38cdb5
SIDM01013,JVM-2,CLL,,GDSC,unknown,data/raw/gdsc_drug_response.csv,5607,2026-10-03,b472905ea811c145b1827f382975756a66c2ac5dffbe9ad323148bfdea38cdb5
SIDM01012,JVM-3,CLL,,GDSC,unknown,data/raw/gdsc_drug_response.csv,5608,2026-10-03,b472905ea811c145b1827f382975756a66c2ac5dffbe9ad323148bfdea38cdb5
SIDM00613,KALS-1,LGG,,GDSC,unknown,data/raw/gdsc_drug_response.csv,5609,2026-10-03,b472905ea811c145b1827f382975756a66c2ac5dffbe9ad323148bfdea38cdb5
SIDM01007,KARPAS-45,ALL,,GDSC,unknown,data/raw/gdsc_drug_response.csv,5610,2026-10-03,b472905ea811c145b1827f382975756a66c2ac5dffbe9ad323148bfdea38cdb5
SIDM01010,KARPAS-299,UNCLASSIFIED,,GDSC,unknown,data/raw/gdsc_drug_response.csv,5611,2026-10-03,b472905ea811c145b1827f382975756a66c2ac5dffbe9ad323148bfdea38cdb5
SIDM01008,KARPAS-422,DLBC,,GDSC,unknown,data/raw/gdsc_drug_response.csv,5612,2026-10-03,b472905ea811c145b1827f382975756a66c2ac5dffbe9ad323148bfdea38cdb5
SIDM01005,KASUMI-1,LAML,,GDSC,unknown,data/raw/gdsc_drug_response.csv,5613,2026-10-03,b472905ea811c145b1827f382975756a66c2ac5dffbe9ad323148bfdea38cdb5
SIDM00687,KATOIII,STAD,,GDSC,unknown,data/raw/gdsc_drug_response.csv,5614,2026-10-03,b472905ea811c145b1827f382975756a66c2ac5dffbe9ad323148bfdea38cdb5
SIDM01003,KE-37,ALL,,GDSC,unknown,data/raw/gdsc_drug_response.csv,5615,2026-10-03,b472905ea811c145b1827f382975756a66c2ac5dffbe9ad323148bfdea38cdb5
SIDM00785,KG-1,LAML,,GDSC,unknown,data/raw/gdsc_drug_response.csv,5616,2026-10-03,b472905ea811c145b1827f382975756a66c2ac5dffbe9ad323148bfdea38cdb5
SIDM00612,KINGS-1,LGG,,GDSC,unknown,data/raw/gdsc_drug_response.csv,5617,2026-10-03,b472905ea811c145b1827f382975756a66c2ac5dffbe9ad323148bfdea38cdb5
SIDM01019,KMOE-2,LAML,,GDSC,unknown,data/raw/gdsc_drug_response.csv,5618,2026-10-03,b472905ea811c145b1827f382975756a66c2ac5dffbe9ad323148bfdea38cdb5
SIDM01020,KMS-12-BM,MM,,GDSC,unknown,data/raw/gdsc_drug_response.csv,5619,2026-10-03,b472905ea811c145b1827f382975756a66c2ac5dffbe9ad323148bfdea38cdb5
SIDM00607,KNS-42,LGG,,GDSC,unknown,data/raw/gdsc_drug_response.csv,5620,2026-10-03,b472905ea811c145b1827f382975756a66c2ac5dffbe9ad323148bfdea38cdb5
SIDM00533,HuP-T3,PAAD,,GDSC,unknown,data/raw/gdsc_drug_response.csv,5621,2026-10-03,b472905ea811c145b1827f382975756a66c2ac5dffbe9ad323148bfdea38cdb5
SIDM00531,HuP-T4,PAAD,,GDSC,unknown,data/raw/gdsc_drug_response.csv,5622,2026-10-03,b472905ea811c145b1827f382975756a66c2ac5dffbe9ad323148bfdea38cdb5
SIDM00541,HT55,COREAD,,GDSC,unknown,data/raw/gdsc_drug_response.csv,5623,2026-10-03,b472905ea811c145b1827f382975756a66c2ac5dffbe9ad323148bfdea38cdb5
SIDM00534,HT-115,COREAD,,GDSC,unknown,data/raw/gdsc_drug_response.csv,5624,2026-10-03,b472905ea811c145b1827f382975756a66c2ac5dffbe9ad323148bfdea38cdb5
SIDM00535,H-EMC-SS,UNCLASSIFIED,,GDSC,unknown,data/raw/gdsc_drug_response.csv,5625,2026-10-03,b472905ea811c145b1827f382975756a66c2ac5dffbe9ad323148bfdea38cdb5
SIDM00537,GP5d,COREAD,,GDSC,unknown,data/raw/gdsc_drug_response.csv,5626,2026-10-03,b472905ea811c145b1827f382975756a66c2ac5dffbe9ad323148bfdea38cdb5
SIDM00523,DMS-53,SCLC,,GDSC,unknown,data/raw/gdsc_drug_response.csv,5627,2026-10-03,b472905ea811c145b1827f382975756a66c2ac5dffbe9ad323148bfdea38cdb5
SIDM00855,G-402,UNCLASSIFIED,,GDSC,unknown,data/raw/gdsc_drug_response.csv,5628,2026-10-03,b472905ea811c145b1827f382975756a66c2ac5dffbe9ad323148bfdea38cdb5
SIDM00856,G-401,UNCLASSIFIED,,GDSC,unknown,data/raw/gdsc_drug_response.csv,5629,2026-10-03,b472905ea811c145b1827f382975756a66c2ac5dffbe9ad323148bfdea38cdb5
SIDM00553,KY821,LAML,,GDSC,unknown,data/raw/gdsc_drug_response.csv,5630,2026-10-03,b472905ea811c145b1827f382975756a66c2ac5dffbe9ad323148bfdea38cdb5
SIDM00308,KU812,LCML,,GDSC,unknown,data/raw/gdsc_drug_response.csv,5631,2026-10-03,b472905ea811c145b1827f382975756a66c2ac5dffbe9ad323148bfdea38cdb5
SIDM01033,KU-19-19,BLCA,,GDSC,unknown,data/raw/gdsc_drug_response.csv,5632,2026-10-03,b472905ea811c145b1827f382975756a66c2ac5dffbe9ad323148bfdea38cdb5
SIDM00555,KS-1,GBM,,GDSC,unknown,data/raw/gdsc_drug_response.csv,5633,2026-10-03,b472905ea811c145b1827f382975756a66c2ac5dffbe9ad323148bfdea38cdb5
SIDM00556,KP-N-YN,NB,,GDSC,unknown,data/raw/gdsc_drug_response.csv,5634,2026-10-03,b472905ea811c145b1827f382975756a66c2ac5dffbe9ad323148bfdea38cdb5
SIDM01031,KYSE-150,ESCA,,GDSC,unknown,data/raw/gdsc_drug_response.csv,5635,2026-10-03,b472905ea811c145b1827f382975756a66c2ac5dffbe9ad323148bfdea38cdb5
SIDM01030,KYSE-180,ESCA,,GDSC,unknown,data/raw/gdsc_drug_response.csv,5636,2026-10-03,b472905ea811c145b1827f382975756a66c2ac5dffbe9ad323148bfdea38cdb5
SIDM01029,KYSE-270,ESCA,,GDSC,unknown,data/raw/gdsc_drug_response.csv,5637,2026-10-03,b472905ea811c145b1827f382975756a66c2ac5dffbe9ad323148bfdea38cdb5
SIDM01027,KYSE-450,ESCA,,GDSC,unknown,data/raw/gdsc_drug_response.csv,5638,2026-10-03,b472905ea811c145b1827f382975756a66c2ac5dffbe9ad323148bfdea38cdb5
SIDM01026,KYSE-510,ESCA,,GDSC,unknown,data/raw/gdsc_drug_response.csv,5639,2026-10-03,b472905ea811c145b1827f382975756a66c2ac5dffbe9ad323148bfdea38cdb5
SIDM00327,L-428,UNCLASSIFIED,,GDSC,unknown,data/raw/gdsc_drug_response.csv,5640,2026-10-03,b472905ea811c145b1827f382975756a66c2ac5dffbe9ad323148bfdea38cdb5
SIDM00329,L-540,UNCLASSIFIED,,GDSC,unknown,data/raw/gdsc_drug_response.csv,5641,2026-10-03,b472905ea811c145b1827f382975756a66c2ac5dffbe9ad323148bfdea38cdb5
SIDM00346,LAMA-84,LCML,,GDSC,unknown,data/raw/gdsc_drug_response.csv,5642,2026-10-03,b472905ea811c145b1827f382975756a66c2ac5dffbe9ad323148bfdea38cdb5
SIDM00297,LC-2-ad,LUAD,,GDSC,unknown,data/raw/gdsc_drug_response.csv,5643,2026-10-03,b472905ea811c145b1827f382975756a66c2ac5dffbe9ad323148bfdea38cdb5
SIDM00549,LC4-1,ALL,,GDSC,unknown,data/raw/gdsc_drug_response.csv,5644,2026-10-03,b472905ea811c145b1827f382975756a66c2ac5dffbe9ad323148bfdea38cdb5
SIDM00683,LNCaP-Clone-FGC,PRAD,,GDSC,unknown,data/raw/gdsc_drug_response.csv,5645,2026-10-03,b472905ea811c145b1827f382975756a66c2ac5dffbe9ad323148bfdea38cdb5
SIDM00342,LOUCY,ALL,,GDSC,unknown,data/raw/gdsc_drug_response.csv,5646,2026-10-03,b472905ea811c145b1827f382975756a66c2ac5dffbe9ad323148bfdea38cdb5
SIDM00839,LoVo,COREAD,,GDSC,unknown,data/raw/gdsc_drug_response.csv,5647,2026-10-03,b472905ea811c145b1827f382975756a66c2ac5dffbe9ad323148bfdea38cdb5
SIDM00340,LP-1,MM,,GDSC,unknown,data/raw/gdsc_drug_response.csv,5648,2026-10-03,b472905ea811c145b1827f382975756a66c2ac5dffbe9ad323148bfdea38cdb5
SIDM00776,LS-123,COREAD,,GDSC,unknown,data/raw/gdsc_drug_response.csv,5649,2026-10-03,b472905ea811c145b1827f382975756a66c2ac5dffbe9ad323148bfdea38cdb5
SIDM00660,LS-411N,COREAD,,GDSC,unknown,data/raw/gdsc_drug_response.csv,5650,2026-10-03,b472905ea811c145b1827f382975756a66c2ac5dffbe9ad323148bfdea38cdb5
SIDM01219,LU-99A,UNCLASSIFIED,,GDSC,unknown,data/raw/gdsc_drug_response.csv,5651,2026-10-03,b472905ea811c145b1827f382975756a66c2ac5dffbe9ad323148bfdea38cdb5
SIDM00637,MC116,DLBC,,GDSC,unknown,data/raw/gdsc_drug_response.csv,5652,2026-10-03,b472905ea811c145b1827f382975756a66c2ac5dffbe9ad323148bfdea38cdb5
SIDM01246,MC-IXC,NB,,GDSC,unknown,data/raw/gdsc_drug_response.csv,5653,2026-10-03,b472905ea811c145b1827f382975756a66c2ac5dffbe9ad323148bfdea38cdb5
SIDM00633,MDA-MB-175-VII,BRCA,,GDSC,unknown,data/raw/gdsc_drug_response.csv,5654,2026-10-03,b472905ea811c145b1827f382975756a66c2ac5dffbe9ad323148bfdea38cdb5
SIDM00528,MDA-MB-361,BRCA,,GDSC,unknown,data/raw/gdsc_drug_response.csv,5655,2026-10-03,b472905ea811c145b1827f382975756a66c2ac5dffbe9ad323148bfdea38cdb5
SIDM00272,MDA-MB-453,BRCA,,GDSC,unknown,data/raw/gdsc_drug_response.csv,5656,2026-10-03,b472905ea811c145b1827f382975756a66c2ac5dffbe9ad323148bfdea38cdb5
SIDM00628,MDA-MB-468,BRCA,,GDSC,unknown,data/raw/gdsc_drug_response.csv,5657,2026-10-03,b472905ea811c145b1827f382975756a66c2ac5dffbe9ad323148bfdea38cdb5
SIDM00337,MEL-HO,SKCM,,GDSC,unknown,data/raw/gdsc_drug_response.csv,5658,2026-10-03,b472905ea811c145b1827f382975756a66c2ac5dffbe9ad323148bfdea38cdb5
SIDM00336,MEL-JUSO,SKCM,,GDSC,unknown,data/raw/gdsc_drug_response.csv,5659,2026-10-03,b472905ea811c145b1827f382975756a66c2ac5dffbe9ad323148bfdea38cdb5
SIDM00526,MEG-01,LCML,,GDSC,unknown,data/raw/gdsc_drug_response.csv,5660,2026-10-03,b472905ea811c145b1827f382975756a66c2ac5dffbe9ad323148bfdea38cdb5
SIDM00625,MES-SA,UNCLASSIFIED,,GDSC,unknown,data/raw/gdsc_drug_response.csv,5661,2026-10-03,b472905ea811c145b1827f382975756a66c2ac5dffbe9ad323148bfdea38cdb5
SIDM00545,Mewo,SKCM,,GDSC,unknown,data/raw/gdsc_drug_response.csv,5662,2026-10-03,b472905ea811c145b1827f382975756a66c2ac5dffbe9ad323148bfdea38cdb5
SIDM00335,MFE-280,UCEC,,GDSC,unknown,data/raw/gdsc_drug_response.csv,5663,2026-10-03,b472905ea811c145b1827f382975756a66c2ac5dffbe9ad323148bfdea38cdb5
SIDM00334,MFE-296,UCEC,,GDSC,unknown,data/raw/gdsc_drug_response.csv,5664,2026-10-03,b472905ea811c145b1827f382975756a66c2ac5dffbe9ad323148bfdea38cdb5
SIDM00525,MG-63,UNCLASSIFIED,,GDSC,unknown,data/raw/gdsc_drug_response.csv,5665,2026-10-03,b472905ea811c145b1827f382975756a66c2ac5dffbe9ad323148bfdea38cdb5
SIDM00331,MHH-CALL-2,UNCLASSIFIED,,GDSC,unknown,data/raw/gdsc_drug_response.csv,5666,2026-10-03,b472905ea811c145b1827f382975756a66c2ac5dffbe9ad323148bfdea38cdb5
SIDM00376,MHH-CALL-4,NA,,GDSC,unknown,data/raw/gdsc_drug_response.csv,5667,2026-10-03,b472905ea811c145b1827f382975756a66c2ac5dffbe9ad323148bfdea38cdb5
SIDM00386,MHH-ES-1,UNCLASSIFIED,,GDSC,unknown,data/raw/gdsc_drug_response.csv,5668,2026-10-03,b472905ea811c145b1827f382975756a66c2ac5dffbe9ad323148bfdea38cdb5
SIDM00387,MHH-NB-11,NB,,GDSC,unknown,data/raw/gdsc_drug_response.csv,5669,2026-10-03,b472905ea811c145b1827f382975756a66c2ac5dffbe9ad323148bfdea38cdb5
SIDM00388,MHH-PREB-1,UNCLASSIFIED,,GDSC,unknown,data/raw/gdsc_drug_response.csv,5670,2026-10-03,b472905ea811c145b1827f382975756a66c2ac5dffbe9ad323148bfdea38cdb5
SIDM00271,MKN1,UNCLASSIFIED,,GDSC,unknown,data/raw/gdsc_drug_response.csv,5671,2026-10-03,b472905ea811c145b1827f382975756a66c2ac5dffbe9ad323148bfdea38cdb5
SIDM00260,MKN28,STAD,,GDSC,unknown,data/raw/gdsc_drug_response.csv,5672,2026-10-03,b472905ea811c145b1827f382975756a66c2ac5dffbe9ad323148bfdea38cdb5
SIDM00441,ML-2,LAML,,GDSC,unknown,data/raw/gdsc_drug_response.csv,5673,2026-10-03,b472905ea811c145b1827f382975756a66c2ac5dffbe9ad323148bfdea38cdb5
SIDM00561,MLMA,UNCLASSIFIED,,GDSC,unknown,data/raw/gdsc_drug_response.csv,5674,2026-10-03,b472905ea811c145b1827f382975756a66c2ac5dffbe9ad323148bfdea38cdb5
SIDM00438,MN-60,UNCLASSIFIED,,GDSC,unknown,data/raw/gdsc_drug_response.csv,5675,2026-10-03,b472905ea811c145b1827f382975756a66c2ac5dffbe9ad323148bfdea38cdb5
SIDM00532,MOG-G-CCM,LGG,,GDSC,unknown,data/raw/gdsc_drug_response.csv,5676,2026-10-03,b472905ea811c145b1827f382975756a66c2ac5dffbe9ad323148bfdea38cdb5
SIDM00504,MOG-G-UVW,LGG,,GDSC,unknown,data/raw/gdsc_drug_response.csv,5677,2026-10-03,b472905ea811c145b1827f382975756a66c2ac5dffbe9ad323148bfdea38cdb5
SIDM00433,MOLT-13,ALL,,GDSC,unknown,data/raw/gdsc_drug_response.csv,5678,2026-10-03,b472905ea811c145b1827f382975756a66c2ac5dffbe9ad323148bfdea38cdb5
SIDM00431,MOLT-16,ALL,,GDSC,unknown,data/raw/gdsc_drug_response.csv,5679,2026-10-03,b472905ea811c145b1827f382975756a66c2ac5dffbe9ad323148bfdea38cdb5
SIDM01023,MONO-MAC-6,LAML,,GDSC,unknown,data/raw/gdsc_drug_response.csv,5680,2026-10-03,b472905ea811c145b1827f382975756a66c2ac5dffbe9ad323148bfdea38cdb5
SIDM00623,Mo-T,UNCLASSIFIED,,GDSC,unknown,data/raw/gdsc_drug_response.csv,5681,2026-10-03,b472905ea811c145b1827f382975756a66c2ac5dffbe9ad323148bfdea38cdb5
SIDM00222,MPP-89,MESO,,GDSC,unknown,data/raw/gdsc_drug_response.csv,5682,2026-10-03,b472905ea811c145b1827f382975756a66c2ac5dffbe9ad323148bfdea38cdb5
SIDM00562,MRK-nu-1,BRCA,,GDSC,unknown,data/raw/gdsc_drug_response.csv,5683,2026-10-03,b472905ea811c145b1827f382975756a66c2ac5dffbe9ad323148bfdea38cdb5
SIDM00640,MSTO-211H,MESO,,GDSC,unknown,data/raw/gdsc_drug_response.csv,5684,2026-10-03,b472905ea811c145b1827f382975756a66c2ac5dffbe9ad323148bfdea38cdb5
SIDM00657,MV-4-11,UNCLASSIFIED,,GDSC,unknown,data/raw/gdsc_drug_response.csv,5685,2026-10-03,b472905ea811c145b1827f382975756a66c2ac5dffbe9ad323148bfdea38cdb5
SIDM00429,NALM-6,UNCLASSIFIED,,GDSC,unknown,data/raw/gdsc_drug_response.csv,5686,2026-10-03,b472905ea811c145b1827f382975756a66c2ac5dffbe9ad323148bfdea38cdb5
SIDM00641,NAMALWA,UNCLASSIFIED,,GDSC,unknown,data/raw/gdsc_drug_response.csv,5687,2026-10-03,b472905ea811c145b1827f382975756a66c2ac5dffbe9ad323148bfdea38cdb5
SIDM00244,NB69,NB,,GDSC,unknown,data/raw/gdsc_drug_response.csv,5688,2026-10-03,b472905ea811c145b1827f382975756a66c2ac5dffbe9ad323148bfdea38cdb5
SIDM00655,NCCIT,NA,,GDSC,unknown,data/raw/gdsc_drug_response.csv,5689,2026-10-03,b472905ea811c145b1827f382975756a66c2ac5dffbe9ad323148bfdea38cdb5
SIDM00777,NCI-H508,COREAD,,GDSC,unknown,data/raw/gdsc_drug_response.csv,5690,2026-10-03,b472905ea811c145b1827f382975756a66c2ac5dffbe9ad323148bfdea38cdb5
SIDM01130,NCI-H520,LUSC,,GDSC,unknown,data/raw/gdsc_drug_response.csv,5691,2026-10-03,b472905ea811c145b1827f382975756a66c2ac5dffbe9ad323148bfdea38cdb5
SIDM01146,SNU-1,STAD,,GDSC,unknown,data/raw/gdsc_drug_response.csv,5692,2026-10-03,b472905ea811c145b1827f382975756a66c2ac5dffbe9ad323148bfdea38cdb5
SIDM01144,SNU-5,STAD,,GDSC,unknown,data/raw/gdsc_drug_response.csv,5693,2026-10-03,b472905ea811c145b1827f382975756a66c2ac5dffbe9ad323148bfdea38cdb5
SIDM01145,SNU-16,STAD,,GDSC,unknown,data/raw/gdsc_drug_response.csv,5694,2026-10-03,b472905ea811c145b1827f382975756a66c2ac5dffbe9ad323148bfdea38cdb5
SIDM00577,NH-12,NB,,GDSC,unknown,data/raw/gdsc_drug_response.csv,5695,2026-10-03,b472905ea811c145b1827f382975756a66c2ac5dffbe9ad323148bfdea38cdb5
SIDM00576,NKM-1,LAML,,GDSC,unknown,data/raw/gdsc_drug_response.csv,5696,2026-10-03,b472905ea811c145b1827f382975756a66c2ac5dffbe9ad323148bfdea38cdb5
SIDM00575,NMC-G1,LGG,,GDSC,unknown,data/raw/gdsc_drug_response.csv,5697,2026-10-03,b472905ea811c145b1827f382975756a66c2ac5dffbe9ad323148bfdea38cdb5
SIDM00573,no-11,LGG,,GDSC,unknown,data/raw/gdsc_drug_response.csv,5698,2026-10-03,b472905ea811c145b1827f382975756a66c2ac5dffbe9ad323148bfdea38cdb5
SIDM00580,NOMO-1,LAML,,GDSC,unknown,data/raw/gdsc_drug_response.csv,5699,2026-10-03,b472905ea811c145b1827f382975756a66c2ac5dffbe9ad323148bfdea38cdb5
SIDM00574,no-10,LGG,,GDSC,unknown,data/raw/gdsc_drug_response.csv,5700,2026-10-03,b472905ea811c145b1827f382975756a66c2ac5dffbe9ad323148bfdea38cdb5
SIDM01203,NTERA-2-cl-D1,UNCLASSIFIED,,GDSC,unknown,data/raw/gdsc_drug_response.csv,5701,2026-10-03,b472905ea811c145b1827f382975756a66c2ac5dffbe9ad323148bfdea38cdb5
SIDM00572,NUGC-3,STAD,,GDSC,unknown,data/raw/gdsc_drug_response.csv,5702,2026-10-03,b472905ea811c145b1827f382975756a66c2ac5dffbe9ad323148bfdea38cdb5
SIDM00778,NCI-H747,COREAD,,GDSC,unknown,data/raw/gdsc_drug_response.csv,5703,2026-10-03,b472905ea811c145b1827f382975756a66c2ac5dffbe9ad323148bfdea38cdb5
SIDM00779,NCI-H716,COREAD,,GDSC,unknown,data/raw/gdsc_drug_response.csv,5704,2026-10-03,b472905ea811c145b1827f382975756a66c2ac5dffbe9ad323148bfdea38cdb5
SIDM01127,NCI-H596,UNCLASSIFIED,,GDSC,unknown,data/raw/gdsc_drug_response.csv,5705,2026-10-03,b472905ea811c145b1827f382975756a66c2ac5dffbe9ad323148bfdea38cdb5
SIDM00925,NCI-H441,LUAD,,GDSC,unknown,data/raw/gdsc_drug_response.csv,5706,2026-10-03,b472905ea811c145b1827f382975756a66c2ac5dffbe9ad323148bfdea38cdb5
SIDM01147,NCI-N87,STAD,,GDSC,unknown,data/raw/gdsc_drug_response.csv,5707,2026-10-03,b472905ea811c145b1827f382975756a66c2ac5dffbe9ad323148bfdea38cdb5
SIDM00722,NCI-H2452,MESO,,GDSC,unknown,data/raw/gdsc_drug_response.csv,5708,2026-10-03,b472905ea811c145b1827f382975756a66c2ac5dffbe9ad323148bfdea38cdb5
SIDM00755,NCI-H1793,LUAD,,GDSC,unknown,data/raw/gdsc_drug_response.csv,5709,2026-10-03,b472905ea811c145b1827f382975756a66c2ac5dffbe9ad323148bfdea38cdb5
SIDM00718,NCI-H358,LUAD,,GDSC,unknown,data/raw/gdsc_drug_response.csv,5710,2026-10-03,b472905ea811c145b1827f382975756a66c2ac5dffbe9ad323148bfdea38cdb5
SIDM00651,NCI-H1155,UNCLASSIFIED,,GDSC,unknown,data/raw/gdsc_drug_response.csv,5711,2026-10-03,b472905ea811c145b1827f382975756a66c2ac5dffbe9ad323148bfdea38cdb5
SIDM00652,NCI-H1105,SCLC,,GDSC,unknown,data/raw/gdsc_drug_response.csv,5712,2026-10-03,b472905ea811c145b1827f382975756a66c2ac5dffbe9ad323148bfdea38cdb5
SIDM00697,NCI-H1436,SCLC,,GDSC,unknown,data/raw/gdsc_drug_response.csv,5713,2026-10-03,b472905ea811c145b1827f382975756a66c2ac5dffbe9ad323148bfdea38cdb5
SIDM00720,NCI-H28,MESO,,GDSC,unknown,data/raw/gdsc_drug_response.csv,5714,2026-10-03,b472905ea811c145b1827f382975756a66c2ac5dffbe9ad323148bfdea38cdb5
SIDM00748,NCI-H1581,UNCLASSIFIED,,GDSC,unknown,data/raw/gdsc_drug_response.csv,5715,2026-10-03,b472905ea811c145b1827f382975756a66c2ac5dffbe9ad323148bfdea38cdb5
SIDM00749,NCI-H1573,LUAD,,GDSC,unknown,data/raw/gdsc_drug_response.csv,5716,2026-10-03,b472905ea811c145b1827f382975756a66c2ac5dffbe9ad323148bfdea38cdb5
SIDM00743,NCI-H1666,LUAD,,GDSC,unknown,data/raw/gdsc_drug_response.csv,5717,2026-10-03,b472905ea811c145b1827f382975756a66c2ac5dffbe9ad323148bfdea38cdb5
SIDM00740,NCI-H1703,UNCLASSIFIED,,GDSC,unknown,data/raw/gdsc_drug_response.csv,5718,2026-10-03,b472905ea811c145b1827f382975756a66c2ac5dffbe9ad323148bfdea38cdb5
SIDM00738,NCI-H1755,LUAD,,GDSC,unknown,data/raw/gdsc_drug_response.csv,5719,2026-10-03,b472905ea811c145b1827f382975756a66c2ac5dffbe9ad323148bfdea38cdb5
SIDM00758,NCI-H1993,LUAD,,GDSC,unknown,data/raw/gdsc_drug_response.csv,5720,2026-10-03,b472905ea811c145b1827f382975756a66c2ac5dffbe9ad323148bfdea38cdb5
SIDM00710,NCI-H2081,SCLC,,GDSC,unknown,data/raw/gdsc_drug_response.csv,5721,2026-10-03,b472905ea811c145b1827f382975756a66c2ac5dffbe9ad323148bfdea38cdb5
SIDM00731,NCI-H2196,SCLC,,GDSC,unknown,data/raw/gdsc_drug_response.csv,5722,2026-10-03,b472905ea811c145b1827f382975756a66c2ac5dffbe9ad323148bfdea38cdb5
SIDM01129,NCI-H524,SCLC,,GDSC,unknown,data/raw/gdsc_drug_response.csv,5723,2026-10-03,b472905ea811c145b1827f382975756a66c2ac5dffbe9ad323148bfdea38cdb5
SIDM01117,NCI-H748,SCLC,,GDSC,unknown,data/raw/gdsc_drug_response.csv,5724,2026-10-03,b472905ea811c145b1827f382975756a66c2ac5dffbe9ad323148bfdea38cdb5
SIDM00567,ONS-76,MB,,GDSC,unknown,data/raw/gdsc_drug_response.csv,5725,2026-10-03,b472905ea811c145b1827f382975756a66c2ac5dffbe9ad323148bfdea38cdb5
SIDM00457,OPM-2,MM,,GDSC,unknown,data/raw/gdsc_drug_response.csv,5726,2026-10-03,b472905ea811c145b1827f382975756a66c2ac5dffbe9ad323148bfdea38cdb5
SIDM00239,OS-RC-2,KIRC,,GDSC,unknown,data/raw/gdsc_drug_response.csv,5727,2026-10-03,b472905ea811c145b1827f382975756a66c2ac5dffbe9ad323148bfdea38cdb5
SIDM00463,P12-ICHIKAWA,ALL,,GDSC,unknown,data/raw/gdsc_drug_response.csv,5728,2026-10-03,b472905ea811c145b1827f382975756a66c2ac5dffbe9ad323148bfdea38cdb5
SIDM00364,P30-OHK,ALL,,GDSC,unknown,data/raw/gdsc_drug_response.csv,5729,2026-10-03,b472905ea811c145b1827f382975756a66c2ac5dffbe9ad323148bfdea38cdb5
SIDM00363,P31-FUJ,LAML,,GDSC,unknown,data/raw/gdsc_drug_response.csv,5730,2026-10-03,b472905ea811c145b1827f382975756a66c2ac5dffbe9ad323148bfdea38cdb5
SIDM01140,PA-1,UNCLASSIFIED,,GDSC,unknown,data/raw/gdsc_drug_response.csv,5731,2026-10-03,b472905ea811c145b1827f382975756a66c2ac5dffbe9ad323148bfdea38cdb5
SIDM00241,OCUB-M,BRCA,,GDSC,unknown,data/raw/gdsc_drug_response.csv,5732,2026-10-03,b472905ea811c145b1827f382975756a66c2ac5dffbe9ad323148bfdea38cdb5
SIDM00220,OC-314,OV,,GDSC,unknown,data/raw/gdsc_drug_response.csv,5733,2026-10-03,b472905ea811c145b1827f382975756a66c2ac5dffbe9ad323148bfdea38cdb5
SIDM00451,PF-382,ALL,,GDSC,unknown,data/raw/gdsc_drug_response.csv,5734,2026-10-03,b472905ea811c145b1827f382975756a66c2ac5dffbe9ad323148bfdea38cdb5
SIDM00844,Raji,UNCLASSIFIED,,GDSC,unknown,data/raw/gdsc_drug_response.csv,5735,2026-10-03,b472905ea811c145b1827f382975756a66c2ac5dffbe9ad323148bfdea38cdb5
SIDM00359,RCM-1,COREAD,,GDSC,unknown,data/raw/gdsc_drug_response.csv,5736,2026-10-03,b472905ea811c145b1827f382975756a66c2ac5dffbe9ad323148bfdea38cdb5
SIDM00847,RD,UNCLASSIFIED,,GDSC,unknown,data/raw/gdsc_drug_response.csv,5737,2026-10-03,b472905ea811c145b1827f382975756a66c2ac5dffbe9ad323148bfdea38cdb5
SIDM00447,REH,UNCLASSIFIED,,GDSC,unknown,data/raw/gdsc_drug_response.csv,5738,2026-10-03,b472905ea811c145b1827f382975756a66c2ac5dffbe9ad323148bfdea38cdb5
SIDM01092,RF-48,STAD,,GDSC,unknown,data/raw/gdsc_drug_response.csv,5739,2026-10-03,b472905ea811c145b1827f382975756a66c2ac5dffbe9ad323148bfdea38cdb5
SIDM01090,RKO,COREAD,,GDSC,unknown,data/raw/gdsc_drug_response.csv,5740,2026-10-03,b472905ea811c145b1827f382975756a66c2ac5dffbe9ad323148bfdea38cdb5
SIDM00352,RMG-I,UNCLASSIFIED,,GDSC,unknown,data/raw/gdsc_drug_response.csv,5741,2026-10-03,b472905ea811c145b1827f382975756a66c2ac5dffbe9ad323148bfdea38cdb5
SIDM00813,RPMI-6666,UNCLASSIFIED,,GDSC,unknown,data/raw/gdsc_drug_response.csv,5742,2026-10-03,b472905ea811c145b1827f382975756a66c2ac5dffbe9ad323148bfdea38cdb5
SIDM00403,RPMI-8402,ALL,,GDSC,unknown,data/raw/gdsc_drug_response.csv,5743,2026-10-03,b472905ea811c145b1827f382975756a66c2ac5dffbe9ad323148bfdea38cdb5
SIDM01086,RS4-11,ALL,,GDSC,unknown,data/raw/gdsc_drug_response.csv,5744,2026-10-03,b472905ea811c145b1827f382975756a66c2ac5dffbe9ad323148bfdea38cdb5
SIDM00402,RT-112,BLCA,,GDSC,unknown,data/raw/gdsc_drug_response.csv,5745,2026-10-03,b472905ea811c145b1827f382975756a66c2ac5dffbe9ad323148bfdea38cdb5
SIDM00401,RVH-421,SKCM,,GDSC,unknown,data/raw/gdsc_drug_response.csv,5746,2026-10-03,b472905ea811c145b1827f382975756a66c2ac5dffbe9ad323148bfdea38cdb5
SIDM01084,Saos-2,UNCLASSIFIED,,GDSC,unknown,data/raw/gdsc_drug_response.csv,5747,2026-10-03,b472905ea811c145b1827f382975756a66c2ac5dffbe9ad323148bfdea38cdb5
SIDM00351,SAS,HNSC,,GDSC,unknown,data/raw/gdsc_drug_response.csv,5748,2026-10-03,b472905ea811c145b1827f382975756a66c2ac5dffbe9ad323148bfdea38cdb5
SIDM01080,SCC-9,HNSC,,GDSC,unknown,data/raw/gdsc_drug_response.csv,5749,2026-10-03,b472905ea811c145b1827f382975756a66c2ac5dffbe9ad323148bfdea38cdb5
SIDM00383,SCH,UNCLASSIFIED,,GDSC,unknown,data/raw/gdsc_drug_response.csv,5750,2026-10-03,b472905ea811c145b1827f382975756a66c2ac5dffbe9ad323148bfdea38cdb5
SIDM00382,SF126,GBM,,GDSC,unknown,data/raw/gdsc_drug_response.csv,5751,2026-10-03,b472905ea811c145b1827f382975756a66c2ac5dffbe9ad323148bfdea38cdb5
SIDM01079,SH-4,SKCM,,GDSC,unknown,data/raw/gdsc_drug_response.csv,5752,2026-10-03,b472905ea811c145b1827f382975756a66c2ac5dffbe9ad323148bfdea38cdb5
SIDM00396,SIG-M5,LAML,,GDSC,unknown,data/raw/gdsc_drug_response.csv,5753,2026-10-03,b472905ea811c145b1827f382975756a66c2ac5dffbe9ad323148bfdea38cdb5
SIDM01095,SJRH30,UNCLASSIFIED,,GDSC,unknown,data/raw/gdsc_drug_response.csv,5754,2026-10-03,b472905ea811c145b1827f382975756a66c2ac5dffbe9ad323148bfdea38cdb5
SIDM01112,SJSA-1,UNCLASSIFIED,,GDSC,unknown,data/raw/gdsc_drug_response.csv,5755,2026-10-03,b472905ea811c145b1827f382975756a66c2ac5dffbe9ad323148bfdea38cdb5
SIDM01096,SK-CO-1,COREAD,,GDSC,unknown,data/raw/gdsc_drug_response.csv,5756,2026-10-03,b472905ea811c145b1827f382975756a66c2ac5dffbe9ad323148bfdea38cdb5
SIDM01110,SK-HEP-1,LIHC,,GDSC,unknown,data/raw/gdsc_drug_response.csv,5757,2026-10-03,b472905ea811c145b1827f382975756a66c2ac5dffbe9ad323148bfdea38cdb5
SIDM01109,SK-LMS-1,UNCLASSIFIED,,GDSC,unknown,data/raw/gdsc_drug_response.csv,5758,2026-10-03,b472905ea811c145b1827f382975756a66c2ac5dffbe9ad323148bfdea38cdb5
SIDM01108,SK-LU-1,LUAD,,GDSC,unknown,data/raw/gdsc_drug_response.csv,5759,2026-10-03,b472905ea811c145b1827f382975756a66c2ac5dffbe9ad323148bfdea38cdb5
SIDM00380,SKM-1,UNCLASSIFIED,,GDSC,unknown,data/raw/gdsc_drug_response.csv,5760,2026-10-03,b472905ea811c145b1827f382975756a66c2ac5dffbe9ad323148bfdea38cdb5
SIDM01107,SK-MEL-1,SKCM,,GDSC,unknown,data/raw/gdsc_drug_response.csv,5761,2026-10-03,b472905ea811c145b1827f382975756a66c2ac5dffbe9ad323148bfdea38cdb5
SIDM01105,SK-MEL-3,SKCM,,GDSC,unknown,data/raw/gdsc_drug_response.csv,5762,2026-10-03,b472905ea811c145b1827f382975756a66c2ac5dffbe9ad323148bfdea38cdb5
SIDM01106,SK-MEL-24,SKCM,,GDSC,unknown,data/raw/gdsc_drug_response.csv,5763,2026-10-03,b472905ea811c145b1827f382975756a66c2ac5dffbe9ad323148bfdea38cdb5
SIDM00392,SK-MEL-30,SKCM,,GDSC,unknown,data/raw/gdsc_drug_response.csv,5764,2026-10-03,b472905ea811c145b1827f382975756a66c2ac5dffbe9ad323148bfdea38cdb5
SIDM01104,SK-MEL-31,SKCM,,GDSC,unknown,data/raw/gdsc_drug_response.csv,5765,2026-10-03,b472905ea811c145b1827f382975756a66c2ac5dffbe9ad323148bfdea38cdb5
SIDM01103,SK-MES-1,LUSC,,GDSC,unknown,data/raw/gdsc_drug_response.csv,5766,2026-10-03,b472905ea811c145b1827f382975756a66c2ac5dffbe9ad323148bfdea38cdb5
SIDM00379,SK-MG-1,GBM,,GDSC,unknown,data/raw/gdsc_drug_response.csv,5767,2026-10-03,b472905ea811c145b1827f382975756a66c2ac5dffbe9ad323148bfdea38cdb5
SIDM01097,SK-PN-DW,UNCLASSIFIED,,GDSC,unknown,data/raw/gdsc_drug_response.csv,5768,2026-10-03,b472905ea811c145b1827f382975756a66c2ac5dffbe9ad323148bfdea38cdb5
SIDM01113,SK-UT-1,UNCLASSIFIED,,GDSC,unknown,data/raw/gdsc_drug_response.csv,5769,2026-10-03,b472905ea811c145b1827f382975756a66c2ac5dffbe9ad323148bfdea38cdb5
SIDM00373,SNG-M,UCEC,,GDSC,unknown,data/raw/gdsc_drug_response.csv,5770,2026-10-03,b472905ea811c145b1827f382975756a66c2ac5dffbe9ad323148bfdea38cdb5
SIDM01180,SNU-387,LIHC,,GDSC,unknown,data/raw/gdsc_drug_response.csv,5771,2026-10-03,b472905ea811c145b1827f382975756a66c2ac5dffbe9ad323148bfdea38cdb5
SIDM01199,SNU-423,LIHC,,GDSC,unknown,data/raw/gdsc_drug_response.csv,5772,2026-10-03,b472905ea811c145b1827f382975756a66c2ac5dffbe9ad323148bfdea38cdb5
SIDM01194,SNU-449,LIHC,,GDSC,unknown,data/raw/gdsc_drug_response.csv,5773,2026-10-03,b472905ea811c145b1827f382975756a66c2ac5dffbe9ad323148bfdea38cdb5
SIDM00781,SNU-C2B,COREAD,,GDSC,unknown,data/raw/gdsc_drug_response.csv,5774,2026-10-03,b472905ea811c145b1827f382975756a66c2ac5dffbe9ad323148bfdea38cdb5
SIDM00390,SU-DHL-1,UNCLASSIFIED,,GDSC,unknown,data/raw/gdsc_drug_response.csv,5775,2026-10-03,b472905ea811c145b1827f382975756a66c2ac5dffbe9ad323148bfdea38cdb5
SIDM01154,SUP-T1,ALL,,GDSC,unknown,data/raw/gdsc_drug_response.csv,5776,2026-10-03,b472905ea811c145b1827f382975756a66c2ac5dffbe9ad323148bfdea38cdb5
SIDM00814,SW13,ACC,,GDSC,unknown,data/raw/gdsc_drug_response.csv,5777,2026-10-03,b472905ea811c145b1827f382975756a66c2ac5dffbe9ad323148bfdea38cdb5
SIDM01155,SW1088,GBM,,GDSC,unknown,data/raw/gdsc_drug_response.csv,5778,2026-10-03,b472905ea811c145b1827f382975756a66c2ac5dffbe9ad323148bfdea38cdb5
SIDM00835,SW1116,COREAD,,GDSC,unknown,data/raw/gdsc_drug_response.csv,5779,2026-10-03,b472905ea811c145b1827f382975756a66c2ac5dffbe9ad323148bfdea38cdb5
SIDM00812,SW1417,COREAD,,GDSC,unknown,data/raw/gdsc_drug_response.csv,5780,2026-10-03,b472905ea811c145b1827f382975756a66c2ac5dffbe9ad323148bfdea38cdb5
SIDM00834,SW1463,COREAD,,GDSC,unknown,data/raw/gdsc_drug_response.csv,5781,2026-10-03,b472905ea811c145b1827f382975756a66c2ac5dffbe9ad323148bfdea38cdb5
SIDM00420,SW1710,BLCA,,GDSC,unknown,data/raw/gdsc_drug_response.csv,5782,2026-10-03,b472905ea811c145b1827f382975756a66c2ac5dffbe9ad323148bfdea38cdb5
SIDM01164,SW1783,LGG,,GDSC,unknown,data/raw/gdsc_drug_response.csv,5783,2026-10-03,b472905ea811c145b1827f382975756a66c2ac5dffbe9ad323148bfdea38cdb5
SIDM00837,SW48,COREAD,,GDSC,unknown,data/raw/gdsc_drug_response.csv,5784,2026-10-03,b472905ea811c145b1827f382975756a66c2ac5dffbe9ad323148bfdea38cdb5
SIDM01168,SW626,OV,,GDSC,unknown,data/raw/gdsc_drug_response.csv,5785,2026-10-03,b472905ea811c145b1827f382975756a66c2ac5dffbe9ad323148bfdea38cdb5
SIDM01175,SW684,UNCLASSIFIED,,GDSC,unknown,data/raw/gdsc_drug_response.csv,5786,2026-10-03,b472905ea811c145b1827f382975756a66c2ac5dffbe9ad323148bfdea38cdb5
SIDM00833,SW837,COREAD,,GDSC,unknown,data/raw/gdsc_drug_response.csv,5787,2026-10-03,b472905ea811c145b1827f382975756a66c2ac5dffbe9ad323148bfdea38cdb5
SIDM01159,SW872,UNCLASSIFIED,,GDSC,unknown,data/raw/gdsc_drug_response.csv,5788,2026-10-03,b472905ea811c145b1827f382975756a66c2ac5dffbe9ad323148bfdea38cdb5
SIDM00832,SW948,COREAD,,GDSC,unknown,data/raw/gdsc_drug_response.csv,5789,2026-10-03,b472905ea811c145b1827f382975756a66c2ac5dffbe9ad323148bfdea38cdb5
SIDM01178,SW962,UNCLASSIFIED,,GDSC,unknown,data/raw/gdsc_drug_response.csv,5790,2026-10-03,b472905ea811c145b1827f382975756a66c2ac5dffbe9ad323148bfdea38cdb5
SIDM01161,SW982,UNCLASSIFIED,,GDSC,unknown,data/raw/gdsc_drug_response.csv,5791,2026-10-03,b472905ea811c145b1827f382975756a66c2ac5dffbe9ad323148bfdea38cdb5
SIDM00782,T84,COREAD,,GDSC,unknown,data/raw/gdsc_drug_response.csv,5792,2026-10-03,b472905ea811c145b1827f382975756a66c2ac5dffbe9ad323148bfdea38cdb5
SIDM00370,TALL-1,ALL,,GDSC,unknown,data/raw/gdsc_drug_response.csv,5793,2026-10-03,b472905ea811c145b1827f382975756a66c2ac5dffbe9ad323148bfdea38cdb5
SIDM00252,TGBC1TKB,UNCLASSIFIED,,GDSC,unknown,data/raw/gdsc_drug_response.csv,5794,2026-10-03,b472905ea811c145b1827f382975756a66c2ac5dffbe9ad323148bfdea38cdb5
SIDM00251,TGBC11TKB,STAD,,GDSC,unknown,data/raw/gdsc_drug_response.csv,5795,2026-10-03,b472905ea811c145b1827f382975756a66c2ac5dffbe9ad323148bfdea38cdb5
SIDM01172,THP-1,LAML,,GDSC,unknown,data/raw/gdsc_drug_response.csv,5796,2026-10-03,b472905ea811c145b1827f382975756a66c2ac5dffbe9ad323148bfdea38cdb5
SIDM01205,TUR,DLBC,,GDSC,unknown,data/raw/gdsc_drug_response.csv,5797,2026-10-03,b472905ea811c145b1827f382975756a66c2ac5dffbe9ad323148bfdea38cdb5
SIDM00321,TYK-nu,UNCLASSIFIED,,GDSC,unknown,data/raw/gdsc_drug_response.csv,5798,2026-10-03,b472905ea811c145b1827f382975756a66c2ac5dffbe9ad323148bfdea38cdb5
SIDM01191,U-2-OS,UNCLASSIFIED,,GDSC,unknown,data/raw/gdsc_drug_response.csv,5799,2026-10-03,b472905ea811c145b1827f382975756a66c2ac5dffbe9ad323148bfdea38cdb5
SIDM00424,U-698-M,UNCLASSIFIED,,GDSC,unknown,data/raw/gdsc_drug_response.csv,5800,2026-10-03,b472905ea811c145b1827f382975756a66c2ac5dffbe9ad323148bfdea38cdb5
SIDM01186,UACC-893,BRCA,,GDSC,unknown,data/raw/gdsc_drug_response.csv,5801,2026-10-03,b472905ea811c145b1827f382975756a66c2ac5dffbe9ad323148bfdea38cdb5
SIDM01183,UMC-11,UNCLASSIFIED,,GDSC,unknown,data/raw/gdsc_drug_response.csv,5802,2026-10-03,b472905ea811c145b1827f382975756a66c2ac5dffbe9ad323148bfdea38cdb5
SIDM00317,VMRC-RCZ,KIRC,,GDSC,unknown,data/raw/gdsc_drug_response.csv,5803,2026-10-03,b472905ea811c145b1827f382975756a66c2ac5dffbe9ad323148bfdea38cdb5
SIDM01000,WM-115,SKCM,,GDSC,unknown,data/raw/gdsc_drug_response.csv,5804,2026-10-03,b472905ea811c145b1827f382975756a66c2ac5dffbe9ad323148bfdea38cdb5
SIDM00412,WSU-NHL,UNCLASSIFIED,,GDSC,unknown,data/raw/gdsc_drug_response.csv,5805,2026-10-03,b472905ea811c145b1827f382975756a66c2ac5dffbe9ad323148bfdea38cdb5
SIDM00411,YAPC,PAAD,,GDSC,unknown,data/raw/gdsc_drug_response.csv,5806,2026-10-03,b472905ea811c145b1827f382975756a66c2ac5dffbe9ad323148bfdea38cdb5
SIDM00316,YH-13,GBM,,GDSC,unknown,data/raw/gdsc_drug_response.csv,5807,2026-10-03,b472905ea811c145b1827f382975756a66c2ac5dffbe9ad323148bfdea38cdb5
SIDM00971,ZR-75-30,BRCA,,GDSC,unknown,data/raw/gdsc_drug_response.csv,5808,2026-10-03,b472905ea811c145b1827f382975756a66c2ac5dffbe9ad323148bfdea38cdb5
SIDM00235,RCC10RGB,KIRC,,GDSC,unknown,data/raw/gdsc_drug_response.csv,5809,2026-10-03,b472905ea811c145b1827f382975756a66c2ac5dffbe9ad323148bfdea38cdb5
SIDM00554,KURAMOCHI,UNCLASSIFIED,,GDSC,unknown,data/raw/gdsc_drug_response.csv,5810,2026-10-03,b472905ea811c145b1827f382975756a66c2ac5dffbe9ad323148bfdea38cdb5
SIDM01018,KM-H2,UNCLASSIFIED,,GDSC,unknown,data/raw/gdsc_drug_response.csv,5811,2026-10-03,b472905ea811c145b1827f382975756a66c2ac5dffbe9ad323148bfdea38cdb5
SIDM00584,HuO-3N1,UNCLASSIFIED,,GDSC,unknown,data/raw/gdsc_drug_response.csv,5812,2026-10-03,b472905ea811c145b1827f382975756a66c2ac5dffbe9ad323148bfdea38cdb5
SIDM00479,OE19,ESCA,,GDSC,unknown,data/raw/gdsc_drug_response.csv,5813,2026-10-03,b472905ea811c145b1827f382975756a66c2ac5dffbe9ad323148bfdea38cdb5
SIDM01177,SUP-B8,UNCLASSIFIED,,GDSC,unknown,data/raw/gdsc_drug_response.csv,5814,2026-10-03,b472905ea811c145b1827f382975756a66c2ac5dffbe9ad323148bfdea38cdb5
SIDM01150,NCI-H838,LUAD,,GDSC,unknown,data/raw/gdsc_drug_response.csv,5815,2026-10-03,b472905ea811c145b1827f382975756a66c2ac5dffbe9ad323148bfdea38cdb5
SIDM01247,Ramos-2G6-4C10,UNCLASSIFIED,,GDSC,unknown,data/raw/gdsc_drug_response.csv,5816,2026-10-03,b472905ea811c145b1827f382975756a66c2ac5dffbe9ad323148bfdea38cdb5
SIDM00467,QIMR-WIL,LAML,,GDSC,unknown,data/raw/gdsc_drug_response.csv,5817,2026-10-03,b472905ea811c145b1827f382975756a66c2ac5dffbe9ad323148bfdea38cdb5
SIDM00469,PSN1,PAAD,,GDSC,unknown,data/raw/gdsc_drug_response.csv,5818,2026-10-03,b472905ea811c145b1827f382975756a66c2ac5dffbe9ad323148bfdea38cdb5
SIDM00480,OAW-42,OV,,GDSC,unknown,data/raw/gdsc_drug_response.csv,5819,2026-10-03,b472905ea811c145b1827f382975756a66c2ac5dffbe9ad323148bfdea38cdb5
SIDM00477,OE33,ESCA,,GDSC,unknown,data/raw/gdsc_drug_response.csv,5820,2026-10-03,b472905ea811c145b1827f382975756a66c2ac5dffbe9ad323148bfdea38cdb5
SIDM00282,CW-2,COREAD,,GDSC,unknown,data/raw/gdsc_drug_response.csv,5821,2026-10-03,b472905ea811c145b1827f382975756a66c2ac5dffbe9ad323148bfdea38cdb5
SIDM00286,CHP-126,NB,,GDSC,unknown,data/raw/gdsc_drug_response.csv,5822,2026-10-03,b472905ea811c145b1827f382975756a66c2ac5dffbe9ad323148bfdea38cdb5
SIDM01248,CGTH-W-1,THCA,,GDSC,unknown,data/raw/gdsc_drug_response.csv,5823,2026-10-03,b472905ea811c145b1827f382975756a66c2ac5dffbe9ad323148bfdea38cdb5
SIDM00842,COLO-320-HSR,COREAD,,GDSC,unknown,data/raw/gdsc_drug_response.csv,5824,2026-10-03,b472905ea811c145b1827f382975756a66c2ac5dffbe9ad323148bfdea38cdb5
SIDM00233,ATN-1,ALL,,GDSC,unknown,data/raw/gdsc_drug_response.csv,5825,2026-10-03,b472905ea811c145b1827f382975756a66c2ac5dffbe9ad323148bfdea38cdb5
SIDM00917,CESS,LAML,,GDSC,unknown,data/raw/gdsc_drug_response.csv,5826,2026-10-03,b472905ea811c145b1827f382975756a66c2ac5dffbe9ad323148bfdea38cdb5
SIDM00957,COLO-678,COREAD,,GDSC,unknown,data/raw/gdsc_drug_response.csv,5827,2026-10-03,b472905ea811c145b1827f382975756a66c2ac5dffbe9ad323148bfdea38cdb5
SIDM00142,COLO-684,UCEC,,GDSC,unknown,data/raw/gdsc_drug_response.csv,5828,2026-10-03,b472905ea811c145b1827f382975756a66c2ac5dffbe9ad323148bfdea38cdb5
SIDM00143,COLO-668,SCLC,,GDSC,unknown,data/raw/gdsc_drug_response.csv,5829,2026-10-03,b472905ea811c145b1827f382975756a66c2ac5dffbe9ad323148bfdea38cdb5
SIDM00343,LN-405,GBM,,GDSC,unknown,data/raw/gdsc_drug_response.csv,5830,2026-10-03,b472905ea811c145b1827f382975756a66c2ac5dffbe9ad323148bfdea38cdb5
SIDM00267,TGBC24TKB,UNCLASSIFIED,,GDSC,unknown,data/raw/gdsc_drug_response.csv,5831,2026-10-03,b472905ea811c145b1827f382975756a66c2ac5dffbe9ad323148bfdea38cdb5
SIDM00794,A388,UNCLASSIFIED,,GDSC,unknown,data/raw/gdsc_drug_response.csv,5832,2026-10-03,b472905ea811c145b1827f382975756a66c2ac5dffbe9ad323148bfdea38cdb5
SIDM00988,BFTC-909,KIRC,,GDSC,unknown,data/raw/gdsc_drug_response.csv,5833,2026-10-03,b472905ea811c145b1827f382975756a66c2ac5dffbe9ad323148bfdea38cdb5
SIDM01233,C2BBe1,COREAD,,GDSC,unknown,data/raw/gdsc_drug_response.csv,5834,2026-10-03,b472905ea811c145b1827f382975756a66c2ac5dffbe9ad323148bfdea38cdb5
SIDM01082,SCC-25,HNSC,,GDSC,unknown,data/raw/gdsc_drug_response.csv,5835,2026-10-03,b472905ea811c145b1827f382975756a66c2ac5dffbe9ad323148bfdea38cdb5
SIDM00899,AsPC-1,PAAD,,GDSC,unknown,data/raw/gdsc_drug_response.csv,5836,2026-10-03,b472905ea811c145b1827f382975756a66c2ac5dffbe9ad323148bfdea38cdb5
SIDM00907,CA46,UNCLASSIFIED,,GDSC,unknown,data/raw/gdsc_drug_response.csv,5837,2026-10-03,b472905ea811c145b1827f382975756a66c2ac5dffbe9ad323148bfdea38cdb5
SIDM00898,AU565,BRCA,,GDSC,unknown,data/raw/gdsc_drug_response.csv,5838,2026-10-03,b472905ea811c145b1827f382975756a66c2ac5dffbe9ad323148bfdea38cdb5
SIDM00287,BALL-1,UNCLASSIFIED,,GDSC,unknown,data/raw/gdsc_drug_response.csv,5839,2026-10-03,b472905ea811c145b1827f382975756a66c2ac5dffbe9ad323148bfdea38cdb5
SIDM00985,BL-41,UNCLASSIFIED,,GDSC,unknown,data/raw/gdsc_drug_response.csv,5840,2026-10-03,b472905ea811c145b1827f382975756a66c2ac5dffbe9ad323148bfdea38cdb5
SIDM00962,BV-173,LCML,,GDSC,unknown,data/raw/gdsc_drug_response.csv,5841,2026-10-03,b472905ea811c145b1827f382975756a66c2ac5dffbe9ad323148bfdea38cdb5
SIDM00306,IA-LM,UNCLASSIFIED,,GDSC,unknown,data/raw/gdsc_drug_response.csv,5842,2026-10-03,b472905ea811c145b1827f382975756a66c2ac5dffbe9ad323148bfdea38cdb5
SIDM00324,TGW,NB,,GDSC,unknown,data/raw/gdsc_drug_response.csv,5843,2026-10-03,b472905ea811c145b1827f382975756a66c2ac5dffbe9ad323148bfdea38cdb5
SIDM00901,AN3-CA,UCEC,,GDSC,unknown,data/raw/gdsc_drug_response.csv,5844,2026-10-03,b472905ea811c145b1827f382975756a66c2ac5dffbe9ad323148bfdea38cdb5
SIDM00798,A204,UNCLASSIFIED,,GDSC,unknown,data/raw/gdsc_drug_response.csv,5845,2026-10-03,b472905ea811c145b1827f382975756a66c2ac5dffbe9ad323148bfdea38cdb5
SIDM00569,NY,UNCLASSIFIED,,GDSC,unknown,data/raw/gdsc_drug_response.csv,5846,2026-10-03,b472905ea811c145b1827f382975756a66c2ac5dffbe9ad323148bfdea38cdb5
SIDM01237,C3A,LIHC,,GDSC,unknown,data/raw/gdsc_drug_response.csv,5847,2026-10-03,b472905ea811c145b1827f382975756a66c2ac5dffbe9ad323148bfdea38cdb5
SIDM00810,A427,UNCLASSIFIED,,GDSC,unknown,data/raw/gdsc_drug_response.csv,5848,2026-10-03,b472905ea811c145b1827f382975756a66c2ac5dffbe9ad323148bfdea38cdb5
SIDM00928,CAL-85-1,BRCA,,GDSC,unknown,data/raw/gdsc_drug_response.csv,5849,2026-10-03,b472905ea811c145b1827f382975756a66c2ac5dffbe9ad323148bfdea38cdb5
SIDM01228,CHL-1,SKCM,,GDSC,unknown,data/raw/gdsc_drug_response.csv,5850,2026-10-03,b472905ea811c145b1827f382975756a66c2ac5dffbe9ad323148bfdea38cdb5
SIDM01089,RL,DLBC,,GDSC,unknown,data/raw/gdsc_drug_response.csv,5851,2026-10-03,b472905ea811c145b1827f382975756a66c2ac5dffbe9ad323148bfdea38cdb5
SIDM00698,NCI-H146,SCLC,,GDSC,unknown,data/raw/gdsc_drug_response.csv,5852,2026-10-03,b472905ea811c145b1827f382975756a66c2ac5dffbe9ad323148bfdea38cdb5
SIDM00744,NCI-H1651,LUAD,,GDSC,unknown,data/raw/gdsc_drug_response.csv,5853,2026-10-03,b472905ea811c145b1827f382975756a66c2ac5dffbe9ad323148bfdea38cdb5
SIDM01087,RPMI-7951,SKCM,,GDSC,unknown,data/raw/gdsc_drug_response.csv,5854,2026-10-03,b472905ea811c145b1827f382975756a66c2ac5dffbe9ad323148bfdea38cdb5
SIDM01081,SCC-4,HNSC,,GDSC,unknown,data/raw/gdsc_drug_response.csv,5855,2026-10-03,b472905ea811c145b1827f382975756a66c2ac5dffbe9ad323148bfdea38cdb5
SIDM01197,SNU-C1,COREAD,,GDSC,unknown,data/raw/gdsc_drug_response.csv,5856,2026-10-03,b472905ea811c145b1827f382975756a66c2ac5dffbe9ad323148bfdea38cdb5
SIDM01198,ST486,UNCLASSIFIED,,GDSC,unknown,data/raw/gdsc_drug_response.csv,5857,2026-10-03,b472905ea811c145b1827f382975756a66c2ac5dffbe9ad323148bfdea38cdb5
SIDM01165,SW1990,PAAD,,GDSC,unknown,data/raw/gdsc_drug_response.csv,5858,2026-10-03,b472905ea811c145b1827f382975756a66c2ac5dffbe9ad323148bfdea38cdb5
SIDM01187,UACC-812,BRCA,,GDSC,unknown,data/raw/gdsc_drug_response.csv,5859,2026-10-03,b472905ea811c145b1827f382975756a66c2ac5dffbe9ad323148bfdea38cdb5
SIDM01083,SCC-15,HNSC,,GDSC,unknown,data/raw/gdsc_drug_response.csv,5860,2026-10-03,b472905ea811c145b1827f382975756a66c2ac5dffbe9ad323148bfdea38cdb5
SIDM00943,CAPAN-2,PAAD,,GDSC,unknown,data/raw/gdsc_drug_response.csv,5861,2026-10-03,b472905ea811c145b1827f382975756a66c2ac5dffbe9ad323148bfdea38cdb5
SIDM00937,CAL-27,HNSC,,GDSC,unknown,data/raw/gdsc_drug_response.csv,5862,2026-10-03,b472905ea811c145b1827f382975756a66c2ac5dffbe9ad323148bfdea38cdb5
SIDM00895,BC-3,DLBC,,GDSC,unknown,data/raw/gdsc_drug_response.csv,5863,2026-10-03,b472905ea811c145b1827f382975756a66c2ac5dffbe9ad323148bfdea38cdb5
SIDM00896,BC-1,DLBC,,GDSC,unknown,data/raw/gdsc_drug_response.csv,5864,2026-10-03,b472905ea811c145b1827f382975756a66c2ac5dffbe9ad323148bfdea38cdb5
SIDM00849,A704,KIRC,,GDSC,unknown,data/raw/gdsc_drug_response.csv,5865,2026-10-03,b472905ea811c145b1827f382975756a66c2ac5dffbe9ad323148bfdea38cdb5
SIDM00801,A101D,SKCM,,GDSC,unknown,data/raw/gdsc_drug_response.csv,5866,2026-10-03,b472905ea811c145b1827f382975756a66c2ac5dffbe9ad323148bfdea38cdb5
SIDM00803,769-P,KIRC,,GDSC,unknown,data/raw/gdsc_drug_response.csv,5867,2026-10-03,b472905ea811c145b1827f382975756a66c2ac5dffbe9ad323148bfdea38cdb5
SIDM00980,23132-87,STAD,,GDSC,unknown,data/raw/gdsc_drug_response.csv,5868,2026-10-03,b472905ea811c145b1827f382975756a66c2ac5dffbe9ad323148bfdea38cdb5
SIDM00995,A431,UNCLASSIFIED,,GDSC,unknown,data/raw/gdsc_drug_response.csv,5869,2026-10-03,b472905ea811c145b1827f382975756a66c2ac5dffbe9ad323148bfdea38cdb5
SIDM00989,BFTC-905,BLCA,,GDSC,unknown,data/raw/gdsc_drug_response.csv,5870,2026-10-03,b472905ea811c145b1827f382975756a66c2ac5dffbe9ad323148bfdea38cdb5
SIDM00933,CAL-51,BRCA,,GDSC,unknown,data/raw/gdsc_drug_response.csv,5871,2026-10-03,b472905ea811c145b1827f382975756a66c2ac5dffbe9ad323148bfdea38cdb5
SIDM00384,SCC-3,DLBC,,GDSC,unknown,data/raw/gdsc_drug_response.csv,5872,2026-10-03,b472905ea811c145b1827f382975756a66c2ac5dffbe9ad323148bfdea38cdb5
SIDM00355,RERF-LC-MS,LUAD,,GDSC,unknown,data/raw/gdsc_drug_response.csv,5873,2026-10-03,b472905ea811c145b1827f382975756a66c2ac5dffbe9ad323148bfdea38cdb5
SIDM00543,GAK,SKCM,,GDSC,unknown,data/raw/gdsc_drug_response.csv,5874,2026-10-03,b472905ea811c145b1827f382975756a66c2ac5dffbe9ad323148bfdea38cdb5
SIDM00492,AM-38,GBM,,GDSC,unknown,data/raw/gdsc_drug_response.csv,5875,2026-10-03,b472905ea811c145b1827f382975756a66c2ac5dffbe9ad323148bfdea38cdb5
SIDM00502,A4-Fuk,DLBC,,GDSC,unknown,data/raw/gdsc_drug_response.csv,5876,2026-10-03,b472905ea811c145b1827f382975756a66c2ac5dffbe9ad323148bfdea38cdb5
SIDM00495,A3-KAW,DLBC,,GDSC,unknown,data/raw/gdsc_drug_response.csv,5877,2026-10-03,b472905ea811c145b1827f382975756a66c2ac5dffbe9ad323148bfdea38cdb5
SIDM00540,DOK,HNSC,,GDSC,unknown,data/raw/gdsc_drug_response.csv,5878,2026-10-03,b472905ea811c145b1827f382975756a66c2ac5dffbe9ad323148bfdea38cdb5
SIDM00511,COR-L279,SCLC,,GDSC,unknown,data/raw/gdsc_drug_response.csv,5879,2026-10-03,b472905ea811c145b1827f382975756a66c2ac5dffbe9ad323148bfdea38cdb5
SIDM00285,CHP-134,NB,,GDSC,unknown,data/raw/gdsc_drug_response.csv,5880,2026-10-03,b472905ea811c145b1827f382975756a66c2ac5dffbe9ad323148bfdea38cdb5
SIDM00243,NEC8,UNCLASSIFIED,,GDSC,unknown,data/raw/gdsc_drug_response.csv,5881,2026-10-03,b472905ea811c145b1827f382975756a66c2ac5dffbe9ad323148bfdea38cdb5
SIDM00212,CAS-1,GBM,,GDSC,unknown,data/raw/gdsc_drug_response.csv,5882,2026-10-03,b472905ea811c145b1827f382975756a66c2ac5dffbe9ad323148bfdea38cdb5
SIDM00211,ALL-PO,ALL,,GDSC,unknown,data/raw/gdsc_drug_response.csv,5883,2026-10-03,b472905ea811c145b1827f382975756a66c2ac5dffbe9ad323148bfdea38cdb5
SIDM00446,OCI-AML2,LAML,,GDSC,unknown,data/raw/gdsc_drug_response.csv,5884,2026-10-03,b472905ea811c145b1827f382975756a66c2ac5dffbe9ad323148bfdea38cdb5
SIDM00332,MFM-223,BRCA,,GDSC,unknown,data/raw/gdsc_drug_response.csv,5885,2026-10-03,b472905ea811c145b1827f382975756a66c2ac5dffbe9ad323148bfdea38cdb5
SIDM00958,CML-T1,LCML,,GDSC,unknown,data/raw/gdsc_drug_response.csv,5886,2026-10-03,b472905ea811c145b1827f382975756a66c2ac5dffbe9ad323148bfdea38cdb5
SIDM00932,CAL-54,KIRC,,GDSC,unknown,data/raw/gdsc_drug_response.csv,5887,2026-10-03,b472905ea811c145b1827f382975756a66c2ac5dffbe9ad323148bfdea38cdb5
SIDM01052,EFO-21,OV,,GDSC,unknown,data/raw/gdsc_drug_response.csv,5888,2026-10-03,b472905ea811c145b1827f382975756a66c2ac5dffbe9ad323148bfdea38cdb5
SIDM00681,LS-1034,COREAD,,GDSC,unknown,data/raw/gdsc_drug_response.csv,5889,2026-10-03,b472905ea811c145b1827f382975756a66c2ac5dffbe9ad323148bfdea38cdb5
SIDM00499,22RV1,PRAD,,GDSC,unknown,data/raw/gdsc_drug_response.csv,5890,2026-10-03,b472905ea811c145b1827f382975756a66c2ac5dffbe9ad323148bfdea38cdb5
SIDM00996,8505C,THCA,,GDSC,unknown,data/raw/gdsc_drug_response.csv,5891,2026-10-03,b472905ea811c145b1827f382975756a66c2ac5dffbe9ad323148bfdea38cdb5
SIDM00992,B-CPAP,THCA,,GDSC,unknown,data/raw/gdsc_drug_response.csv,5892,2026-10-03,b472905ea811c145b1827f382975756a66c2ac5dffbe9ad323148bfdea38cdb5
SIDM00964,BPH-1,UNCLASSIFIED,,GDSC,unknown,data/raw/gdsc_drug_response.csv,5893,2026-10-03,b472905ea811c145b1827f382975756a66c2ac5dffbe9ad323148bfdea38cdb5
SIDM00938,CAL-148,BRCA,,GDSC,unknown,data/raw/gdsc_drug_response.csv,5894,2026-10-03,b472905ea811c145b1827f382975756a66c2ac5dffbe9ad323148bfdea38cdb5
SIDM00935,CAL-39,CESC,,GDSC,unknown,data/raw/gdsc_drug_response.csv,5895,2026-10-03,b472905ea811c145b1827f382975756a66c2ac5dffbe9ad323148bfdea38cdb5
SIDM00488,CaR-1,COREAD,,GDSC,unknown,data/raw/gdsc_drug_response.csv,5896,2026-10-03,b472905ea811c145b1827f382975756a66c2ac5dffbe9ad323148bfdea38cdb5
SIDM01064,HDLM-2,UNCLASSIFIED,,GDSC,unknown,data/raw/gdsc_drug_response.csv,5897,2026-10-03,b472905ea811c145b1827f382975756a66c2ac5dffbe9ad323148bfdea38cdb5
SIDM00592,HO-1-N-1,HNSC,,GDSC,unknown,data/raw/gdsc_drug_response.csv,5898,2026-10-03,b472905ea811c145b1827f382975756a66c2ac5dffbe9ad323148bfdea38cdb5
SIDM00496,HTC-C3,THCA,,GDSC,unknown,data/raw/gdsc_drug_response.csv,5899,2026-10-03,b472905ea811c145b1827f382975756a66c2ac5dffbe9ad323148bfdea38cdb5
SIDM00302,KGN,UNCLASSIFIED,,GDSC,unknown,data/raw/gdsc_drug_response.csv,5900,2026-10-03,b472905ea811c145b1827f382975756a66c2ac5dffbe9ad323148bfdea38cdb5
SIDM00686,KLE,UCEC,,GDSC,unknown,data/raw/gdsc_drug_response.csv,5901,2026-10-03,b472905ea811c145b1827f382975756a66c2ac5dffbe9ad323148bfdea38cdb5
SIDM01210,KNS-81-FD,LGG,,GDSC,unknown,data/raw/gdsc_drug_response.csv,5902,2026-10-03,b472905ea811c145b1827f382975756a66c2ac5dffbe9ad323148bfdea38cdb5
SIDM00557,KP-N-RT-BM-1,NB,,GDSC,unknown,data/raw/gdsc_drug_response.csv,5903,2026-10-03,b472905ea811c145b1827f382975756a66c2ac5dffbe9ad323148bfdea38cdb5
SIDM00056,K5,THCA,,GDSC,unknown,data/raw/gdsc_drug_response.csv,5904,2026-10-03,b472905ea811c145b1827f382975756a66c2ac5dffbe9ad323148bfdea38cdb5
SIDM00312,L-363,MM,,GDSC,unknown,data/raw/gdsc_drug_response.csv,5905,2026-10-03,b472905ea811c145b1827f382975756a66c2ac5dffbe9ad323148bfdea38cdb5
SIDM00630,MDA-MB-415,BRCA,,GDSC,unknown,data/raw/gdsc_drug_response.csv,5906,2026-10-03,b472905ea811c145b1827f382975756a66c2ac5dffbe9ad323148bfdea38cdb5
SIDM00721,NCI-H250,SCLC,,GDSC,unknown,data/raw/gdsc_drug_response.csv,5907,2026-10-03,b472905ea811c145b1827f382975756a66c2ac5dffbe9ad323148bfdea38cdb5
SIDM00759,NCI-H1975,LUAD,,GDSC,unknown,data/raw/gdsc_drug_response.csv,5908,2026-10-03,b472905ea811c145b1827f382975756a66c2ac5dffbe9ad323148bfdea38cdb5
SIDM01157,SW954,UNCLASSIFIED,,GDSC,unknown,data/raw/gdsc_drug_response.csv,5909,2026-10-03,b472905ea811c145b1827f382975756a66c2ac5dffbe9ad323148bfdea38cdb5
SIDM01173,TE-441-T,UNCLASSIFIED,,GDSC,unknown,data/raw/gdsc_drug_response.csv,5910,2026-10-03,b472905ea811c145b1827f382975756a66c2ac5dffbe9ad323148bfdea38cdb5
SIDM00560,MKN7,STAD,,GDSC,unknown,data/raw/gdsc_drug_response.csv,5911,2026-10-03,b472905ea811c145b1827f382975756a66c2ac5dffbe9ad323148bfdea38cdb5
SIDM00529,MDA-MB-157,BRCA,,GDSC,unknown,data/raw/gdsc_drug_response.csv,5912,2026-10-03,b472905ea811c145b1827f382975756a66c2ac5dffbe9ad323148bfdea38cdb5
SIDM01242,MMAc-SF,SKCM,,GDSC,unknown,data/raw/gdsc_drug_response.csv,5913,2026-10-03,b472905ea811c145b1827f382975756a66c2ac5dffbe9ad323148bfdea38cdb5
SIDM00247,MKN45,STAD,,GDSC,unknown,data/raw/gdsc_drug_response.csv,5914,2026-10-03,b472905ea811c145b1827f382975756a66c2ac5dffbe9ad323148bfdea38cdb5
SIDM01116,NCI-H810,UNCLASSIFIED,,GDSC,unknown,data/raw/gdsc_drug_response.csv,5915,2026-10-03,b472905ea811c145b1827f382975756a66c2ac5dffbe9ad323148bfdea38cdb5
SIDM00299,MFH-ino,UNCLASSIFIED,,GDSC,unknown,data/raw/gdsc_drug_response.csv,5916,2026-10-03,b472905ea811c145b1827f382975756a66c2ac5dffbe9ad323148bfdea38cdb5
SIDM00242,NOS-1,UNCLASSIFIED,,GDSC,unknown,data/raw/gdsc_drug_response.csv,5917,2026-10-03,b472905ea811c145b1827f382975756a66c2ac5dffbe9ad323148bfdea38cdb5
SIDM01138,PANC-03-27,PAAD,,GDSC,unknown,data/raw/gdsc_drug_response.csv,5918,2026-10-03,b472905ea811c145b1827f382975756a66c2ac5dffbe9ad323148bfdea38cdb5
SIDM01136,PANC-08-13,PAAD,,GDSC,unknown,data/raw/gdsc_drug_response.csv,5919,2026-10-03,b472905ea811c145b1827f382975756a66c2ac5dffbe9ad323148bfdea38cdb5
SIDM01135,PANC-10-05,PAAD,,GDSC,unknown,data/raw/gdsc_drug_response.csv,5920,2026-10-03,b472905ea811c145b1827f382975756a66c2ac5dffbe9ad323148bfdea38cdb5
SIDM01088,RL95-2,UNCLASSIFIED,,GDSC,unknown,data/raw/gdsc_drug_response.csv,5921,2026-10-03,b472905ea811c145b1827f382975756a66c2ac5dffbe9ad323148bfdea38cdb5
SIDM00218,RO82-W-1,THCA,,GDSC,unknown,data/raw/gdsc_drug_response.csv,5922,2026-10-03,b472905ea811c145b1827f382975756a66c2ac5dffbe9ad323148bfdea38cdb5
SIDM01093,SiHa,CESC,,GDSC,unknown,data/raw/gdsc_drug_response.csv,5923,2026-10-03,b472905ea811c145b1827f382975756a66c2ac5dffbe9ad323148bfdea38cdb5
SIDM00381,SKG-IIIa,CESC,,GDSC,unknown,data/raw/gdsc_drug_response.csv,5924,2026-10-03,b472905ea811c145b1827f382975756a66c2ac5dffbe9ad323148bfdea38cdb5
SIDM00484,TT,THCA,,GDSC,unknown,data/raw/gdsc_drug_response.csv,5925,2026-10-03,b472905ea811c145b1827f382975756a66c2ac5dffbe9ad323148bfdea38cdb5
SIDM00319,VMRC-MELG,SKCM,,GDSC,unknown,data/raw/gdsc_drug_response.csv,5926,2026-10-03,b472905ea811c145b1827f382975756a66c2ac5dffbe9ad323148bfdea38cdb5
SIDM00325,TE-9,ESCA,,GDSC,unknown,data/raw/gdsc_drug_response.csv,5927,2026-10-03,b472905ea811c145b1827f382975756a66c2ac5dffbe9ad323148bfdea38cdb5
SIDM00348,TE-11,ESCA,,GDSC,unknown,data/raw/gdsc_drug_response.csv,5928,2026-10-03,b472905ea811c145b1827f382975756a66c2ac5dffbe9ad323148bfdea38cdb5
SIDM00328,TE-6,ESCA,,GDSC,unknown,data/raw/gdsc_drug_response.csv,5929,2026-10-03,b472905ea811c145b1827f382975756a66c2ac5dffbe9ad323148bfdea38cdb5
SIDM00023,TE-12,ESCA,,GDSC,unknown,data/raw/gdsc_drug_response.csv,5930,2026-10-03,b472905ea811c145b1827f382975756a66c2ac5dffbe9ad323148bfdea38cdb5
SIDM00234,TC-YIK,UNCLASSIFIED,,GDSC,unknown,data/raw/gdsc_drug_response.csv,5931,2026-10-03,b472905ea811c145b1827f382975756a66c2ac5dffbe9ad323148bfdea38cdb5
SIDM00410,YT,ALL,,GDSC,unknown,data/raw/gdsc_drug_response.csv,5932,2026-10-03,b472905ea811c145b1827f382975756a66c2ac5dffbe9ad323148bfdea38cdb5
SIDM00963,BT-474,BRCA,,GDSC,unknown,data/raw/gdsc_drug_response.csv,5933,2026-10-03,b472905ea811c145b1827f382975756a66c2ac5dffbe9ad323148bfdea38cdb5
SIDM00481,OAW-28,OV,,GDSC,unknown,data/raw/gdsc_drug_response.csv,5934,2026-10-03,b472905ea811c145b1827f382975756a66c2ac5dffbe9ad323148bfdea38cdb5
SIDM00344,LCLC-97TM1,UNCLASSIFIED,,GDSC,unknown,data/raw/gdsc_drug_response.csv,5935,2026-10-03,b472905ea811c145b1827f382975756a66c2ac5dffbe9ad323148bfdea38cdb5
SIDM00157,KP-N-YS,NB,,GDSC,unknown,data/raw/gdsc_drug_response.csv,5936,2026-10-03,b472905ea811c145b1827f382975756a66c2ac5dffbe9ad323148bfdea38cdb5
SIDM01021,D-245MG,GBM,,GDSC,unknown,data/raw/gdsc_drug_response.csv,5937,2026-10-03,b472905ea811c145b1827f382975756a66c2ac5dffbe9ad323148bfdea38cdb5
SIDM00622,D-247MG,GBM,,GDSC,unknown,data/raw/gdsc_drug_response.csv,5938,2026-10-03,b472905ea811c145b1827f382975756a66c2ac5dffbe9ad323148bfdea38cdb5
SIDM00732,D-263MG,GBM,,GDSC,unknown,data/raw/gdsc_drug_response.csv,5939,2026-10-03,b472905ea811c145b1827f382975756a66c2ac5dffbe9ad323148bfdea38cdb5
SIDM00620,D-336MG,LGG,,GDSC,unknown,data/raw/gdsc_drug_response.csv,5940,2026-10-03,b472905ea811c145b1827f382975756a66c2ac5dffbe9ad323148bfdea38cdb5
SIDM00542,D-392MG,GBM,,GDSC,unknown,data/raw/gdsc_drug_response.csv,5941,2026-10-03,b472905ea811c145b1827f382975756a66c2ac5dffbe9ad323148bfdea38cdb5
SIDM00209,D-423MG,GBM,,GDSC,unknown,data/raw/gdsc_drug_response.csv,5942,2026-10-03,b472905ea811c145b1827f382975756a66c2ac5dffbe9ad323148bfdea38cdb5
SIDM00208,D-502MG,LGG,,GDSC,unknown,data/raw/gdsc_drug_response.csv,5943,2026-10-03,b472905ea811c145b1827f382975756a66c2ac5dffbe9ad323148bfdea38cdb5
SIDM00206,D-566MG,GBM,,GDSC,unknown,data/raw/gdsc_drug_response.csv,5944,2026-10-03,b472905ea811c145b1827f382975756a66c2ac5dffbe9ad323148bfdea38cdb5
SIDM00920,CAMA-1,BRCA,,GDSC,unknown,data/raw/gdsc_drug_response.csv,5945,2026-10-03,b472905ea811c145b1827f382975756a66c2ac5dffbe9ad323148bfdea38cdb5
SIDM00283,CTB-1,DLBC,,GDSC,unknown,data/raw/gdsc_drug_response.csv,5946,2026-10-03,b472905ea811c145b1827f382975756a66c2ac5dffbe9ad323148bfdea38cdb5
SIDM00918,Caov-4,OV,,GDSC,unknown,data/raw/gdsc_drug_response.csv,5947,2026-10-03,b472905ea811c145b1827f382975756a66c2ac5dffbe9ad323148bfdea38cdb5
SIDM00892,BT-483,BRCA,,GDSC,unknown,data/raw/gdsc_drug_response.csv,5948,2026-10-03,b472905ea811c145b1827f382975756a66c2ac5dffbe9ad323148bfdea38cdb5
SIDM00659,M059J,GBM,,GDSC,unknown,data/raw/gdsc_drug_response.csv,5949,2026-10-03,b472905ea811c145b1827f382975756a66c2ac5dffbe9ad323148bfdea38cdb5
SIDM00289,HAL-01,ALL,,GDSC,unknown,data/raw/gdsc_drug_response.csv,5950,2026-10-03,b472905ea811c145b1827f382975756a66c2ac5dffbe9ad323148bfdea38cdb5
SIDM00240,OMC-1,CESC,,GDSC,unknown,data/raw/gdsc_drug_response.csv,5951,2026-10-03,b472905ea811c145b1827f382975756a66c2ac5dffbe9ad323148bfdea38cdb5
SIDM00261,ES8,UNCLASSIFIED,,GDSC,unknown,data/raw/gdsc_drug_response.csv,5952,2026-10-03,b472905ea811c145b1827f382975756a66c2ac5dffbe9ad323148bfdea38cdb5
SIDM00264,ES4,UNCLASSIFIED,,GDSC,unknown,data/raw/gdsc_drug_response.csv,5953,2026-10-03,b472905ea811c145b1827f382975756a66c2ac5dffbe9ad323148bfdea38cdb5
SIDM00262,ES6,UNCLASSIFIED,,GDSC,unknown,data/raw/gdsc_drug_response.csv,5954,2026-10-03,b472905ea811c145b1827f382975756a66c2ac5dffbe9ad323148bfdea38cdb5
SIDM00266,ES1,UNCLASSIFIED,,GDSC,unknown,data/raw/gdsc_drug_response.csv,5955,2026-10-03,b472905ea811c145b1827f382975756a66c2ac5dffbe9ad323148bfdea38cdb5
SIDM00201,EW-7,UNCLASSIFIED,,GDSC,unknown,data/raw/gdsc_drug_response.csv,5956,2026-10-03,b472905ea811c145b1827f382975756a66c2ac5dffbe9ad323148bfdea38cdb5
SIDM00202,EW-3,UNCLASSIFIED,,GDSC,unknown,data/raw/gdsc_drug_response.csv,5957,2026-10-03,b472905ea811c145b1827f382975756a66c2ac5dffbe9ad323148bfdea38cdb5
SIDM00200,EW-12,UNCLASSIFIED,,GDSC,unknown,data/raw/gdsc_drug_response.csv,5958,2026-10-03,b472905ea811c145b1827f382975756a66c2ac5dffbe9ad323148bfdea38cdb5
SIDM00205,EW-1,UNCLASSIFIED,,GDSC,unknown,data/raw/gdsc_drug_response.csv,5959,2026-10-03,b472905ea811c145b1827f382975756a66c2ac5dffbe9ad323148bfdea38cdb5
SIDM00197,EW-18,UNCLASSIFIED,,GDSC,unknown,data/raw/gdsc_drug_response.csv,5960,2026-10-03,b472905ea811c145b1827f382975756a66c2ac5dffbe9ad323148bfdea38cdb5
SIDM00198,EW-16,UNCLASSIFIED,,GDSC,unknown,data/raw/gdsc_drug_response.csv,5961,2026-10-03,b472905ea811c145b1827f382975756a66c2ac5dffbe9ad323148bfdea38cdb5
SIDM00621,EW-13,UNCLASSIFIED,,GDSC,unknown,data/raw/gdsc_drug_response.csv,5962,2026-10-03,b472905ea811c145b1827f382975756a66c2ac5dffbe9ad323148bfdea38cdb5
SIDM00196,EW-22,UNCLASSIFIED,,GDSC,unknown,data/raw/gdsc_drug_response.csv,5963,2026-10-03,b472905ea811c145b1827f382975756a66c2ac5dffbe9ad323148bfdea38cdb5
SIDM00195,EW-24,UNCLASSIFIED,,GDSC,unknown,data/raw/gdsc_drug_response.csv,5964,2026-10-03,b472905ea811c145b1827f382975756a66c2ac5dffbe9ad323148bfdea38cdb5
SIDM00330,LAN-6,NB,,GDSC,unknown,data/raw/gdsc_drug_response.csv,5965,2026-10-03,b472905ea811c145b1827f382975756a66c2ac5dffbe9ad323148bfdea38cdb5
SIDM00259,NB10,NB,,GDSC,unknown,data/raw/gdsc_drug_response.csv,5966,2026-10-03,b472905ea811c145b1827f382975756a66c2ac5dffbe9ad323148bfdea38cdb5
SIDM00258,NB12,NB,,GDSC,unknown,data/raw/gdsc_drug_response.csv,5967,2026-10-03,b472905ea811c145b1827f382975756a66c2ac5dffbe9ad323148bfdea38cdb5
SIDM00253,NB6,NB,,GDSC,unknown,data/raw/gdsc_drug_response.csv,5968,2026-10-03,b472905ea811c145b1827f382975756a66c2ac5dffbe9ad323148bfdea38cdb5
SIDM00156,NB7,NB,,GDSC,unknown,data/raw/gdsc_drug_response.csv,5969,2026-10-03,b472905ea811c145b1827f382975756a66c2ac5dffbe9ad323148bfdea38cdb5
SIDM00255,NB17,NB,,GDSC,unknown,data/raw/gdsc_drug_response.csv,5970,2026-10-03,b472905ea811c145b1827f382975756a66c2ac5dffbe9ad323148bfdea38cdb5
SIDM00254,NB5,NB,,GDSC,unknown,data/raw/gdsc_drug_response.csv,5971,2026-10-03,b472905ea811c145b1827f382975756a66c2ac5dffbe9ad323148bfdea38cdb5
SIDM00257,NB13,NB,,GDSC,unknown,data/raw/gdsc_drug_response.csv,5972,2026-10-03,b472905ea811c145b1827f382975756a66c2ac5dffbe9ad323148bfdea38cdb5
SIDM00256,NB14,NB,,GDSC,unknown,data/raw/gdsc_drug_response.csv,5973,2026-10-03,b472905ea811c145b1827f382975756a66c2ac5dffbe9ad323148bfdea38cdb5
SIDM00578,NB1,NB,,GDSC,unknown,data/raw/gdsc_drug_response.csv,5974,2026-10-03,b472905ea811c145b1827f382975756a66c2ac5dffbe9ad323148bfdea38cdb5
SIDM00427,RH-1,UNCLASSIFIED,,GDSC,unknown,data/raw/gdsc_drug_response.csv,5975,2026-10-03,b472905ea811c145b1827f382975756a66c2ac5dffbe9ad323148bfdea38cdb5
SIDM00179,MZ2-MEL,SKCM,,GDSC,unknown,data/raw/gdsc_drug_response.csv,5976,2026-10-03,b472905ea811c145b1827f382975756a66c2ac5dffbe9ad323148bfdea38cdb5
SIDM01016,Jurkat,ALL,,GDSC,unknown,data/raw/gdsc_drug_response.csv,5977,2026-10-03,b472905ea811c145b1827f382975756a66c2ac5dffbe9ad323148bfdea38cdb5
SIDM00680,LS-180,COREAD,,GDSC,unknown,data/raw/gdsc_drug_response.csv,5978,2026-10-03,b472905ea811c145b1827f382975756a66c2ac5dffbe9ad323148bfdea38cdb5
SIDM00485,BICR22,HNSC,,GDSC,unknown,data/raw/gdsc_drug_response.csv,5979,2026-10-03,b472905ea811c145b1827f382975756a66c2ac5dffbe9ad323148bfdea38cdb5
SIDM00501,BICR78,HNSC,,GDSC,unknown,data/raw/gdsc_drug_response.csv,5980,2026-10-03,b472905ea811c145b1827f382975756a66c2ac5dffbe9ad323148bfdea38cdb5
SIDM00487,CCK-81,COREAD,,GDSC,unknown,data/raw/gdsc_drug_response.csv,5981,2026-10-03,b472905ea811c145b1827f382975756a66c2ac5dffbe9ad323148bfdea38cdb5
SIDM00955,COLO-783,SKCM,,GDSC,unknown,data/raw/gdsc_drug_response.csv,5982,2026-10-03,b472905ea811c145b1827f382975756a66c2ac5dffbe9ad323148bfdea38cdb5
SIDM01045,EN,UCEC,,GDSC,unknown,data/raw/gdsc_drug_response.csv,5983,2026-10-03,b472905ea811c145b1827f382975756a66c2ac5dffbe9ad323148bfdea38cdb5
SIDM00861,ES-2,UNCLASSIFIED,,GDSC,unknown,data/raw/gdsc_drug_response.csv,5984,2026-10-03,b472905ea811c145b1827f382975756a66c2ac5dffbe9ad323148bfdea38cdb5
SIDM01040,FU-OV-1,OV,,GDSC,unknown,data/raw/gdsc_drug_response.csv,5985,2026-10-03,b472905ea811c145b1827f382975756a66c2ac5dffbe9ad323148bfdea38cdb5
SIDM00129,G-MEL,SKCM,,GDSC,unknown,data/raw/gdsc_drug_response.csv,5986,2026-10-03,b472905ea811c145b1827f382975756a66c2ac5dffbe9ad323148bfdea38cdb5
SIDM00101,NCI-H2591,MESO,,GDSC,unknown,data/raw/gdsc_drug_response.csv,5987,2026-10-03,b472905ea811c145b1827f382975756a66c2ac5dffbe9ad323148bfdea38cdb5
SIDM00100,NCI-H2595,MESO,,GDSC,unknown,data/raw/gdsc_drug_response.csv,5988,2026-10-03,b472905ea811c145b1827f382975756a66c2ac5dffbe9ad323148bfdea38cdb5
SIDM00098,NCI-H2731,MESO,,GDSC,unknown,data/raw/gdsc_drug_response.csv,5989,2026-10-03,b472905ea811c145b1827f382975756a66c2ac5dffbe9ad323148bfdea38cdb5
SIDM00309,NCI-H2803,MESO,,GDSC,unknown,data/raw/gdsc_drug_response.csv,5990,2026-10-03,b472905ea811c145b1827f382975756a66c2ac5dffbe9ad323148bfdea38cdb5
SIDM00310,NCI-H2804,MESO,,GDSC,unknown,data/raw/gdsc_drug_response.csv,5991,2026-10-03,b472905ea811c145b1827f382975756a66c2ac5dffbe9ad323148bfdea38cdb5
SIDM00311,NCI-H2810,MESO,,GDSC,unknown,data/raw/gdsc_drug_response.csv,5992,2026-10-03,b472905ea811c145b1827f382975756a66c2ac5dffbe9ad323148bfdea38cdb5
SIDM00519,NCI-H2869,MESO,,GDSC,unknown,data/raw/gdsc_drug_response.csv,5993,2026-10-03,b472905ea811c145b1827f382975756a66c2ac5dffbe9ad323148bfdea38cdb5
SIDM00518,NCI-H290,MESO,,GDSC,unknown,data/raw/gdsc_drug_response.csv,5994,2026-10-03,b472905ea811c145b1827f382975756a66c2ac5dffbe9ad323148bfdea38cdb5
SIDM00517,NCI-H3118,UNCLASSIFIED,,GDSC,unknown,data/raw/gdsc_drug_response.csv,5995,2026-10-03,b472905ea811c145b1827f382975756a66c2ac5dffbe9ad323148bfdea38cdb5
SIDM00114,NCI-H513,MESO,,GDSC,unknown,data/raw/gdsc_drug_response.csv,5996,2026-10-03,b472905ea811c145b1827f382975756a66c2ac5dffbe9ad323148bfdea38cdb5
SIDM00598,HARA,LUSC,,GDSC,unknown,data/raw/gdsc_drug_response.csv,5997,2026-10-03,b472905ea811c145b1827f382975756a66c2ac5dffbe9ad323148bfdea38cdb5
SIDM01072,HCC-15,LUSC,,GDSC,unknown,data/raw/gdsc_drug_response.csv,5998,2026-10-03,b472905ea811c145b1827f382975756a66c2ac5dffbe9ad323148bfdea38cdb5
SIDM01070,HCC-366,UNCLASSIFIED,,GDSC,unknown,data/raw/gdsc_drug_response.csv,5999,2026-10-03,b472905ea811c145b1827f382975756a66c2ac5dffbe9ad323148bfdea38cdb5
SIDM01069,HCC-44,LUAD,,GDSC,unknown,data/raw/gdsc_drug_response.csv,6000,2026-10-03,b472905ea811c145b1827f382975756a66c2ac5dffbe9ad323148bfdea38cdb5
SIDM01067,HCC-827,LUAD,,GDSC,unknown,data/raw/gdsc_drug_response.csv,6001,2026-10-03,b472905ea811c145b1827f382975756a66c2ac5dffbe9ad323148bfdea38cdb5
SIDM00672,Hep3B2-1-7,LIHC,,GDSC,unknown,data/raw/gdsc_drug_response.csv,6002,2026-10-03,b472905ea811c145b1827f382975756a66c2ac5dffbe9ad323148bfdea38cdb5
SIDM00667,Hs-633T,UNCLASSIFIED,,GDSC,unknown,data/raw/gdsc_drug_response.csv,6003,2026-10-03,b472905ea811c145b1827f382975756a66c2ac5dffbe9ad323148bfdea38cdb5
SIDM00666,Hs-683,LGG,,GDSC,unknown,data/raw/gdsc_drug_response.csv,6004,2026-10-03,b472905ea811c145b1827f382975756a66c2ac5dffbe9ad323148bfdea38cdb5
SIDM00665,Hs-746T,STAD,,GDSC,unknown,data/raw/gdsc_drug_response.csv,6005,2026-10-03,b472905ea811c145b1827f382975756a66c2ac5dffbe9ad323148bfdea38cdb5
SIDM01066,IGR-37,SKCM,,GDSC,unknown,data/raw/gdsc_drug_response.csv,6006,2026-10-03,b472905ea811c145b1827f382975756a66c2ac5dffbe9ad323148bfdea38cdb5
SIDM00600,IHH-4,THCA,,GDSC,unknown,data/raw/gdsc_drug_response.csv,6007,2026-10-03,b472905ea811c145b1827f382975756a66c2ac5dffbe9ad323148bfdea38cdb5
SIDM00602,IM-95,STAD,,GDSC,unknown,data/raw/gdsc_drug_response.csv,6008,2026-10-03,b472905ea811c145b1827f382975756a66c2ac5dffbe9ad323148bfdea38cdb5
SIDM00617,JHH-2,LIHC,,GDSC,unknown,data/raw/gdsc_drug_response.csv,6009,2026-10-03,b472905ea811c145b1827f382975756a66c2ac5dffbe9ad323148bfdea38cdb5
SIDM00616,JHH-4,LIHC,,GDSC,unknown,data/raw/gdsc_drug_response.csv,6010,2026-10-03,b472905ea811c145b1827f382975756a66c2ac5dffbe9ad323148bfdea38cdb5
SIDM00615,JHH-6,LIHC,,GDSC,unknown,data/raw/gdsc_drug_response.csv,6011,2026-10-03,b472905ea811c145b1827f382975756a66c2ac5dffbe9ad323148bfdea38cdb5
SIDM00614,JHH-7,LIHC,,GDSC,unknown,data/raw/gdsc_drug_response.csv,6012,2026-10-03,b472905ea811c145b1827f382975756a66c2ac5dffbe9ad323148bfdea38cdb5
SIDM00128,JHU-011,HNSC,,GDSC,unknown,data/raw/gdsc_drug_response.csv,6013,2026-10-03,b472905ea811c145b1827f382975756a66c2ac5dffbe9ad323148bfdea38cdb5
SIDM00127,JHU-022,HNSC,,GDSC,unknown,data/raw/gdsc_drug_response.csv,6014,2026-10-03,b472905ea811c145b1827f382975756a66c2ac5dffbe9ad323148bfdea38cdb5
SIDM00552,KYM-1,UNCLASSIFIED,,GDSC,unknown,data/raw/gdsc_drug_response.csv,6015,2026-10-03,b472905ea811c145b1827f382975756a66c2ac5dffbe9ad323148bfdea38cdb5
SIDM00551,KYSE-220,ESCA,,GDSC,unknown,data/raw/gdsc_drug_response.csv,6016,2026-10-03,b472905ea811c145b1827f382975756a66c2ac5dffbe9ad323148bfdea38cdb5
SIDM00685,LN-18,GBM,,GDSC,unknown,data/raw/gdsc_drug_response.csv,6017,2026-10-03,b472905ea811c145b1827f382975756a66c2ac5dffbe9ad323148bfdea38cdb5
SIDM00684,LN-229,GBM,,GDSC,unknown,data/raw/gdsc_drug_response.csv,6018,2026-10-03,b472905ea811c145b1827f382975756a66c2ac5dffbe9ad323148bfdea38cdb5
SIDM00629,MDA-MB-436,BRCA,,GDSC,unknown,data/raw/gdsc_drug_response.csv,6019,2026-10-03,b472905ea811c145b1827f382975756a66c2ac5dffbe9ad323148bfdea38cdb5
SIDM00527,MDST8,COREAD,,GDSC,unknown,data/raw/gdsc_drug_response.csv,6020,2026-10-03,b472905ea811c145b1827f382975756a66c2ac5dffbe9ad323148bfdea38cdb5
SIDM00333,MFE-319,UCEC,,GDSC,unknown,data/raw/gdsc_drug_response.csv,6021,2026-10-03,b472905ea811c145b1827f382975756a66c2ac5dffbe9ad323148bfdea38cdb5
SIDM00442,ML-1,THCA,,GDSC,unknown,data/raw/gdsc_drug_response.csv,6022,2026-10-03,b472905ea811c145b1827f382975756a66c2ac5dffbe9ad323148bfdea38cdb5
SIDM00638,MS751,CESC,,GDSC,unknown,data/raw/gdsc_drug_response.csv,6023,2026-10-03,b472905ea811c145b1827f382975756a66c2ac5dffbe9ad323148bfdea38cdb5
SIDM00579,NB(TU)1-10,NB,,GDSC,unknown,data/raw/gdsc_drug_response.csv,6024,2026-10-03,b472905ea811c145b1827f382975756a66c2ac5dffbe9ad323148bfdea38cdb5
SIDM00770,NCI-H1836,SCLC,,GDSC,unknown,data/raw/gdsc_drug_response.csv,6025,2026-10-03,b472905ea811c145b1827f382975756a66c2ac5dffbe9ad323148bfdea38cdb5
SIDM00768,NCI-H1869,LUSC,,GDSC,unknown,data/raw/gdsc_drug_response.csv,6026,2026-10-03,b472905ea811c145b1827f382975756a66c2ac5dffbe9ad323148bfdea38cdb5
SIDM00763,NCI-H1915,UNCLASSIFIED,,GDSC,unknown,data/raw/gdsc_drug_response.csv,6027,2026-10-03,b472905ea811c145b1827f382975756a66c2ac5dffbe9ad323148bfdea38cdb5
SIDM00762,NCI-H1944,LUAD,,GDSC,unknown,data/raw/gdsc_drug_response.csv,6028,2026-10-03,b472905ea811c145b1827f382975756a66c2ac5dffbe9ad323148bfdea38cdb5
SIDM00761,NCI-H196,SCLC,,GDSC,unknown,data/raw/gdsc_drug_response.csv,6029,2026-10-03,b472905ea811c145b1827f382975756a66c2ac5dffbe9ad323148bfdea38cdb5
SIDM00753,NCI-H2023,LUAD,,GDSC,unknown,data/raw/gdsc_drug_response.csv,6030,2026-10-03,b472905ea811c145b1827f382975756a66c2ac5dffbe9ad323148bfdea38cdb5
SIDM00704,NCI-H211,SCLC,,GDSC,unknown,data/raw/gdsc_drug_response.csv,6031,2026-10-03,b472905ea811c145b1827f382975756a66c2ac5dffbe9ad323148bfdea38cdb5
SIDM00137,NCI-H3122,LUAD,,GDSC,unknown,data/raw/gdsc_drug_response.csv,6032,2026-10-03,b472905ea811c145b1827f382975756a66c2ac5dffbe9ad323148bfdea38cdb5
SIDM01125,NCI-H647,UNCLASSIFIED,,GDSC,unknown,data/raw/gdsc_drug_response.csv,6033,2026-10-03,b472905ea811c145b1827f382975756a66c2ac5dffbe9ad323148bfdea38cdb5
SIDM01134,NCI-H841,SCLC,,GDSC,unknown,data/raw/gdsc_drug_response.csv,6034,2026-10-03,b472905ea811c145b1827f382975756a66c2ac5dffbe9ad323148bfdea38cdb5
SIDM01149,NCI-H847,SCLC,,GDSC,unknown,data/raw/gdsc_drug_response.csv,6035,2026-10-03,b472905ea811c145b1827f382975756a66c2ac5dffbe9ad323148bfdea38cdb5
SIDM00565,OSC-20,HNSC,,GDSC,unknown,data/raw/gdsc_drug_response.csv,6036,2026-10-03,b472905ea811c145b1827f382975756a66c2ac5dffbe9ad323148bfdea38cdb5
SIDM01141,OV-90,OV,,GDSC,unknown,data/raw/gdsc_drug_response.csv,6037,2026-10-03,b472905ea811c145b1827f382975756a66c2ac5dffbe9ad323148bfdea38cdb5
SIDM00564,OVISE,OV,,GDSC,unknown,data/raw/gdsc_drug_response.csv,6038,2026-10-03,b472905ea811c145b1827f382975756a66c2ac5dffbe9ad323148bfdea38cdb5
SIDM00466,OVKATE,OV,,GDSC,unknown,data/raw/gdsc_drug_response.csv,6039,2026-10-03,b472905ea811c145b1827f382975756a66c2ac5dffbe9ad323148bfdea38cdb5
SIDM00465,OVMIU,OV,,GDSC,unknown,data/raw/gdsc_drug_response.csv,6040,2026-10-03,b472905ea811c145b1827f382975756a66c2ac5dffbe9ad323148bfdea38cdb5
SIDM00453,PA-TU-8988T,PAAD,,GDSC,unknown,data/raw/gdsc_drug_response.csv,6041,2026-10-03,b472905ea811c145b1827f382975756a66c2ac5dffbe9ad323148bfdea38cdb5
SIDM00361,PC-3_[JPC-3],LUAD,,GDSC,unknown,data/raw/gdsc_drug_response.csv,6042,2026-10-03,b472905ea811c145b1827f382975756a66c2ac5dffbe9ad323148bfdea38cdb5
SIDM00270,PCI-15A,HNSC,,GDSC,unknown,data/raw/gdsc_drug_response.csv,6043,2026-10-03,b472905ea811c145b1827f382975756a66c2ac5dffbe9ad323148bfdea38cdb5
SIDM00115,PCI-6A,HNSC,,GDSC,unknown,data/raw/gdsc_drug_response.csv,6044,2026-10-03,b472905ea811c145b1827f382975756a66c2ac5dffbe9ad323148bfdea38cdb5
SIDM00473,PE-CA-PJ15,HNSC,,GDSC,unknown,data/raw/gdsc_drug_response.csv,6045,2026-10-03,b472905ea811c145b1827f382975756a66c2ac5dffbe9ad323148bfdea38cdb5
SIDM00358,RERF-GC-1B,STAD,,GDSC,unknown,data/raw/gdsc_drug_response.csv,6046,2026-10-03,b472905ea811c145b1827f382975756a66c2ac5dffbe9ad323148bfdea38cdb5
SIDM00426,RH-41,UNCLASSIFIED,,GDSC,unknown,data/raw/gdsc_drug_response.csv,6047,2026-10-03,b472905ea811c145b1827f382975756a66c2ac5dffbe9ad323148bfdea38cdb5
SIDM00394,SISO,CESC,,GDSC,unknown,data/raw/gdsc_drug_response.csv,6048,2026-10-03,b472905ea811c145b1827f382975756a66c2ac5dffbe9ad323148bfdea38cdb5
SIDM00377,SKN,UNCLASSIFIED,,GDSC,unknown,data/raw/gdsc_drug_response.csv,6049,2026-10-03,b472905ea811c145b1827f382975756a66c2ac5dffbe9ad323148bfdea38cdb5
SIDM01181,SNU-398,LIHC,,GDSC,unknown,data/raw/gdsc_drug_response.csv,6050,2026-10-03,b472905ea811c145b1827f382975756a66c2ac5dffbe9ad323148bfdea38cdb5
SIDM01188,SU8686,PAAD,,GDSC,unknown,data/raw/gdsc_drug_response.csv,6051,2026-10-03,b472905ea811c145b1827f382975756a66c2ac5dffbe9ad323148bfdea38cdb5
SIDM00371,SUIT-2,PAAD,,GDSC,unknown,data/raw/gdsc_drug_response.csv,6052,2026-10-03,b472905ea811c145b1827f382975756a66c2ac5dffbe9ad323148bfdea38cdb5
SIDM01162,SW156,KIRC,,GDSC,unknown,data/raw/gdsc_drug_response.csv,6053,2026-10-03,b472905ea811c145b1827f382975756a66c2ac5dffbe9ad323148bfdea38cdb5
SIDM00419,TC-71,UNCLASSIFIED,,GDSC,unknown,data/raw/gdsc_drug_response.csv,6054,2026-10-03,b472905ea811c145b1827f382975756a66c2ac5dffbe9ad323148bfdea38cdb5
SIDM01169,TOV-21G,OV,,GDSC,unknown,data/raw/gdsc_drug_response.csv,6055,2026-10-03,b472905ea811c145b1827f382975756a66c2ac5dffbe9ad323148bfdea38cdb5
SIDM00418,TT2609-C02,THCA,,GDSC,unknown,data/raw/gdsc_drug_response.csv,6056,2026-10-03,b472905ea811c145b1827f382975756a66c2ac5dffbe9ad323148bfdea38cdb5
SIDM00318,VMRC-RCW,KIRC,,GDSC,unknown,data/raw/gdsc_drug_response.csv,6057,2026-10-03,b472905ea811c145b1827f382975756a66c2ac5dffbe9ad323148bfdea38cdb5
SIDM00975,WM278,SKCM,,GDSC,unknown,data/raw/gdsc_drug_response.csv,6058,2026-10-03,b472905ea811c145b1827f382975756a66c2ac5dffbe9ad323148bfdea38cdb5
SIDM01176,SUP-B15,ALL,,GDSC,unknown,data/raw/gdsc_drug_response.csv,6059,2026-10-03,b472905ea811c145b1827f382975756a66c2ac5dffbe9ad323148bfdea38cdb5
SIDM00046,H3255,LUAD,,GDSC,unknown,data/raw/gdsc_drug_response.csv,6060,2026-10-03,b472905ea811c145b1827f382975756a66c2ac5dffbe9ad323148bfdea38cdb5
SIDM01240,451Lu,SKCM,,GDSC,unknown,data/raw/gdsc_drug_response.csv,6061,2026-10-03,b472905ea811c145b1827f382975756a66c2ac5dffbe9ad323148bfdea38cdb5
SIDM00462,OCI-AML3,LAML,,GDSC,unknown,data/raw/gdsc_drug_response.csv,6062,2026-10-03,b472905ea811c145b1827f382975756a66c2ac5dffbe9ad323148bfdea38cdb5
SIDM00491,ASH-3,THCA,,GDSC,unknown,data/raw/gdsc_drug_response.csv,6063,2026-10-03,b472905ea811c145b1827f382975756a66c2ac5dffbe9ad323148bfdea38cdb5
SIDM00077,BICR10,HNSC,,GDSC,unknown,data/raw/gdsc_drug_response.csv,6064,2026-10-03,b472905ea811c145b1827f382975756a66c2ac5dffbe9ad323148bfdea38cdb5
SIDM00078,BICR31,HNSC,,GDSC,unknown,data/raw/gdsc_drug_response.csv,6065,2026-10-03,b472905ea811c145b1827f382975756a66c2ac5dffbe9ad323148bfdea38cdb5
SIDM00936,CAL-29,BLCA,,GDSC,unknown,data/raw/gdsc_drug_response.csv,6066,2026-10-03,b472905ea811c145b1827f382975756a66c2ac5dffbe9ad323148bfdea38cdb5
SIDM00929,CAL-78,UNCLASSIFIED,,GDSC,unknown,data/raw/gdsc_drug_response.csv,6067,2026-10-03,b472905ea811c145b1827f382975756a66c2ac5dffbe9ad323148bfdea38cdb5
SIDM00051,CHSA0011,UNCLASSIFIED,,GDSC,unknown,data/raw/gdsc_drug_response.csv,6068,2026-10-03,b472905ea811c145b1827f382975756a66c2ac5dffbe9ad323148bfdea38cdb5
SIDM00050,CHSA0108,UNCLASSIFIED,,GDSC,unknown,data/raw/gdsc_drug_response.csv,6069,2026-10-03,b472905ea811c145b1827f382975756a66c2ac5dffbe9ad323148bfdea38cdb5
SIDM00944,CL-11,COREAD,,GDSC,unknown,data/raw/gdsc_drug_response.csv,6070,2026-10-03,b472905ea811c145b1827f382975756a66c2ac5dffbe9ad323148bfdea38cdb5
SIDM00199,CS1,UNCLASSIFIED,,GDSC,unknown,data/raw/gdsc_drug_response.csv,6071,2026-10-03,b472905ea811c145b1827f382975756a66c2ac5dffbe9ad323148bfdea38cdb5
SIDM00950,DAN-G,PAAD,,GDSC,unknown,data/raw/gdsc_drug_response.csv,6072,2026-10-03,b472905ea811c145b1827f382975756a66c2ac5dffbe9ad323148bfdea38cdb5
SIDM01002,EFM-192A,BRCA,,GDSC,unknown,data/raw/gdsc_drug_response.csv,6073,2026-10-03,b472905ea811c145b1827f382975756a66c2ac5dffbe9ad323148bfdea38cdb5
SIDM00503,FU97,STAD,,GDSC,unknown,data/raw/gdsc_drug_response.csv,6074,2026-10-03,b472905ea811c145b1827f382975756a66c2ac5dffbe9ad323148bfdea38cdb5
SIDM00858,G-292-Clone-A141B1,UNCLASSIFIED,,GDSC,unknown,data/raw/gdsc_drug_response.csv,6075,2026-10-03,b472905ea811c145b1827f382975756a66c2ac5dffbe9ad323148bfdea38cdb5
SIDM00104,NCI-H2369,MESO,,GDSC,unknown,data/raw/gdsc_drug_response.csv,6076,2026-10-03,b472905ea811c145b1827f382975756a66c2ac5dffbe9ad323148bfdea38cdb5
SIDM00103,NCI-H2373,MESO,,GDSC,unknown,data/raw/gdsc_drug_response.csv,6077,2026-10-03,b472905ea811c145b1827f382975756a66c2ac5dffbe9ad323148bfdea38cdb5
SIDM00102,NCI-H2461,MESO,,GDSC,unknown,data/raw/gdsc_drug_response.csv,6078,2026-10-03,b472905ea811c145b1827f382975756a66c2ac5dffbe9ad323148bfdea38cdb5
SIDM00099,NCI-H2722,MESO,,GDSC,unknown,data/raw/gdsc_drug_response.csv,6079,2026-10-03,b472905ea811c145b1827f382975756a66c2ac5dffbe9ad323148bfdea38cdb5
SIDM00154,NCI-H2795,MESO,,GDSC,unknown,data/raw/gdsc_drug_response.csv,6080,2026-10-03,b472905ea811c145b1827f382975756a66c2ac5dffbe9ad323148bfdea38cdb5
SIDM00520,NCI-H2818,MESO,,GDSC,unknown,data/raw/gdsc_drug_response.csv,6081,2026-10-03,b472905ea811c145b1827f382975756a66c2ac5dffbe9ad323148bfdea38cdb5
SIDM00881,HCC1428,BRCA,,GDSC,unknown,data/raw/gdsc_drug_response.csv,6082,2026-10-03,b472905ea811c145b1827f382975756a66c2ac5dffbe9ad323148bfdea38cdb5
SIDM01068,HCC-78,LUAD,,GDSC,unknown,data/raw/gdsc_drug_response.csv,6083,2026-10-03,b472905ea811c145b1827f382975756a66c2ac5dffbe9ad323148bfdea38cdb5
SIDM01062,HDQ-P1,BRCA,,GDSC,unknown,data/raw/gdsc_drug_response.csv,6084,2026-10-03,b472905ea811c145b1827f382975756a66c2ac5dffbe9ad323148bfdea38cdb5
SIDM00994,ALL-SIL,ALL,,GDSC,unknown,data/raw/gdsc_drug_response.csv,6085,2026-10-03,b472905ea811c145b1827f382975756a66c2ac5dffbe9ad323148bfdea38cdb5
SIDM00993,AMO-1,MM,,GDSC,unknown,data/raw/gdsc_drug_response.csv,6086,2026-10-03,b472905ea811c145b1827f382975756a66c2ac5dffbe9ad323148bfdea38cdb5
SIDM00510,COR-L303,SCLC,,GDSC,unknown,data/raw/gdsc_drug_response.csv,6087,2026-10-03,b472905ea811c145b1827f382975756a66c2ac5dffbe9ad323148bfdea38cdb5
SIDM00946,DND-41,ALL,,GDSC,unknown,data/raw/gdsc_drug_response.csv,6088,2026-10-03,b472905ea811c145b1827f382975756a66c2ac5dffbe9ad323148bfdea38cdb5
SIDM01048,EJM,MM,,GDSC,unknown,data/raw/gdsc_drug_response.csv,6089,2026-10-03,b472905ea811c145b1827f382975756a66c2ac5dffbe9ad323148bfdea38cdb5
SIDM00859,Farage,DLBC,,GDSC,unknown,data/raw/gdsc_drug_response.csv,6090,2026-10-03,b472905ea811c145b1827f382975756a66c2ac5dffbe9ad323148bfdea38cdb5
SIDM00846,HeLa,CESC,,GDSC,unknown,data/raw/gdsc_drug_response.csv,6091,2026-10-03,b472905ea811c145b1827f382975756a66c2ac5dffbe9ad323148bfdea38cdb5
SIDM00670,HPAC,PAAD,,GDSC,unknown,data/raw/gdsc_drug_response.csv,6092,2026-10-03,b472905ea811c145b1827f382975756a66c2ac5dffbe9ad323148bfdea38cdb5
SIDM00664,Hs-766T,PAAD,,GDSC,unknown,data/raw/gdsc_drug_response.csv,6093,2026-10-03,b472905ea811c145b1827f382975756a66c2ac5dffbe9ad323148bfdea38cdb5
SIDM00663,Hs-939-T,SKCM,,GDSC,unknown,data/raw/gdsc_drug_response.csv,6094,2026-10-03,b472905ea811c145b1827f382975756a66c2ac5dffbe9ad323148bfdea38cdb5
SIDM00662,Hs-940-T,SKCM,,GDSC,unknown,data/raw/gdsc_drug_response.csv,6095,2026-10-03,b472905ea811c145b1827f382975756a66c2ac5dffbe9ad323148bfdea38cdb5
SIDM00586,huH-1,LIHC,,GDSC,unknown,data/raw/gdsc_drug_response.csv,6096,2026-10-03,b472905ea811c145b1827f382975756a66c2ac5dffbe9ad323148bfdea38cdb5
SIDM00618,JHH-1,LIHC,,GDSC,unknown,data/raw/gdsc_drug_response.csv,6097,2026-10-03,b472905ea811c145b1827f382975756a66c2ac5dffbe9ad323148bfdea38cdb5
SIDM00690,JHU-029,HNSC,,GDSC,unknown,data/raw/gdsc_drug_response.csv,6098,2026-10-03,b472905ea811c145b1827f382975756a66c2ac5dffbe9ad323148bfdea38cdb5
SIDM01037,JIMT-1,BRCA,,GDSC,unknown,data/raw/gdsc_drug_response.csv,6099,2026-10-03,b472905ea811c145b1827f382975756a66c2ac5dffbe9ad323148bfdea38cdb5
SIDM00126,K2,SKCM,,GDSC,unknown,data/raw/gdsc_drug_response.csv,6100,2026-10-03,b472905ea811c145b1827f382975756a66c2ac5dffbe9ad323148bfdea38cdb5
SIDM00619,KMH-2,THCA,,GDSC,unknown,data/raw/gdsc_drug_response.csv,6101,2026-10-03,b472905ea811c145b1827f382975756a66c2ac5dffbe9ad323148bfdea38cdb5
SIDM00611,KMRC-1,KIRC,,GDSC,unknown,data/raw/gdsc_drug_response.csv,6102,2026-10-03,b472905ea811c145b1827f382975756a66c2ac5dffbe9ad323148bfdea38cdb5
SIDM00609,KMRC-20,KIRC,,GDSC,unknown,data/raw/gdsc_drug_response.csv,6103,2026-10-03,b472905ea811c145b1827f382975756a66c2ac5dffbe9ad323148bfdea38cdb5
SIDM00604,KON,HNSC,,GDSC,unknown,data/raw/gdsc_drug_response.csv,6104,2026-10-03,b472905ea811c145b1827f382975756a66c2ac5dffbe9ad323148bfdea38cdb5
SIDM00583,KP-1N,PAAD,,GDSC,unknown,data/raw/gdsc_drug_response.csv,6105,2026-10-03,b472905ea811c145b1827f382975756a66c2ac5dffbe9ad323148bfdea38cdb5
SIDM00582,KP-2,PAAD,,GDSC,unknown,data/raw/gdsc_drug_response.csv,6106,2026-10-03,b472905ea811c145b1827f382975756a66c2ac5dffbe9ad323148bfdea38cdb5
SIDM00571,KP-3,UNCLASSIFIED,,GDSC,unknown,data/raw/gdsc_drug_response.csv,6107,2026-10-03,b472905ea811c145b1827f382975756a66c2ac5dffbe9ad323148bfdea38cdb5
SIDM00550,KYSE-50,ESCA,,GDSC,unknown,data/raw/gdsc_drug_response.csv,6108,2026-10-03,b472905ea811c145b1827f382975756a66c2ac5dffbe9ad323148bfdea38cdb5
SIDM00300,LC-1-sq,LUSC,,GDSC,unknown,data/raw/gdsc_drug_response.csv,6109,2026-10-03,b472905ea811c145b1827f382975756a66c2ac5dffbe9ad323148bfdea38cdb5
SIDM00341,LOU-NH91,LUSC,,GDSC,unknown,data/raw/gdsc_drug_response.csv,6110,2026-10-03,b472905ea811c145b1827f382975756a66c2ac5dffbe9ad323148bfdea38cdb5
SIDM00658,NCI-H1435,LUAD,,GDSC,unknown,data/raw/gdsc_drug_response.csv,6111,2026-10-03,b472905ea811c145b1827f382975756a66c2ac5dffbe9ad323148bfdea38cdb5
SIDM00750,NCI-H1568,LUAD,,GDSC,unknown,data/raw/gdsc_drug_response.csv,6112,2026-10-03,b472905ea811c145b1827f382975756a66c2ac5dffbe9ad323148bfdea38cdb5
SIDM00792,NCI-H1688,SCLC,,GDSC,unknown,data/raw/gdsc_drug_response.csv,6113,2026-10-03,b472905ea811c145b1827f382975756a66c2ac5dffbe9ad323148bfdea38cdb5
SIDM00754,NCI-H1781,LUAD,,GDSC,unknown,data/raw/gdsc_drug_response.csv,6114,2026-10-03,b472905ea811c145b1827f382975756a66c2ac5dffbe9ad323148bfdea38cdb5
SIDM00703,NCI-H2110,UNCLASSIFIED,,GDSC,unknown,data/raw/gdsc_drug_response.csv,6115,2026-10-03,b472905ea811c145b1827f382975756a66c2ac5dffbe9ad323148bfdea38cdb5
SIDM00700,NCI-H2135,UNCLASSIFIED,,GDSC,unknown,data/raw/gdsc_drug_response.csv,6116,2026-10-03,b472905ea811c145b1827f382975756a66c2ac5dffbe9ad323148bfdea38cdb5
SIDM00926,NCI-H2172,UNCLASSIFIED,,GDSC,unknown,data/raw/gdsc_drug_response.csv,6117,2026-10-03,b472905ea811c145b1827f382975756a66c2ac5dffbe9ad323148bfdea38cdb5
SIDM00723,NCI-H2444,UNCLASSIFIED,,GDSC,unknown,data/raw/gdsc_drug_response.csv,6118,2026-10-03,b472905ea811c145b1827f382975756a66c2ac5dffbe9ad323148bfdea38cdb5
SIDM00570,NUGC-4,STAD,,GDSC,unknown,data/raw/gdsc_drug_response.csv,6119,2026-10-03,b472905ea811c145b1827f382975756a66c2ac5dffbe9ad323148bfdea38cdb5
SIDM00568,OCUM-1,STAD,,GDSC,unknown,data/raw/gdsc_drug_response.csv,6120,2026-10-03,b472905ea811c145b1827f382975756a66c2ac5dffbe9ad323148bfdea38cdb5
SIDM00478,OE21,ESCA,,GDSC,unknown,data/raw/gdsc_drug_response.csv,6121,2026-10-03,b472905ea811c145b1827f382975756a66c2ac5dffbe9ad323148bfdea38cdb5
SIDM00566,OSC-19,HNSC,,GDSC,unknown,data/raw/gdsc_drug_response.csv,6122,2026-10-03,b472905ea811c145b1827f382975756a66c2ac5dffbe9ad323148bfdea38cdb5
SIDM00425,OVTOKO,OV,,GDSC,unknown,data/raw/gdsc_drug_response.csv,6123,2026-10-03,b472905ea811c145b1827f382975756a66c2ac5dffbe9ad323148bfdea38cdb5
SIDM01139,PANC-02-03,PAAD,,GDSC,unknown,data/raw/gdsc_drug_response.csv,6124,2026-10-03,b472905ea811c145b1827f382975756a66c2ac5dffbe9ad323148bfdea38cdb5
SIDM01137,PANC-04-03,PAAD,,GDSC,unknown,data/raw/gdsc_drug_response.csv,6125,2026-10-03,b472905ea811c145b1827f382975756a66c2ac5dffbe9ad323148bfdea38cdb5
SIDM00455,PA-TU-8902,PAAD,,GDSC,unknown,data/raw/gdsc_drug_response.csv,6126,2026-10-03,b472905ea811c145b1827f382975756a66c2ac5dffbe9ad323148bfdea38cdb5
SIDM00044,PCI-30,HNSC,,GDSC,unknown,data/raw/gdsc_drug_response.csv,6127,2026-10-03,b472905ea811c145b1827f382975756a66c2ac5dffbe9ad323148bfdea38cdb5
SIDM00043,PCI-4B,HNSC,,GDSC,unknown,data/raw/gdsc_drug_response.csv,6128,2026-10-03,b472905ea811c145b1827f382975756a66c2ac5dffbe9ad323148bfdea38cdb5
SIDM00042,PL4,PAAD,,GDSC,unknown,data/raw/gdsc_drug_response.csv,6129,2026-10-03,b472905ea811c145b1827f382975756a66c2ac5dffbe9ad323148bfdea38cdb5
SIDM00360,QGP-1,UNCLASSIFIED,,GDSC,unknown,data/raw/gdsc_drug_response.csv,6130,2026-10-03,b472905ea811c145b1827f382975756a66c2ac5dffbe9ad323148bfdea38cdb5
SIDM00356,RERF-LC-KJ,LUAD,,GDSC,unknown,data/raw/gdsc_drug_response.csv,6131,2026-10-03,b472905ea811c145b1827f382975756a66c2ac5dffbe9ad323148bfdea38cdb5
SIDM00354,RERF-LC-Sq1,LUSC,,GDSC,unknown,data/raw/gdsc_drug_response.csv,6132,2026-10-03,b472905ea811c145b1827f382975756a66c2ac5dffbe9ad323148bfdea38cdb5
SIDM00353,RKN,UNCLASSIFIED,,GDSC,unknown,data/raw/gdsc_drug_response.csv,6133,2026-10-03,b472905ea811c145b1827f382975756a66c2ac5dffbe9ad323148bfdea38cdb5
SIDM00350,SAT,HNSC,,GDSC,unknown,data/raw/gdsc_drug_response.csv,6134,2026-10-03,b472905ea811c145b1827f382975756a66c2ac5dffbe9ad323148bfdea38cdb5
SIDM00399,SCC90,HNSC,,GDSC,unknown,data/raw/gdsc_drug_response.csv,6135,2026-10-03,b472905ea811c145b1827f382975756a66c2ac5dffbe9ad323148bfdea38cdb5
SIDM00375,SKN-3,HNSC,,GDSC,unknown,data/raw/gdsc_drug_response.csv,6136,2026-10-03,b472905ea811c145b1827f382975756a66c2ac5dffbe9ad323148bfdea38cdb5
SIDM00041,STS-0421,UNCLASSIFIED,,GDSC,unknown,data/raw/gdsc_drug_response.csv,6137,2026-10-03,b472905ea811c145b1827f382975756a66c2ac5dffbe9ad323148bfdea38cdb5
SIDM01156,SW1271,SCLC,,GDSC,unknown,data/raw/gdsc_drug_response.csv,6138,2026-10-03,b472905ea811c145b1827f382975756a66c2ac5dffbe9ad323148bfdea38cdb5
SIDM00322,T-T,ESCA,,GDSC,unknown,data/raw/gdsc_drug_response.csv,6139,2026-10-03,b472905ea811c145b1827f382975756a66c2ac5dffbe9ad323148bfdea38cdb5
SIDM00040,TMK-1,STAD,,GDSC,unknown,data/raw/gdsc_drug_response.csv,6140,2026-10-03,b472905ea811c145b1827f382975756a66c2ac5dffbe9ad323148bfdea38cdb5
SIDM01170,TOV-112D,OV,,GDSC,unknown,data/raw/gdsc_drug_response.csv,6141,2026-10-03,b472905ea811c145b1827f382975756a66c2ac5dffbe9ad323148bfdea38cdb5
SIDM01077,VCaP,PRAD,,GDSC,unknown,data/raw/gdsc_drug_response.csv,6142,2026-10-03,b472905ea811c145b1827f382975756a66c2ac5dffbe9ad323148bfdea38cdb5
SIDM00976,WM1552C,SKCM,,GDSC,unknown,data/raw/gdsc_drug_response.csv,6143,2026-10-03,b472905ea811c145b1827f382975756a66c2ac5dffbe9ad323148bfdea38cdb5
SIDM00974,WM35,SKCM,,GDSC,unknown,data/raw/gdsc_drug_response.csv,6144,2026-10-03,b472905ea811c145b1827f382975756a66c2ac5dffbe9ad323148bfdea38cdb5
SIDM00973,WM793B,SKCM,,GDSC,unknown,data/raw/gdsc_drug_response.csv,6145,2026-10-03,b472905ea811c145b1827f382975756a66c2ac5dffbe9ad323148bfdea38cdb5
SIDM00854,GA-10,UNCLASSIFIED,,GDSC,unknown,data/raw/gdsc_drug_response.csv,6146,2026-10-03,b472905ea811c145b1827f382975756a66c2ac5dffbe9ad323148bfdea38cdb5
SIDM01058,GRANTA-519,DLBC,,GDSC,unknown,data/raw/gdsc_drug_response.csv,6147,2026-10-03,b472905ea811c145b1827f382975756a66c2ac5dffbe9ad323148bfdea38cdb5
SIDM00879,HCC1500,BRCA,,GDSC,unknown,data/raw/gdsc_drug_response.csv,6148,2026-10-03,b472905ea811c145b1827f382975756a66c2ac5dffbe9ad323148bfdea38cdb5
SIDM01071,HCC-33,SCLC,,GDSC,unknown,data/raw/gdsc_drug_response.csv,6149,2026-10-03,b472905ea811c145b1827f382975756a66c2ac5dffbe9ad323148bfdea38cdb5
SIDM01261,YMB-1-E,BRCA,,GDSC,unknown,data/raw/gdsc_drug_response.csv,6150,2026-10-03,b472905ea811c145b1827f382975756a66c2ac5dffbe9ad323148bfdea38cdb5
SIDM00176,CHSA8926,UNCLASSIFIED,,GDSC,unknown,data/raw/gdsc_drug_response.csv,6151,2026-10-03,b472905ea811c145b1827f382975756a66c2ac5dffbe9ad323148bfdea38cdb5
SIDM00508,COR-L32,SCLC,,GDSC,unknown,data/raw/gdsc_drug_response.csv,6152,2026-10-03,b472905ea811c145b1827f382975756a66c2ac5dffbe9ad323148bfdea38cdb5
SIDM00507,COR-L321,UNCLASSIFIED,,GDSC,unknown,data/raw/gdsc_drug_response.csv,6153,2026-10-03,b472905ea811c145b1827f382975756a66c2ac5dffbe9ad323148bfdea38cdb5
SIDM00668,Hs-445,UNCLASSIFIED,,GDSC,unknown,data/raw/gdsc_drug_response.csv,6154,2026-10-03,b472905ea811c145b1827f382975756a66c2ac5dffbe9ad323148bfdea38cdb5
SIDM00045,HSC-39,STAD,,GDSC,unknown,data/raw/gdsc_drug_response.csv,6155,2026-10-03,b472905ea811c145b1827f382975756a66c2ac5dffbe9ad323148bfdea38cdb5
SIDM00428,NB4,LAML,,GDSC,unknown,data/raw/gdsc_drug_response.csv,6156,2026-10-03,b472905ea811c145b1827f382975756a66c2ac5dffbe9ad323148bfdea38cdb5
SIDM01038,JEKO-1,DLBC,,GDSC,unknown,data/raw/gdsc_drug_response.csv,6157,2026-10-03,b472905ea811c145b1827f382975756a66c2ac5dffbe9ad323148bfdea38cdb5
SIDM01036,JJN-3,MM,,GDSC,unknown,data/raw/gdsc_drug_response.csv,6158,2026-10-03,b472905ea811c145b1827f382975756a66c2ac5dffbe9ad323148bfdea38cdb5
SIDM00689,JM1,DLBC,,GDSC,unknown,data/raw/gdsc_drug_response.csv,6159,2026-10-03,b472905ea811c145b1827f382975756a66c2ac5dffbe9ad323148bfdea38cdb5
SIDM00688,JSC-1,DLBC,,GDSC,unknown,data/raw/gdsc_drug_response.csv,6160,2026-10-03,b472905ea811c145b1827f382975756a66c2ac5dffbe9ad323148bfdea38cdb5
SIDM01011,KARPAS-1106P,DLBC,,GDSC,unknown,data/raw/gdsc_drug_response.csv,6161,2026-10-03,b472905ea811c145b1827f382975756a66c2ac5dffbe9ad323148bfdea38cdb5
SIDM01017,KARPAS-231,UNCLASSIFIED,,GDSC,unknown,data/raw/gdsc_drug_response.csv,6162,2026-10-03,b472905ea811c145b1827f382975756a66c2ac5dffbe9ad323148bfdea38cdb5
SIDM01006,KARPAS-620,MM,,GDSC,unknown,data/raw/gdsc_drug_response.csv,6163,2026-10-03,b472905ea811c145b1827f382975756a66c2ac5dffbe9ad323148bfdea38cdb5
SIDM01004,KCL-22,LCML,,GDSC,unknown,data/raw/gdsc_drug_response.csv,6164,2026-10-03,b472905ea811c145b1827f382975756a66c2ac5dffbe9ad323148bfdea38cdb5
SIDM01034,KOPN-8,UNCLASSIFIED,,GDSC,unknown,data/raw/gdsc_drug_response.csv,6165,2026-10-03,b472905ea811c145b1827f382975756a66c2ac5dffbe9ad323148bfdea38cdb5
SIDM00313,L-1236,UNCLASSIFIED,,GDSC,unknown,data/raw/gdsc_drug_response.csv,6166,2026-10-03,b472905ea811c145b1827f382975756a66c2ac5dffbe9ad323148bfdea38cdb5
SIDM00631,MDA-MB-330,BRCA,,GDSC,unknown,data/raw/gdsc_drug_response.csv,6167,2026-10-03,b472905ea811c145b1827f382975756a66c2ac5dffbe9ad323148bfdea38cdb5
SIDM00338,ME-1,LAML,,GDSC,unknown,data/raw/gdsc_drug_response.csv,6168,2026-10-03,b472905ea811c145b1827f382975756a66c2ac5dffbe9ad323148bfdea38cdb5
SIDM00437,MOLM-13,LAML,,GDSC,unknown,data/raw/gdsc_drug_response.csv,6169,2026-10-03,b472905ea811c145b1827f382975756a66c2ac5dffbe9ad323148bfdea38cdb5
SIDM00435,MOLM-16,LAML,,GDSC,unknown,data/raw/gdsc_drug_response.csv,6170,2026-10-03,b472905ea811c145b1827f382975756a66c2ac5dffbe9ad323148bfdea38cdb5
SIDM00434,MOLP-8,MM,,GDSC,unknown,data/raw/gdsc_drug_response.csv,6171,2026-10-03,b472905ea811c145b1827f382975756a66c2ac5dffbe9ad323148bfdea38cdb5
SIDM01217,MY-M12,ALL,,GDSC,unknown,data/raw/gdsc_drug_response.csv,6172,2026-10-03,b472905ea811c145b1827f382975756a66c2ac5dffbe9ad323148bfdea38cdb5
SIDM00646,NCI-H1341,SCLC,,GDSC,unknown,data/raw/gdsc_drug_response.csv,6173,2026-10-03,b472905ea811c145b1827f382975756a66c2ac5dffbe9ad323148bfdea38cdb5
SIDM00766,NCI-H1876,SCLC,,GDSC,unknown,data/raw/gdsc_drug_response.csv,6174,2026-10-03,b472905ea811c145b1827f382975756a66c2ac5dffbe9ad323148bfdea38cdb5
SIDM00711,NCI-H2066,SCLC,,GDSC,unknown,data/raw/gdsc_drug_response.csv,6175,2026-10-03,b472905ea811c145b1827f382975756a66c2ac5dffbe9ad323148bfdea38cdb5
SIDM01123,NCI-H660,OTHER,,GDSC,unknown,data/raw/gdsc_drug_response.csv,6176,2026-10-03,b472905ea811c145b1827f382975756a66c2ac5dffbe9ad323148bfdea38cdb5
SIDM01201,NK-92MI,UNCLASSIFIED,,GDSC,unknown,data/raw/gdsc_drug_response.csv,6177,2026-10-03,b472905ea811c145b1827f382975756a66c2ac5dffbe9ad323148bfdea38cdb5
SIDM00443,NU-DUL-1,DLBC,,GDSC,unknown,data/raw/gdsc_drug_response.csv,6178,2026-10-03,b472905ea811c145b1827f382975756a66c2ac5dffbe9ad323148bfdea38cdb5
SIDM00460,OCI-LY-19,DLBC,,GDSC,unknown,data/raw/gdsc_drug_response.csv,6179,2026-10-03,b472905ea811c145b1827f382975756a66c2ac5dffbe9ad323148bfdea38cdb5
SIDM00458,OCI-M1,LAML,,GDSC,unknown,data/raw/gdsc_drug_response.csv,6180,2026-10-03,b472905ea811c145b1827f382975756a66c2ac5dffbe9ad323148bfdea38cdb5
SIDM00362,P32-ISH,UNCLASSIFIED,,GDSC,unknown,data/raw/gdsc_drug_response.csv,6181,2026-10-03,b472905ea811c145b1827f382975756a66c2ac5dffbe9ad323148bfdea38cdb5
SIDM00450,PL-21,LAML,,GDSC,unknown,data/raw/gdsc_drug_response.csv,6182,2026-10-03,b472905ea811c145b1827f382975756a66c2ac5dffbe9ad323148bfdea38cdb5
SIDM01114,PWR-1E,PRAD,,GDSC,unknown,data/raw/gdsc_drug_response.csv,6183,2026-10-03,b472905ea811c145b1827f382975756a66c2ac5dffbe9ad323148bfdea38cdb5
SIDM00449,RCH-ACV,UNCLASSIFIED,,GDSC,unknown,data/raw/gdsc_drug_response.csv,6184,2026-10-03,b472905ea811c145b1827f382975756a66c2ac5dffbe9ad323148bfdea38cdb5
SIDM00448,RC-K8,DLBC,,GDSC,unknown,data/raw/gdsc_drug_response.csv,6185,2026-10-03,b472905ea811c145b1827f382975756a66c2ac5dffbe9ad323148bfdea38cdb5
SIDM00415,ROS-50,UNCLASSIFIED,,GDSC,unknown,data/raw/gdsc_drug_response.csv,6186,2026-10-03,b472905ea811c145b1827f382975756a66c2ac5dffbe9ad323148bfdea38cdb5
SIDM00374,SLVL,DLBC,,GDSC,unknown,data/raw/gdsc_drug_response.csv,6187,2026-10-03,b472905ea811c145b1827f382975756a66c2ac5dffbe9ad323148bfdea38cdb5
SIDM00389,SU-DHL-10,DLBC,,GDSC,unknown,data/raw/gdsc_drug_response.csv,6188,2026-10-03,b472905ea811c145b1827f382975756a66c2ac5dffbe9ad323148bfdea38cdb5
SIDM00404,SU-DHL-16,DLBC,,GDSC,unknown,data/raw/gdsc_drug_response.csv,6189,2026-10-03,b472905ea811c145b1827f382975756a66c2ac5dffbe9ad323148bfdea38cdb5
SIDM00405,SU-DHL-4,DLBC,,GDSC,unknown,data/raw/gdsc_drug_response.csv,6190,2026-10-03,b472905ea811c145b1827f382975756a66c2ac5dffbe9ad323148bfdea38cdb5
SIDM00406,SU-DHL-5,DLBC,,GDSC,unknown,data/raw/gdsc_drug_response.csv,6191,2026-10-03,b472905ea811c145b1827f382975756a66c2ac5dffbe9ad323148bfdea38cdb5
SIDM00407,SU-DHL-6,DLBC,,GDSC,unknown,data/raw/gdsc_drug_response.csv,6192,2026-10-03,b472905ea811c145b1827f382975756a66c2ac5dffbe9ad323148bfdea38cdb5
SIDM00423,SU-DHL-8,DLBC,,GDSC,unknown,data/raw/gdsc_drug_response.csv,6193,2026-10-03,b472905ea811c145b1827f382975756a66c2ac5dffbe9ad323148bfdea38cdb5
SIDM00422,SUP-HD1,UNCLASSIFIED,,GDSC,unknown,data/raw/gdsc_drug_response.csv,6194,2026-10-03,b472905ea811c145b1827f382975756a66c2ac5dffbe9ad323148bfdea38cdb5
SIDM00421,SUP-M2,UNCLASSIFIED,,GDSC,unknown,data/raw/gdsc_drug_response.csv,6195,2026-10-03,b472905ea811c145b1827f382975756a66c2ac5dffbe9ad323148bfdea38cdb5
SIDM00323,TK,DLBC,,GDSC,unknown,data/raw/gdsc_drug_response.csv,6196,2026-10-03,b472905ea811c145b1827f382975756a66c2ac5dffbe9ad323148bfdea38cdb5
SIDM00416,VAL,DLBC,,GDSC,unknown,data/raw/gdsc_drug_response.csv,6197,2026-10-03,b472905ea811c145b1827f382975756a66c2ac5dffbe9ad323148bfdea38cdb5
SIDM01102,WIL2-NS,UNCLASSIFIED,,GDSC,unknown,data/raw/gdsc_drug_response.csv,6198,2026-10-03,b472905ea811c145b1827f382975756a66c2ac5dffbe9ad323148bfdea38cdb5
SIDM00413,WSU-DLCL2,DLBC,,GDSC,unknown,data/raw/gdsc_drug_response.csv,6199,2026-10-03,b472905ea811c145b1827f382975756a66c2ac5dffbe9ad323148bfdea38cdb5
SIDM01118,NCI-H740,NA,,GDSC,unknown,data/raw/gdsc_drug_response.csv,6200,2026-10-03,b472905ea811c145b1827f382975756a66c2ac5dffbe9ad323148bfdea38cdb5
SIDM00969,DOV13,OV,,GDSC,unknown,data/raw/gdsc_drug_response.csv,6201,2026-10-03,b472905ea811c145b1827f382975756a66c2ac5dffbe9ad323148bfdea38cdb5
SIDM00968,Hey,OV,,GDSC,unknown,data/raw/gdsc_drug_response.csv,6202,2026-10-03,b472905ea811c145b1827f382975756a66c2ac5dffbe9ad323148bfdea38cdb5
SIDM00305,JHOS-2,OV,,GDSC,unknown,data/raw/gdsc_drug_response.csv,6203,2026-10-03,b472905ea811c145b1827f382975756a66c2ac5dffbe9ad323148bfdea38cdb5
SIDM00304,JHOS-3,OV,,GDSC,unknown,data/raw/gdsc_drug_response.csv,6204,2026-10-03,b472905ea811c145b1827f382975756a66c2ac5dffbe9ad323148bfdea38cdb5
SIDM00303,JHOS-4,OV,,GDSC,unknown,data/raw/gdsc_drug_response.csv,6205,2026-10-03,b472905ea811c145b1827f382975756a66c2ac5dffbe9ad323148bfdea38cdb5
SIDM00474,OV-7,OV,,GDSC,unknown,data/raw/gdsc_drug_response.csv,6206,2026-10-03,b472905ea811c145b1827f382975756a66c2ac5dffbe9ad323148bfdea38cdb5
SIDM00476,OV-17R,OV,,GDSC,unknown,data/raw/gdsc_drug_response.csv,6207,2026-10-03,b472905ea811c145b1827f382975756a66c2ac5dffbe9ad323148bfdea38cdb5
SIDM00475,OV-56,OV,,GDSC,unknown,data/raw/gdsc_drug_response.csv,6208,2026-10-03,b472905ea811c145b1827f382975756a66c2ac5dffbe9ad323148bfdea38cdb5
SIDM00967,OVCA420,OV,,GDSC,unknown,data/raw/gdsc_drug_response.csv,6209,2026-10-03,b472905ea811c145b1827f382975756a66c2ac5dffbe9ad323148bfdea38cdb5
SIDM00966,OVCA433,OV,,GDSC,unknown,data/raw/gdsc_drug_response.csv,6210,2026-10-03,b472905ea811c145b1827f382975756a66c2ac5dffbe9ad323148bfdea38cdb5
SIDM00238,OVK-18,OV,,GDSC,unknown,data/raw/gdsc_drug_response.csv,6211,2026-10-03,b472905ea811c145b1827f382975756a66c2ac5dffbe9ad323148bfdea38cdb5
SIDM00472,PEO1,OV,,GDSC,unknown,data/raw/gdsc_drug_response.csv,6212,2026-10-03,b472905ea811c145b1827f382975756a66c2ac5dffbe9ad323148bfdea38cdb5
SIDM00815,UWB1.289,OV,,GDSC,unknown,data/raw/gdsc_drug_response.csv,6213,2026-10-03,b472905ea811c145b1827f382975756a66c2ac5dffbe9ad323148bfdea38cdb5
SIDM01041,FLO-1,ESCA,,GDSC,unknown,data/raw/gdsc_drug_response.csv,6214,2026-10-03,b472905ea811c145b1827f382975756a66c2ac5dffbe9ad323148bfdea38cdb5
SIDM00445,OACp4C,ESCA,,GDSC,unknown,data/raw/gdsc_drug_response.csv,6215,2026-10-03,b472905ea811c145b1827f382975756a66c2ac5dffbe9ad323148bfdea38cdb5
SIDM00444,OACM5-1,ESCA,,GDSC,unknown,data/raw/gdsc_drug_response.csv,6216,2026-10-03,b472905ea811c145b1827f382975756a66c2ac5dffbe9ad323148bfdea38cdb5
SIDM00393,SK-GT-2,STAD,,GDSC,unknown,data/raw/gdsc_drug_response.csv,6217,2026-10-03,b472905ea811c145b1827f382975756a66c2ac5dffbe9ad323148bfdea38cdb5
SIDM00483,SK-GT-4,ESCA,,GDSC,unknown,data/raw/gdsc_drug_response.csv,6218,2026-10-03,b472905ea811c145b1827f382975756a66c2ac5dffbe9ad323148bfdea38cdb5
SIDM00539,ESO26,ESCA,,GDSC,unknown,data/raw/gdsc_drug_response.csv,6219,2026-10-03,b472905ea811c145b1827f382975756a66c2ac5dffbe9ad323148bfdea38cdb5
SIDM00538,ESO51,ESCA,,GDSC,unknown,data/raw/gdsc_drug_response.csv,6220,2026-10-03,b472905ea811c145b1827f382975756a66c2ac5dffbe9ad323148bfdea38cdb5
SIDM00530,KYAE-1,ESCA,,GDSC,unknown,data/raw/gdsc_drug_response.csv,6221,2026-10-03,b472905ea811c145b1827f382975756a66c2ac5dffbe9ad323148bfdea38cdb5
SIDM00048,EMC-BAC-1,LUAD,,GDSC,unknown,data/raw/gdsc_drug_response.csv,6222,2026-10-03,b472905ea811c145b1827f382975756a66c2ac5dffbe9ad323148bfdea38cdb5
SIDM00047,EMC-BAC-2,LUAD,,GDSC,unknown,data/raw/gdsc_drug_response.csv,6223,2026-10-03,b472905ea811c145b1827f382975756a66c2ac5dffbe9ad323148bfdea38cdb5
SIDM00250,TE-4,ESCA,,GDSC,unknown,data/raw/gdsc_drug_response.csv,6224,2026-10-03,b472905ea811c145b1827f382975756a66c2ac5dffbe9ad323148bfdea38cdb5
SIDM01185,U-CH2,NA,,GDSC,unknown,data/raw/gdsc_drug_response.csv,6225,2026-10-03,b472905ea811c145b1827f382975756a66c2ac5dffbe9ad323148bfdea38cdb5
SIDM00231,NCC010,KIRC,,GDSC,unknown,data/raw/gdsc_drug_response.csv,6226,2026-10-03,b472905ea811c145b1827f382975756a66c2ac5dffbe9ad323148bfdea38cdb5
SIDM00232,NCC021,KIRC,,GDSC,unknown,data/raw/gdsc_drug_response.csv,6227,2026-10-03,b472905ea811c145b1827f382975756a66c2ac5dffbe9ad323148bfdea38cdb5
SIDM00819,RCC-FG2,KIRC,,GDSC,unknown,data/raw/gdsc_drug_response.csv,6228,2026-10-03,b472905ea811c145b1827f382975756a66c2ac5dffbe9ad323148bfdea38cdb5
SIDM00818,RCC-JF,KIRC,,GDSC,unknown,data/raw/gdsc_drug_response.csv,6229,2026-10-03,b472905ea811c145b1827f382975756a66c2ac5dffbe9ad323148bfdea38cdb5
SIDM00817,RCC-JW,KIRC,,GDSC,unknown,data/raw/gdsc_drug_response.csv,6230,2026-10-03,b472905ea811c145b1827f382975756a66c2ac5dffbe9ad323148bfdea38cdb5
SIDM00820,RCC-ER,KIRC,,GDSC,unknown,data/raw/gdsc_drug_response.csv,6231,2026-10-03,b472905ea811c145b1827f382975756a66c2ac5dffbe9ad323148bfdea38cdb5
SIDM00821,RCC-AB,KIRC,,GDSC,unknown,data/raw/gdsc_drug_response.csv,6232,2026-10-03,b472905ea811c145b1827f382975756a66c2ac5dffbe9ad323148bfdea38cdb5
SIDM00816,RCC-MF,KIRC,,GDSC,unknown,data/raw/gdsc_drug_response.csv,6233,2026-10-03,b472905ea811c145b1827f382975756a66c2ac5dffbe9ad323148bfdea38cdb5
SIDM00608,KMS-11,MM,,GDSC,unknown,data/raw/gdsc_drug_response.csv,6234,2026-10-03,b472905ea811c145b1827f382975756a66c2ac5dffbe9ad323148bfdea38cdb5
SIDM01265,MM1S,MM,,GDSC,unknown,data/raw/gdsc_drug_response.csv,6235,2026-10-03,b472905ea811c145b1827f382975756a66c2ac5dffbe9ad323148bfdea38cdb5
SIDM00459,OCI-LY7,DLBC,,GDSC,unknown,data/raw/gdsc_drug_response.csv,6236,2026-10-03,b472905ea811c145b1827f382975756a66c2ac5dffbe9ad323148bfdea38cdb5
SIDM00216,SNU-175,COREAD,,GDSC,unknown,data/raw/gdsc_drug_response.csv,6237,2026-10-03,b472905ea811c145b1827f382975756a66c2ac5dffbe9ad323148bfdea38cdb5
SIDM00215,SNU-283,NA,,GDSC,unknown,data/raw/gdsc_drug_response.csv,6238,2026-10-03,b472905ea811c145b1827f382975756a66c2ac5dffbe9ad323148bfdea38cdb5
SIDM00214,SNU-407,COREAD,,GDSC,unknown,data/raw/gdsc_drug_response.csv,6239,2026-10-03,b472905ea811c145b1827f382975756a66c2ac5dffbe9ad323148bfdea38cdb5
SIDM00194,SNU-61,COREAD,,GDSC,unknown,data/raw/gdsc_drug_response.csv,6240,2026-10-03,b472905ea811c145b1827f382975756a66c2ac5dffbe9ad323148bfdea38cdb5
SIDM00193,SNU-81,COREAD,,GDSC,unknown,data/raw/gdsc_drug_response.csv,6241,2026-10-03,b472905ea811c145b1827f382975756a66c2ac5dffbe9ad323148bfdea38cdb5
SIDM00498,SNU-C5,COREAD,,GDSC,unknown,data/raw/gdsc_drug_response.csv,6242,2026-10-03,b472905ea811c145b1827f382975756a66c2ac5dffbe9ad323148bfdea38cdb5
SIDM00049,DiFi,COREAD,,GDSC,unknown,data/raw/gdsc_drug_response.csv,6243,2026-10-03,b472905ea811c145b1827f382975756a66c2ac5dffbe9ad323148bfdea38cdb5
SIDM00046,H3255,Non-Small Cell Lung Carcinoma,Lung,Cell Model Passports,unknown,data/raw/cell_model_passports_mutations.csv,SIDM00046,2026-10-03,743df2a5e1260531128c14e977c42e79fe3298a14fef9f78ee3b1706a1e580c2
SIDM00237,PC-14,Non-Small Cell Lung Carcinoma,Lung,Cell Model Passports,unknown,data/raw/cell_model_passports_mutations.csv,SIDM00237,2026-10-03,743df2a5e1260531128c14e977c42e79fe3298a14fef9f78ee3b1706a1e580c2
SIDM00341,LOU-NH91,Squamous Cell Lung Carcinoma,Lung,Cell Model Passports,unknown,data/raw/cell_model_passports_mutations.csv,SIDM00341,2026-10-03,743df2a5e1260531128c14e977c42e79fe3298a14fef9f78ee3b1706a1e580c2
SIDM00361,PC-3_[JPC-3],Non-Small Cell Lung Carcinoma,Lung,Cell Model Passports,unknown,data/raw/cell_model_passports_mutations.csv,SIDM00361,2026-10-03,743df2a5e1260531128c14e977c42e79fe3298a14fef9f78ee3b1706a1e580c2
SIDM00486,EBC-1,Squamous Cell Lung Carcinoma,Lung,Cell Model Passports,unknown,data/raw/cell_model_passports_mutations.csv,SIDM00486,2026-10-03,743df2a5e1260531128c14e977c42e79fe3298a14fef9f78ee3b1706a1e580c2
SIDM00524,DMS-79,Small Cell Lung Carcinoma,Lung,Cell Model Passports,unknown,data/raw/cell_model_passports_mutations.csv,SIDM00524,2026-10-03,743df2a5e1260531128c14e977c42e79fe3298a14fef9f78ee3b1706a1e580c2
SIDM00723,NCI-H2444,Non-Small Cell Lung Carcinoma,Lung,Cell Model Passports,unknown,data/raw/cell_model_passports_mutations.csv,SIDM00723,2026-10-03,743df2a5e1260531128c14e977c42e79fe3298a14fef9f78ee3b1706a1e580c2
SIDM00727,NCI-H2342,Non-Small Cell Lung Carcinoma,Lung,Cell Model Passports,unknown,data/raw/cell_model_passports_mutations.csv,SIDM00727,2026-10-03,743df2a5e1260531128c14e977c42e79fe3298a14fef9f78ee3b1706a1e580c2
SIDM00745,NCI-H1650,Non-Small Cell Lung Carcinoma,Lung,Cell Model Passports,unknown,data/raw/cell_model_passports_mutations.csv,SIDM00745,2026-10-03,743df2a5e1260531128c14e977c42e79fe3298a14fef9f78ee3b1706a1e580c2
SIDM00746,NCI-H1648,Non-Small Cell Lung Carcinoma,Lung,Cell Model Passports,unknown,data/raw/cell_model_passports_mutations.csv,SIDM00746,2026-10-03,743df2a5e1260531128c14e977c42e79fe3298a14fef9f78ee3b1706a1e580c2
SIDM00749,NCI-H1573,Non-Small Cell Lung Carcinoma,Lung,Cell Model Passports,unknown,data/raw/cell_model_passports_mutations.csv,SIDM00749,2026-10-03,743df2a5e1260531128c14e977c42e79fe3298a14fef9f78ee3b1706a1e580c2
SIDM00758,NCI-H1993,Non-Small Cell Lung Carcinoma,Lung,Cell Model Passports,unknown,data/raw/cell_model_passports_mutations.csv,SIDM00758,2026-10-03,743df2a5e1260531128c14e977c42e79fe3298a14fef9f78ee3b1706a1e580c2
SIDM00759,NCI-H1975,Non-Small Cell Lung Carcinoma,Lung,Cell Model Passports,unknown,data/raw/cell_model_passports_mutations.csv,SIDM00759,2026-10-03,743df2a5e1260531128c14e977c42e79fe3298a14fef9f78ee3b1706a1e580c2
SIDM00925,NCI-H441,Non-Small Cell Lung Carcinoma,Lung,Cell Model Passports,unknown,data/raw/cell_model_passports_mutations.csv,SIDM00925,2026-10-03,743df2a5e1260531128c14e977c42e79fe3298a14fef9f78ee3b1706a1e580c2
SIDM01067,HCC-827,Non-Small Cell Lung Carcinoma,Lung,Cell Model Passports,unknown,data/raw/cell_model_passports_mutations.csv,SIDM01067,2026-10-03,743df2a5e1260531128c14e977c42e79fe3298a14fef9f78ee3b1706a1e580c2
SIDM01116,NCI-H810,Non-Small Cell Lung Carcinoma,Lung,Cell Model Passports,unknown,data/raw/cell_model_passports_mutations.csv,SIDM01116,2026-10-03,743df2a5e1260531128c14e977c42e79fe3298a14fef9f78ee3b1706a1e580c2
SIDM01596,HCC4006,Non-Small Cell Lung Carcinoma,Lung,Cell Model Passports,unknown,data/raw/cell_model_passports_mutations.csv,SIDM01596,2026-10-03,743df2a5e1260531128c14e977c42e79fe3298a14fef9f78ee3b1706a1e580c2
SIDM01598,HCC-2935,Non-Small Cell Lung Carcinoma,Lung,Cell Model Passports,unknown,data/raw/cell_model_passports_mutations.csv,SIDM01598,2026-10-03,743df2a5e1260531128c14e977c42e79fe3298a14fef9f78ee3b1706a1e580c2
P-0000030-T01-IM3,P-0000030-T01-IM3,Non-Small Cell Lung Cancer,lung,cBioPortal,unknown,data/raw/cbioportal_alterations.csv,P-0000030-T01-IM3,2026-10-03,901439d00f53aaac7cba1f17b89ed2231f6c053af64bab1cd501a5a0716dfd5b
P-0000165-T01-IM3,P-0000165-T01-IM3,Non-Small Cell Lung Cancer,lung,cBioPortal,unknown,data/raw/cbioportal_alterations.csv,P-0000165-T01-IM3,2026-10-03,901439d00f53aaac7cba1f17b89ed2231f6c053af64bab1cd501a5a0716dfd5b
P-0000205-T01-IM3,P-0000205-T01-IM3,Non-Small Cell Lung Cancer,lung,cBioPortal,unknown,data/raw/cbioportal_alterations.csv,P-0000205-T01-IM3,2026-10-03,901439d00f53aaac7cba1f17b89ed2231f6c053af64bab1cd501a5a0716dfd5b
P-0000219-T01-IM3,P-0000219-T01-IM3,Non-Small Cell Lung Cancer,lung,cBioPortal,unknown,data/raw/cbioportal_alterations.csv,P-0000219-T01-IM3,2026-10-03,901439d00f53aaac7cba1f17b89ed2231f6c053af64bab1cd501a5a0716dfd5b
P-0000280-T01-IM3,P-0000280-T01-IM3,Non-Small Cell Lung Cancer,lung,cBioPortal,unknown,data/raw/cbioportal_alterations.csv,P-0000280-T01-IM3,2026-10-03,901439d00f53aaac7cba1f17b89ed2231f6c053af64bab1cd501a5a0716dfd5b
P-0000289-T01-IM3,P-0000289-T01-IM3,Non-Small Cell Lung Cancer,lung,cBioPortal,unknown,data/raw/cbioportal_alterations.csv,P-0000289-T01-IM3,2026-10-03,901439d00f53aaac7cba1f17b89ed2231f6c053af64bab1cd501a5a0716dfd5b
P-0000301-T01-IM3,P-0000301-T01-IM3,Non-Small Cell Lung Cancer,lung,cBioPortal,unknown,data/raw/cbioportal_alterations.csv,P-0000301-T01-IM3,2026-10-03,901439d00f53aaac7cba1f17b89ed2231f6c053af64bab1cd501a5a0716dfd5b
P-0000316-T01-IM3,P-0000316-T01-IM3,Non-Small Cell Lung Cancer,lung,cBioPortal,unknown,data/raw/cbioportal_alterations.csv,P-0000316-T01-IM3,2026-10-03,901439d00f53aaac7cba1f17b89ed2231f6c053af64bab1cd501a5a0716dfd5b
P-0000347-T01-IM3,P-0000347-T01-IM3,Non-Small Cell Lung Cancer,lung,cBioPortal,unknown,data/raw/cbioportal_alterations.csv,P-0000347-T01-IM3,2026-10-03,901439d00f53aaac7cba1f17b89ed2231f6c053af64bab1cd501a5a0716dfd5b
P-0000348-T01-IM3,P-0000348-T01-IM3,Non-Small Cell Lung Cancer,lung,cBioPortal,unknown,data/raw/cbioportal_alterations.csv,P-0000348-T01-IM3,2026-10-03,901439d00f53aaac7cba1f17b89ed2231f6c053af64bab1cd501a5a0716dfd5b
P-0000352-T01-IM3,P-0000352-T01-IM3,Non-Small Cell Lung Cancer,lung,cBioPortal,unknown,data/raw/cbioportal_alterations.csv,P-0000352-T01-IM3,2026-10-03,901439d00f53aaac7cba1f17b89ed2231f6c053af64bab1cd501a5a0716dfd5b
P-0000370-T01-IM3,P-0000370-T01-IM3,Non-Small Cell Lung Cancer,lung,cBioPortal,unknown,data/raw/cbioportal_alterations.csv,P-0000370-T01-IM3,2026-10-03,901439d00f53aaac7cba1f17b89ed2231f6c053af64bab1cd501a5a0716dfd5b
P-0000390-T01-IM3,P-0000390-T01-IM3,Non-Small Cell Lung Cancer,lung,cBioPortal,unknown,data/raw/cbioportal_alterations.csv,P-0000390-T01-IM3,2026-10-03,901439d00f53aaac7cba1f17b89ed2231f6c053af64bab1cd501a5a0716dfd5b
P-0000571-T01-IM3,P-0000571-T01-IM3,Non-Small Cell Lung Cancer,lung,cBioPortal,unknown,data/raw/cbioportal_alterations.csv,P-0000571-T01-IM3,2026-10-03,901439d00f53aaac7cba1f17b89ed2231f6c053af64bab1cd501a5a0716dfd5b
P-0000580-T01-IM3,P-0000580-T01-IM3,Non-Small Cell Lung Cancer,lung,cBioPortal,unknown,data/raw/cbioportal_alterations.csv,P-0000580-T01-IM3,2026-10-03,901439d00f53aaac7cba1f17b89ed2231f6c053af64bab1cd501a5a0716dfd5b
P-0000583-T01-IM3,P-0000583-T01-IM3,Non-Small Cell Lung Cancer,lung,cBioPortal,unknown,data/raw/cbioportal_alterations.csv,P-0000583-T01-IM3,2026-10-03,901439d00f53aaac7cba1f17b89ed2231f6c053af64bab1cd501a5a0716dfd5b
P-0000628-T01-IM3,P-0000628-T01-IM3,Non-Small Cell Lung Cancer,lung,cBioPortal,unknown,data/raw/cbioportal_alterations.csv,P-0000628-T01-IM3,2026-10-03,901439d00f53aaac7cba1f17b89ed2231f6c053af64bab1cd501a5a0716dfd5b
P-0000628-T02-IM5,P-0000628-T02-IM5,Non-Small Cell Lung Cancer,lung,cBioPortal,unknown,data/raw/cbioportal_alterations.csv,P-0000628-T02-IM5,2026-10-03,901439d00f53aaac7cba1f17b89ed2231f6c053af64bab1cd501a5a0716dfd5b
P-0000630-T01-IM3,P-0000630-T01-IM3,Non-Small Cell Lung Cancer,lung,cBioPortal,unknown,data/raw/cbioportal_alterations.csv,P-0000630-T01-IM3,2026-10-03,901439d00f53aaac7cba1f17b89ed2231f6c053af64bab1cd501a5a0716dfd5b
P-0000636-T01-IM3,P-0000636-T01-IM3,Non-Small Cell Lung Cancer,lung,cBioPortal,unknown,data/raw/cbioportal_alterations.csv,P-0000636-T01-IM3,2026-10-03,901439d00f53aaac7cba1f17b89ed2231f6c053af64bab1cd501a5a0716dfd5b
P-0000642-T01-IM3,P-0000642-T01-IM3,Non-Small Cell Lung Cancer,lung,cBioPortal,unknown,data/raw/cbioportal_alterations.csv,P-0000642-T01-IM3,2026-10-03,901439d00f53aaac7cba1f17b89ed2231f6c053af64bab1cd501a5a0716dfd5b
P-0000670-T01-IM3,P-0000670-T01-IM3,Non-Small Cell Lung Cancer,lung,cBioPortal,unknown,data/raw/cbioportal_alterations.csv,P-0000670-T01-IM3,2026-10-03,901439d00f53aaac7cba1f17b89ed2231f6c053af64bab1cd501a5a0716dfd5b
P-0000681-T01-IM3,P-0000681-T01-IM3,Non-Small Cell Lung Cancer,lung,cBioPortal,unknown,data/raw/cbioportal_alterations.csv,P-0000681-T01-IM3,2026-10-03,901439d00f53aaac7cba1f17b89ed2231f6c053af64bab1cd501a5a0716dfd5b
P-0000681-T02-IM5,P-0000681-T02-IM5,Non-Small Cell Lung Cancer,lung,cBioPortal,unknown,data/raw/cbioportal_alterations.csv,P-0000681-T02-IM5,2026-10-03,901439d00f53aaac7cba1f17b89ed2231f6c053af64bab1cd501a5a0716dfd5b
P-0000731-T01-IM3,P-0000731-T01-IM3,Non-Small Cell Lung Cancer,lung,cBioPortal,unknown,data/raw/cbioportal_alterations.csv,P-0000731-T01-IM3,2026-10-03,901439d00f53aaac7cba1f17b89ed2231f6c053af64bab1cd501a5a0716dfd5b
P-0000774-T01-IM3,P-0000774-T01-IM3,Non-Small Cell Lung Cancer,lung,cBioPortal,unknown,data/raw/cbioportal_alterations.csv,P-0000774-T01-IM3,2026-10-03,901439d00f53aaac7cba1f17b89ed2231f6c053af64bab1cd501a5a0716dfd5b
P-0000785-T01-IM3,P-0000785-T01-IM3,Non-Small Cell Lung Cancer,lung,cBioPortal,unknown,data/raw/cbioportal_alterations.csv,P-0000785-T01-IM3,2026-10-03,901439d00f53aaac7cba1f17b89ed2231f6c053af64bab1cd501a5a0716dfd5b
P-0000838-T01-IM3,P-0000838-T01-IM3,Non-Small Cell Lung Cancer,lung,cBioPortal,unknown,data/raw/cbioportal_alterations.csv,P-0000838-T01-IM3,2026-10-03,901439d00f53aaac7cba1f17b89ed2231f6c053af64bab1cd501a5a0716dfd5b
P-0000894-T01-IM3,P-0000894-T01-IM3,Non-Small Cell Lung Cancer,lung,cBioPortal,unknown,data/raw/cbioportal_alterations.csv,P-0000894-T01-IM3,2026-10-03,901439d00f53aaac7cba1f17b89ed2231f6c053af64bab1cd501a5a0716dfd5b
P-0000900-T01-IM3,P-0000900-T01-IM3,Non-Small Cell Lung Cancer,lung,cBioPortal,unknown,data/raw/cbioportal_alterations.csv,P-0000900-T01-IM3,2026-10-03,901439d00f53aaac7cba1f17b89ed2231f6c053af64bab1cd501a5a0716dfd5b
P-0000913-T02-IM5,P-0000913-T02-IM5,Non-Small Cell Lung Cancer,lung,cBioPortal,unknown,data/raw/cbioportal_alterations.csv,P-0000913-T02-IM5,2026-10-03,901439d00f53aaac7cba1f17b89ed2231f6c053af64bab1cd501a5a0716dfd5b
P-0000913-T03-IM5,P-0000913-T03-IM5,Non-Small Cell Lung Cancer,lung,cBioPortal,unknown,data/raw/cbioportal_alterations.csv,P-0000913-T03-IM5,2026-10-03,901439d00f53aaac7cba1f17b89ed2231f6c053af64bab1cd501a5a0716dfd5b
P-0000929-T01-IM3,P-0000929-T01-IM3,Non-Small Cell Lung Cancer,lung,cBioPortal,unknown,data/raw/cbioportal_alterations.csv,P-0000929-T01-IM3,2026-10-03,901439d00f53aaac7cba1f17b89ed2231f6c053af64bab1cd501a5a0716dfd5b
P-0000963-T01-IM3,P-0000963-T01-IM3,Non-Small Cell Lung Cancer,lung,cBioPortal,unknown,data/raw/cbioportal_alterations.csv,P-0000963-T01-IM3,2026-10-03,901439d00f53aaac7cba1f17b89ed2231f6c053af64bab1cd501a5a0716dfd5b
P-0000978-T02-IM5,P-0000978-T02-IM5,Non-Small Cell Lung Cancer,lung,cBioPortal,unknown,data/raw/cbioportal_alterations.csv,P-0000978-T02-IM5,2026-10-03,901439d00f53aaac7cba1f17b89ed2231f6c053af64bab1cd501a5a0716dfd5b
P-0000987-T01-IM3,P-0000987-T01-IM3,Non-Small Cell Lung Cancer,lung,cBioPortal,unknown,data/raw/cbioportal_alterations.csv,P-0000987-T01-IM3,2026-10-03,901439d00f53aaac7cba1f17b89ed2231f6c053af64bab1cd501a5a0716dfd5b
P-0001037-T01-IM3,P-0001037-T01-IM3,Non-Small Cell Lung Cancer,lung,cBioPortal,unknown,data/raw/cbioportal_alterations.csv,P-0001037-T01-IM3,2026-10-03,901439d00f53aaac7cba1f17b89ed2231f6c053af64bab1cd501a5a0716dfd5b
P-0001089-T01-IM3,P-0001089-T01-IM3,Non-Small Cell Lung Cancer,lung,cBioPortal,unknown,data/raw/cbioportal_alterations.csv,P-0001089-T01-IM3,2026-10-03,901439d00f53aaac7cba1f17b89ed2231f6c053af64bab1cd501a5a0716dfd5b
P-0001097-T01-IM3,P-0001097-T01-IM3,Non-Small Cell Lung Cancer,lung,cBioPortal,unknown,data/raw/cbioportal_alterations.csv,P-0001097-T01-IM3,2026-10-03,901439d00f53aaac7cba1f17b89ed2231f6c053af64bab1cd501a5a0716dfd5b
P-0001097-T02-IM5,P-0001097-T02-IM5,Non-Small Cell Lung Cancer,lung,cBioPortal,unknown,data/raw/cbioportal_alterations.csv,P-0001097-T02-IM5,2026-10-03,901439d00f53aaac7cba1f17b89ed2231f6c053af64bab1cd501a5a0716dfd5b
P-0001123-T01-IM3,P-0001123-T01-IM3,Non-Small Cell Lung Cancer,lung,cBioPortal,unknown,data/raw/cbioportal_alterations.csv,P-0001123-T01-IM3,2026-10-03,901439d00f53aaac7cba1f17b89ed2231f6c053af64bab1cd501a5a0716dfd5b
P-0001123-T02-IM5,P-0001123-T02-IM5,Non-Small Cell Lung Cancer,lung,cBioPortal,unknown,data/raw/cbioportal_alterations.csv,P-0001123-T02-IM5,2026-10-03,901439d00f53aaac7cba1f17b89ed2231f6c053af64bab1cd501a5a0716dfd5b
P-0001131-T01-IM3,P-0001131-T01-IM3,Non-Small Cell Lung Cancer,lung,cBioPortal,unknown,data/raw/cbioportal_alterations.csv,P-0001131-T01-IM3,2026-10-03,901439d00f53aaac7cba1f17b89ed2231f6c053af64bab1cd501a5a0716dfd5b
P-0001171-T01-IM3,P-0001171-T01-IM3,Non-Small Cell Lung Cancer,lung,cBioPortal,unknown,data/raw/cbioportal_alterations.csv,P-0001171-T01-IM3,2026-10-03,901439d00f53aaac7cba1f17b89ed2231f6c053af64bab1cd501a5a0716dfd5b
P-0001208-T01-IM3,P-0001208-T01-IM3,Non-Small Cell Lung Cancer,lung,cBioPortal,unknown,data/raw/cbioportal_alterations.csv,P-0001208-T01-IM3,2026-10-03,901439d00f53aaac7cba1f17b89ed2231f6c053af64bab1cd501a5a0716dfd5b
P-0001241-T01-IM3,P-0001241-T01-IM3,Non-Small Cell Lung Cancer,lung,cBioPortal,unknown,data/raw/cbioportal_alterations.csv,P-0001241-T01-IM3,2026-10-03,901439d00f53aaac7cba1f17b89ed2231f6c053af64bab1cd501a5a0716dfd5b
P-0001241-T02-IM3,P-0001241-T02-IM3,Non-Small Cell Lung Cancer,lung,cBioPortal,unknown,data/raw/cbioportal_alterations.csv,P-0001241-T02-IM3,2026-10-03,901439d00f53aaac7cba1f17b89ed2231f6c053af64bab1cd501a5a0716dfd5b
P-0001278-T01-IM3,P-0001278-T01-IM3,Non-Small Cell Lung Cancer,lung,cBioPortal,unknown,data/raw/cbioportal_alterations.csv,P-0001278-T01-IM3,2026-10-03,901439d00f53aaac7cba1f17b89ed2231f6c053af64bab1cd501a5a0716dfd5b
P-0001296-T01-IM3,P-0001296-T01-IM3,Non-Small Cell Lung Cancer,lung,cBioPortal,unknown,data/raw/cbioportal_alterations.csv,P-0001296-T01-IM3,2026-10-03,901439d00f53aaac7cba1f17b89ed2231f6c053af64bab1cd501a5a0716dfd5b
P-0001296-T02-IM5,P-0001296-T02-IM5,Non-Small Cell Lung Cancer,lung,cBioPortal,unknown,data/raw/cbioportal_alterations.csv,P-0001296-T02-IM5,2026-10-03,901439d00f53aaac7cba1f17b89ed2231f6c053af64bab1cd501a5a0716dfd5b
P-0001300-T01-IM3,P-0001300-T01-IM3,Non-Small Cell Lung Cancer,lung,cBioPortal,unknown,data/raw/cbioportal_alterations.csv,P-0001300-T01-IM3,2026-10-03,901439d00f53aaac7cba1f17b89ed2231f6c053af64bab1cd501a5a0716dfd5b
P-0001300-T02-IM5,P-0001300-T02-IM5,Non-Small Cell Lung Cancer,lung,cBioPortal,unknown,data/raw/cbioportal_alterations.csv,P-0001300-T02-IM5,2026-10-03,901439d00f53aaac7cba1f17b89ed2231f6c053af64bab1cd501a5a0716dfd5b
P-0001303-T01-IM3,P-0001303-T01-IM3,Non-Small Cell Lung Cancer,lung,cBioPortal,unknown,data/raw/cbioportal_alterations.csv,P-0001303-T01-IM3,2026-10-03,901439d00f53aaac7cba1f17b89ed2231f6c053af64bab1cd501a5a0716dfd5b
P-0001303-T02-IM3,P-0001303-T02-IM3,Non-Small Cell Lung Cancer,lung,cBioPortal,unknown,data/raw/cbioportal_alterations.csv,P-0001303-T02-IM3,2026-10-03,901439d00f53aaac7cba1f17b89ed2231f6c053af64bab1cd501a5a0716dfd5b
P-0001303-T03-IM5,P-0001303-T03-IM5,Non-Small Cell Lung Cancer,lung,cBioPortal,unknown,data/raw/cbioportal_alterations.csv,P-0001303-T03-IM5,2026-10-03,901439d00f53aaac7cba1f17b89ed2231f6c053af64bab1cd501a5a0716dfd5b
P-0001328-T01-IM3,P-0001328-T01-IM3,Non-Small Cell Lung Cancer,lung,cBioPortal,unknown,data/raw/cbioportal_alterations.csv,P-0001328-T01-IM3,2026-10-03,901439d00f53aaac7cba1f17b89ed2231f6c053af64bab1cd501a5a0716dfd5b
P-0001357-T02-IM5,P-0001357-T02-IM5,Non-Small Cell Lung Cancer,lung,cBioPortal,unknown,data/raw/cbioportal_alterations.csv,P-0001357-T02-IM5,2026-10-03,901439d00f53aaac7cba1f17b89ed2231f6c053af64bab1cd501a5a0716dfd5b
P-0001368-T01-IM3,P-0001368-T01-IM3,Non-Small Cell Lung Cancer,lung,cBioPortal,unknown,data/raw/cbioportal_alterations.csv,P-0001368-T01-IM3,2026-10-03,901439d00f53aaac7cba1f17b89ed2231f6c053af64bab1cd501a5a0716dfd5b
P-0001389-T01-IM3,P-0001389-T01-IM3,Non-Small Cell Lung Cancer,lung,cBioPortal,unknown,data/raw/cbioportal_alterations.csv,P-0001389-T01-IM3,2026-10-03,901439d00f53aaac7cba1f17b89ed2231f6c053af64bab1cd501a5a0716dfd5b
P-0001442-T01-IM3,P-0001442-T01-IM3,Non-Small Cell Lung Cancer,lung,cBioPortal,unknown,data/raw/cbioportal_alterations.csv,P-0001442-T01-IM3,2026-10-03,901439d00f53aaac7cba1f17b89ed2231f6c053af64bab1cd501a5a0716dfd5b
P-0001442-T02-IM5,P-0001442-T02-IM5,Non-Small Cell Lung Cancer,lung,cBioPortal,unknown,data/raw/cbioportal_alterations.csv,P-0001442-T02-IM5,2026-10-03,901439d00f53aaac7cba1f17b89ed2231f6c053af64bab1cd501a5a0716dfd5b
P-0001506-T01-IM3,P-0001506-T01-IM3,Non-Small Cell Lung Cancer,lung,cBioPortal,unknown,data/raw/cbioportal_alterations.csv,P-0001506-T01-IM3,2026-10-03,901439d00f53aaac7cba1f17b89ed2231f6c053af64bab1cd501a5a0716dfd5b
P-0001514-T01-IM3,P-0001514-T01-IM3,Non-Small Cell Lung Cancer,lung,cBioPortal,unknown,data/raw/cbioportal_alterations.csv,P-0001514-T01-IM3,2026-10-03,901439d00f53aaac7cba1f17b89ed2231f6c053af64bab1cd501a5a0716dfd5b
P-0001546-T02-IM5,P-0001546-T02-IM5,Non-Small Cell Lung Cancer,lung,cBioPortal,unknown,data/raw/cbioportal_alterations.csv,P-0001546-T02-IM5,2026-10-03,901439d00f53aaac7cba1f17b89ed2231f6c053af64bab1cd501a5a0716dfd5b
P-0001553-T02-IM5,P-0001553-T02-IM5,Non-Small Cell Lung Cancer,lung,cBioPortal,unknown,data/raw/cbioportal_alterations.csv,P-0001553-T02-IM5,2026-10-03,901439d00f53aaac7cba1f17b89ed2231f6c053af64bab1cd501a5a0716dfd5b
P-0001613-T01-IM3,P-0001613-T01-IM3,Non-Small Cell Lung Cancer,lung,cBioPortal,unknown,data/raw/cbioportal_alterations.csv,P-0001613-T01-IM3,2026-10-03,901439d00f53aaac7cba1f17b89ed2231f6c053af64bab1cd501a5a0716dfd5b
P-0001613-T02-IM5,P-0001613-T02-IM5,Non-Small Cell Lung Cancer,lung,cBioPortal,unknown,data/raw/cbioportal_alterations.csv,P-0001613-T02-IM5,2026-10-03,901439d00f53aaac7cba1f17b89ed2231f6c053af64bab1cd501a5a0716dfd5b
P-0001625-T01-IM3,P-0001625-T01-IM3,Non-Small Cell Lung Cancer,lung,cBioPortal,unknown,data/raw/cbioportal_alterations.csv,P-0001625-T01-IM3,2026-10-03,901439d00f53aaac7cba1f17b89ed2231f6c053af64bab1cd501a5a0716dfd5b
P-0001665-T01-IM3,P-0001665-T01-IM3,Non-Small Cell Lung Cancer,lung,cBioPortal,unknown,data/raw/cbioportal_alterations.csv,P-0001665-T01-IM3,2026-10-03,901439d00f53aaac7cba1f17b89ed2231f6c053af64bab1cd501a5a0716dfd5b
P-0001707-T01-IM3,P-0001707-T01-IM3,Non-Small Cell Lung Cancer,lung,cBioPortal,unknown,data/raw/cbioportal_alterations.csv,P-0001707-T01-IM3,2026-10-03,901439d00f53aaac7cba1f17b89ed2231f6c053af64bab1cd501a5a0716dfd5b
P-0001726-T01-IM3,P-0001726-T01-IM3,Non-Small Cell Lung Cancer,lung,cBioPortal,unknown,data/raw/cbioportal_alterations.csv,P-0001726-T01-IM3,2026-10-03,901439d00f53aaac7cba1f17b89ed2231f6c053af64bab1cd501a5a0716dfd5b
P-0001750-T01-IM3,P-0001750-T01-IM3,Non-Small Cell Lung Cancer,lung,cBioPortal,unknown,data/raw/cbioportal_alterations.csv,P-0001750-T01-IM3,2026-10-03,901439d00f53aaac7cba1f17b89ed2231f6c053af64bab1cd501a5a0716dfd5b
P-0001766-T01-IM3,P-0001766-T01-IM3,Non-Small Cell Lung Cancer,lung,cBioPortal,unknown,data/raw/cbioportal_alterations.csv,P-0001766-T01-IM3,2026-10-03,901439d00f53aaac7cba1f17b89ed2231f6c053af64bab1cd501a5a0716dfd5b
P-0001813-T01-IM3,P-0001813-T01-IM3,Non-Small Cell Lung Cancer,lung,cBioPortal,unknown,data/raw/cbioportal_alterations.csv,P-0001813-T01-IM3,2026-10-03,901439d00f53aaac7cba1f17b89ed2231f6c053af64bab1cd501a5a0716dfd5b
P-0001813-T02-IM3,P-0001813-T02-IM3,Non-Small Cell Lung Cancer,lung,cBioPortal,unknown,data/raw/cbioportal_alterations.csv,P-0001813-T02-IM3,2026-10-03,901439d00f53aaac7cba1f17b89ed2231f6c053af64bab1cd501a5a0716dfd5b
P-0001817-T01-IM3,P-0001817-T01-IM3,Non-Small Cell Lung Cancer,lung,cBioPortal,unknown,data/raw/cbioportal_alterations.csv,P-0001817-T01-IM3,2026-10-03,901439d00f53aaac7cba1f17b89ed2231f6c053af64bab1cd501a5a0716dfd5b
P-0001817-T02-IM5,P-0001817-T02-IM5,Non-Small Cell Lung Cancer,lung,cBioPortal,unknown,data/raw/cbioportal_alterations.csv,P-0001817-T02-IM5,2026-10-03,901439d00f53aaac7cba1f17b89ed2231f6c053af64bab1cd501a5a0716dfd5b
P-0001826-T01-IM3,P-0001826-T01-IM3,Non-Small Cell Lung Cancer,lung,cBioPortal,unknown,data/raw/cbioportal_alterations.csv,P-0001826-T01-IM3,2026-10-03,901439d00f53aaac7cba1f17b89ed2231f6c053af64bab1cd501a5a0716dfd5b
P-0001832-T01-IM3,P-0001832-T01-IM3,Non-Small Cell Lung Cancer,lung,cBioPortal,unknown,data/raw/cbioportal_alterations.csv,P-0001832-T01-IM3,2026-10-03,901439d00f53aaac7cba1f17b89ed2231f6c053af64bab1cd501a5a0716dfd5b
P-0001894-T01-IM3,P-0001894-T01-IM3,Non-Small Cell Lung Cancer,lung,cBioPortal,unknown,data/raw/cbioportal_alterations.csv,P-0001894-T01-IM3,2026-10-03,901439d00f53aaac7cba1f17b89ed2231f6c053af64bab1cd501a5a0716dfd5b
P-0001972-T01-IM3,P-0001972-T01-IM3,Non-Small Cell Lung Cancer,lung,cBioPortal,unknown,data/raw/cbioportal_alterations.csv,P-0001972-T01-IM3,2026-10-03,901439d00f53aaac7cba1f17b89ed2231f6c053af64bab1cd501a5a0716dfd5b
P-0002026-T01-IM3,P-0002026-T01-IM3,Non-Small Cell Lung Cancer,lung,cBioPortal,unknown,data/raw/cbioportal_alterations.csv,P-0002026-T01-IM3,2026-10-03,901439d00f53aaac7cba1f17b89ed2231f6c053af64bab1cd501a5a0716dfd5b
P-0002038-T01-IM3,P-0002038-T01-IM3,Non-Small Cell Lung Cancer,lung,cBioPortal,unknown,data/raw/cbioportal_alterations.csv,P-0002038-T01-IM3,2026-10-03,901439d00f53aaac7cba1f17b89ed2231f6c053af64bab1cd501a5a0716dfd5b
P-0002054-T01-IM3,P-0002054-T01-IM3,Non-Small Cell Lung Cancer,lung,cBioPortal,unknown,data/raw/cbioportal_alterations.csv,P-0002054-T01-IM3,2026-10-03,901439d00f53aaac7cba1f17b89ed2231f6c053af64bab1cd501a5a0716dfd5b
P-0002085-T01-IM3,P-0002085-T01-IM3,Non-Small Cell Lung Cancer,lung,cBioPortal,unknown,data/raw/cbioportal_alterations.csv,P-0002085-T01-IM3,2026-10-03,901439d00f53aaac7cba1f17b89ed2231f6c053af64bab1cd501a5a0716dfd5b
P-0002085-T02-IM5,P-0002085-T02-IM5,Non-Small Cell Lung Cancer,lung,cBioPortal,unknown,data/raw/cbioportal_alterations.csv,P-0002085-T02-IM5,2026-10-03,901439d00f53aaac7cba1f17b89ed2231f6c053af64bab1cd501a5a0716dfd5b
P-0002091-T01-IM3,P-0002091-T01-IM3,Non-Small Cell Lung Cancer,lung,cBioPortal,unknown,data/raw/cbioportal_alterations.csv,P-0002091-T01-IM3,2026-10-03,901439d00f53aaac7cba1f17b89ed2231f6c053af64bab1cd501a5a0716dfd5b
P-0002091-T02-IM5,P-0002091-T02-IM5,Non-Small Cell Lung Cancer,lung,cBioPortal,unknown,data/raw/cbioportal_alterations.csv,P-0002091-T02-IM5,2026-10-03,901439d00f53aaac7cba1f17b89ed2231f6c053af64bab1cd501a5a0716dfd5b
P-0002105-T01-IM3,P-0002105-T01-IM3,Non-Small Cell Lung Cancer,lung,cBioPortal,unknown,data/raw/cbioportal_alterations.csv,P-0002105-T01-IM3,2026-10-03,901439d00f53aaac7cba1f17b89ed2231f6c053af64bab1cd501a5a0716dfd5b
P-0002160-T01-IM3,P-0002160-T01-IM3,Non-Small Cell Lung Cancer,lung,cBioPortal,unknown,data/raw/cbioportal_alterations.csv,P-0002160-T01-IM3,2026-10-03,901439d00f53aaac7cba1f17b89ed2231f6c053af64bab1cd501a5a0716dfd5b
P-0002207-T01-IM3,P-0002207-T01-IM3,Non-Small Cell Lung Cancer,lung,cBioPortal,unknown,data/raw/cbioportal_alterations.csv,P-0002207-T01-IM3,2026-10-03,901439d00f53aaac7cba1f17b89ed2231f6c053af64bab1cd501a5a0716dfd5b
P-0002218-T01-IM3,P-0002218-T01-IM3,Non-Small Cell Lung Cancer,lung,cBioPortal,unknown,data/raw/cbioportal_alterations.csv,P-0002218-T01-IM3,2026-10-03,901439d00f53aaac7cba1f17b89ed2231f6c053af64bab1cd501a5a0716dfd5b
P-0002218-T02-IM5,P-0002218-T02-IM5,Non-Small Cell Lung Cancer,lung,cBioPortal,unknown,data/raw/cbioportal_alterations.csv,P-0002218-T02-IM5,2026-10-03,901439d00f53aaac7cba1f17b89ed2231f6c053af64bab1cd501a5a0716dfd5b
P-0002309-T01-IM3,P-0002309-T01-IM3,Non-Small Cell Lung Cancer,lung,cBioPortal,unknown,data/raw/cbioportal_alterations.csv,P-0002309-T01-IM3,2026-10-03,901439d00f53aaac7cba1f17b89ed2231f6c053af64bab1cd501a5a0716dfd5b
P-0002329-T01-IM3,P-0002329-T01-IM3,Non-Small Cell Lung Cancer,lung,cBioPortal,unknown,data/raw/cbioportal_alterations.csv,P-0002329-T01-IM3,2026-10-03,901439d00f53aaac7cba1f17b89ed2231f6c053af64bab1cd501a5a0716dfd5b
P-0002338-T01-IM3,P-0002338-T01-IM3,Non-Small Cell Lung Cancer,lung,cBioPortal,unknown,data/raw/cbioportal_alterations.csv,P-0002338-T01-IM3,2026-10-03,901439d00f53aaac7cba1f17b89ed2231f6c053af64bab1cd501a5a0716dfd5b
P-0002403-T01-IM3,P-0002403-T01-IM3,Non-Small Cell Lung Cancer,lung,cBioPortal,unknown,data/raw/cbioportal_alterations.csv,P-0002403-T01-IM3,2026-10-03,901439d00f53aaac7cba1f17b89ed2231f6c053af64bab1cd501a5a0716dfd5b
P-0002423-T01-IM3,P-0002423-T01-IM3,Non-Small Cell Lung Cancer,lung,cBioPortal,unknown,data/raw/cbioportal_alterations.csv,P-0002423-T01-IM3,2026-10-03,901439d00f53aaac7cba1f17b89ed2231f6c053af64bab1cd501a5a0716dfd5b
P-0002425-T01-IM3,P-0002425-T01-IM3,Non-Small Cell Lung Cancer,lung,cBioPortal,unknown,data/raw/cbioportal_alterations.csv,P-0002425-T01-IM3,2026-10-03,901439d00f53aaac7cba1f17b89ed2231f6c053af64bab1cd501a5a0716dfd5b
P-0002426-T01-IM3,P-0002426-T01-IM3,Non-Small Cell Lung Cancer,lung,cBioPortal,unknown,data/raw/cbioportal_alterations.csv,P-0002426-T01-IM3,2026-10-03,901439d00f53aaac7cba1f17b89ed2231f6c053af64bab1cd501a5a0716dfd5b
P-0002446-T01-IM3,P-0002446-T01-IM3,Non-Small Cell Lung Cancer,lung,cBioPortal,unknown,data/raw/cbioportal_alterations.csv,P-0002446-T01-IM3,2026-10-03,901439d00f53aaac7cba1f17b89ed2231f6c053af64bab1cd501a5a0716dfd5b
P-0002451-T01-IM3,P-0002451-T01-IM3,Non-Small Cell Lung Cancer,lung,cBioPortal,unknown,data/raw/cbioportal_alterations.csv,P-0002451-T01-IM3,2026-10-03,901439d00f53aaac7cba1f17b89ed2231f6c053af64bab1cd501a5a0716dfd5b
P-0002451-T02-IM5,P-0002451-T02-IM5,Non-Small Cell Lung Cancer,lung,cBioPortal,unknown,data/raw/cbioportal_alterations.csv,P-0002451-T02-IM5,2026-10-03,901439d00f53aaac7cba1f17b89ed2231f6c053af64bab1cd501a5a0716dfd5b
P-0002489-T01-IM3,P-0002489-T01-IM3,Non-Small Cell Lung Cancer,lung,cBioPortal,unknown,data/raw/cbioportal_alterations.csv,P-0002489-T01-IM3,2026-10-03,901439d00f53aaac7cba1f17b89ed2231f6c053af64bab1cd501a5a0716dfd5b
P-0002491-T01-IM3,P-0002491-T01-IM3,Non-Small Cell Lung Cancer,lung,cBioPortal,unknown,data/raw/cbioportal_alterations.csv,P-0002491-T01-IM3,2026-10-03,901439d00f53aaac7cba1f17b89ed2231f6c053af64bab1cd501a5a0716dfd5b
P-0002506-T01-IM3,P-0002506-T01-IM3,Non-Small Cell Lung Cancer,lung,cBioPortal,unknown,data/raw/cbioportal_alterations.csv,P-0002506-T01-IM3,2026-10-03,901439d00f53aaac7cba1f17b89ed2231f6c053af64bab1cd501a5a0716dfd5b
P-0002506-T02-IM5,P-0002506-T02-IM5,Non-Small Cell Lung Cancer,lung,cBioPortal,unknown,data/raw/cbioportal_alterations.csv,P-0002506-T02-IM5,2026-10-03,901439d00f53aaac7cba1f17b89ed2231f6c053af64bab1cd501a5a0716dfd5b
P-0002523-T01-IM3,P-0002523-T01-IM3,Non-Small Cell Lung Cancer,lung,cBioPortal,unknown,data/raw/cbioportal_alterations.csv,P-0002523-T01-IM3,2026-10-03,901439d00f53aaac7cba1f17b89ed2231f6c053af64bab1cd501a5a0716dfd5b
P-0002524-T01-IM3,P-0002524-T01-IM3,Non-Small Cell Lung Cancer,lung,cBioPortal,unknown,data/raw/cbioportal_alterations.csv,P-0002524-T01-IM3,2026-10-03,901439d00f53aaac7cba1f17b89ed2231f6c053af64bab1cd501a5a0716dfd5b
P-0002534-T01-IM3,P-0002534-T01-IM3,Non-Small Cell Lung Cancer,lung,cBioPortal,unknown,data/raw/cbioportal_alterations.csv,P-0002534-T01-IM3,2026-10-03,901439d00f53aaac7cba1f17b89ed2231f6c053af64bab1cd501a5a0716dfd5b
P-0002546-T01-IM3,P-0002546-T01-IM3,Non-Small Cell Lung Cancer,lung,cBioPortal,unknown,data/raw/cbioportal_alterations.csv,P-0002546-T01-IM3,2026-10-03,901439d00f53aaac7cba1f17b89ed2231f6c053af64bab1cd501a5a0716dfd5b
P-0002557-T01-IM3,P-0002557-T01-IM3,Non-Small Cell Lung Cancer,lung,cBioPortal,unknown,data/raw/cbioportal_alterations.csv,P-0002557-T01-IM3,2026-10-03,901439d00f53aaac7cba1f17b89ed2231f6c053af64bab1cd501a5a0716dfd5b
P-0002580-T01-IM3,P-0002580-T01-IM3,Non-Small Cell Lung Cancer,lung,cBioPortal,unknown,data/raw/cbioportal_alterations.csv,P-0002580-T01-IM3,2026-10-03,901439d00f53aaac7cba1f17b89ed2231f6c053af64bab1cd501a5a0716dfd5b
P-0002689-T01-IM3,P-0002689-T01-IM3,Non-Small Cell Lung Cancer,lung,cBioPortal,unknown,data/raw/cbioportal_alterations.csv,P-0002689-T01-IM3,2026-10-03,901439d00f53aaac7cba1f17b89ed2231f6c053af64bab1cd501a5a0716dfd5b
P-0002707-T03-IM5,P-0002707-T03-IM5,Non-Small Cell Lung Cancer,lung,cBioPortal,unknown,data/raw/cbioportal_alterations.csv,P-0002707-T03-IM5,2026-10-03,901439d00f53aaac7cba1f17b89ed2231f6c053af64bab1cd501a5a0716dfd5b
P-0002709-T01-IM3,P-0002709-T01-IM3,Non-Small Cell Lung Cancer,lung,cBioPortal,unknown,data/raw/cbioportal_alterations.csv,P-0002709-T01-IM3,2026-10-03,901439d00f53aaac7cba1f17b89ed2231f6c053af64bab1cd501a5a0716dfd5b
P-0002768-T01-IM3,P-0002768-T01-IM3,Non-Small Cell Lung Cancer,lung,cBioPortal,unknown,data/raw/cbioportal_alterations.csv,P-0002768-T01-IM3,2026-10-03,901439d00f53aaac7cba1f17b89ed2231f6c053af64bab1cd501a5a0716dfd5b
P-0002780-T01-IM3,P-0002780-T01-IM3,Non-Small Cell Lung Cancer,lung,cBioPortal,unknown,data/raw/cbioportal_alterations.csv,P-0002780-T01-IM3,2026-10-03,901439d00f53aaac7cba1f17b89ed2231f6c053af64bab1cd501a5a0716dfd5b
P-0002783-T01-IM3,P-0002783-T01-IM3,Non-Small Cell Lung Cancer,lung,cBioPortal,unknown,data/raw/cbioportal_alterations.csv,P-0002783-T01-IM3,2026-10-03,901439d00f53aaac7cba1f17b89ed2231f6c053af64bab1cd501a5a0716dfd5b
P-0002823-T01-IM3,P-0002823-T01-IM3,Non-Small Cell Lung Cancer,lung,cBioPortal,unknown,data/raw/cbioportal_alterations.csv,P-0002823-T01-IM3,2026-10-03,901439d00f53aaac7cba1f17b89ed2231f6c053af64bab1cd501a5a0716dfd5b
P-0002861-T01-IM3,P-0002861-T01-IM3,Non-Small Cell Lung Cancer,lung,cBioPortal,unknown,data/raw/cbioportal_alterations.csv,P-0002861-T01-IM3,2026-10-03,901439d00f53aaac7cba1f17b89ed2231f6c053af64bab1cd501a5a0716dfd5b
P-0002869-T01-IM3,P-0002869-T01-IM3,Non-Small Cell Lung Cancer,lung,cBioPortal,unknown,data/raw/cbioportal_alterations.csv,P-0002869-T01-IM3,2026-10-03,901439d00f53aaac7cba1f17b89ed2231f6c053af64bab1cd501a5a0716dfd5b
P-0002890-T01-IM3,P-0002890-T01-IM3,Non-Small Cell Lung Cancer,lung,cBioPortal,unknown,data/raw/cbioportal_alterations.csv,P-0002890-T01-IM3,2026-10-03,901439d00f53aaac7cba1f17b89ed2231f6c053af64bab1cd501a5a0716dfd5b
P-0002909-T01-IM3,P-0002909-T01-IM3,Non-Small Cell Lung Cancer,lung,cBioPortal,unknown,data/raw/cbioportal_alterations.csv,P-0002909-T01-IM3,2026-10-03,901439d00f53aaac7cba1f17b89ed2231f6c053af64bab1cd501a5a0716dfd5b
P-0002916-T01-IM3,P-0002916-T01-IM3,Non-Small Cell Lung Cancer,lung,cBioPortal,unknown,data/raw/cbioportal_alterations.csv,P-0002916-T01-IM3,2026-10-03,901439d00f53aaac7cba1f17b89ed2231f6c053af64bab1cd501a5a0716dfd5b
P-0002916-T02-IM5,P-0002916-T02-IM5,Non-Small Cell Lung Cancer,lung,cBioPortal,unknown,data/raw/cbioportal_alterations.csv,P-0002916-T02-IM5,2026-10-03,901439d00f53aaac7cba1f17b89ed2231f6c053af64bab1cd501a5a0716dfd5b
P-0002965-T01-IM3,P-0002965-T01-IM3,Non-Small Cell Lung Cancer,lung,cBioPortal,unknown,data/raw/cbioportal_alterations.csv,P-0002965-T01-IM3,2026-10-03,901439d00f53aaac7cba1f17b89ed2231f6c053af64bab1cd501a5a0716dfd5b
P-0003030-T01-IM3,P-0003030-T01-IM3,Non-Small Cell Lung Cancer,lung,cBioPortal,unknown,data/raw/cbioportal_alterations.csv,P-0003030-T01-IM3,2026-10-03,901439d00f53aaac7cba1f17b89ed2231f6c053af64bab1cd501a5a0716dfd5b
P-0003070-T01-IM5,P-0003070-T01-IM5,Non-Small Cell Lung Cancer,lung,cBioPortal,unknown,data/raw/cbioportal_alterations.csv,P-0003070-T01-IM5,2026-10-03,901439d00f53aaac7cba1f17b89ed2231f6c053af64bab1cd501a5a0716dfd5b
P-0003070-T02-IM5,P-0003070-T02-IM5,Non-Small Cell Lung Cancer,lung,cBioPortal,unknown,data/raw/cbioportal_alterations.csv,P-0003070-T02-IM5,2026-10-03,901439d00f53aaac7cba1f17b89ed2231f6c053af64bab1cd501a5a0716dfd5b
P-0003096-T01-IM5,P-0003096-T01-IM5,Non-Small Cell Lung Cancer,lung,cBioPortal,unknown,data/raw/cbioportal_alterations.csv,P-0003096-T01-IM5,2026-10-03,901439d00f53aaac7cba1f17b89ed2231f6c053af64bab1cd501a5a0716dfd5b
P-0003107-T01-IM5,P-0003107-T01-IM5,Non-Small Cell Lung Cancer,lung,cBioPortal,unknown,data/raw/cbioportal_alterations.csv,P-0003107-T01-IM5,2026-10-03,901439d00f53aaac7cba1f17b89ed2231f6c053af64bab1cd501a5a0716dfd5b
P-0003116-T01-IM5,P-0003116-T01-IM5,Non-Small Cell Lung Cancer,lung,cBioPortal,unknown,data/raw/cbioportal_alterations.csv,P-0003116-T01-IM5,2026-10-03,901439d00f53aaac7cba1f17b89ed2231f6c053af64bab1cd501a5a0716dfd5b
P-0003116-T02-IM5,P-0003116-T02-IM5,Non-Small Cell Lung Cancer,lung,cBioPortal,unknown,data/raw/cbioportal_alterations.csv,P-0003116-T02-IM5,2026-10-03,901439d00f53aaac7cba1f17b89ed2231f6c053af64bab1cd501a5a0716dfd5b
P-0003156-T01-IM5,P-0003156-T01-IM5,Non-Small Cell Lung Cancer,lung,cBioPortal,unknown,data/raw/cbioportal_alterations.csv,P-0003156-T01-IM5,2026-10-03,901439d00f53aaac7cba1f17b89ed2231f6c053af64bab1cd501a5a0716dfd5b
P-0003157-T01-IM5,P-0003157-T01-IM5,Non-Small Cell Lung Cancer,lung,cBioPortal,unknown,data/raw/cbioportal_alterations.csv,P-0003157-T01-IM5,2026-10-03,901439d00f53aaac7cba1f17b89ed2231f6c053af64bab1cd501a5a0716dfd5b
P-0003169-T01-IM5,P-0003169-T01-IM5,Non-Small Cell Lung Cancer,lung,cBioPortal,unknown,data/raw/cbioportal_alterations.csv,P-0003169-T01-IM5,2026-10-03,901439d00f53aaac7cba1f17b89ed2231f6c053af64bab1cd501a5a0716dfd5b
P-0003213-T01-IM5,P-0003213-T01-IM5,Non-Small Cell Lung Cancer,lung,cBioPortal,unknown,data/raw/cbioportal_alterations.csv,P-0003213-T01-IM5,2026-10-03,901439d00f53aaac7cba1f17b89ed2231f6c053af64bab1cd501a5a0716dfd5b
P-0003222-T01-IM5,P-0003222-T01-IM5,Non-Small Cell Lung Cancer,lung,cBioPortal,unknown,data/raw/cbioportal_alterations.csv,P-0003222-T01-IM5,2026-10-03,901439d00f53aaac7cba1f17b89ed2231f6c053af64bab1cd501a5a0716dfd5b
P-0003243-T01-IM5,P-0003243-T01-IM5,Non-Small Cell Lung Cancer,lung,cBioPortal,unknown,data/raw/cbioportal_alterations.csv,P-0003243-T01-IM5,2026-10-03,901439d00f53aaac7cba1f17b89ed2231f6c053af64bab1cd501a5a0716dfd5b
P-0003250-T01-IM5,P-0003250-T01-IM5,Non-Small Cell Lung Cancer,lung,cBioPortal,unknown,data/raw/cbioportal_alterations.csv,P-0003250-T01-IM5,2026-10-03,901439d00f53aaac7cba1f17b89ed2231f6c053af64bab1cd501a5a0716dfd5b
P-0003274-T01-IM5,P-0003274-T01-IM5,Non-Small Cell Lung Cancer,lung,cBioPortal,unknown,data/raw/cbioportal_alterations.csv,P-0003274-T01-IM5,2026-10-03,901439d00f53aaac7cba1f17b89ed2231f6c053af64bab1cd501a5a0716dfd5b
P-0003282-T01-IM5,P-0003282-T01-IM5,Non-Small Cell Lung Cancer,lung,cBioPortal,unknown,data/raw/cbioportal_alterations.csv,P-0003282-T01-IM5,2026-10-03,901439d00f53aaac7cba1f17b89ed2231f6c053af64bab1cd501a5a0716dfd5b
P-0003311-T01-IM5,P-0003311-T01-IM5,Non-Small Cell Lung Cancer,lung,cBioPortal,unknown,data/raw/cbioportal_alterations.csv,P-0003311-T01-IM5,2026-10-03,901439d00f53aaac7cba1f17b89ed2231f6c053af64bab1cd501a5a0716dfd5b
P-0003316-T01-IM5,P-0003316-T01-IM5,Non-Small Cell Lung Cancer,lung,cBioPortal,unknown,data/raw/cbioportal_alterations.csv,P-0003316-T01-IM5,2026-10-03,901439d00f53aaac7cba1f17b89ed2231f6c053af64bab1cd501a5a0716dfd5b
P-0003317-T02-IM5,P-0003317-T02-IM5,Non-Small Cell Lung Cancer,lung,cBioPortal,unknown,data/raw/cbioportal_alterations.csv,P-0003317-T02-IM5,2026-10-03,901439d00f53aaac7cba1f17b89ed2231f6c053af64bab1cd501a5a0716dfd5b
P-0003322-T01-IM5,P-0003322-T01-IM5,Non-Small Cell Lung Cancer,lung,cBioPortal,unknown,data/raw/cbioportal_alterations.csv,P-0003322-T01-IM5,2026-10-03,901439d00f53aaac7cba1f17b89ed2231f6c053af64bab1cd501a5a0716dfd5b
P-0003422-T01-IM5,P-0003422-T01-IM5,Non-Small Cell Lung Cancer,lung,cBioPortal,unknown,data/raw/cbioportal_alterations.csv,P-0003422-T01-IM5,2026-10-03,901439d00f53aaac7cba1f17b89ed2231f6c053af64bab1cd501a5a0716dfd5b
P-0003425-T01-IM5,P-0003425-T01-IM5,Non-Small Cell Lung Cancer,lung,cBioPortal,unknown,data/raw/cbioportal_alterations.csv,P-0003425-T01-IM5,2026-10-03,901439d00f53aaac7cba1f17b89ed2231f6c053af64bab1cd501a5a0716dfd5b
P-0003479-T01-IM5,P-0003479-T01-IM5,Non-Small Cell Lung Cancer,lung,cBioPortal,unknown,data/raw/cbioportal_alterations.csv,P-0003479-T01-IM5,2026-10-03,901439d00f53aaac7cba1f17b89ed2231f6c053af64bab1cd501a5a0716dfd5b
P-0003480-T01-IM5,P-0003480-T01-IM5,Non-Small Cell Lung Cancer,lung,cBioPortal,unknown,data/raw/cbioportal_alterations.csv,P-0003480-T01-IM5,2026-10-03,901439d00f53aaac7cba1f17b89ed2231f6c053af64bab1cd501a5a0716dfd5b
P-0003495-T01-IM5,P-0003495-T01-IM5,Non-Small Cell Lung Cancer,lung,cBioPortal,unknown,data/raw/cbioportal_alterations.csv,P-0003495-T01-IM5,2026-10-03,901439d00f53aaac7cba1f17b89ed2231f6c053af64bab1cd501a5a0716dfd5b
P-0003502-T01-IM5,P-0003502-T01-IM5,Non-Small Cell Lung Cancer,lung,cBioPortal,unknown,data/raw/cbioportal_alterations.csv,P-0003502-T01-IM5,2026-10-03,901439d00f53aaac7cba1f17b89ed2231f6c053af64bab1cd501a5a0716dfd5b
P-0003551-T01-IM5,P-0003551-T01-IM5,Non-Small Cell Lung Cancer,lung,cBioPortal,unknown,data/raw/cbioportal_alterations.csv,P-0003551-T01-IM5,2026-10-03,901439d00f53aaac7cba1f17b89ed2231f6c053af64bab1cd501a5a0716dfd5b
P-0003569-T01-IM5,P-0003569-T01-IM5,Non-Small Cell Lung Cancer,lung,cBioPortal,unknown,data/raw/cbioportal_alterations.csv,P-0003569-T01-IM5,2026-10-03,901439d00f53aaac7cba1f17b89ed2231f6c053af64bab1cd501a5a0716dfd5b
P-0003572-T01-IM5,P-0003572-T01-IM5,Non-Small Cell Lung Cancer,lung,cBioPortal,unknown,data/raw/cbioportal_alterations.csv,P-0003572-T01-IM5,2026-10-03,901439d00f53aaac7cba1f17b89ed2231f6c053af64bab1cd501a5a0716dfd5b
P-0003573-T01-IM5,P-0003573-T01-IM5,Non-Small Cell Lung Cancer,lung,cBioPortal,unknown,data/raw/cbioportal_alterations.csv,P-0003573-T01-IM5,2026-10-03,901439d00f53aaac7cba1f17b89ed2231f6c053af64bab1cd501a5a0716dfd5b
P-0003573-T02-IM5,P-0003573-T02-IM5,Non-Small Cell Lung Cancer,lung,cBioPortal,unknown,data/raw/cbioportal_alterations.csv,P-0003573-T02-IM5,2026-10-03,901439d00f53aaac7cba1f17b89ed2231f6c053af64bab1cd501a5a0716dfd5b
P-0003623-T01-IM5,P-0003623-T01-IM5,Non-Small Cell Lung Cancer,lung,cBioPortal,unknown,data/raw/cbioportal_alterations.csv,P-0003623-T01-IM5,2026-10-03,901439d00f53aaac7cba1f17b89ed2231f6c053af64bab1cd501a5a0716dfd5b
P-0003635-T01-IM5,P-0003635-T01-IM5,Non-Small Cell Lung Cancer,lung,cBioPortal,unknown,data/raw/cbioportal_alterations.csv,P-0003635-T01-IM5,2026-10-03,901439d00f53aaac7cba1f17b89ed2231f6c053af64bab1cd501a5a0716dfd5b
P-0003714-T01-IM5,P-0003714-T01-IM5,Non-Small Cell Lung Cancer,lung,cBioPortal,unknown,data/raw/cbioportal_alterations.csv,P-0003714-T01-IM5,2026-10-03,901439d00f53aaac7cba1f17b89ed2231f6c053af64bab1cd501a5a0716dfd5b
P-0003735-T01-IM5,P-0003735-T01-IM5,Non-Small Cell Lung Cancer,lung,cBioPortal,unknown,data/raw/cbioportal_alterations.csv,P-0003735-T01-IM5,2026-10-03,901439d00f53aaac7cba1f17b89ed2231f6c053af64bab1cd501a5a0716dfd5b
P-0003752-T02-IM5,P-0003752-T02-IM5,Non-Small Cell Lung Cancer,lung,cBioPortal,unknown,data/raw/cbioportal_alterations.csv,P-0003752-T02-IM5,2026-10-03,901439d00f53aaac7cba1f17b89ed2231f6c053af64bab1cd501a5a0716dfd5b
P-0003752-T03-IM5,P-0003752-T03-IM5,Non-Small Cell Lung Cancer,lung,cBioPortal,unknown,data/raw/cbioportal_alterations.csv,P-0003752-T03-IM5,2026-10-03,901439d00f53aaac7cba1f17b89ed2231f6c053af64bab1cd501a5a0716dfd5b
P-0003773-T01-IM5,P-0003773-T01-IM5,Non-Small Cell Lung Cancer,lung,cBioPortal,unknown,data/raw/cbioportal_alterations.csv,P-0003773-T01-IM5,2026-10-03,901439d00f53aaac7cba1f17b89ed2231f6c053af64bab1cd501a5a0716dfd5b
P-0003863-T01-IM5,P-0003863-T01-IM5,Non-Small Cell Lung Cancer,lung,cBioPortal,unknown,data/raw/cbioportal_alterations.csv,P-0003863-T01-IM5,2026-10-03,901439d00f53aaac7cba1f17b89ed2231f6c053af64bab1cd501a5a0716dfd5b
P-0003869-T01-IM5,P-0003869-T01-IM5,Non-Small Cell Lung Cancer,lung,cBioPortal,unknown,data/raw/cbioportal_alterations.csv,P-0003869-T01-IM5,2026-10-03,901439d00f53aaac7cba1f17b89ed2231f6c053af64bab1cd501a5a0716dfd5b
P-0003879-T01-IM5,P-0003879-T01-IM5,Non-Small Cell Lung Cancer,lung,cBioPortal,unknown,data/raw/cbioportal_alterations.csv,P-0003879-T01-IM5,2026-10-03,901439d00f53aaac7cba1f17b89ed2231f6c053af64bab1cd501a5a0716dfd5b
P-0003923-T01-IM5,P-0003923-T01-IM5,Non-Small Cell Lung Cancer,lung,cBioPortal,unknown,data/raw/cbioportal_alterations.csv,P-0003923-T01-IM5,2026-10-03,901439d00f53aaac7cba1f17b89ed2231f6c053af64bab1cd501a5a0716dfd5b
P-0003967-T01-IM5,P-0003967-T01-IM5,Non-Small Cell Lung Cancer,lung,cBioPortal,unknown,data/raw/cbioportal_alterations.csv,P-0003967-T01-IM5,2026-10-03,901439d00f53aaac7cba1f17b89ed2231f6c053af64bab1cd501a5a0716dfd5b
P-0004066-T01-IM5,P-0004066-T01-IM5,Non-Small Cell Lung Cancer,lung,cBioPortal,unknown,data/raw/cbioportal_alterations.csv,P-0004066-T01-IM5,2026-10-03,901439d00f53aaac7cba1f17b89ed2231f6c053af64bab1cd501a5a0716dfd5b
P-0004066-T02-IM5,P-0004066-T02-IM5,Non-Small Cell Lung Cancer,lung,cBioPortal,unknown,data/raw/cbioportal_alterations.csv,P-0004066-T02-IM5,2026-10-03,901439d00f53aaac7cba1f17b89ed2231f6c053af64bab1cd501a5a0716dfd5b
P-0004099-T01-IM5,P-0004099-T01-IM5,Non-Small Cell Lung Cancer,lung,cBioPortal,unknown,data/raw/cbioportal_alterations.csv,P-0004099-T01-IM5,2026-10-03,901439d00f53aaac7cba1f17b89ed2231f6c053af64bab1cd501a5a0716dfd5b
P-0004105-T01-IM5,P-0004105-T01-IM5,Non-Small Cell Lung Cancer,lung,cBioPortal,unknown,data/raw/cbioportal_alterations.csv,P-0004105-T01-IM5,2026-10-03,901439d00f53aaac7cba1f17b89ed2231f6c053af64bab1cd501a5a0716dfd5b
P-0004114-T01-IM5,P-0004114-T01-IM5,Non-Small Cell Lung Cancer,lung,cBioPortal,unknown,data/raw/cbioportal_alterations.csv,P-0004114-T01-IM5,2026-10-03,901439d00f53aaac7cba1f17b89ed2231f6c053af64bab1cd501a5a0716dfd5b
P-0004117-T01-IM5,P-0004117-T01-IM5,Non-Small Cell Lung Cancer,lung,cBioPortal,unknown,data/raw/cbioportal_alterations.csv,P-0004117-T01-IM5,2026-10-03,901439d00f53aaac7cba1f17b89ed2231f6c053af64bab1cd501a5a0716dfd5b
P-0004120-T01-IM5,P-0004120-T01-IM5,Non-Small Cell Lung Cancer,lung,cBioPortal,unknown,data/raw/cbioportal_alterations.csv,P-0004120-T01-IM5,2026-10-03,901439d00f53aaac7cba1f17b89ed2231f6c053af64bab1cd501a5a0716dfd5b
P-0004123-T01-IM5,P-0004123-T01-IM5,Non-Small Cell Lung Cancer,lung,cBioPortal,unknown,data/raw/cbioportal_alterations.csv,P-0004123-T01-IM5,2026-10-03,901439d00f53aaac7cba1f17b89ed2231f6c053af64bab1cd501a5a0716dfd5b
P-0004129-T01-IM5,P-0004129-T01-IM5,Non-Small Cell Lung Cancer,lung,cBioPortal,unknown,data/raw/cbioportal_alterations.csv,P-0004129-T01-IM5,2026-10-03,901439d00f53aaac7cba1f17b89ed2231f6c053af64bab1cd501a5a0716dfd5b
P-0004129-T02-IM5,P-0004129-T02-IM5,Non-Small Cell Lung Cancer,lung,cBioPortal,unknown,data/raw/cbioportal_alterations.csv,P-0004129-T02-IM5,2026-10-03,901439d00f53aaac7cba1f17b89ed2231f6c053af64bab1cd501a5a0716dfd5b
P-0004146-T01-IM5,P-0004146-T01-IM5,Non-Small Cell Lung Cancer,lung,cBioPortal,unknown,data/raw/cbioportal_alterations.csv,P-0004146-T01-IM5,2026-10-03,901439d00f53aaac7cba1f17b89ed2231f6c053af64bab1cd501a5a0716dfd5b
P-0004169-T01-IM5,P-0004169-T01-IM5,Non-Small Cell Lung Cancer,lung,cBioPortal,unknown,data/raw/cbioportal_alterations.csv,P-0004169-T01-IM5,2026-10-03,901439d00f53aaac7cba1f17b89ed2231f6c053af64bab1cd501a5a0716dfd5b
P-0004189-T01-IM5,P-0004189-T01-IM5,Non-Small Cell Lung Cancer,lung,cBioPortal,unknown,data/raw/cbioportal_alterations.csv,P-0004189-T01-IM5,2026-10-03,901439d00f53aaac7cba1f17b89ed2231f6c053af64bab1cd501a5a0716dfd5b
P-0004208-T01-IM5,P-0004208-T01-IM5,Non-Small Cell Lung Cancer,lung,cBioPortal,unknown,data/raw/cbioportal_alterations.csv,P-0004208-T01-IM5,2026-10-03,901439d00f53aaac7cba1f17b89ed2231f6c053af64bab1cd501a5a0716dfd5b
P-0004232-T01-IM5,P-0004232-T01-IM5,Non-Small Cell Lung Cancer,lung,cBioPortal,unknown,data/raw/cbioportal_alterations.csv,P-0004232-T01-IM5,2026-10-03,901439d00f53aaac7cba1f17b89ed2231f6c053af64bab1cd501a5a0716dfd5b
P-0004238-T01-IM5,P-0004238-T01-IM5,Non-Small Cell Lung Cancer,lung,cBioPortal,unknown,data/raw/cbioportal_alterations.csv,P-0004238-T01-IM5,2026-10-03,901439d00f53aaac7cba1f17b89ed2231f6c053af64bab1cd501a5a0716dfd5b
P-0004279-T01-IM5,P-0004279-T01-IM5,Non-Small Cell Lung Cancer,lung,cBioPortal,unknown,data/raw/cbioportal_alterations.csv,P-0004279-T01-IM5,2026-10-03,901439d00f53aaac7cba1f17b89ed2231f6c053af64bab1cd501a5a0716dfd5b
P-0004303-T01-IM5,P-0004303-T01-IM5,Non-Small Cell Lung Cancer,lung,cBioPortal,unknown,data/raw/cbioportal_alterations.csv,P-0004303-T01-IM5,2026-10-03,901439d00f53aaac7cba1f17b89ed2231f6c053af64bab1cd501a5a0716dfd5b
P-0004328-T01-IM5,P-0004328-T01-IM5,Non-Small Cell Lung Cancer,lung,cBioPortal,unknown,data/raw/cbioportal_alterations.csv,P-0004328-T01-IM5,2026-10-03,901439d00f53aaac7cba1f17b89ed2231f6c053af64bab1cd501a5a0716dfd5b
P-0004328-T02-IM5,P-0004328-T02-IM5,Non-Small Cell Lung Cancer,lung,cBioPortal,unknown,data/raw/cbioportal_alterations.csv,P-0004328-T02-IM5,2026-10-03,901439d00f53aaac7cba1f17b89ed2231f6c053af64bab1cd501a5a0716dfd5b
P-0004342-T01-IM5,P-0004342-T01-IM5,Non-Small Cell Lung Cancer,lung,cBioPortal,unknown,data/raw/cbioportal_alterations.csv,P-0004342-T01-IM5,2026-10-03,901439d00f53aaac7cba1f17b89ed2231f6c053af64bab1cd501a5a0716dfd5b
P-0004421-T01-IM5,P-0004421-T01-IM5,Non-Small Cell Lung Cancer,lung,cBioPortal,unknown,data/raw/cbioportal_alterations.csv,P-0004421-T01-IM5,2026-10-03,901439d00f53aaac7cba1f17b89ed2231f6c053af64bab1cd501a5a0716dfd5b
P-0004432-T01-IM5,P-0004432-T01-IM5,Non-Small Cell Lung Cancer,lung,cBioPortal,unknown,data/raw/cbioportal_alterations.csv,P-0004432-T01-IM5,2026-10-03,901439d00f53aaac7cba1f17b89ed2231f6c053af64bab1cd501a5a0716dfd5b
P-0004442-T01-IM5,P-0004442-T01-IM5,Non-Small Cell Lung Cancer,lung,cBioPortal,unknown,data/raw/cbioportal_alterations.csv,P-0004442-T01-IM5,2026-10-03,901439d00f53aaac7cba1f17b89ed2231f6c053af64bab1cd501a5a0716dfd5b
P-0004496-T01-IM5,P-0004496-T01-IM5,Non-Small Cell Lung Cancer,lung,cBioPortal,unknown,data/raw/cbioportal_alterations.csv,P-0004496-T01-IM5,2026-10-03,901439d00f53aaac7cba1f17b89ed2231f6c053af64bab1cd501a5a0716dfd5b
P-0004607-T02-IM5,P-0004607-T02-IM5,Non-Small Cell Lung Cancer,lung,cBioPortal,unknown,data/raw/cbioportal_alterations.csv,P-0004607-T02-IM5,2026-10-03,901439d00f53aaac7cba1f17b89ed2231f6c053af64bab1cd501a5a0716dfd5b
P-0004607-T03-IM5,P-0004607-T03-IM5,Non-Small Cell Lung Cancer,lung,cBioPortal,unknown,data/raw/cbioportal_alterations.csv,P-0004607-T03-IM5,2026-10-03,901439d00f53aaac7cba1f17b89ed2231f6c053af64bab1cd501a5a0716dfd5b
P-0004613-T01-IM5,P-0004613-T01-IM5,Non-Small Cell Lung Cancer,lung,cBioPortal,unknown,data/raw/cbioportal_alterations.csv,P-0004613-T01-IM5,2026-10-03,901439d00f53aaac7cba1f17b89ed2231f6c053af64bab1cd501a5a0716dfd5b
P-0004643-T01-IM5,P-0004643-T01-IM5,Non-Small Cell Lung Cancer,lung,cBioPortal,unknown,data/raw/cbioportal_alterations.csv,P-0004643-T01-IM5,2026-10-03,901439d00f53aaac7cba1f17b89ed2231f6c053af64bab1cd501a5a0716dfd5b
P-0004655-T01-IM5,P-0004655-T01-IM5,Non-Small Cell Lung Cancer,lung,cBioPortal,unknown,data/raw/cbioportal_alterations.csv,P-0004655-T01-IM5,2026-10-03,901439d00f53aaac7cba1f17b89ed2231f6c053af64bab1cd501a5a0716dfd5b
P-0004678-T01-IM5,P-0004678-T01-IM5,Non-Small Cell Lung Cancer,lung,cBioPortal,unknown,data/raw/cbioportal_alterations.csv,P-0004678-T01-IM5,2026-10-03,901439d00f53aaac7cba1f17b89ed2231f6c053af64bab1cd501a5a0716dfd5b
P-0004691-T01-IM5,P-0004691-T01-IM5,Non-Small Cell Lung Cancer,lung,cBioPortal,unknown,data/raw/cbioportal_alterations.csv,P-0004691-T01-IM5,2026-10-03,901439d00f53aaac7cba1f17b89ed2231f6c053af64bab1cd501a5a0716dfd5b
P-0004691-T02-IM5,P-0004691-T02-IM5,Non-Small Cell Lung Cancer,lung,cBioPortal,unknown,data/raw/cbioportal_alterations.csv,P-0004691-T02-IM5,2026-10-03,901439d00f53aaac7cba1f17b89ed2231f6c053af64bab1cd501a5a0716dfd5b
P-0004695-T01-IM5,P-0004695-T01-IM5,Non-Small Cell Lung Cancer,lung,cBioPortal,unknown,data/raw/cbioportal_alterations.csv,P-0004695-T01-IM5,2026-10-03,901439d00f53aaac7cba1f17b89ed2231f6c053af64bab1cd501a5a0716dfd5b
P-0004714-T01-IM5,P-0004714-T01-IM5,Non-Small Cell Lung Cancer,lung,cBioPortal,unknown,data/raw/cbioportal_alterations.csv,P-0004714-T01-IM5,2026-10-03,901439d00f53aaac7cba1f17b89ed2231f6c053af64bab1cd501a5a0716dfd5b
P-0004718-T01-IM5,P-0004718-T01-IM5,Non-Small Cell Lung Cancer,lung,cBioPortal,unknown,data/raw/cbioportal_alterations.csv,P-0004718-T01-IM5,2026-10-03,901439d00f53aaac7cba1f17b89ed2231f6c053af64bab1cd501a5a0716dfd5b
P-0004729-T01-IM5,P-0004729-T01-IM5,Non-Small Cell Lung Cancer,lung,cBioPortal,unknown,data/raw/cbioportal_alterations.csv,P-0004729-T01-IM5,2026-10-03,901439d00f53aaac7cba1f17b89ed2231f6c053af64bab1cd501a5a0716dfd5b
P-0004730-T01-IM5,P-0004730-T01-IM5,Non-Small Cell Lung Cancer,lung,cBioPortal,unknown,data/raw/cbioportal_alterations.csv,P-0004730-T01-IM5,2026-10-03,901439d00f53aaac7cba1f17b89ed2231f6c053af64bab1cd501a5a0716dfd5b
P-0004739-T01-IM5,P-0004739-T01-IM5,Non-Small Cell Lung Cancer,lung,cBioPortal,unknown,data/raw/cbioportal_alterations.csv,P-0004739-T01-IM5,2026-10-03,901439d00f53aaac7cba1f17b89ed2231f6c053af64bab1cd501a5a0716dfd5b
P-0004743-T01-IM5,P-0004743-T01-IM5,Non-Small Cell Lung Cancer,lung,cBioPortal,unknown,data/raw/cbioportal_alterations.csv,P-0004743-T01-IM5,2026-10-03,901439d00f53aaac7cba1f17b89ed2231f6c053af64bab1cd501a5a0716dfd5b
P-0004847-T01-IM5,P-0004847-T01-IM5,Non-Small Cell Lung Cancer,lung,cBioPortal,unknown,data/raw/cbioportal_alterations.csv,P-0004847-T01-IM5,2026-10-03,901439d00f53aaac7cba1f17b89ed2231f6c053af64bab1cd501a5a0716dfd5b
P-0004851-T01-IM5,P-0004851-T01-IM5,Non-Small Cell Lung Cancer,lung,cBioPortal,unknown,data/raw/cbioportal_alterations.csv,P-0004851-T01-IM5,2026-10-03,901439d00f53aaac7cba1f17b89ed2231f6c053af64bab1cd501a5a0716dfd5b
P-0004878-T01-IM5,P-0004878-T01-IM5,Non-Small Cell Lung Cancer,lung,cBioPortal,unknown,data/raw/cbioportal_alterations.csv,P-0004878-T01-IM5,2026-10-03,901439d00f53aaac7cba1f17b89ed2231f6c053af64bab1cd501a5a0716dfd5b
P-0004927-T01-IM5,P-0004927-T01-IM5,Non-Small Cell Lung Cancer,lung,cBioPortal,unknown,data/raw/cbioportal_alterations.csv,P-0004927-T01-IM5,2026-10-03,901439d00f53aaac7cba1f17b89ed2231f6c053af64bab1cd501a5a0716dfd5b
P-0005017-T02-IM5,P-0005017-T02-IM5,Non-Small Cell Lung Cancer,lung,cBioPortal,unknown,data/raw/cbioportal_alterations.csv,P-0005017-T02-IM5,2026-10-03,901439d00f53aaac7cba1f17b89ed2231f6c053af64bab1cd501a5a0716dfd5b
P-0005034-T01-IM5,P-0005034-T01-IM5,Non-Small Cell Lung Cancer,lung,cBioPortal,unknown,data/raw/cbioportal_alterations.csv,P-0005034-T01-IM5,2026-10-03,901439d00f53aaac7cba1f17b89ed2231f6c053af64bab1cd501a5a0716dfd5b
P-0005059-T01-IM5,P-0005059-T01-IM5,Non-Small Cell Lung Cancer,lung,cBioPortal,unknown,data/raw/cbioportal_alterations.csv,P-0005059-T01-IM5,2026-10-03,901439d00f53aaac7cba1f17b89ed2231f6c053af64bab1cd501a5a0716dfd5b
P-0005063-T01-IM5,P-0005063-T01-IM5,Non-Small Cell Lung Cancer,lung,cBioPortal,unknown,data/raw/cbioportal_alterations.csv,P-0005063-T01-IM5,2026-10-03,901439d00f53aaac7cba1f17b89ed2231f6c053af64bab1cd501a5a0716dfd5b
P-0005069-T01-IM5,P-0005069-T01-IM5,Non-Small Cell Lung Cancer,lung,cBioPortal,unknown,data/raw/cbioportal_alterations.csv,P-0005069-T01-IM5,2026-10-03,901439d00f53aaac7cba1f17b89ed2231f6c053af64bab1cd501a5a0716dfd5b
P-0005094-T01-IM5,P-0005094-T01-IM5,Non-Small Cell Lung Cancer,lung,cBioPortal,unknown,data/raw/cbioportal_alterations.csv,P-0005094-T01-IM5,2026-10-03,901439d00f53aaac7cba1f17b89ed2231f6c053af64bab1cd501a5a0716dfd5b
P-0005114-T01-IM5,P-0005114-T01-IM5,Non-Small Cell Lung Cancer,lung,cBioPortal,unknown,data/raw/cbioportal_alterations.csv,P-0005114-T01-IM5,2026-10-03,901439d00f53aaac7cba1f17b89ed2231f6c053af64bab1cd501a5a0716dfd5b
P-0005123-T01-IM5,P-0005123-T01-IM5,Non-Small Cell Lung Cancer,lung,cBioPortal,unknown,data/raw/cbioportal_alterations.csv,P-0005123-T01-IM5,2026-10-03,901439d00f53aaac7cba1f17b89ed2231f6c053af64bab1cd501a5a0716dfd5b
P-0005148-T01-IM5,P-0005148-T01-IM5,Non-Small Cell Lung Cancer,lung,cBioPortal,unknown,data/raw/cbioportal_alterations.csv,P-0005148-T01-IM5,2026-10-03,901439d00f53aaac7cba1f17b89ed2231f6c053af64bab1cd501a5a0716dfd5b
P-0005178-T01-IM5,P-0005178-T01-IM5,Non-Small Cell Lung Cancer,lung,cBioPortal,unknown,data/raw/cbioportal_alterations.csv,P-0005178-T01-IM5,2026-10-03,901439d00f53aaac7cba1f17b89ed2231f6c053af64bab1cd501a5a0716dfd5b
P-0005194-T01-IM5,P-0005194-T01-IM5,Non-Small Cell Lung Cancer,lung,cBioPortal,unknown,data/raw/cbioportal_alterations.csv,P-0005194-T01-IM5,2026-10-03,901439d00f53aaac7cba1f17b89ed2231f6c053af64bab1cd501a5a0716dfd5b
P-0005198-T01-IM5,P-0005198-T01-IM5,Non-Small Cell Lung Cancer,lung,cBioPortal,unknown,data/raw/cbioportal_alterations.csv,P-0005198-T01-IM5,2026-10-03,901439d00f53aaac7cba1f17b89ed2231f6c053af64bab1cd501a5a0716dfd5b
P-0005223-T01-IM5,P-0005223-T01-IM5,Non-Small Cell Lung Cancer,lung,cBioPortal,unknown,data/raw/cbioportal_alterations.csv,P-0005223-T01-IM5,2026-10-03,901439d00f53aaac7cba1f17b89ed2231f6c053af64bab1cd501a5a0716dfd5b
P-0005259-T01-IM5,P-0005259-T01-IM5,Non-Small Cell Lung Cancer,lung,cBioPortal,unknown,data/raw/cbioportal_alterations.csv,P-0005259-T01-IM5,2026-10-03,901439d00f53aaac7cba1f17b89ed2231f6c053af64bab1cd501a5a0716dfd5b
P-0005261-T01-IM5,P-0005261-T01-IM5,Non-Small Cell Lung Cancer,lung,cBioPortal,unknown,data/raw/cbioportal_alterations.csv,P-0005261-T01-IM5,2026-10-03,901439d00f53aaac7cba1f17b89ed2231f6c053af64bab1cd501a5a0716dfd5b
P-0005264-T01-IM5,P-0005264-T01-IM5,Non-Small Cell Lung Cancer,lung,cBioPortal,unknown,data/raw/cbioportal_alterations.csv,P-0005264-T01-IM5,2026-10-03,901439d00f53aaac7cba1f17b89ed2231f6c053af64bab1cd501a5a0716dfd5b
P-0005286-T01-IM5,P-0005286-T01-IM5,Non-Small Cell Lung Cancer,lung,cBioPortal,unknown,data/raw/cbioportal_alterations.csv,P-0005286-T01-IM5,2026-10-03,901439d00f53aaac7cba1f17b89ed2231f6c053af64bab1cd501a5a0716dfd5b
P-0005337-T01-IM5,P-0005337-T01-IM5,Non-Small Cell Lung Cancer,lung,cBioPortal,unknown,data/raw/cbioportal_alterations.csv,P-0005337-T01-IM5,2026-10-03,901439d00f53aaac7cba1f17b89ed2231f6c053af64bab1cd501a5a0716dfd5b
P-0005393-T01-IM5,P-0005393-T01-IM5,Non-Small Cell Lung Cancer,lung,cBioPortal,unknown,data/raw/cbioportal_alterations.csv,P-0005393-T01-IM5,2026-10-03,901439d00f53aaac7cba1f17b89ed2231f6c053af64bab1cd501a5a0716dfd5b
P-0005435-T01-IM5,P-0005435-T01-IM5,Non-Small Cell Lung Cancer,lung,cBioPortal,unknown,data/raw/cbioportal_alterations.csv,P-0005435-T01-IM5,2026-10-03,901439d00f53aaac7cba1f17b89ed2231f6c053af64bab1cd501a5a0716dfd5b
P-0005464-T01-IM5,P-0005464-T01-IM5,Non-Small Cell Lung Cancer,lung,cBioPortal,unknown,data/raw/cbioportal_alterations.csv,P-0005464-T01-IM5,2026-10-03,901439d00f53aaac7cba1f17b89ed2231f6c053af64bab1cd501a5a0716dfd5b
P-0005467-T01-IM5,P-0005467-T01-IM5,Non-Small Cell Lung Cancer,lung,cBioPortal,unknown,data/raw/cbioportal_alterations.csv,P-0005467-T01-IM5,2026-10-03,901439d00f53aaac7cba1f17b89ed2231f6c053af64bab1cd501a5a0716dfd5b
P-0005504-T01-IM5,P-0005504-T01-IM5,Non-Small Cell Lung Cancer,lung,cBioPortal,unknown,data/raw/cbioportal_alterations.csv,P-0005504-T01-IM5,2026-10-03,901439d00f53aaac7cba1f17b89ed2231f6c053af64bab1cd501a5a0716dfd5b
P-0005533-T01-IM5,P-0005533-T01-IM5,Non-Small Cell Lung Cancer,lung,cBioPortal,unknown,data/raw/cbioportal_alterations.csv,P-0005533-T01-IM5,2026-10-03,901439d00f53aaac7cba1f17b89ed2231f6c053af64bab1cd501a5a0716dfd5b
P-0005541-T01-IM5,P-0005541-T01-IM5,Non-Small Cell Lung Cancer,lung,cBioPortal,unknown,data/raw/cbioportal_alterations.csv,P-0005541-T01-IM5,2026-10-03,901439d00f53aaac7cba1f17b89ed2231f6c053af64bab1cd501a5a0716dfd5b
P-0005544-T01-IM5,P-0005544-T01-IM5,Non-Small Cell Lung Cancer,lung,cBioPortal,unknown,data/raw/cbioportal_alterations.csv,P-0005544-T01-IM5,2026-10-03,901439d00f53aaac7cba1f17b89ed2231f6c053af64bab1cd501a5a0716dfd5b
P-0005553-T01-IM5,P-0005553-T01-IM5,Non-Small Cell Lung Cancer,lung,cBioPortal,unknown,data/raw/cbioportal_alterations.csv,P-0005553-T01-IM5,2026-10-03,901439d00f53aaac7cba1f17b89ed2231f6c053af64bab1cd501a5a0716dfd5b
P-0005553-T02-IM5,P-0005553-T02-IM5,Non-Small Cell Lung Cancer,lung,cBioPortal,unknown,data/raw/cbioportal_alterations.csv,P-0005553-T02-IM5,2026-10-03,901439d00f53aaac7cba1f17b89ed2231f6c053af64bab1cd501a5a0716dfd5b
P-0005580-T01-IM5,P-0005580-T01-IM5,Non-Small Cell Lung Cancer,lung,cBioPortal,unknown,data/raw/cbioportal_alterations.csv,P-0005580-T01-IM5,2026-10-03,901439d00f53aaac7cba1f17b89ed2231f6c053af64bab1cd501a5a0716dfd5b
P-0005752-T01-IM5,P-0005752-T01-IM5,Non-Small Cell Lung Cancer,lung,cBioPortal,unknown,data/raw/cbioportal_alterations.csv,P-0005752-T01-IM5,2026-10-03,901439d00f53aaac7cba1f17b89ed2231f6c053af64bab1cd501a5a0716dfd5b
P-0005763-T01-IM5,P-0005763-T01-IM5,Non-Small Cell Lung Cancer,lung,cBioPortal,unknown,data/raw/cbioportal_alterations.csv,P-0005763-T01-IM5,2026-10-03,901439d00f53aaac7cba1f17b89ed2231f6c053af64bab1cd501a5a0716dfd5b
P-0005813-T01-IM5,P-0005813-T01-IM5,Non-Small Cell Lung Cancer,lung,cBioPortal,unknown,data/raw/cbioportal_alterations.csv,P-0005813-T01-IM5,2026-10-03,901439d00f53aaac7cba1f17b89ed2231f6c053af64bab1cd501a5a0716dfd5b
P-0005845-T01-IM5,P-0005845-T01-IM5,Non-Small Cell Lung Cancer,lung,cBioPortal,unknown,data/raw/cbioportal_alterations.csv,P-0005845-T01-IM5,2026-10-03,901439d00f53aaac7cba1f17b89ed2231f6c053af64bab1cd501a5a0716dfd5b
P-0005845-T02-IM5,P-0005845-T02-IM5,Non-Small Cell Lung Cancer,lung,cBioPortal,unknown,data/raw/cbioportal_alterations.csv,P-0005845-T02-IM5,2026-10-03,901439d00f53aaac7cba1f17b89ed2231f6c053af64bab1cd501a5a0716dfd5b
P-0005895-T01-IM5,P-0005895-T01-IM5,Non-Small Cell Lung Cancer,lung,cBioPortal,unknown,data/raw/cbioportal_alterations.csv,P-0005895-T01-IM5,2026-10-03,901439d00f53aaac7cba1f17b89ed2231f6c053af64bab1cd501a5a0716dfd5b
P-0005974-T01-IM5,P-0005974-T01-IM5,Non-Small Cell Lung Cancer,lung,cBioPortal,unknown,data/raw/cbioportal_alterations.csv,P-0005974-T01-IM5,2026-10-03,901439d00f53aaac7cba1f17b89ed2231f6c053af64bab1cd501a5a0716dfd5b
P-0005985-T01-IM5,P-0005985-T01-IM5,Non-Small Cell Lung Cancer,lung,cBioPortal,unknown,data/raw/cbioportal_alterations.csv,P-0005985-T01-IM5,2026-10-03,901439d00f53aaac7cba1f17b89ed2231f6c053af64bab1cd501a5a0716dfd5b
P-0006002-T01-IM5,P-0006002-T01-IM5,Non-Small Cell Lung Cancer,lung,cBioPortal,unknown,data/raw/cbioportal_alterations.csv,P-0006002-T01-IM5,2026-10-03,901439d00f53aaac7cba1f17b89ed2231f6c053af64bab1cd501a5a0716dfd5b
P-0006003-T01-IM5,P-0006003-T01-IM5,Non-Small Cell Lung Cancer,lung,cBioPortal,unknown,data/raw/cbioportal_alterations.csv,P-0006003-T01-IM5,2026-10-03,901439d00f53aaac7cba1f17b89ed2231f6c053af64bab1cd501a5a0716dfd5b
P-0006028-T01-IM5,P-0006028-T01-IM5,Non-Small Cell Lung Cancer,lung,cBioPortal,unknown,data/raw/cbioportal_alterations.csv,P-0006028-T01-IM5,2026-10-03,901439d00f53aaac7cba1f17b89ed2231f6c053af64bab1cd501a5a0716dfd5b
P-0006052-T01-IM5,P-0006052-T01-IM5,Non-Small Cell Lung Cancer,lung,cBioPortal,unknown,data/raw/cbioportal_alterations.csv,P-0006052-T01-IM5,2026-10-03,901439d00f53aaac7cba1f17b89ed2231f6c053af64bab1cd501a5a0716dfd5b
P-0006065-T01-IM5,P-0006065-T01-IM5,Non-Small Cell Lung Cancer,lung,cBioPortal,unknown,data/raw/cbioportal_alterations.csv,P-0006065-T01-IM5,2026-10-03,901439d00f53aaac7cba1f17b89ed2231f6c053af64bab1cd501a5a0716dfd5b
P-0006085-T01-IM5,P-0006085-T01-IM5,Non-Small Cell Lung Cancer,lung,cBioPortal,unknown,data/raw/cbioportal_alterations.csv,P-0006085-T01-IM5,2026-10-03,901439d00f53aaac7cba1f17b89ed2231f6c053af64bab1cd501a5a0716dfd5b
P-0006094-T01-IM5,P-0006094-T01-IM5,Non-Small Cell Lung Cancer,lung,cBioPortal,unknown,data/raw/cbioportal_alterations.csv,P-0006094-T01-IM5,2026-10-03,901439d00f53aaac7cba1f17b89ed2231f6c053af64bab1cd501a5a0716dfd5b
P-0006105-T01-IM5,P-0006105-T01-IM5,Non-Small Cell Lung Cancer,lung,cBioPortal,unknown,data/raw/cbioportal_alterations.csv,P-0006105-T01-IM5,2026-10-03,901439d00f53aaac7cba1f17b89ed2231f6c053af64bab1cd501a5a0716dfd5b
P-0006115-T01-IM5,P-0006115-T01-IM5,Non-Small Cell Lung Cancer,lung,cBioPortal,unknown,data/raw/cbioportal_alterations.csv,P-0006115-T01-IM5,2026-10-03,901439d00f53aaac7cba1f17b89ed2231f6c053af64bab1cd501a5a0716dfd5b
P-0006116-T01-IM5,P-0006116-T01-IM5,Non-Small Cell Lung Cancer,lung,cBioPortal,unknown,data/raw/cbioportal_alterations.csv,P-0006116-T01-IM5,2026-10-03,901439d00f53aaac7cba1f17b89ed2231f6c053af64bab1cd501a5a0716dfd5b
P-0006127-T01-IM5,P-0006127-T01-IM5,Non-Small Cell Lung Cancer,lung,cBioPortal,unknown,data/raw/cbioportal_alterations.csv,P-0006127-T01-IM5,2026-10-03,901439d00f53aaac7cba1f17b89ed2231f6c053af64bab1cd501a5a0716dfd5b
P-0006139-T01-IM5,P-0006139-T01-IM5,Non-Small Cell Lung Cancer,lung,cBioPortal,unknown,data/raw/cbioportal_alterations.csv,P-0006139-T01-IM5,2026-10-03,901439d00f53aaac7cba1f17b89ed2231f6c053af64bab1cd501a5a0716dfd5b
P-0006150-T01-IM5,P-0006150-T01-IM5,Non-Small Cell Lung Cancer,lung,cBioPortal,unknown,data/raw/cbioportal_alterations.csv,P-0006150-T01-IM5,2026-10-03,901439d00f53aaac7cba1f17b89ed2231f6c053af64bab1cd501a5a0716dfd5b
P-0006151-T01-IM5,P-0006151-T01-IM5,Non-Small Cell Lung Cancer,lung,cBioPortal,unknown,data/raw/cbioportal_alterations.csv,P-0006151-T01-IM5,2026-10-03,901439d00f53aaac7cba1f17b89ed2231f6c053af64bab1cd501a5a0716dfd5b
P-0006171-T01-IM5,P-0006171-T01-IM5,Non-Small Cell Lung Cancer,lung,cBioPortal,unknown,data/raw/cbioportal_alterations.csv,P-0006171-T01-IM5,2026-10-03,901439d00f53aaac7cba1f17b89ed2231f6c053af64bab1cd501a5a0716dfd5b
P-0006198-T01-IM5,P-0006198-T01-IM5,Non-Small Cell Lung Cancer,lung,cBioPortal,unknown,data/raw/cbioportal_alterations.csv,P-0006198-T01-IM5,2026-10-03,901439d00f53aaac7cba1f17b89ed2231f6c053af64bab1cd501a5a0716dfd5b
P-0006210-T01-IM5,P-0006210-T01-IM5,Non-Small Cell Lung Cancer,lung,cBioPortal,unknown,data/raw/cbioportal_alterations.csv,P-0006210-T01-IM5,2026-10-03,901439d00f53aaac7cba1f17b89ed2231f6c053af64bab1cd501a5a0716dfd5b
P-0006280-T01-IM5,P-0006280-T01-IM5,Non-Small Cell Lung Cancer,lung,cBioPortal,unknown,data/raw/cbioportal_alterations.csv,P-0006280-T01-IM5,2026-10-03,901439d00f53aaac7cba1f17b89ed2231f6c053af64bab1cd501a5a0716dfd5b
P-0006290-T01-IM5,P-0006290-T01-IM5,Non-Small Cell Lung Cancer,lung,cBioPortal,unknown,data/raw/cbioportal_alterations.csv,P-0006290-T01-IM5,2026-10-03,901439d00f53aaac7cba1f17b89ed2231f6c053af64bab1cd501a5a0716dfd5b
P-0006368-T01-IM5,P-0006368-T01-IM5,Non-Small Cell Lung Cancer,lung,cBioPortal,unknown,data/raw/cbioportal_alterations.csv,P-0006368-T01-IM5,2026-10-03,901439d00f53aaac7cba1f17b89ed2231f6c053af64bab1cd501a5a0716dfd5b
P-0006402-T01-IM5,P-0006402-T01-IM5,Non-Small Cell Lung Cancer,lung,cBioPortal,unknown,data/raw/cbioportal_alterations.csv,P-0006402-T01-IM5,2026-10-03,901439d00f53aaac7cba1f17b89ed2231f6c053af64bab1cd501a5a0716dfd5b
P-0006432-T01-IM5,P-0006432-T01-IM5,Non-Small Cell Lung Cancer,lung,cBioPortal,unknown,data/raw/cbioportal_alterations.csv,P-0006432-T01-IM5,2026-10-03,901439d00f53aaac7cba1f17b89ed2231f6c053af64bab1cd501a5a0716dfd5b
P-0006561-T02-IM5,P-0006561-T02-IM5,Non-Small Cell Lung Cancer,lung,cBioPortal,unknown,data/raw/cbioportal_alterations.csv,P-0006561-T02-IM5,2026-10-03,901439d00f53aaac7cba1f17b89ed2231f6c053af64bab1cd501a5a0716dfd5b
P-0006569-T01-IM5,P-0006569-T01-IM5,Non-Small Cell Lung Cancer,lung,cBioPortal,unknown,data/raw/cbioportal_alterations.csv,P-0006569-T01-IM5,2026-10-03,901439d00f53aaac7cba1f17b89ed2231f6c053af64bab1cd501a5a0716dfd5b
P-0006588-T01-IM5,P-0006588-T01-IM5,Non-Small Cell Lung Cancer,lung,cBioPortal,unknown,data/raw/cbioportal_alterations.csv,P-0006588-T01-IM5,2026-10-03,901439d00f53aaac7cba1f17b89ed2231f6c053af64bab1cd501a5a0716dfd5b
P-0006606-T01-IM5,P-0006606-T01-IM5,Non-Small Cell Lung Cancer,lung,cBioPortal,unknown,data/raw/cbioportal_alterations.csv,P-0006606-T01-IM5,2026-10-03,901439d00f53aaac7cba1f17b89ed2231f6c053af64bab1cd501a5a0716dfd5b
P-0006606-T02-IM5,P-0006606-T02-IM5,Non-Small Cell Lung Cancer,lung,cBioPortal,unknown,data/raw/cbioportal_alterations.csv,P-0006606-T02-IM5,2026-10-03,901439d00f53aaac7cba1f17b89ed2231f6c053af64bab1cd501a5a0716dfd5b
P-0006640-T01-IM5,P-0006640-T01-IM5,Non-Small Cell Lung Cancer,lung,cBioPortal,unknown,data/raw/cbioportal_alterations.csv,P-0006640-T01-IM5,2026-10-03,901439d00f53aaac7cba1f17b89ed2231f6c053af64bab1cd501a5a0716dfd5b
P-0006671-T01-IM5,P-0006671-T01-IM5,Non-Small Cell Lung Cancer,lung,cBioPortal,unknown,data/raw/cbioportal_alterations.csv,P-0006671-T01-IM5,2026-10-03,901439d00f53aaac7cba1f17b89ed2231f6c053af64bab1cd501a5a0716dfd5b
P-0006713-T01-IM5,P-0006713-T01-IM5,Non-Small Cell Lung Cancer,lung,cBioPortal,unknown,data/raw/cbioportal_alterations.csv,P-0006713-T01-IM5,2026-10-03,901439d00f53aaac7cba1f17b89ed2231f6c053af64bab1cd501a5a0716dfd5b
P-0006724-T01-IM5,P-0006724-T01-IM5,Non-Small Cell Lung Cancer,lung,cBioPortal,unknown,data/raw/cbioportal_alterations.csv,P-0006724-T01-IM5,2026-10-03,901439d00f53aaac7cba1f17b89ed2231f6c053af64bab1cd501a5a0716dfd5b
P-0006789-T01-IM5,P-0006789-T01-IM5,Non-Small Cell Lung Cancer,lung,cBioPortal,unknown,data/raw/cbioportal_alterations.csv,P-0006789-T01-IM5,2026-10-03,901439d00f53aaac7cba1f17b89ed2231f6c053af64bab1cd501a5a0716dfd5b
P-0006793-T01-IM5,P-0006793-T01-IM5,Non-Small Cell Lung Cancer,lung,cBioPortal,unknown,data/raw/cbioportal_alterations.csv,P-0006793-T01-IM5,2026-10-03,901439d00f53aaac7cba1f17b89ed2231f6c053af64bab1cd501a5a0716dfd5b
P-0006810-T01-IM5,P-0006810-T01-IM5,Non-Small Cell Lung Cancer,lung,cBioPortal,unknown,data/raw/cbioportal_alterations.csv,P-0006810-T01-IM5,2026-10-03,901439d00f53aaac7cba1f17b89ed2231f6c053af64bab1cd501a5a0716dfd5b
P-0006844-T01-IM5,P-0006844-T01-IM5,Non-Small Cell Lung Cancer,lung,cBioPortal,unknown,data/raw/cbioportal_alterations.csv,P-0006844-T01-IM5,2026-10-03,901439d00f53aaac7cba1f17b89ed2231f6c053af64bab1cd501a5a0716dfd5b
P-0006844-T02-IM5,P-0006844-T02-IM5,Non-Small Cell Lung Cancer,lung,cBioPortal,unknown,data/raw/cbioportal_alterations.csv,P-0006844-T02-IM5,2026-10-03,901439d00f53aaac7cba1f17b89ed2231f6c053af64bab1cd501a5a0716dfd5b
P-0006883-T01-IM5,P-0006883-T01-IM5,Non-Small Cell Lung Cancer,lung,cBioPortal,unknown,data/raw/cbioportal_alterations.csv,P-0006883-T01-IM5,2026-10-03,901439d00f53aaac7cba1f17b89ed2231f6c053af64bab1cd501a5a0716dfd5b
P-0006886-T01-IM5,P-0006886-T01-IM5,Non-Small Cell Lung Cancer,lung,cBioPortal,unknown,data/raw/cbioportal_alterations.csv,P-0006886-T01-IM5,2026-10-03,901439d00f53aaac7cba1f17b89ed2231f6c053af64bab1cd501a5a0716dfd5b
P-0006912-T01-IM5,P-0006912-T01-IM5,Non-Small Cell Lung Cancer,lung,cBioPortal,unknown,data/raw/cbioportal_alterations.csv,P-0006912-T01-IM5,2026-10-03,901439d00f53aaac7cba1f17b89ed2231f6c053af64bab1cd501a5a0716dfd5b
P-0006915-T01-IM5,P-0006915-T01-IM5,Non-Small Cell Lung Cancer,lung,cBioPortal,unknown,data/raw/cbioportal_alterations.csv,P-0006915-T01-IM5,2026-10-03,901439d00f53aaac7cba1f17b89ed2231f6c053af64bab1cd501a5a0716dfd5b
P-0006924-T01-IM5,P-0006924-T01-IM5,Non-Small Cell Lung Cancer,lung,cBioPortal,unknown,data/raw/cbioportal_alterations.csv,P-0006924-T01-IM5,2026-10-03,901439d00f53aaac7cba1f17b89ed2231f6c053af64bab1cd501a5a0716dfd5b
P-0006941-T01-IM5,P-0006941-T01-IM5,Non-Small Cell Lung Cancer,lung,cBioPortal,unknown,data/raw/cbioportal_alterations.csv,P-0006941-T01-IM5,2026-10-03,901439d00f53aaac7cba1f17b89ed2231f6c053af64bab1cd501a5a0716dfd5b
P-0006964-T01-IM5,P-0006964-T01-IM5,Non-Small Cell Lung Cancer,lung,cBioPortal,unknown,data/raw/cbioportal_alterations.csv,P-0006964-T01-IM5,2026-10-03,901439d00f53aaac7cba1f17b89ed2231f6c053af64bab1cd501a5a0716dfd5b
P-0006995-T01-IM5,P-0006995-T01-IM5,Non-Small Cell Lung Cancer,lung,cBioPortal,unknown,data/raw/cbioportal_alterations.csv,P-0006995-T01-IM5,2026-10-03,901439d00f53aaac7cba1f17b89ed2231f6c053af64bab1cd501a5a0716dfd5b
P-0007057-T01-IM5,P-0007057-T01-IM5,Non-Small Cell Lung Cancer,lung,cBioPortal,unknown,data/raw/cbioportal_alterations.csv,P-0007057-T01-IM5,2026-10-03,901439d00f53aaac7cba1f17b89ed2231f6c053af64bab1cd501a5a0716dfd5b
P-0007082-T01-IM5,P-0007082-T01-IM5,Non-Small Cell Lung Cancer,lung,cBioPortal,unknown,data/raw/cbioportal_alterations.csv,P-0007082-T01-IM5,2026-10-03,901439d00f53aaac7cba1f17b89ed2231f6c053af64bab1cd501a5a0716dfd5b
P-0007084-T02-IM5,P-0007084-T02-IM5,Non-Small Cell Lung Cancer,lung,cBioPortal,unknown,data/raw/cbioportal_alterations.csv,P-0007084-T02-IM5,2026-10-03,901439d00f53aaac7cba1f17b89ed2231f6c053af64bab1cd501a5a0716dfd5b
P-0007088-T02-IM5,P-0007088-T02-IM5,Non-Small Cell Lung Cancer,lung,cBioPortal,unknown,data/raw/cbioportal_alterations.csv,P-0007088-T02-IM5,2026-10-03,901439d00f53aaac7cba1f17b89ed2231f6c053af64bab1cd501a5a0716dfd5b
P-0007167-T01-IM5,P-0007167-T01-IM5,Non-Small Cell Lung Cancer,lung,cBioPortal,unknown,data/raw/cbioportal_alterations.csv,P-0007167-T01-IM5,2026-10-03,901439d00f53aaac7cba1f17b89ed2231f6c053af64bab1cd501a5a0716dfd5b
P-0007236-T01-IM5,P-0007236-T01-IM5,Non-Small Cell Lung Cancer,lung,cBioPortal,unknown,data/raw/cbioportal_alterations.csv,P-0007236-T01-IM5,2026-10-03,901439d00f53aaac7cba1f17b89ed2231f6c053af64bab1cd501a5a0716dfd5b
P-0007322-T01-IM5,P-0007322-T01-IM5,Non-Small Cell Lung Cancer,lung,cBioPortal,unknown,data/raw/cbioportal_alterations.csv,P-0007322-T01-IM5,2026-10-03,901439d00f53aaac7cba1f17b89ed2231f6c053af64bab1cd501a5a0716dfd5b
P-0007507-T01-IM5,P-0007507-T01-IM5,Non-Small Cell Lung Cancer,lung,cBioPortal,unknown,data/raw/cbioportal_alterations.csv,P-0007507-T01-IM5,2026-10-03,901439d00f53aaac7cba1f17b89ed2231f6c053af64bab1cd501a5a0716dfd5b
P-0007508-T01-IM5,P-0007508-T01-IM5,Non-Small Cell Lung Cancer,lung,cBioPortal,unknown,data/raw/cbioportal_alterations.csv,P-0007508-T01-IM5,2026-10-03,901439d00f53aaac7cba1f17b89ed2231f6c053af64bab1cd501a5a0716dfd5b
P-0007514-T01-IM5,P-0007514-T01-IM5,Non-Small Cell Lung Cancer,lung,cBioPortal,unknown,data/raw/cbioportal_alterations.csv,P-0007514-T01-IM5,2026-10-03,901439d00f53aaac7cba1f17b89ed2231f6c053af64bab1cd501a5a0716dfd5b
P-0007534-T01-IM5,P-0007534-T01-IM5,Non-Small Cell Lung Cancer,lung,cBioPortal,unknown,data/raw/cbioportal_alterations.csv,P-0007534-T01-IM5,2026-10-03,901439d00f53aaac7cba1f17b89ed2231f6c053af64bab1cd501a5a0716dfd5b
P-0007545-T01-IM5,P-0007545-T01-IM5,Non-Small Cell Lung Cancer,lung,cBioPortal,unknown,data/raw/cbioportal_alterations.csv,P-0007545-T01-IM5,2026-10-03,901439d00f53aaac7cba1f17b89ed2231f6c053af64bab1cd501a5a0716dfd5b
P-0007580-T01-IM5,P-0007580-T01-IM5,Non-Small Cell Lung Cancer,lung,cBioPortal,unknown,data/raw/cbioportal_alterations.csv,P-0007580-T01-IM5,2026-10-03,901439d00f53aaac7cba1f17b89ed2231f6c053af64bab1cd501a5a0716dfd5b
P-0007582-T01-IM5,P-0007582-T01-IM5,Non-Small Cell Lung Cancer,lung,cBioPortal,unknown,data/raw/cbioportal_alterations.csv,P-0007582-T01-IM5,2026-10-03,901439d00f53aaac7cba1f17b89ed2231f6c053af64bab1cd501a5a0716dfd5b
P-0007587-T01-IM5,P-0007587-T01-IM5,Non-Small Cell Lung Cancer,lung,cBioPortal,unknown,data/raw/cbioportal_alterations.csv,P-0007587-T01-IM5,2026-10-03,901439d00f53aaac7cba1f17b89ed2231f6c053af64bab1cd501a5a0716dfd5b
P-0007663-T01-IM5,P-0007663-T01-IM5,Non-Small Cell Lung Cancer,lung,cBioPortal,unknown,data/raw/cbioportal_alterations.csv,P-0007663-T01-IM5,2026-10-03,901439d00f53aaac7cba1f17b89ed2231f6c053af64bab1cd501a5a0716dfd5b
P-0007681-T01-IM5,P-0007681-T01-IM5,Non-Small Cell Lung Cancer,lung,cBioPortal,unknown,data/raw/cbioportal_alterations.csv,P-0007681-T01-IM5,2026-10-03,901439d00f53aaac7cba1f17b89ed2231f6c053af64bab1cd501a5a0716dfd5b
P-0007701-T01-IM5,P-0007701-T01-IM5,Non-Small Cell Lung Cancer,lung,cBioPortal,unknown,data/raw/cbioportal_alterations.csv,P-0007701-T01-IM5,2026-10-03,901439d00f53aaac7cba1f17b89ed2231f6c053af64bab1cd501a5a0716dfd5b
P-0007745-T01-IM5,P-0007745-T01-IM5,Non-Small Cell Lung Cancer,lung,cBioPortal,unknown,data/raw/cbioportal_alterations.csv,P-0007745-T01-IM5,2026-10-03,901439d00f53aaac7cba1f17b89ed2231f6c053af64bab1cd501a5a0716dfd5b
P-0007754-T01-IM5,P-0007754-T01-IM5,Non-Small Cell Lung Cancer,lung,cBioPortal,unknown,data/raw/cbioportal_alterations.csv,P-0007754-T01-IM5,2026-10-03,901439d00f53aaac7cba1f17b89ed2231f6c053af64bab1cd501a5a0716dfd5b
P-0007775-T01-IM5,P-0007775-T01-IM5,Non-Small Cell Lung Cancer,lung,cBioPortal,unknown,data/raw/cbioportal_alterations.csv,P-0007775-T01-IM5,2026-10-03,901439d00f53aaac7cba1f17b89ed2231f6c053af64bab1cd501a5a0716dfd5b
P-0007779-T01-IM5,P-0007779-T01-IM5,Non-Small Cell Lung Cancer,lung,cBioPortal,unknown,data/raw/cbioportal_alterations.csv,P-0007779-T01-IM5,2026-10-03,901439d00f53aaac7cba1f17b89ed2231f6c053af64bab1cd501a5a0716dfd5b
P-0007788-T01-IM5,P-0007788-T01-IM5,Non-Small Cell Lung Cancer,lung,cBioPortal,unknown,data/raw/cbioportal_alterations.csv,P-0007788-T01-IM5,2026-10-03,901439d00f53aaac7cba1f17b89ed2231f6c053af64bab1cd501a5a0716dfd5b
P-0007788-T02-IM5,P-0007788-T02-IM5,Non-Small Cell Lung Cancer,lung,cBioPortal,unknown,data/raw/cbioportal_alterations.csv,P-0007788-T02-IM5,2026-10-03,901439d00f53aaac7cba1f17b89ed2231f6c053af64bab1cd501a5a0716dfd5b
P-0007813-T01-IM5,P-0007813-T01-IM5,Non-Small Cell Lung Cancer,lung,cBioPortal,unknown,data/raw/cbioportal_alterations.csv,P-0007813-T01-IM5,2026-10-03,901439d00f53aaac7cba1f17b89ed2231f6c053af64bab1cd501a5a0716dfd5b
P-0007841-T01-IM5,P-0007841-T01-IM5,Non-Small Cell Lung Cancer,lung,cBioPortal,unknown,data/raw/cbioportal_alterations.csv,P-0007841-T01-IM5,2026-10-03,901439d00f53aaac7cba1f17b89ed2231f6c053af64bab1cd501a5a0716dfd5b
P-0007842-T01-IM5,P-0007842-T01-IM5,Non-Small Cell Lung Cancer,lung,cBioPortal,unknown,data/raw/cbioportal_alterations.csv,P-0007842-T01-IM5,2026-10-03,901439d00f53aaac7cba1f17b89ed2231f6c053af64bab1cd501a5a0716dfd5b
P-0007846-T01-IM5,P-0007846-T01-IM5,Non-Small Cell Lung Cancer,lung,cBioPortal,unknown,data/raw/cbioportal_alterations.csv,P-0007846-T01-IM5,2026-10-03,901439d00f53aaac7cba1f17b89ed2231f6c053af64bab1cd501a5a0716dfd5b
P-0007864-T01-IM5,P-0007864-T01-IM5,Non-Small Cell Lung Cancer,lung,cBioPortal,unknown,data/raw/cbioportal_alterations.csv,P-0007864-T01-IM5,2026-10-03,901439d00f53aaac7cba1f17b89ed2231f6c053af64bab1cd501a5a0716dfd5b
P-0007870-T01-IM5,P-0007870-T01-IM5,Non-Small Cell Lung Cancer,lung,cBioPortal,unknown,data/raw/cbioportal_alterations.csv,P-0007870-T01-IM5,2026-10-03,901439d00f53aaac7cba1f17b89ed2231f6c053af64bab1cd501a5a0716dfd5b
P-0007896-T01-IM5,P-0007896-T01-IM5,Non-Small Cell Lung Cancer,lung,cBioPortal,unknown,data/raw/cbioportal_alterations.csv,P-0007896-T01-IM5,2026-10-03,901439d00f53aaac7cba1f17b89ed2231f6c053af64bab1cd501a5a0716dfd5b
P-0007901-T01-IM5,P-0007901-T01-IM5,Non-Small Cell Lung Cancer,lung,cBioPortal,unknown,data/raw/cbioportal_alterations.csv,P-0007901-T01-IM5,2026-10-03,901439d00f53aaac7cba1f17b89ed2231f6c053af64bab1cd501a5a0716dfd5b
P-0007904-T01-IM5,P-0007904-T01-IM5,Non-Small Cell Lung Cancer,lung,cBioPortal,unknown,data/raw/cbioportal_alterations.csv,P-0007904-T01-IM5,2026-10-03,901439d00f53aaac7cba1f17b89ed2231f6c053af64bab1cd501a5a0716dfd5b
P-0008078-T01-IM5,P-0008078-T01-IM5,Non-Small Cell Lung Cancer,lung,cBioPortal,unknown,data/raw/cbioportal_alterations.csv,P-0008078-T01-IM5,2026-10-03,901439d00f53aaac7cba1f17b89ed2231f6c053af64bab1cd501a5a0716dfd5b
P-0008131-T01-IM5,P-0008131-T01-IM5,Non-Small Cell Lung Cancer,lung,cBioPortal,unknown,data/raw/cbioportal_alterations.csv,P-0008131-T01-IM5,2026-10-03,901439d00f53aaac7cba1f17b89ed2231f6c053af64bab1cd501a5a0716dfd5b
P-0008160-T01-IM5,P-0008160-T01-IM5,Non-Small Cell Lung Cancer,lung,cBioPortal,unknown,data/raw/cbioportal_alterations.csv,P-0008160-T01-IM5,2026-10-03,901439d00f53aaac7cba1f17b89ed2231f6c053af64bab1cd501a5a0716dfd5b
P-0008160-T02-IM5,P-0008160-T02-IM5,Non-Small Cell Lung Cancer,lung,cBioPortal,unknown,data/raw/cbioportal_alterations.csv,P-0008160-T02-IM5,2026-10-03,901439d00f53aaac7cba1f17b89ed2231f6c053af64bab1cd501a5a0716dfd5b
P-0008282-T01-IM5,P-0008282-T01-IM5,Non-Small Cell Lung Cancer,lung,cBioPortal,unknown,data/raw/cbioportal_alterations.csv,P-0008282-T01-IM5,2026-10-03,901439d00f53aaac7cba1f17b89ed2231f6c053af64bab1cd501a5a0716dfd5b
P-0008285-T01-IM5,P-0008285-T01-IM5,Non-Small Cell Lung Cancer,lung,cBioPortal,unknown,data/raw/cbioportal_alterations.csv,P-0008285-T01-IM5,2026-10-03,901439d00f53aaac7cba1f17b89ed2231f6c053af64bab1cd501a5a0716dfd5b
P-0008292-T01-IM5,P-0008292-T01-IM5,Non-Small Cell Lung Cancer,lung,cBioPortal,unknown,data/raw/cbioportal_alterations.csv,P-0008292-T01-IM5,2026-10-03,901439d00f53aaac7cba1f17b89ed2231f6c053af64bab1cd501a5a0716dfd5b
P-0008300-T01-IM5,P-0008300-T01-IM5,Non-Small Cell Lung Cancer,lung,cBioPortal,unknown,data/raw/cbioportal_alterations.csv,P-0008300-T01-IM5,2026-10-03,901439d00f53aaac7cba1f17b89ed2231f6c053af64bab1cd501a5a0716dfd5b
P-0008310-T01-IM5,P-0008310-T01-IM5,Non-Small Cell Lung Cancer,lung,cBioPortal,unknown,data/raw/cbioportal_alterations.csv,P-0008310-T01-IM5,2026-10-03,901439d00f53aaac7cba1f17b89ed2231f6c053af64bab1cd501a5a0716dfd5b
P-0008426-T01-IM5,P-0008426-T01-IM5,Non-Small Cell Lung Cancer,lung,cBioPortal,unknown,data/raw/cbioportal_alterations.csv,P-0008426-T01-IM5,2026-10-03,901439d00f53aaac7cba1f17b89ed2231f6c053af64bab1cd501a5a0716dfd5b
P-0008427-T01-IM5,P-0008427-T01-IM5,Non-Small Cell Lung Cancer,lung,cBioPortal,unknown,data/raw/cbioportal_alterations.csv,P-0008427-T01-IM5,2026-10-03,901439d00f53aaac7cba1f17b89ed2231f6c053af64bab1cd501a5a0716dfd5b
P-0008442-T01-IM5,P-0008442-T01-IM5,Non-Small Cell Lung Cancer,lung,cBioPortal,unknown,data/raw/cbioportal_alterations.csv,P-0008442-T01-IM5,2026-10-03,901439d00f53aaac7cba1f17b89ed2231f6c053af64bab1cd501a5a0716dfd5b
P-0008465-T02-IM5,P-0008465-T02-IM5,Non-Small Cell Lung Cancer,lung,cBioPortal,unknown,data/raw/cbioportal_alterations.csv,P-0008465-T02-IM5,2026-10-03,901439d00f53aaac7cba1f17b89ed2231f6c053af64bab1cd501a5a0716dfd5b
P-0008476-T01-IM5,P-0008476-T01-IM5,Non-Small Cell Lung Cancer,lung,cBioPortal,unknown,data/raw/cbioportal_alterations.csv,P-0008476-T01-IM5,2026-10-03,901439d00f53aaac7cba1f17b89ed2231f6c053af64bab1cd501a5a0716dfd5b
P-0008487-T01-IM5,P-0008487-T01-IM5,Non-Small Cell Lung Cancer,lung,cBioPortal,unknown,data/raw/cbioportal_alterations.csv,P-0008487-T01-IM5,2026-10-03,901439d00f53aaac7cba1f17b89ed2231f6c053af64bab1cd501a5a0716dfd5b
P-0008514-T01-IM5,P-0008514-T01-IM5,Non-Small Cell Lung Cancer,lung,cBioPortal,unknown,data/raw/cbioportal_alterations.csv,P-0008514-T01-IM5,2026-10-03,901439d00f53aaac7cba1f17b89ed2231f6c053af64bab1cd501a5a0716dfd5b
P-0008549-T02-IM5,P-0008549-T02-IM5,Non-Small Cell Lung Cancer,lung,cBioPortal,unknown,data/raw/cbioportal_alterations.csv,P-0008549-T02-IM5,2026-10-03,901439d00f53aaac7cba1f17b89ed2231f6c053af64bab1cd501a5a0716dfd5b
P-0008577-T01-IM5,P-0008577-T01-IM5,Non-Small Cell Lung Cancer,lung,cBioPortal,unknown,data/raw/cbioportal_alterations.csv,P-0008577-T01-IM5,2026-10-03,901439d00f53aaac7cba1f17b89ed2231f6c053af64bab1cd501a5a0716dfd5b
P-0008577-T02-IM5,P-0008577-T02-IM5,Non-Small Cell Lung Cancer,lung,cBioPortal,unknown,data/raw/cbioportal_alterations.csv,P-0008577-T02-IM5,2026-10-03,901439d00f53aaac7cba1f17b89ed2231f6c053af64bab1cd501a5a0716dfd5b
P-0008599-T01-IM5,P-0008599-T01-IM5,Non-Small Cell Lung Cancer,lung,cBioPortal,unknown,data/raw/cbioportal_alterations.csv,P-0008599-T01-IM5,2026-10-03,901439d00f53aaac7cba1f17b89ed2231f6c053af64bab1cd501a5a0716dfd5b
P-0008601-T01-IM5,P-0008601-T01-IM5,Non-Small Cell Lung Cancer,lung,cBioPortal,unknown,data/raw/cbioportal_alterations.csv,P-0008601-T01-IM5,2026-10-03,901439d00f53aaac7cba1f17b89ed2231f6c053af64bab1cd501a5a0716dfd5b
P-0008602-T01-IM5,P-0008602-T01-IM5,Non-Small Cell Lung Cancer,lung,cBioPortal,unknown,data/raw/cbioportal_alterations.csv,P-0008602-T01-IM5,2026-10-03,901439d00f53aaac7cba1f17b89ed2231f6c053af64bab1cd501a5a0716dfd5b
P-0008645-T01-IM5,P-0008645-T01-IM5,Non-Small Cell Lung Cancer,lung,cBioPortal,unknown,data/raw/cbioportal_alterations.csv,P-0008645-T01-IM5,2026-10-03,901439d00f53aaac7cba1f17b89ed2231f6c053af64bab1cd501a5a0716dfd5b
P-0008650-T02-IM5,P-0008650-T02-IM5,Non-Small Cell Lung Cancer,lung,cBioPortal,unknown,data/raw/cbioportal_alterations.csv,P-0008650-T02-IM5,2026-10-03,901439d00f53aaac7cba1f17b89ed2231f6c053af64bab1cd501a5a0716dfd5b
P-0008664-T01-IM5,P-0008664-T01-IM5,Non-Small Cell Lung Cancer,lung,cBioPortal,unknown,data/raw/cbioportal_alterations.csv,P-0008664-T01-IM5,2026-10-03,901439d00f53aaac7cba1f17b89ed2231f6c053af64bab1cd501a5a0716dfd5b
P-0008665-T01-IM5,P-0008665-T01-IM5,Non-Small Cell Lung Cancer,lung,cBioPortal,unknown,data/raw/cbioportal_alterations.csv,P-0008665-T01-IM5,2026-10-03,901439d00f53aaac7cba1f17b89ed2231f6c053af64bab1cd501a5a0716dfd5b
P-0008668-T01-IM5,P-0008668-T01-IM5,Non-Small Cell Lung Cancer,lung,cBioPortal,unknown,data/raw/cbioportal_alterations.csv,P-0008668-T01-IM5,2026-10-03,901439d00f53aaac7cba1f17b89ed2231f6c053af64bab1cd501a5a0716dfd5b
P-0008675-T01-IM5,P-0008675-T01-IM5,Non-Small Cell Lung Cancer,lung,cBioPortal,unknown,data/raw/cbioportal_alterations.csv,P-0008675-T01-IM5,2026-10-03,901439d00f53aaac7cba1f17b89ed2231f6c053af64bab1cd501a5a0716dfd5b
P-0008678-T01-IM5,P-0008678-T01-IM5,Non-Small Cell Lung Cancer,lung,cBioPortal,unknown,data/raw/cbioportal_alterations.csv,P-0008678-T01-IM5,2026-10-03,901439d00f53aaac7cba1f17b89ed2231f6c053af64bab1cd501a5a0716dfd5b
P-0008705-T01-IM5,P-0008705-T01-IM5,Non-Small Cell Lung Cancer,lung,cBioPortal,unknown,data/raw/cbioportal_alterations.csv,P-0008705-T01-IM5,2026-10-03,901439d00f53aaac7cba1f17b89ed2231f6c053af64bab1cd501a5a0716dfd5b
P-0008715-T01-IM5,P-0008715-T01-IM5,Non-Small Cell Lung Cancer,lung,cBioPortal,unknown,data/raw/cbioportal_alterations.csv,P-0008715-T01-IM5,2026-10-03,901439d00f53aaac7cba1f17b89ed2231f6c053af64bab1cd501a5a0716dfd5b
P-0008744-T01-IM5,P-0008744-T01-IM5,Non-Small Cell Lung Cancer,lung,cBioPortal,unknown,data/raw/cbioportal_alterations.csv,P-0008744-T01-IM5,2026-10-03,901439d00f53aaac7cba1f17b89ed2231f6c053af64bab1cd501a5a0716dfd5b
P-0008744-T02-IM5,P-0008744-T02-IM5,Non-Small Cell Lung Cancer,lung,cBioPortal,unknown,data/raw/cbioportal_alterations.csv,P-0008744-T02-IM5,2026-10-03,901439d00f53aaac7cba1f17b89ed2231f6c053af64bab1cd501a5a0716dfd5b
P-0008757-T01-IM5,P-0008757-T01-IM5,Non-Small Cell Lung Cancer,lung,cBioPortal,unknown,data/raw/cbioportal_alterations.csv,P-0008757-T01-IM5,2026-10-03,901439d00f53aaac7cba1f17b89ed2231f6c053af64bab1cd501a5a0716dfd5b
P-0008765-T01-IM5,P-0008765-T01-IM5,Non-Small Cell Lung Cancer,lung,cBioPortal,unknown,data/raw/cbioportal_alterations.csv,P-0008765-T01-IM5,2026-10-03,901439d00f53aaac7cba1f17b89ed2231f6c053af64bab1cd501a5a0716dfd5b
P-0008786-T01-IM5,P-0008786-T01-IM5,Non-Small Cell Lung Cancer,lung,cBioPortal,unknown,data/raw/cbioportal_alterations.csv,P-0008786-T01-IM5,2026-10-03,901439d00f53aaac7cba1f17b89ed2231f6c053af64bab1cd501a5a0716dfd5b
P-0008796-T01-IM5,P-0008796-T01-IM5,Non-Small Cell Lung Cancer,lung,cBioPortal,unknown,data/raw/cbioportal_alterations.csv,P-0008796-T01-IM5,2026-10-03,901439d00f53aaac7cba1f17b89ed2231f6c053af64bab1cd501a5a0716dfd5b
P-0008840-T01-IM5,P-0008840-T01-IM5,Non-Small Cell Lung Cancer,lung,cBioPortal,unknown,data/raw/cbioportal_alterations.csv,P-0008840-T01-IM5,2026-10-03,901439d00f53aaac7cba1f17b89ed2231f6c053af64bab1cd501a5a0716dfd5b
P-0008849-T01-IM5,P-0008849-T01-IM5,Non-Small Cell Lung Cancer,lung,cBioPortal,unknown,data/raw/cbioportal_alterations.csv,P-0008849-T01-IM5,2026-10-03,901439d00f53aaac7cba1f17b89ed2231f6c053af64bab1cd501a5a0716dfd5b
P-0008855-T01-IM5,P-0008855-T01-IM5,Non-Small Cell Lung Cancer,lung,cBioPortal,unknown,data/raw/cbioportal_alterations.csv,P-0008855-T01-IM5,2026-10-03,901439d00f53aaac7cba1f17b89ed2231f6c053af64bab1cd501a5a0716dfd5b
P-0008917-T01-IM5,P-0008917-T01-IM5,Non-Small Cell Lung Cancer,lung,cBioPortal,unknown,data/raw/cbioportal_alterations.csv,P-0008917-T01-IM5,2026-10-03,901439d00f53aaac7cba1f17b89ed2231f6c053af64bab1cd501a5a0716dfd5b
P-0008934-T01-IM5,P-0008934-T01-IM5,Non-Small Cell Lung Cancer,lung,cBioPortal,unknown,data/raw/cbioportal_alterations.csv,P-0008934-T01-IM5,2026-10-03,901439d00f53aaac7cba1f17b89ed2231f6c053af64bab1cd501a5a0716dfd5b
P-0008978-T01-IM5,P-0008978-T01-IM5,Non-Small Cell Lung Cancer,lung,cBioPortal,unknown,data/raw/cbioportal_alterations.csv,P-0008978-T01-IM5,2026-10-03,901439d00f53aaac7cba1f17b89ed2231f6c053af64bab1cd501a5a0716dfd5b
P-0009042-T01-IM5,P-0009042-T01-IM5,Non-Small Cell Lung Cancer,lung,cBioPortal,unknown,data/raw/cbioportal_alterations.csv,P-0009042-T01-IM5,2026-10-03,901439d00f53aaac7cba1f17b89ed2231f6c053af64bab1cd501a5a0716dfd5b
P-0009092-T01-IM5,P-0009092-T01-IM5,Non-Small Cell Lung Cancer,lung,cBioPortal,unknown,data/raw/cbioportal_alterations.csv,P-0009092-T01-IM5,2026-10-03,901439d00f53aaac7cba1f17b89ed2231f6c053af64bab1cd501a5a0716dfd5b
P-0009096-T01-IM5,P-0009096-T01-IM5,Non-Small Cell Lung Cancer,lung,cBioPortal,unknown,data/raw/cbioportal_alterations.csv,P-0009096-T01-IM5,2026-10-03,901439d00f53aaac7cba1f17b89ed2231f6c053af64bab1cd501a5a0716dfd5b
P-0009164-T01-IM5,P-0009164-T01-IM5,Non-Small Cell Lung Cancer,lung,cBioPortal,unknown,data/raw/cbioportal_alterations.csv,P-0009164-T01-IM5,2026-10-03,901439d00f53aaac7cba1f17b89ed2231f6c053af64bab1cd501a5a0716dfd5b
P-0009172-T01-IM5,P-0009172-T01-IM5,Non-Small Cell Lung Cancer,lung,cBioPortal,unknown,data/raw/cbioportal_alterations.csv,P-0009172-T01-IM5,2026-10-03,901439d00f53aaac7cba1f17b89ed2231f6c053af64bab1cd501a5a0716dfd5b
P-0009215-T01-IM5,P-0009215-T01-IM5,Non-Small Cell Lung Cancer,lung,cBioPortal,unknown,data/raw/cbioportal_alterations.csv,P-0009215-T01-IM5,2026-10-03,901439d00f53aaac7cba1f17b89ed2231f6c053af64bab1cd501a5a0716dfd5b
P-0009243-T01-IM5,P-0009243-T01-IM5,Non-Small Cell Lung Cancer,lung,cBioPortal,unknown,data/raw/cbioportal_alterations.csv,P-0009243-T01-IM5,2026-10-03,901439d00f53aaac7cba1f17b89ed2231f6c053af64bab1cd501a5a0716dfd5b
P-0009260-T01-IM5,P-0009260-T01-IM5,Non-Small Cell Lung Cancer,lung,cBioPortal,unknown,data/raw/cbioportal_alterations.csv,P-0009260-T01-IM5,2026-10-03,901439d00f53aaac7cba1f17b89ed2231f6c053af64bab1cd501a5a0716dfd5b
P-0009272-T01-IM5,P-0009272-T01-IM5,Non-Small Cell Lung Cancer,lung,cBioPortal,unknown,data/raw/cbioportal_alterations.csv,P-0009272-T01-IM5,2026-10-03,901439d00f53aaac7cba1f17b89ed2231f6c053af64bab1cd501a5a0716dfd5b
P-0009346-T01-IM5,P-0009346-T01-IM5,Non-Small Cell Lung Cancer,lung,cBioPortal,unknown,data/raw/cbioportal_alterations.csv,P-0009346-T01-IM5,2026-10-03,901439d00f53aaac7cba1f17b89ed2231f6c053af64bab1cd501a5a0716dfd5b
P-0009350-T01-IM5,P-0009350-T01-IM5,Non-Small Cell Lung Cancer,lung,cBioPortal,unknown,data/raw/cbioportal_alterations.csv,P-0009350-T01-IM5,2026-10-03,901439d00f53aaac7cba1f17b89ed2231f6c053af64bab1cd501a5a0716dfd5b
P-0009357-T01-IM5,P-0009357-T01-IM5,Non-Small Cell Lung Cancer,lung,cBioPortal,unknown,data/raw/cbioportal_alterations.csv,P-0009357-T01-IM5,2026-10-03,901439d00f53aaac7cba1f17b89ed2231f6c053af64bab1cd501a5a0716dfd5b
P-0009423-T01-IM5,P-0009423-T01-IM5,Non-Small Cell Lung Cancer,lung,cBioPortal,unknown,data/raw/cbioportal_alterations.csv,P-0009423-T01-IM5,2026-10-03,901439d00f53aaac7cba1f17b89ed2231f6c053af64bab1cd501a5a0716dfd5b
P-0009469-T01-IM5,P-0009469-T01-IM5,Non-Small Cell Lung Cancer,lung,cBioPortal,unknown,data/raw/cbioportal_alterations.csv,P-0009469-T01-IM5,2026-10-03,901439d00f53aaac7cba1f17b89ed2231f6c053af64bab1cd501a5a0716dfd5b
P-0009481-T01-IM5,P-0009481-T01-IM5,Non-Small Cell Lung Cancer,lung,cBioPortal,unknown,data/raw/cbioportal_alterations.csv,P-0009481-T01-IM5,2026-10-03,901439d00f53aaac7cba1f17b89ed2231f6c053af64bab1cd501a5a0716dfd5b
P-0009508-T01-IM5,P-0009508-T01-IM5,Non-Small Cell Lung Cancer,lung,cBioPortal,unknown,data/raw/cbioportal_alterations.csv,P-0009508-T01-IM5,2026-10-03,901439d00f53aaac7cba1f17b89ed2231f6c053af64bab1cd501a5a0716dfd5b
P-0009535-T01-IM5,P-0009535-T01-IM5,Non-Small Cell Lung Cancer,lung,cBioPortal,unknown,data/raw/cbioportal_alterations.csv,P-0009535-T01-IM5,2026-10-03,901439d00f53aaac7cba1f17b89ed2231f6c053af64bab1cd501a5a0716dfd5b
P-0009608-T01-IM5,P-0009608-T01-IM5,Non-Small Cell Lung Cancer,lung,cBioPortal,unknown,data/raw/cbioportal_alterations.csv,P-0009608-T01-IM5,2026-10-03,901439d00f53aaac7cba1f17b89ed2231f6c053af64bab1cd501a5a0716dfd5b
P-0009623-T01-IM5,P-0009623-T01-IM5,Non-Small Cell Lung Cancer,lung,cBioPortal,unknown,data/raw/cbioportal_alterations.csv,P-0009623-T01-IM5,2026-10-03,901439d00f53aaac7cba1f17b89ed2231f6c053af64bab1cd501a5a0716dfd5b
P-0009655-T01-IM5,P-0009655-T01-IM5,Non-Small Cell Lung Cancer,lung,cBioPortal,unknown,data/raw/cbioportal_alterations.csv,P-0009655-T01-IM5,2026-10-03,901439d00f53aaac7cba1f17b89ed2231f6c053af64bab1cd501a5a0716dfd5b
P-0009661-T01-IM5,P-0009661-T01-IM5,Non-Small Cell Lung Cancer,lung,cBioPortal,unknown,data/raw/cbioportal_alterations.csv,P-0009661-T01-IM5,2026-10-03,901439d00f53aaac7cba1f17b89ed2231f6c053af64bab1cd501a5a0716dfd5b
P-0009704-T01-IM5,P-0009704-T01-IM5,Non-Small Cell Lung Cancer,lung,cBioPortal,unknown,data/raw/cbioportal_alterations.csv,P-0009704-T01-IM5,2026-10-03,901439d00f53aaac7cba1f17b89ed2231f6c053af64bab1cd501a5a0716dfd5b
P-0009708-T01-IM5,P-0009708-T01-IM5,Non-Small Cell Lung Cancer,lung,cBioPortal,unknown,data/raw/cbioportal_alterations.csv,P-0009708-T01-IM5,2026-10-03,901439d00f53aaac7cba1f17b89ed2231f6c053af64bab1cd501a5a0716dfd5b
P-0009742-T01-IM5,P-0009742-T01-IM5,Non-Small Cell Lung Cancer,lung,cBioPortal,unknown,data/raw/cbioportal_alterations.csv,P-0009742-T01-IM5,2026-10-03,901439d00f53aaac7cba1f17b89ed2231f6c053af64bab1cd501a5a0716dfd5b
P-0009824-T01-IM5,P-0009824-T01-IM5,Non-Small Cell Lung Cancer,lung,cBioPortal,unknown,data/raw/cbioportal_alterations.csv,P-0009824-T01-IM5,2026-10-03,901439d00f53aaac7cba1f17b89ed2231f6c053af64bab1cd501a5a0716dfd5b
P-0009856-T01-IM5,P-0009856-T01-IM5,Non-Small Cell Lung Cancer,lung,cBioPortal,unknown,data/raw/cbioportal_alterations.csv,P-0009856-T01-IM5,2026-10-03,901439d00f53aaac7cba1f17b89ed2231f6c053af64bab1cd501a5a0716dfd5b
P-0009861-T01-IM5,P-0009861-T01-IM5,Non-Small Cell Lung Cancer,lung,cBioPortal,unknown,data/raw/cbioportal_alterations.csv,P-0009861-T01-IM5,2026-10-03,901439d00f53aaac7cba1f17b89ed2231f6c053af64bab1cd501a5a0716dfd5b
P-0009864-T01-IM5,P-0009864-T01-IM5,Non-Small Cell Lung Cancer,lung,cBioPortal,unknown,data/raw/cbioportal_alterations.csv,P-0009864-T01-IM5,2026-10-03,901439d00f53aaac7cba1f17b89ed2231f6c053af64bab1cd501a5a0716dfd5b
P-0009948-T01-IM5,P-0009948-T01-IM5,Non-Small Cell Lung Cancer,lung,cBioPortal,unknown,data/raw/cbioportal_alterations.csv,P-0009948-T01-IM5,2026-10-03,901439d00f53aaac7cba1f17b89ed2231f6c053af64bab1cd501a5a0716dfd5b
P-0009948-T02-IM5,P-0009948-T02-IM5,Non-Small Cell Lung Cancer,lung,cBioPortal,unknown,data/raw/cbioportal_alterations.csv,P-0009948-T02-IM5,2026-10-03,901439d00f53aaac7cba1f17b89ed2231f6c053af64bab1cd501a5a0716dfd5b
P-0009957-T01-IM5,P-0009957-T01-IM5,Non-Small Cell Lung Cancer,lung,cBioPortal,unknown,data/raw/cbioportal_alterations.csv,P-0009957-T01-IM5,2026-10-03,901439d00f53aaac7cba1f17b89ed2231f6c053af64bab1cd501a5a0716dfd5b
P-0009958-T01-IM5,P-0009958-T01-IM5,Non-Small Cell Lung Cancer,lung,cBioPortal,unknown,data/raw/cbioportal_alterations.csv,P-0009958-T01-IM5,2026-10-03,901439d00f53aaac7cba1f17b89ed2231f6c053af64bab1cd501a5a0716dfd5b
P-0010053-T01-IM5,P-0010053-T01-IM5,Non-Small Cell Lung Cancer,lung,cBioPortal,unknown,data/raw/cbioportal_alterations.csv,P-0010053-T01-IM5,2026-10-03,901439d00f53aaac7cba1f17b89ed2231f6c053af64bab1cd501a5a0716dfd5b
P-0010130-T01-IM5,P-0010130-T01-IM5,Non-Small Cell Lung Cancer,lung,cBioPortal,unknown,data/raw/cbioportal_alterations.csv,P-0010130-T01-IM5,2026-10-03,901439d00f53aaac7cba1f17b89ed2231f6c053af64bab1cd501a5a0716dfd5b
P-0010131-T01-IM5,P-0010131-T01-IM5,Non-Small Cell Lung Cancer,lung,cBioPortal,unknown,data/raw/cbioportal_alterations.csv,P-0010131-T01-IM5,2026-10-03,901439d00f53aaac7cba1f17b89ed2231f6c053af64bab1cd501a5a0716dfd5b
P-0010133-T01-IM5,P-0010133-T01-IM5,Non-Small Cell Lung Cancer,lung,cBioPortal,unknown,data/raw/cbioportal_alterations.csv,P-0010133-T01-IM5,2026-10-03,901439d00f53aaac7cba1f17b89ed2231f6c053af64bab1cd501a5a0716dfd5b
P-0010181-T01-IM5,P-0010181-T01-IM5,Non-Small Cell Lung Cancer,lung,cBioPortal,unknown,data/raw/cbioportal_alterations.csv,P-0010181-T01-IM5,2026-10-03,901439d00f53aaac7cba1f17b89ed2231f6c053af64bab1cd501a5a0716dfd5b
P-0010210-T01-IM5,P-0010210-T01-IM5,Non-Small Cell Lung Cancer,lung,cBioPortal,unknown,data/raw/cbioportal_alterations.csv,P-0010210-T01-IM5,2026-10-03,901439d00f53aaac7cba1f17b89ed2231f6c053af64bab1cd501a5a0716dfd5b
P-0010210-T02-IM5,P-0010210-T02-IM5,Non-Small Cell Lung Cancer,lung,cBioPortal,unknown,data/raw/cbioportal_alterations.csv,P-0010210-T02-IM5,2026-10-03,901439d00f53aaac7cba1f17b89ed2231f6c053af64bab1cd501a5a0716dfd5b
P-0010213-T01-IM5,P-0010213-T01-IM5,Non-Small Cell Lung Cancer,lung,cBioPortal,unknown,data/raw/cbioportal_alterations.csv,P-0010213-T01-IM5,2026-10-03,901439d00f53aaac7cba1f17b89ed2231f6c053af64bab1cd501a5a0716dfd5b
P-0010247-T01-IM5,P-0010247-T01-IM5,Non-Small Cell Lung Cancer,lung,cBioPortal,unknown,data/raw/cbioportal_alterations.csv,P-0010247-T01-IM5,2026-10-03,901439d00f53aaac7cba1f17b89ed2231f6c053af64bab1cd501a5a0716dfd5b
P-0010267-T01-IM5,P-0010267-T01-IM5,Non-Small Cell Lung Cancer,lung,cBioPortal,unknown,data/raw/cbioportal_alterations.csv,P-0010267-T01-IM5,2026-10-03,901439d00f53aaac7cba1f17b89ed2231f6c053af64bab1cd501a5a0716dfd5b
P-0010269-T01-IM5,P-0010269-T01-IM5,Non-Small Cell Lung Cancer,lung,cBioPortal,unknown,data/raw/cbioportal_alterations.csv,P-0010269-T01-IM5,2026-10-03,901439d00f53aaac7cba1f17b89ed2231f6c053af64bab1cd501a5a0716dfd5b
P-0010273-T01-IM5,P-0010273-T01-IM5,Non-Small Cell Lung Cancer,lung,cBioPortal,unknown,data/raw/cbioportal_alterations.csv,P-0010273-T01-IM5,2026-10-03,901439d00f53aaac7cba1f17b89ed2231f6c053af64bab1cd501a5a0716dfd5b
P-0010333-T01-IM5,P-0010333-T01-IM5,Non-Small Cell Lung Cancer,lung,cBioPortal,unknown,data/raw/cbioportal_alterations.csv,P-0010333-T01-IM5,2026-10-03,901439d00f53aaac7cba1f17b89ed2231f6c053af64bab1cd501a5a0716dfd5b
P-0010337-T01-IM5,P-0010337-T01-IM5,Non-Small Cell Lung Cancer,lung,cBioPortal,unknown,data/raw/cbioportal_alterations.csv,P-0010337-T01-IM5,2026-10-03,901439d00f53aaac7cba1f17b89ed2231f6c053af64bab1cd501a5a0716dfd5b
P-0010345-T01-IM5,P-0010345-T01-IM5,Non-Small Cell Lung Cancer,lung,cBioPortal,unknown,data/raw/cbioportal_alterations.csv,P-0010345-T01-IM5,2026-10-03,901439d00f53aaac7cba1f17b89ed2231f6c053af64bab1cd501a5a0716dfd5b
P-0010345-T02-IM5,P-0010345-T02-IM5,Non-Small Cell Lung Cancer,lung,cBioPortal,unknown,data/raw/cbioportal_alterations.csv,P-0010345-T02-IM5,2026-10-03,901439d00f53aaac7cba1f17b89ed2231f6c053af64bab1cd501a5a0716dfd5b
P-0010359-T01-IM5,P-0010359-T01-IM5,Non-Small Cell Lung Cancer,lung,cBioPortal,unknown,data/raw/cbioportal_alterations.csv,P-0010359-T01-IM5,2026-10-03,901439d00f53aaac7cba1f17b89ed2231f6c053af64bab1cd501a5a0716dfd5b
P-0010404-T01-IM5,P-0010404-T01-IM5,Non-Small Cell Lung Cancer,lung,cBioPortal,unknown,data/raw/cbioportal_alterations.csv,P-0010404-T01-IM5,2026-10-03,901439d00f53aaac7cba1f17b89ed2231f6c053af64bab1cd501a5a0716dfd5b
P-0010466-T01-IM5,P-0010466-T01-IM5,Non-Small Cell Lung Cancer,lung,cBioPortal,unknown,data/raw/cbioportal_alterations.csv,P-0010466-T01-IM5,2026-10-03,901439d00f53aaac7cba1f17b89ed2231f6c053af64bab1cd501a5a0716dfd5b
P-0010487-T01-IM5,P-0010487-T01-IM5,Non-Small Cell Lung Cancer,lung,cBioPortal,unknown,data/raw/cbioportal_alterations.csv,P-0010487-T01-IM5,2026-10-03,901439d00f53aaac7cba1f17b89ed2231f6c053af64bab1cd501a5a0716dfd5b
P-0010554-T01-IM5,P-0010554-T01-IM5,Non-Small Cell Lung Cancer,lung,cBioPortal,unknown,data/raw/cbioportal_alterations.csv,P-0010554-T01-IM5,2026-10-03,901439d00f53aaac7cba1f17b89ed2231f6c053af64bab1cd501a5a0716dfd5b
P-0010558-T01-IM5,P-0010558-T01-IM5,Non-Small Cell Lung Cancer,lung,cBioPortal,unknown,data/raw/cbioportal_alterations.csv,P-0010558-T01-IM5,2026-10-03,901439d00f53aaac7cba1f17b89ed2231f6c053af64bab1cd501a5a0716dfd5b
P-0010563-T01-IM5,P-0010563-T01-IM5,Non-Small Cell Lung Cancer,lung,cBioPortal,unknown,data/raw/cbioportal_alterations.csv,P-0010563-T01-IM5,2026-10-03,901439d00f53aaac7cba1f17b89ed2231f6c053af64bab1cd501a5a0716dfd5b
P-0010566-T01-IM5,P-0010566-T01-IM5,Non-Small Cell Lung Cancer,lung,cBioPortal,unknown,data/raw/cbioportal_alterations.csv,P-0010566-T01-IM5,2026-10-03,901439d00f53aaac7cba1f17b89ed2231f6c053af64bab1cd501a5a0716dfd5b
P-0010608-T01-IM5,P-0010608-T01-IM5,Non-Small Cell Lung Cancer,lung,cBioPortal,unknown,data/raw/cbioportal_alterations.csv,P-0010608-T01-IM5,2026-10-03,901439d00f53aaac7cba1f17b89ed2231f6c053af64bab1cd501a5a0716dfd5b
P-0010610-T01-IM5,P-0010610-T01-IM5,Non-Small Cell Lung Cancer,lung,cBioPortal,unknown,data/raw/cbioportal_alterations.csv,P-0010610-T01-IM5,2026-10-03,901439d00f53aaac7cba1f17b89ed2231f6c053af64bab1cd501a5a0716dfd5b
P-0010634-T01-IM5,P-0010634-T01-IM5,Non-Small Cell Lung Cancer,lung,cBioPortal,unknown,data/raw/cbioportal_alterations.csv,P-0010634-T01-IM5,2026-10-03,901439d00f53aaac7cba1f17b89ed2231f6c053af64bab1cd501a5a0716dfd5b
P-0010637-T01-IM5,P-0010637-T01-IM5,Non-Small Cell Lung Cancer,lung,cBioPortal,unknown,data/raw/cbioportal_alterations.csv,P-0010637-T01-IM5,2026-10-03,901439d00f53aaac7cba1f17b89ed2231f6c053af64bab1cd501a5a0716dfd5b
P-0010640-T01-IM5,P-0010640-T01-IM5,Non-Small Cell Lung Cancer,lung,cBioPortal,unknown,data/raw/cbioportal_alterations.csv,P-0010640-T01-IM5,2026-10-03,901439d00f53aaac7cba1f17b89ed2231f6c053af64bab1cd501a5a0716dfd5b
P-0010675-T01-IM5,P-0010675-T01-IM5,Non-Small Cell Lung Cancer,lung,cBioPortal,unknown,data/raw/cbioportal_alterations.csv,P-0010675-T01-IM5,2026-10-03,901439d00f53aaac7cba1f17b89ed2231f6c053af64bab1cd501a5a0716dfd5b
P-0010700-T01-IM5,P-0010700-T01-IM5,Non-Small Cell Lung Cancer,lung,cBioPortal,unknown,data/raw/cbioportal_alterations.csv,P-0010700-T01-IM5,2026-10-03,901439d00f53aaac7cba1f17b89ed2231f6c053af64bab1cd501a5a0716dfd5b
P-0010722-T01-IM5,P-0010722-T01-IM5,Non-Small Cell Lung Cancer,lung,cBioPortal,unknown,data/raw/cbioportal_alterations.csv,P-0010722-T01-IM5,2026-10-03,901439d00f53aaac7cba1f17b89ed2231f6c053af64bab1cd501a5a0716dfd5b
P-0010750-T01-IM5,P-0010750-T01-IM5,Non-Small Cell Lung Cancer,lung,cBioPortal,unknown,data/raw/cbioportal_alterations.csv,P-0010750-T01-IM5,2026-10-03,901439d00f53aaac7cba1f17b89ed2231f6c053af64bab1cd501a5a0716dfd5b
P-0010765-T01-IM5,P-0010765-T01-IM5,Non-Small Cell Lung Cancer,lung,cBioPortal,unknown,data/raw/cbioportal_alterations.csv,P-0010765-T01-IM5,2026-10-03,901439d00f53aaac7cba1f17b89ed2231f6c053af64bab1cd501a5a0716dfd5b
P-0010793-T01-IM5,P-0010793-T01-IM5,Non-Small Cell Lung Cancer,lung,cBioPortal,unknown,data/raw/cbioportal_alterations.csv,P-0010793-T01-IM5,2026-10-03,901439d00f53aaac7cba1f17b89ed2231f6c053af64bab1cd501a5a0716dfd5b
P-0010801-T01-IM5,P-0010801-T01-IM5,Non-Small Cell Lung Cancer,lung,cBioPortal,unknown,data/raw/cbioportal_alterations.csv,P-0010801-T01-IM5,2026-10-03,901439d00f53aaac7cba1f17b89ed2231f6c053af64bab1cd501a5a0716dfd5b
P-0010836-T01-IM5,P-0010836-T01-IM5,Non-Small Cell Lung Cancer,lung,cBioPortal,unknown,data/raw/cbioportal_alterations.csv,P-0010836-T01-IM5,2026-10-03,901439d00f53aaac7cba1f17b89ed2231f6c053af64bab1cd501a5a0716dfd5b
P-0010863-T01-IM5,P-0010863-T01-IM5,Non-Small Cell Lung Cancer,lung,cBioPortal,unknown,data/raw/cbioportal_alterations.csv,P-0010863-T01-IM5,2026-10-03,901439d00f53aaac7cba1f17b89ed2231f6c053af64bab1cd501a5a0716dfd5b
P-0010891-T01-IM5,P-0010891-T01-IM5,Non-Small Cell Lung Cancer,lung,cBioPortal,unknown,data/raw/cbioportal_alterations.csv,P-0010891-T01-IM5,2026-10-03,901439d00f53aaac7cba1f17b89ed2231f6c053af64bab1cd501a5a0716dfd5b
P-0010894-T01-IM5,P-0010894-T01-IM5,Non-Small Cell Lung Cancer,lung,cBioPortal,unknown,data/raw/cbioportal_alterations.csv,P-0010894-T01-IM5,2026-10-03,901439d00f53aaac7cba1f17b89ed2231f6c053af64bab1cd501a5a0716dfd5b
P-0010904-T01-IM5,P-0010904-T01-IM5,Non-Small Cell Lung Cancer,lung,cBioPortal,unknown,data/raw/cbioportal_alterations.csv,P-0010904-T01-IM5,2026-10-03,901439d00f53aaac7cba1f17b89ed2231f6c053af64bab1cd501a5a0716dfd5b
P-0010976-T01-IM5,P-0010976-T01-IM5,Non-Small Cell Lung Cancer,lung,cBioPortal,unknown,data/raw/cbioportal_alterations.csv,P-0010976-T01-IM5,2026-10-03,901439d00f53aaac7cba1f17b89ed2231f6c053af64bab1cd501a5a0716dfd5b
P-0010983-T01-IM5,P-0010983-T01-IM5,Non-Small Cell Lung Cancer,lung,cBioPortal,unknown,data/raw/cbioportal_alterations.csv,P-0010983-T01-IM5,2026-10-03,901439d00f53aaac7cba1f17b89ed2231f6c053af64bab1cd501a5a0716dfd5b
P-0010995-T01-IM5,P-0010995-T01-IM5,Non-Small Cell Lung Cancer,lung,cBioPortal,unknown,data/raw/cbioportal_alterations.csv,P-0010995-T01-IM5,2026-10-03,901439d00f53aaac7cba1f17b89ed2231f6c053af64bab1cd501a5a0716dfd5b
P-0011038-T01-IM5,P-0011038-T01-IM5,Non-Small Cell Lung Cancer,lung,cBioPortal,unknown,data/raw/cbioportal_alterations.csv,P-0011038-T01-IM5,2026-10-03,901439d00f53aaac7cba1f17b89ed2231f6c053af64bab1cd501a5a0716dfd5b
P-0011100-T01-IM5,P-0011100-T01-IM5,Non-Small Cell Lung Cancer,lung,cBioPortal,unknown,data/raw/cbioportal_alterations.csv,P-0011100-T01-IM5,2026-10-03,901439d00f53aaac7cba1f17b89ed2231f6c053af64bab1cd501a5a0716dfd5b
P-0011107-T01-IM5,P-0011107-T01-IM5,Non-Small Cell Lung Cancer,lung,cBioPortal,unknown,data/raw/cbioportal_alterations.csv,P-0011107-T01-IM5,2026-10-03,901439d00f53aaac7cba1f17b89ed2231f6c053af64bab1cd501a5a0716dfd5b
P-0011132-T01-IM5,P-0011132-T01-IM5,Non-Small Cell Lung Cancer,lung,cBioPortal,unknown,data/raw/cbioportal_alterations.csv,P-0011132-T01-IM5,2026-10-03,901439d00f53aaac7cba1f17b89ed2231f6c053af64bab1cd501a5a0716dfd5b
P-0011133-T01-IM5,P-0011133-T01-IM5,Non-Small Cell Lung Cancer,lung,cBioPortal,unknown,data/raw/cbioportal_alterations.csv,P-0011133-T01-IM5,2026-10-03,901439d00f53aaac7cba1f17b89ed2231f6c053af64bab1cd501a5a0716dfd5b
P-0011161-T01-IM5,P-0011161-T01-IM5,Non-Small Cell Lung Cancer,lung,cBioPortal,unknown,data/raw/cbioportal_alterations.csv,P-0011161-T01-IM5,2026-10-03,901439d00f53aaac7cba1f17b89ed2231f6c053af64bab1cd501a5a0716dfd5b
P-0011189-T01-IM5,P-0011189-T01-IM5,Non-Small Cell Lung Cancer,lung,cBioPortal,unknown,data/raw/cbioportal_alterations.csv,P-0011189-T01-IM5,2026-10-03,901439d00f53aaac7cba1f17b89ed2231f6c053af64bab1cd501a5a0716dfd5b
P-0011234-T01-IM5,P-0011234-T01-IM5,Non-Small Cell Lung Cancer,lung,cBioPortal,unknown,data/raw/cbioportal_alterations.csv,P-0011234-T01-IM5,2026-10-03,901439d00f53aaac7cba1f17b89ed2231f6c053af64bab1cd501a5a0716dfd5b
P-0011234-T02-IM5,P-0011234-T02-IM5,Non-Small Cell Lung Cancer,lung,cBioPortal,unknown,data/raw/cbioportal_alterations.csv,P-0011234-T02-IM5,2026-10-03,901439d00f53aaac7cba1f17b89ed2231f6c053af64bab1cd501a5a0716dfd5b
P-0011293-T01-IM5,P-0011293-T01-IM5,Non-Small Cell Lung Cancer,lung,cBioPortal,unknown,data/raw/cbioportal_alterations.csv,P-0011293-T01-IM5,2026-10-03,901439d00f53aaac7cba1f17b89ed2231f6c053af64bab1cd501a5a0716dfd5b
P-0011308-T01-IM5,P-0011308-T01-IM5,Non-Small Cell Lung Cancer,lung,cBioPortal,unknown,data/raw/cbioportal_alterations.csv,P-0011308-T01-IM5,2026-10-03,901439d00f53aaac7cba1f17b89ed2231f6c053af64bab1cd501a5a0716dfd5b
P-0011309-T01-IM5,P-0011309-T01-IM5,Non-Small Cell Lung Cancer,lung,cBioPortal,unknown,data/raw/cbioportal_alterations.csv,P-0011309-T01-IM5,2026-10-03,901439d00f53aaac7cba1f17b89ed2231f6c053af64bab1cd501a5a0716dfd5b
P-0011326-T01-IM5,P-0011326-T01-IM5,Non-Small Cell Lung Cancer,lung,cBioPortal,unknown,data/raw/cbioportal_alterations.csv,P-0011326-T01-IM5,2026-10-03,901439d00f53aaac7cba1f17b89ed2231f6c053af64bab1cd501a5a0716dfd5b
P-0011333-T01-IM5,P-0011333-T01-IM5,Non-Small Cell Lung Cancer,lung,cBioPortal,unknown,data/raw/cbioportal_alterations.csv,P-0011333-T01-IM5,2026-10-03,901439d00f53aaac7cba1f17b89ed2231f6c053af64bab1cd501a5a0716dfd5b
P-0011389-T01-IM5,P-0011389-T01-IM5,Non-Small Cell Lung Cancer,lung,cBioPortal,unknown,data/raw/cbioportal_alterations.csv,P-0011389-T01-IM5,2026-10-03,901439d00f53aaac7cba1f17b89ed2231f6c053af64bab1cd501a5a0716dfd5b
P-0011395-T01-IM5,P-0011395-T01-IM5,Non-Small Cell Lung Cancer,lung,cBioPortal,unknown,data/raw/cbioportal_alterations.csv,P-0011395-T01-IM5,2026-10-03,901439d00f53aaac7cba1f17b89ed2231f6c053af64bab1cd501a5a0716dfd5b
P-0011395-T02-IM5,P-0011395-T02-IM5,Non-Small Cell Lung Cancer,lung,cBioPortal,unknown,data/raw/cbioportal_alterations.csv,P-0011395-T02-IM5,2026-10-03,901439d00f53aaac7cba1f17b89ed2231f6c053af64bab1cd501a5a0716dfd5b
P-0011413-T01-IM5,P-0011413-T01-IM5,Non-Small Cell Lung Cancer,lung,cBioPortal,unknown,data/raw/cbioportal_alterations.csv,P-0011413-T01-IM5,2026-10-03,901439d00f53aaac7cba1f17b89ed2231f6c053af64bab1cd501a5a0716dfd5b
P-0011541-T01-IM5,P-0011541-T01-IM5,Non-Small Cell Lung Cancer,lung,cBioPortal,unknown,data/raw/cbioportal_alterations.csv,P-0011541-T01-IM5,2026-10-03,901439d00f53aaac7cba1f17b89ed2231f6c053af64bab1cd501a5a0716dfd5b
P-0011543-T01-IM5,P-0011543-T01-IM5,Non-Small Cell Lung Cancer,lung,cBioPortal,unknown,data/raw/cbioportal_alterations.csv,P-0011543-T01-IM5,2026-10-03,901439d00f53aaac7cba1f17b89ed2231f6c053af64bab1cd501a5a0716dfd5b
P-0012043-T01-IM5,P-0012043-T01-IM5,Non-Small Cell Lung Cancer,lung,cBioPortal,unknown,data/raw/cbioportal_alterations.csv,P-0012043-T01-IM5,2026-10-03,901439d00f53aaac7cba1f17b89ed2231f6c053af64bab1cd501a5a0716dfd5b
P-0012056-T01-IM5,P-0012056-T01-IM5,Non-Small Cell Lung Cancer,lung,cBioPortal,unknown,data/raw/cbioportal_alterations.csv,P-0012056-T01-IM5,2026-10-03,901439d00f53aaac7cba1f17b89ed2231f6c053af64bab1cd501a5a0716dfd5b
P-0012061-T01-IM5,P-0012061-T01-IM5,Non-Small Cell Lung Cancer,lung,cBioPortal,unknown,data/raw/cbioportal_alterations.csv,P-0012061-T01-IM5,2026-10-03,901439d00f53aaac7cba1f17b89ed2231f6c053af64bab1cd501a5a0716dfd5b
P-0012076-T01-IM5,P-0012076-T01-IM5,Non-Small Cell Lung Cancer,lung,cBioPortal,unknown,data/raw/cbioportal_alterations.csv,P-0012076-T01-IM5,2026-10-03,901439d00f53aaac7cba1f17b89ed2231f6c053af64bab1cd501a5a0716dfd5b
P-0012079-T01-IM5,P-0012079-T01-IM5,Non-Small Cell Lung Cancer,lung,cBioPortal,unknown,data/raw/cbioportal_alterations.csv,P-0012079-T01-IM5,2026-10-03,901439d00f53aaac7cba1f17b89ed2231f6c053af64bab1cd501a5a0716dfd5b
P-0012083-T01-IM5,P-0012083-T01-IM5,Non-Small Cell Lung Cancer,lung,cBioPortal,unknown,data/raw/cbioportal_alterations.csv,P-0012083-T01-IM5,2026-10-03,901439d00f53aaac7cba1f17b89ed2231f6c053af64bab1cd501a5a0716dfd5b
P-0012089-T01-IM5,P-0012089-T01-IM5,Non-Small Cell Lung Cancer,lung,cBioPortal,unknown,data/raw/cbioportal_alterations.csv,P-0012089-T01-IM5,2026-10-03,901439d00f53aaac7cba1f17b89ed2231f6c053af64bab1cd501a5a0716dfd5b
P-0012098-T01-IM5,P-0012098-T01-IM5,Non-Small Cell Lung Cancer,lung,cBioPortal,unknown,data/raw/cbioportal_alterations.csv,P-0012098-T01-IM5,2026-10-03,901439d00f53aaac7cba1f17b89ed2231f6c053af64bab1cd501a5a0716dfd5b
P-0012149-T01-IM5,P-0012149-T01-IM5,Non-Small Cell Lung Cancer,lung,cBioPortal,unknown,data/raw/cbioportal_alterations.csv,P-0012149-T01-IM5,2026-10-03,901439d00f53aaac7cba1f17b89ed2231f6c053af64bab1cd501a5a0716dfd5b
P-0012160-T01-IM5,P-0012160-T01-IM5,Non-Small Cell Lung Cancer,lung,cBioPortal,unknown,data/raw/cbioportal_alterations.csv,P-0012160-T01-IM5,2026-10-03,901439d00f53aaac7cba1f17b89ed2231f6c053af64bab1cd501a5a0716dfd5b
P-0012196-T01-IM5,P-0012196-T01-IM5,Non-Small Cell Lung Cancer,lung,cBioPortal,unknown,data/raw/cbioportal_alterations.csv,P-0012196-T01-IM5,2026-10-03,901439d00f53aaac7cba1f17b89ed2231f6c053af64bab1cd501a5a0716dfd5b
P-0012239-T01-IM5,P-0012239-T01-IM5,Non-Small Cell Lung Cancer,lung,cBioPortal,unknown,data/raw/cbioportal_alterations.csv,P-0012239-T01-IM5,2026-10-03,901439d00f53aaac7cba1f17b89ed2231f6c053af64bab1cd501a5a0716dfd5b
P-0012251-T01-IM5,P-0012251-T01-IM5,Non-Small Cell Lung Cancer,lung,cBioPortal,unknown,data/raw/cbioportal_alterations.csv,P-0012251-T01-IM5,2026-10-03,901439d00f53aaac7cba1f17b89ed2231f6c053af64bab1cd501a5a0716dfd5b
P-0012306-T01-IM5,P-0012306-T01-IM5,Non-Small Cell Lung Cancer,lung,cBioPortal,unknown,data/raw/cbioportal_alterations.csv,P-0012306-T01-IM5,2026-10-03,901439d00f53aaac7cba1f17b89ed2231f6c053af64bab1cd501a5a0716dfd5b
P-0012393-T01-IM5,P-0012393-T01-IM5,Non-Small Cell Lung Cancer,lung,cBioPortal,unknown,data/raw/cbioportal_alterations.csv,P-0012393-T01-IM5,2026-10-03,901439d00f53aaac7cba1f17b89ed2231f6c053af64bab1cd501a5a0716dfd5b
P-0012404-T01-IM5,P-0012404-T01-IM5,Non-Small Cell Lung Cancer,lung,cBioPortal,unknown,data/raw/cbioportal_alterations.csv,P-0012404-T01-IM5,2026-10-03,901439d00f53aaac7cba1f17b89ed2231f6c053af64bab1cd501a5a0716dfd5b
P-0000110-T01-IM3,P-0000110-T01-IM3,Non-Small Cell Lung Cancer,lung,cBioPortal,unknown,data/raw/cbioportal_alterations.csv,P-0000110-T01-IM3,2026-10-03,901439d00f53aaac7cba1f17b89ed2231f6c053af64bab1cd501a5a0716dfd5b
P-0000208-T02-IM5,P-0000208-T02-IM5,Non-Small Cell Lung Cancer,lung,cBioPortal,unknown,data/raw/cbioportal_alterations.csv,P-0000208-T02-IM5,2026-10-03,901439d00f53aaac7cba1f17b89ed2231f6c053af64bab1cd501a5a0716dfd5b
P-0000477-T01-IM3,P-0000477-T01-IM3,Non-Small Cell Lung Cancer,lung,cBioPortal,unknown,data/raw/cbioportal_alterations.csv,P-0000477-T01-IM3,2026-10-03,901439d00f53aaac7cba1f17b89ed2231f6c053af64bab1cd501a5a0716dfd5b
P-0001224-T02-IM3,P-0001224-T02-IM3,Non-Small Cell Lung Cancer,lung,cBioPortal,unknown,data/raw/cbioportal_alterations.csv,P-0001224-T02-IM3,2026-10-03,901439d00f53aaac7cba1f17b89ed2231f6c053af64bab1cd501a5a0716dfd5b
P-0001528-T02-IM3,P-0001528-T02-IM3,Non-Small Cell Lung Cancer,lung,cBioPortal,unknown,data/raw/cbioportal_alterations.csv,P-0001528-T02-IM3,2026-10-03,901439d00f53aaac7cba1f17b89ed2231f6c053af64bab1cd501a5a0716dfd5b
P-0001528-T03-IM5,P-0001528-T03-IM5,Non-Small Cell Lung Cancer,lung,cBioPortal,unknown,data/raw/cbioportal_alterations.csv,P-0001528-T03-IM5,2026-10-03,901439d00f53aaac7cba1f17b89ed2231f6c053af64bab1cd501a5a0716dfd5b
P-0001802-T01-IM3,P-0001802-T01-IM3,Non-Small Cell Lung Cancer,lung,cBioPortal,unknown,data/raw/cbioportal_alterations.csv,P-0001802-T01-IM3,2026-10-03,901439d00f53aaac7cba1f17b89ed2231f6c053af64bab1cd501a5a0716dfd5b
P-0001927-T01-IM3,P-0001927-T01-IM3,Non-Small Cell Lung Cancer,lung,cBioPortal,unknown,data/raw/cbioportal_alterations.csv,P-0001927-T01-IM3,2026-10-03,901439d00f53aaac7cba1f17b89ed2231f6c053af64bab1cd501a5a0716dfd5b
P-0001931-T01-IM3,P-0001931-T01-IM3,Non-Small Cell Lung Cancer,lung,cBioPortal,unknown,data/raw/cbioportal_alterations.csv,P-0001931-T01-IM3,2026-10-03,901439d00f53aaac7cba1f17b89ed2231f6c053af64bab1cd501a5a0716dfd5b
P-0002046-T01-IM3,P-0002046-T01-IM3,Non-Small Cell Lung Cancer,lung,cBioPortal,unknown,data/raw/cbioportal_alterations.csv,P-0002046-T01-IM3,2026-10-03,901439d00f53aaac7cba1f17b89ed2231f6c053af64bab1cd501a5a0716dfd5b
P-0002126-T01-IM3,P-0002126-T01-IM3,Non-Small Cell Lung Cancer,lung,cBioPortal,unknown,data/raw/cbioportal_alterations.csv,P-0002126-T01-IM3,2026-10-03,901439d00f53aaac7cba1f17b89ed2231f6c053af64bab1cd501a5a0716dfd5b
P-0002904-T01-IM3,P-0002904-T01-IM3,Non-Small Cell Lung Cancer,lung,cBioPortal,unknown,data/raw/cbioportal_alterations.csv,P-0002904-T01-IM3,2026-10-03,901439d00f53aaac7cba1f17b89ed2231f6c053af64bab1cd501a5a0716dfd5b
P-0003167-T01-IM5,P-0003167-T01-IM5,Non-Small Cell Lung Cancer,lung,cBioPortal,unknown,data/raw/cbioportal_alterations.csv,P-0003167-T01-IM5,2026-10-03,901439d00f53aaac7cba1f17b89ed2231f6c053af64bab1cd501a5a0716dfd5b
P-0003229-T01-IM5,P-0003229-T01-IM5,Non-Small Cell Lung Cancer,lung,cBioPortal,unknown,data/raw/cbioportal_alterations.csv,P-0003229-T01-IM5,2026-10-03,901439d00f53aaac7cba1f17b89ed2231f6c053af64bab1cd501a5a0716dfd5b
P-0003270-T02-IM5,P-0003270-T02-IM5,Non-Small Cell Lung Cancer,lung,cBioPortal,unknown,data/raw/cbioportal_alterations.csv,P-0003270-T02-IM5,2026-10-03,901439d00f53aaac7cba1f17b89ed2231f6c053af64bab1cd501a5a0716dfd5b
P-0003654-T01-IM5,P-0003654-T01-IM5,Non-Small Cell Lung Cancer,lung,cBioPortal,unknown,data/raw/cbioportal_alterations.csv,P-0003654-T01-IM5,2026-10-03,901439d00f53aaac7cba1f17b89ed2231f6c053af64bab1cd501a5a0716dfd5b
P-0004263-T01-IM5,P-0004263-T01-IM5,Non-Small Cell Lung Cancer,lung,cBioPortal,unknown,data/raw/cbioportal_alterations.csv,P-0004263-T01-IM5,2026-10-03,901439d00f53aaac7cba1f17b89ed2231f6c053af64bab1cd501a5a0716dfd5b
P-0004517-T01-IM5,P-0004517-T01-IM5,Non-Small Cell Lung Cancer,lung,cBioPortal,unknown,data/raw/cbioportal_alterations.csv,P-0004517-T01-IM5,2026-10-03,901439d00f53aaac7cba1f17b89ed2231f6c053af64bab1cd501a5a0716dfd5b
P-0004759-T01-IM5,P-0004759-T01-IM5,Non-Small Cell Lung Cancer,lung,cBioPortal,unknown,data/raw/cbioportal_alterations.csv,P-0004759-T01-IM5,2026-10-03,901439d00f53aaac7cba1f17b89ed2231f6c053af64bab1cd501a5a0716dfd5b
P-0006268-T01-IM5,P-0006268-T01-IM5,Non-Small Cell Lung Cancer,lung,cBioPortal,unknown,data/raw/cbioportal_alterations.csv,P-0006268-T01-IM5,2026-10-03,901439d00f53aaac7cba1f17b89ed2231f6c053af64bab1cd501a5a0716dfd5b
P-0006321-T01-IM5,P-0006321-T01-IM5,Non-Small Cell Lung Cancer,lung,cBioPortal,unknown,data/raw/cbioportal_alterations.csv,P-0006321-T01-IM5,2026-10-03,901439d00f53aaac7cba1f17b89ed2231f6c053af64bab1cd501a5a0716dfd5b
P-0006768-T01-IM5,P-0006768-T01-IM5,Non-Small Cell Lung Cancer,lung,cBioPortal,unknown,data/raw/cbioportal_alterations.csv,P-0006768-T01-IM5,2026-10-03,901439d00f53aaac7cba1f17b89ed2231f6c053af64bab1cd501a5a0716dfd5b
P-0008058-T01-IM5,P-0008058-T01-IM5,Non-Small Cell Lung Cancer,lung,cBioPortal,unknown,data/raw/cbioportal_alterations.csv,P-0008058-T01-IM5,2026-10-03,901439d00f53aaac7cba1f17b89ed2231f6c053af64bab1cd501a5a0716dfd5b
P-0009702-T01-IM5,P-0009702-T01-IM5,Non-Small Cell Lung Cancer,lung,cBioPortal,unknown,data/raw/cbioportal_alterations.csv,P-0009702-T01-IM5,2026-10-03,901439d00f53aaac7cba1f17b89ed2231f6c053af64bab1cd501a5a0716dfd5b
P-0009764-T01-IM5,P-0009764-T01-IM5,Non-Small Cell Lung Cancer,lung,cBioPortal,unknown,data/raw/cbioportal_alterations.csv,P-0009764-T01-IM5,2026-10-03,901439d00f53aaac7cba1f17b89ed2231f6c053af64bab1cd501a5a0716dfd5b
P-0009922-T01-IM5,P-0009922-T01-IM5,Non-Small Cell Lung Cancer,lung,cBioPortal,unknown,data/raw/cbioportal_alterations.csv,P-0009922-T01-IM5,2026-10-03,901439d00f53aaac7cba1f17b89ed2231f6c053af64bab1cd501a5a0716dfd5b
P-0011142-T01-IM5,P-0011142-T01-IM5,Non-Small Cell Lung Cancer,lung,cBioPortal,unknown,data/raw/cbioportal_alterations.csv,P-0011142-T01-IM5,2026-10-03,901439d00f53aaac7cba1f17b89ed2231f6c053af64bab1cd501a5a0716dfd5b
P-0011237-T01-IM5,P-0011237-T01-IM5,Non-Small Cell Lung Cancer,lung,cBioPortal,unknown,data/raw/cbioportal_alterations.csv,P-0011237-T01-IM5,2026-10-03,901439d00f53aaac7cba1f17b89ed2231f6c053af64bab1cd501a5a0716dfd5b
P-0012088-T01-IM5,P-0012088-T01-IM5,Non-Small Cell Lung Cancer,lung,cBioPortal,unknown,data/raw/cbioportal_alterations.csv,P-0012088-T01-IM5,2026-10-03,901439d00f53aaac7cba1f17b89ed2231f6c053af64bab1cd501a5a0716dfd5b
P-0000819-T01-IM3,P-0000819-T01-IM3,Non-Small Cell Lung Cancer,lung,cBioPortal,unknown,data/raw/cbioportal_alterations.csv,P-0000819-T01-IM3,2026-10-03,901439d00f53aaac7cba1f17b89ed2231f6c053af64bab1cd501a5a0716dfd5b
P-0001375-T01-IM3,P-0001375-T01-IM3,Non-Small Cell Lung Cancer,lung,cBioPortal,unknown,data/raw/cbioportal_alterations.csv,P-0001375-T01-IM3,2026-10-03,901439d00f53aaac7cba1f17b89ed2231f6c053af64bab1cd501a5a0716dfd5b
P-0001833-T01-IM3,P-0001833-T01-IM3,Non-Small Cell Lung Cancer,lung,cBioPortal,unknown,data/raw/cbioportal_alterations.csv,P-0001833-T01-IM3,2026-10-03,901439d00f53aaac7cba1f17b89ed2231f6c053af64bab1cd501a5a0716dfd5b
P-0002183-T01-IM3,P-0002183-T01-IM3,Non-Small Cell Lung Cancer,lung,cBioPortal,unknown,data/raw/cbioportal_alterations.csv,P-0002183-T01-IM3,2026-10-03,901439d00f53aaac7cba1f17b89ed2231f6c053af64bab1cd501a5a0716dfd5b
P-0003119-T01-IM5,P-0003119-T01-IM5,Non-Small Cell Lung Cancer,lung,cBioPortal,unknown,data/raw/cbioportal_alterations.csv,P-0003119-T01-IM5,2026-10-03,901439d00f53aaac7cba1f17b89ed2231f6c053af64bab1cd501a5a0716dfd5b
P-0003129-T01-IM5,P-0003129-T01-IM5,Non-Small Cell Lung Cancer,lung,cBioPortal,unknown,data/raw/cbioportal_alterations.csv,P-0003129-T01-IM5,2026-10-03,901439d00f53aaac7cba1f17b89ed2231f6c053af64bab1cd501a5a0716dfd5b
P-0003278-T01-IM5,P-0003278-T01-IM5,Non-Small Cell Lung Cancer,lung,cBioPortal,unknown,data/raw/cbioportal_alterations.csv,P-0003278-T01-IM5,2026-10-03,901439d00f53aaac7cba1f17b89ed2231f6c053af64bab1cd501a5a0716dfd5b
P-0003666-T01-IM5,P-0003666-T01-IM5,Non-Small Cell Lung Cancer,lung,cBioPortal,unknown,data/raw/cbioportal_alterations.csv,P-0003666-T01-IM5,2026-10-03,901439d00f53aaac7cba1f17b89ed2231f6c053af64bab1cd501a5a0716dfd5b
P-0004065-T01-IM5,P-0004065-T01-IM5,Non-Small Cell Lung Cancer,lung,cBioPortal,unknown,data/raw/cbioportal_alterations.csv,P-0004065-T01-IM5,2026-10-03,901439d00f53aaac7cba1f17b89ed2231f6c053af64bab1cd501a5a0716dfd5b
P-0004091-T01-IM5,P-0004091-T01-IM5,Non-Small Cell Lung Cancer,lung,cBioPortal,unknown,data/raw/cbioportal_alterations.csv,P-0004091-T01-IM5,2026-10-03,901439d00f53aaac7cba1f17b89ed2231f6c053af64bab1cd501a5a0716dfd5b
P-0004615-T01-IM5,P-0004615-T01-IM5,Non-Small Cell Lung Cancer,lung,cBioPortal,unknown,data/raw/cbioportal_alterations.csv,P-0004615-T01-IM5,2026-10-03,901439d00f53aaac7cba1f17b89ed2231f6c053af64bab1cd501a5a0716dfd5b
P-0004869-T01-IM5,P-0004869-T01-IM5,Non-Small Cell Lung Cancer,lung,cBioPortal,unknown,data/raw/cbioportal_alterations.csv,P-0004869-T01-IM5,2026-10-03,901439d00f53aaac7cba1f17b89ed2231f6c053af64bab1cd501a5a0716dfd5b
P-0005320-T01-IM5,P-0005320-T01-IM5,Non-Small Cell Lung Cancer,lung,cBioPortal,unknown,data/raw/cbioportal_alterations.csv,P-0005320-T01-IM5,2026-10-03,901439d00f53aaac7cba1f17b89ed2231f6c053af64bab1cd501a5a0716dfd5b
P-0005492-T01-IM5,P-0005492-T01-IM5,Non-Small Cell Lung Cancer,lung,cBioPortal,unknown,data/raw/cbioportal_alterations.csv,P-0005492-T01-IM5,2026-10-03,901439d00f53aaac7cba1f17b89ed2231f6c053af64bab1cd501a5a0716dfd5b
P-0006896-T01-IM5,P-0006896-T01-IM5,Non-Small Cell Lung Cancer,lung,cBioPortal,unknown,data/raw/cbioportal_alterations.csv,P-0006896-T01-IM5,2026-10-03,901439d00f53aaac7cba1f17b89ed2231f6c053af64bab1cd501a5a0716dfd5b
P-0007328-T01-IM5,P-0007328-T01-IM5,Non-Small Cell Lung Cancer,lung,cBioPortal,unknown,data/raw/cbioportal_alterations.csv,P-0007328-T01-IM5,2026-10-03,901439d00f53aaac7cba1f17b89ed2231f6c053af64bab1cd501a5a0716dfd5b
P-0007705-T01-IM5,P-0007705-T01-IM5,Non-Small Cell Lung Cancer,lung,cBioPortal,unknown,data/raw/cbioportal_alterations.csv,P-0007705-T01-IM5,2026-10-03,901439d00f53aaac7cba1f17b89ed2231f6c053af64bab1cd501a5a0716dfd5b
P-0007924-T01-IM5,P-0007924-T01-IM5,Non-Small Cell Lung Cancer,lung,cBioPortal,unknown,data/raw/cbioportal_alterations.csv,P-0007924-T01-IM5,2026-10-03,901439d00f53aaac7cba1f17b89ed2231f6c053af64bab1cd501a5a0716dfd5b
P-0008101-T01-IM5,P-0008101-T01-IM5,Non-Small Cell Lung Cancer,lung,cBioPortal,unknown,data/raw/cbioportal_alterations.csv,P-0008101-T01-IM5,2026-10-03,901439d00f53aaac7cba1f17b89ed2231f6c053af64bab1cd501a5a0716dfd5b
P-0009223-T01-IM5,P-0009223-T01-IM5,Non-Small Cell Lung Cancer,lung,cBioPortal,unknown,data/raw/cbioportal_alterations.csv,P-0009223-T01-IM5,2026-10-03,901439d00f53aaac7cba1f17b89ed2231f6c053af64bab1cd501a5a0716dfd5b
P-0009614-T01-IM5,P-0009614-T01-IM5,Non-Small Cell Lung Cancer,lung,cBioPortal,unknown,data/raw/cbioportal_alterations.csv,P-0009614-T01-IM5,2026-10-03,901439d00f53aaac7cba1f17b89ed2231f6c053af64bab1cd501a5a0716dfd5b
P-0009684-T01-IM5,P-0009684-T01-IM5,Non-Small Cell Lung Cancer,lung,cBioPortal,unknown,data/raw/cbioportal_alterations.csv,P-0009684-T01-IM5,2026-10-03,901439d00f53aaac7cba1f17b89ed2231f6c053af64bab1cd501a5a0716dfd5b
P-0009714-T01-IM5,P-0009714-T01-IM5,Non-Small Cell Lung Cancer,lung,cBioPortal,unknown,data/raw/cbioportal_alterations.csv,P-0009714-T01-IM5,2026-10-03,901439d00f53aaac7cba1f17b89ed2231f6c053af64bab1cd501a5a0716dfd5b
P-0011378-T01-IM5,P-0011378-T01-IM5,Non-Small Cell Lung Cancer,lung,cBioPortal,unknown,data/raw/cbioportal_alterations.csv,P-0011378-T01-IM5,2026-10-03,901439d00f53aaac7cba1f17b89ed2231f6c053af64bab1cd501a5a0716dfd5b
