sample_id,patient_id,gene,alteration,protein_change,alteration_type,cancer_type,tissue,study_id,molecular_profile_id,source_url,retrieved_at
P-0000030-T01-IM3,P-0000030,EGFR,EGFR T302 missense,T302H,Missense_Mutation,Non-Small Cell Lung Cancer,lung,msk_impact_2017,msk_impact_2017_mutations,https://www.cbioportal.org/api/molecular-profiles/msk_impact_2017_mutations/mutations/fetch?projection=DETAILED,2026-10-03T09:41:06.219023+00:00
P-0000165-T01-IM3,P-0000165,EGFR,EGFR L861 missense,L861Q,Missense_Mutation,Non-Small Cell Lung Cancer,lung,msk_impact_2017,msk_impact_2017_mutations,https://www.cbioportal.org/api/molecular-profiles/msk_impact_2017_mutations/mutations/fetch?projection=DETAILED,2026-10-03T09:41:06.219059+00:00
P-0000205-T01-IM3,P-0000205,EGFR,EGFR L858 missense,L858R,Missense_Mutation,Non-Small Cell Lung Cancer,lung,msk_impact_2017,msk_impact_2017_mutations,https://www.cbioportal.org/api/molecular-profiles/msk_impact_2017_mutations/mutations/fetch?projection=DETAILED,2026-10-03T09:41:06.219065+00:00
P-0000219-T01-IM3,P-0000219,EGFR,E746_A750del,E746_A750del,In_Frame_Del,Non-Small Cell Lung Cancer,lung,msk_impact_2017,msk_impact_2017_mutations,https://www.cbioportal.org/api/molecular-profiles/msk_impact_2017_mutations/mutations/fetch?projection=DETAILED,2026-10-03T09:41:06.219073+00:00
P-0000280-T01-IM3,P-0000280,EGFR,EGFR L858 missense,L858R,Missense_Mutation,Non-Small Cell Lung Cancer,lung,msk_impact_2017,msk_impact_2017_mutations,https://www.cbioportal.org/api/molecular-profiles/msk_impact_2017_mutations/mutations/fetch?projection=DETAILED,2026-10-03T09:41:06.219076+00:00
P-0000289-T01-IM3,P-0000289,MET,MET truncating,X1006_splice,Splice_Site,Non-Small Cell Lung Cancer,lung,msk_impact_2017,msk_impact_2017_mutations,https://www.cbioportal.org/api/molecular-profiles/msk_impact_2017_mutations/mutations/fetch?projection=DETAILED,2026-10-03T09:41:06.219080+00:00
P-0000301-T01-IM3,P-0000301,EGFR,L747_P753delinsS,L747_P753delinsS,In_Frame_Del,Non-Small Cell Lung Cancer,lung,msk_impact_2017,msk_impact_2017_mutations,https://www.cbioportal.org/api/molecular-profiles/msk_impact_2017_mutations/mutations/fetch?projection=DETAILED,2026-10-03T09:41:06.219083+00:00
P-0000316-T01-IM3,P-0000316,EGFR,EGFR M277 missense,M277E,Missense_Mutation,Non-Small Cell Lung Cancer,lung,msk_impact_2017,msk_impact_2017_mutations,https://www.cbioportal.org/api/molecular-profiles/msk_impact_2017_mutations/mutations/fetch?projection=DETAILED,2026-10-03T09:41:06.219095+00:00
P-0000347-T01-IM3,P-0000347,EGFR,EGFR T790 missense,T790M,Missense_Mutation,Non-Small Cell Lung Cancer,lung,msk_impact_2017,msk_impact_2017_mutations,https://www.cbioportal.org/api/molecular-profiles/msk_impact_2017_mutations/mutations/fetch?projection=DETAILED,2026-10-03T09:41:06.219101+00:00
P-0000347-T01-IM3,P-0000347,EGFR,E746_A750del,E746_A750del,In_Frame_Del,Non-Small Cell Lung Cancer,lung,msk_impact_2017,msk_impact_2017_mutations,https://www.cbioportal.org/api/molecular-profiles/msk_impact_2017_mutations/mutations/fetch?projection=DETAILED,2026-10-03T09:41:06.219105+00:00
P-0000348-T01-IM3,P-0000348,EGFR,EGFR L747 missense,L747P,Missense_Mutation,Non-Small Cell Lung Cancer,lung,msk_impact_2017,msk_impact_2017_mutations,https://www.cbioportal.org/api/molecular-profiles/msk_impact_2017_mutations/mutations/fetch?projection=DETAILED,2026-10-03T09:41:06.219108+00:00
P-0000352-T01-IM3,P-0000352,EGFR,EGFR L858 missense,L858R,Missense_Mutation,Non-Small Cell Lung Cancer,lung,msk_impact_2017,msk_impact_2017_mutations,https://www.cbioportal.org/api/molecular-profiles/msk_impact_2017_mutations/mutations/fetch?projection=DETAILED,2026-10-03T09:41:06.219111+00:00
P-0000352-T01-IM3,P-0000352,EGFR,EGFR L833 missense,L833V,Missense_Mutation,Non-Small Cell Lung Cancer,lung,msk_impact_2017,msk_impact_2017_mutations,https://www.cbioportal.org/api/molecular-profiles/msk_impact_2017_mutations/mutations/fetch?projection=DETAILED,2026-10-03T09:41:06.219114+00:00
P-0000370-T01-IM3,P-0000370,EGFR,MD277IY,MD277IY,Missense_Mutation,Non-Small Cell Lung Cancer,lung,msk_impact_2017,msk_impact_2017_mutations,https://www.cbioportal.org/api/molecular-profiles/msk_impact_2017_mutations/mutations/fetch?projection=DETAILED,2026-10-03T09:41:06.219118+00:00
P-0000370-T01-IM3,P-0000370,EGFR,EGFR L858 missense,L858R,Missense_Mutation,Non-Small Cell Lung Cancer,lung,msk_impact_2017,msk_impact_2017_mutations,https://www.cbioportal.org/api/molecular-profiles/msk_impact_2017_mutations/mutations/fetch?projection=DETAILED,2026-10-03T09:41:06.219121+00:00
P-0000390-T01-IM3,P-0000390,EGFR,EGFR L858 missense,L858R,Missense_Mutation,Non-Small Cell Lung Cancer,lung,msk_impact_2017,msk_impact_2017_mutations,https://www.cbioportal.org/api/molecular-profiles/msk_impact_2017_mutations/mutations/fetch?projection=DETAILED,2026-10-03T09:41:06.219124+00:00
P-0000571-T01-IM3,P-0000571,EGFR,N771_H773dup,N771_H773dup,In_Frame_Ins,Non-Small Cell Lung Cancer,lung,msk_impact_2017,msk_impact_2017_mutations,https://www.cbioportal.org/api/molecular-profiles/msk_impact_2017_mutations/mutations/fetch?projection=DETAILED,2026-10-03T09:41:06.219127+00:00
P-0000580-T01-IM3,P-0000580,EGFR,EGFR T790 missense,T790M,Missense_Mutation,Non-Small Cell Lung Cancer,lung,msk_impact_2017,msk_impact_2017_mutations,https://www.cbioportal.org/api/molecular-profiles/msk_impact_2017_mutations/mutations/fetch?projection=DETAILED,2026-10-03T09:41:06.219131+00:00
P-0000580-T01-IM3,P-0000580,EGFR,EGFR L858 missense,L858R,Missense_Mutation,Non-Small Cell Lung Cancer,lung,msk_impact_2017,msk_impact_2017_mutations,https://www.cbioportal.org/api/molecular-profiles/msk_impact_2017_mutations/mutations/fetch?projection=DETAILED,2026-10-03T09:41:06.219134+00:00
P-0000583-T01-IM3,P-0000583,EGFR,EGFR T790 missense,T790M,Missense_Mutation,Non-Small Cell Lung Cancer,lung,msk_impact_2017,msk_impact_2017_mutations,https://www.cbioportal.org/api/molecular-profiles/msk_impact_2017_mutations/mutations/fetch?projection=DETAILED,2026-10-03T09:41:06.219138+00:00
P-0000583-T01-IM3,P-0000583,EGFR,EGFR L861 missense,L861Q,Missense_Mutation,Non-Small Cell Lung Cancer,lung,msk_impact_2017,msk_impact_2017_mutations,https://www.cbioportal.org/api/molecular-profiles/msk_impact_2017_mutations/mutations/fetch?projection=DETAILED,2026-10-03T09:41:06.219141+00:00
P-0000628-T01-IM3,P-0000628,EGFR,L747_P753delinsS,L747_P753delinsS,In_Frame_Del,Non-Small Cell Lung Cancer,lung,msk_impact_2017,msk_impact_2017_mutations,https://www.cbioportal.org/api/molecular-profiles/msk_impact_2017_mutations/mutations/fetch?projection=DETAILED,2026-10-03T09:41:06.219143+00:00
P-0000628-T02-IM5,P-0000628,EGFR,EGFR T790 missense,T790M,Missense_Mutation,Non-Small Cell Lung Cancer,lung,msk_impact_2017,msk_impact_2017_mutations,https://www.cbioportal.org/api/molecular-profiles/msk_impact_2017_mutations/mutations/fetch?projection=DETAILED,2026-10-03T09:41:06.219146+00:00
P-0000628-T02-IM5,P-0000628,EGFR,L747_P753delinsS,L747_P753delinsS,In_Frame_Del,Non-Small Cell Lung Cancer,lung,msk_impact_2017,msk_impact_2017_mutations,https://www.cbioportal.org/api/molecular-profiles/msk_impact_2017_mutations/mutations/fetch?projection=DETAILED,2026-10-03T09:41:06.219149+00:00
P-0000630-T01-IM3,P-0000630,EGFR,EGFR G719 missense,G719S,Missense_Mutation,Non-Small Cell Lung Cancer,lung,msk_impact_2017,msk_impact_2017_mutations,https://www.cbioportal.org/api/molecular-profiles/msk_impact_2017_mutations/mutations/fetch?projection=DETAILED,2026-10-03T09:41:06.219153+00:00
P-0000630-T01-IM3,P-0000630,EGFR,EGFR E709 missense,E709K,Missense_Mutation,Non-Small Cell Lung Cancer,lung,msk_impact_2017,msk_impact_2017_mutations,https://www.cbioportal.org/api/molecular-profiles/msk_impact_2017_mutations/mutations/fetch?projection=DETAILED,2026-10-03T09:41:06.219156+00:00
P-0000636-T01-IM3,P-0000636,EGFR,E746_A750del,E746_A750del,In_Frame_Del,Non-Small Cell Lung Cancer,lung,msk_impact_2017,msk_impact_2017_mutations,https://www.cbioportal.org/api/molecular-profiles/msk_impact_2017_mutations/mutations/fetch?projection=DETAILED,2026-10-03T09:41:06.219159+00:00
P-0000642-T01-IM3,P-0000642,EGFR,H773dup,H773dup,In_Frame_Ins,Non-Small Cell Lung Cancer,lung,msk_impact_2017,msk_impact_2017_mutations,https://www.cbioportal.org/api/molecular-profiles/msk_impact_2017_mutations/mutations/fetch?projection=DETAILED,2026-10-03T09:41:06.219164+00:00
P-0000670-T01-IM3,P-0000670,EGFR,P772_H773dup,P772_H773dup,In_Frame_Ins,Non-Small Cell Lung Cancer,lung,msk_impact_2017,msk_impact_2017_mutations,https://www.cbioportal.org/api/molecular-profiles/msk_impact_2017_mutations/mutations/fetch?projection=DETAILED,2026-10-03T09:41:06.219167+00:00
P-0000681-T01-IM3,P-0000681,EGFR,EGFR G719 missense,G719A,Missense_Mutation,Non-Small Cell Lung Cancer,lung,msk_impact_2017,msk_impact_2017_mutations,https://www.cbioportal.org/api/molecular-profiles/msk_impact_2017_mutations/mutations/fetch?projection=DETAILED,2026-10-03T09:41:06.219169+00:00
P-0000681-T02-IM5,P-0000681,EGFR,EGFR G719 missense,G719A,Missense_Mutation,Non-Small Cell Lung Cancer,lung,msk_impact_2017,msk_impact_2017_mutations,https://www.cbioportal.org/api/molecular-profiles/msk_impact_2017_mutations/mutations/fetch?projection=DETAILED,2026-10-03T09:41:06.219172+00:00
P-0000731-T01-IM3,P-0000731,MET,MET truncating,S204Ifs*12,Frame_Shift_Del,Non-Small Cell Lung Cancer,lung,msk_impact_2017,msk_impact_2017_mutations,https://www.cbioportal.org/api/molecular-profiles/msk_impact_2017_mutations/mutations/fetch?projection=DETAILED,2026-10-03T09:41:06.219176+00:00
P-0000731-T01-IM3,P-0000731,MET,MET truncating,X963_splice,Splice_Site,Non-Small Cell Lung Cancer,lung,msk_impact_2017,msk_impact_2017_mutations,https://www.cbioportal.org/api/molecular-profiles/msk_impact_2017_mutations/mutations/fetch?projection=DETAILED,2026-10-03T09:41:06.219179+00:00
P-0000774-T01-IM3,P-0000774,EGFR,EGFR T790 missense,T790M,Missense_Mutation,Non-Small Cell Lung Cancer,lung,msk_impact_2017,msk_impact_2017_mutations,https://www.cbioportal.org/api/molecular-profiles/msk_impact_2017_mutations/mutations/fetch?projection=DETAILED,2026-10-03T09:41:06.219182+00:00
P-0000774-T01-IM3,P-0000774,EGFR,E746_A750del,E746_A750del,In_Frame_Del,Non-Small Cell Lung Cancer,lung,msk_impact_2017,msk_impact_2017_mutations,https://www.cbioportal.org/api/molecular-profiles/msk_impact_2017_mutations/mutations/fetch?projection=DETAILED,2026-10-03T09:41:06.219185+00:00
P-0000785-T01-IM3,P-0000785,EGFR,EGFR G221 missense,G221V,Missense_Mutation,Non-Small Cell Lung Cancer,lung,msk_impact_2017,msk_impact_2017_mutations,https://www.cbioportal.org/api/molecular-profiles/msk_impact_2017_mutations/mutations/fetch?projection=DETAILED,2026-10-03T09:41:06.219188+00:00
P-0000785-T01-IM3,P-0000785,EGFR,EGFR L858 missense,L858R,Missense_Mutation,Non-Small Cell Lung Cancer,lung,msk_impact_2017,msk_impact_2017_mutations,https://www.cbioportal.org/api/molecular-profiles/msk_impact_2017_mutations/mutations/fetch?projection=DETAILED,2026-10-03T09:41:06.219191+00:00
P-0000838-T01-IM3,P-0000838,MET,MET truncating,X1010_splice,Splice_Site,Non-Small Cell Lung Cancer,lung,msk_impact_2017,msk_impact_2017_mutations,https://www.cbioportal.org/api/molecular-profiles/msk_impact_2017_mutations/mutations/fetch?projection=DETAILED,2026-10-03T09:41:06.219194+00:00
P-0000894-T01-IM3,P-0000894,EGFR,EGFR H870 missense,H870R,Missense_Mutation,Non-Small Cell Lung Cancer,lung,msk_impact_2017,msk_impact_2017_mutations,https://www.cbioportal.org/api/molecular-profiles/msk_impact_2017_mutations/mutations/fetch?projection=DETAILED,2026-10-03T09:41:06.219197+00:00
P-0000894-T01-IM3,P-0000894,EGFR,EGFR L858 missense,L858R,Missense_Mutation,Non-Small Cell Lung Cancer,lung,msk_impact_2017,msk_impact_2017_mutations,https://www.cbioportal.org/api/molecular-profiles/msk_impact_2017_mutations/mutations/fetch?projection=DETAILED,2026-10-03T09:41:06.219200+00:00
P-0000894-T01-IM3,P-0000894,EGFR,EGFR S306 missense,S306L,Missense_Mutation,Non-Small Cell Lung Cancer,lung,msk_impact_2017,msk_impact_2017_mutations,https://www.cbioportal.org/api/molecular-profiles/msk_impact_2017_mutations/mutations/fetch?projection=DETAILED,2026-10-03T09:41:06.219203+00:00
P-0000900-T01-IM3,P-0000900,EGFR,EGFR L858 missense,L858R,Missense_Mutation,Non-Small Cell Lung Cancer,lung,msk_impact_2017,msk_impact_2017_mutations,https://www.cbioportal.org/api/molecular-profiles/msk_impact_2017_mutations/mutations/fetch?projection=DETAILED,2026-10-03T09:41:06.219207+00:00
P-0000913-T02-IM5,P-0000913,EGFR,E746_A750del,E746_A750del,In_Frame_Del,Non-Small Cell Lung Cancer,lung,msk_impact_2017,msk_impact_2017_mutations,https://www.cbioportal.org/api/molecular-profiles/msk_impact_2017_mutations/mutations/fetch?projection=DETAILED,2026-10-03T09:41:06.219210+00:00
P-0000913-T03-IM5,P-0000913,EGFR,EGFR T790 missense,T790M,Missense_Mutation,Non-Small Cell Lung Cancer,lung,msk_impact_2017,msk_impact_2017_mutations,https://www.cbioportal.org/api/molecular-profiles/msk_impact_2017_mutations/mutations/fetch?projection=DETAILED,2026-10-03T09:41:06.219213+00:00
P-0000913-T03-IM5,P-0000913,EGFR,E746_A750del,E746_A750del,In_Frame_Del,Non-Small Cell Lung Cancer,lung,msk_impact_2017,msk_impact_2017_mutations,https://www.cbioportal.org/api/molecular-profiles/msk_impact_2017_mutations/mutations/fetch?projection=DETAILED,2026-10-03T09:41:06.219216+00:00
P-0000929-T01-IM3,P-0000929,EGFR,E746_A750del,E746_A750del,In_Frame_Del,Non-Small Cell Lung Cancer,lung,msk_impact_2017,msk_impact_2017_mutations,https://www.cbioportal.org/api/molecular-profiles/msk_impact_2017_mutations/mutations/fetch?projection=DETAILED,2026-10-03T09:41:06.219222+00:00
P-0000963-T01-IM3,P-0000963,EGFR,E746_A750del,E746_A750del,In_Frame_Del,Non-Small Cell Lung Cancer,lung,msk_impact_2017,msk_impact_2017_mutations,https://www.cbioportal.org/api/molecular-profiles/msk_impact_2017_mutations/mutations/fetch?projection=DETAILED,2026-10-03T09:41:06.219226+00:00
P-0000978-T02-IM5,P-0000978,MET,MET truncating,X963_splice,Splice_Site,Non-Small Cell Lung Cancer,lung,msk_impact_2017,msk_impact_2017_mutations,https://www.cbioportal.org/api/molecular-profiles/msk_impact_2017_mutations/mutations/fetch?projection=DETAILED,2026-10-03T09:41:06.219229+00:00
P-0000987-T01-IM3,P-0000987,EGFR,E746_A750del,E746_A750del,In_Frame_Del,Non-Small Cell Lung Cancer,lung,msk_impact_2017,msk_impact_2017_mutations,https://www.cbioportal.org/api/molecular-profiles/msk_impact_2017_mutations/mutations/fetch?projection=DETAILED,2026-10-03T09:41:06.219234+00:00
P-0001037-T01-IM3,P-0001037,MET,MET D1010 missense,D1010H,Missense_Mutation,Non-Small Cell Lung Cancer,lung,msk_impact_2017,msk_impact_2017_mutations,https://www.cbioportal.org/api/molecular-profiles/msk_impact_2017_mutations/mutations/fetch?projection=DETAILED,2026-10-03T09:41:06.219238+00:00
P-0001089-T01-IM3,P-0001089,MET,V1001_F1007del,V1001_F1007del,In_Frame_Del,Non-Small Cell Lung Cancer,lung,msk_impact_2017,msk_impact_2017_mutations,https://www.cbioportal.org/api/molecular-profiles/msk_impact_2017_mutations/mutations/fetch?projection=DETAILED,2026-10-03T09:41:06.219241+00:00
P-0001097-T01-IM3,P-0001097,EGFR,E746_A750del,E746_A750del,In_Frame_Del,Non-Small Cell Lung Cancer,lung,msk_impact_2017,msk_impact_2017_mutations,https://www.cbioportal.org/api/molecular-profiles/msk_impact_2017_mutations/mutations/fetch?projection=DETAILED,2026-10-03T09:41:06.219244+00:00
P-0001097-T02-IM5,P-0001097,EGFR,EGFR T790 missense,T790M,Missense_Mutation,Non-Small Cell Lung Cancer,lung,msk_impact_2017,msk_impact_2017_mutations,https://www.cbioportal.org/api/molecular-profiles/msk_impact_2017_mutations/mutations/fetch?projection=DETAILED,2026-10-03T09:41:06.219247+00:00
P-0001097-T02-IM5,P-0001097,EGFR,E746_A750del,E746_A750del,In_Frame_Del,Non-Small Cell Lung Cancer,lung,msk_impact_2017,msk_impact_2017_mutations,https://www.cbioportal.org/api/molecular-profiles/msk_impact_2017_mutations/mutations/fetch?projection=DETAILED,2026-10-03T09:41:06.219250+00:00
P-0001123-T01-IM3,P-0001123,EGFR,EGFR L858 missense,L858R,Missense_Mutation,Non-Small Cell Lung Cancer,lung,msk_impact_2017,msk_impact_2017_mutations,https://www.cbioportal.org/api/molecular-profiles/msk_impact_2017_mutations/mutations/fetch?projection=DETAILED,2026-10-03T09:41:06.219253+00:00
P-0001123-T02-IM5,P-0001123,EGFR,EGFR L858 missense,L858R,Missense_Mutation,Non-Small Cell Lung Cancer,lung,msk_impact_2017,msk_impact_2017_mutations,https://www.cbioportal.org/api/molecular-profiles/msk_impact_2017_mutations/mutations/fetch?projection=DETAILED,2026-10-03T09:41:06.219256+00:00
P-0001123-T02-IM5,P-0001123,MET,MET S22 missense,S22N,Missense_Mutation,Non-Small Cell Lung Cancer,lung,msk_impact_2017,msk_impact_2017_mutations,https://www.cbioportal.org/api/molecular-profiles/msk_impact_2017_mutations/mutations/fetch?projection=DETAILED,2026-10-03T09:41:06.219259+00:00
P-0001131-T01-IM3,P-0001131,EGFR,EGFR L858 missense,L858R,Missense_Mutation,Non-Small Cell Lung Cancer,lung,msk_impact_2017,msk_impact_2017_mutations,https://www.cbioportal.org/api/molecular-profiles/msk_impact_2017_mutations/mutations/fetch?projection=DETAILED,2026-10-03T09:41:06.219262+00:00
P-0001171-T01-IM3,P-0001171,EGFR,EGFR V616 missense,V616L,Missense_Mutation,Non-Small Cell Lung Cancer,lung,msk_impact_2017,msk_impact_2017_mutations,https://www.cbioportal.org/api/molecular-profiles/msk_impact_2017_mutations/mutations/fetch?projection=DETAILED,2026-10-03T09:41:06.219265+00:00
P-0001208-T01-IM3,P-0001208,MET,MET truncating,X1010_splice,Splice_Site,Non-Small Cell Lung Cancer,lung,msk_impact_2017,msk_impact_2017_mutations,https://www.cbioportal.org/api/molecular-profiles/msk_impact_2017_mutations/mutations/fetch?projection=DETAILED,2026-10-03T09:41:06.219268+00:00
P-0001241-T01-IM3,P-0001241,MET,MET D1010 missense,D1010Y,Missense_Mutation,Non-Small Cell Lung Cancer,lung,msk_impact_2017,msk_impact_2017_mutations,https://www.cbioportal.org/api/molecular-profiles/msk_impact_2017_mutations/mutations/fetch?projection=DETAILED,2026-10-03T09:41:06.219271+00:00
P-0001241-T02-IM3,P-0001241,MET,MET D1010 missense,D1010Y,Missense_Mutation,Non-Small Cell Lung Cancer,lung,msk_impact_2017,msk_impact_2017_mutations,https://www.cbioportal.org/api/molecular-profiles/msk_impact_2017_mutations/mutations/fetch?projection=DETAILED,2026-10-03T09:41:06.219274+00:00
P-0001278-T01-IM3,P-0001278,EGFR,EGFR N103 missense,N103I,Missense_Mutation,Non-Small Cell Lung Cancer,lung,msk_impact_2017,msk_impact_2017_mutations,https://www.cbioportal.org/api/molecular-profiles/msk_impact_2017_mutations/mutations/fetch?projection=DETAILED,2026-10-03T09:41:06.219277+00:00
P-0001296-T01-IM3,P-0001296,EGFR,EGFR L858 missense,L858R,Missense_Mutation,Non-Small Cell Lung Cancer,lung,msk_impact_2017,msk_impact_2017_mutations,https://www.cbioportal.org/api/molecular-profiles/msk_impact_2017_mutations/mutations/fetch?projection=DETAILED,2026-10-03T09:41:06.219281+00:00
P-0001296-T02-IM5,P-0001296,EGFR,EGFR T790 missense,T790M,Missense_Mutation,Non-Small Cell Lung Cancer,lung,msk_impact_2017,msk_impact_2017_mutations,https://www.cbioportal.org/api/molecular-profiles/msk_impact_2017_mutations/mutations/fetch?projection=DETAILED,2026-10-03T09:41:06.219285+00:00
P-0001296-T02-IM5,P-0001296,EGFR,EGFR L858 missense,L858R,Missense_Mutation,Non-Small Cell Lung Cancer,lung,msk_impact_2017,msk_impact_2017_mutations,https://www.cbioportal.org/api/molecular-profiles/msk_impact_2017_mutations/mutations/fetch?projection=DETAILED,2026-10-03T09:41:06.219288+00:00
P-0001300-T01-IM3,P-0001300,EGFR,EGFR L858 missense,L858R,Missense_Mutation,Non-Small Cell Lung Cancer,lung,msk_impact_2017,msk_impact_2017_mutations,https://www.cbioportal.org/api/molecular-profiles/msk_impact_2017_mutations/mutations/fetch?projection=DETAILED,2026-10-03T09:41:06.219294+00:00
P-0001300-T02-IM5,P-0001300,EGFR,EGFR L858 missense,L858R,Missense_Mutation,Non-Small Cell Lung Cancer,lung,msk_impact_2017,msk_impact_2017_mutations,https://www.cbioportal.org/api/molecular-profiles/msk_impact_2017_mutations/mutations/fetch?projection=DETAILED,2026-10-03T09:41:06.219297+00:00
P-0001303-T01-IM3,P-0001303,EGFR,EGFR V689 missense,V689M,Missense_Mutation,Non-Small Cell Lung Cancer,lung,msk_impact_2017,msk_impact_2017_mutations,https://www.cbioportal.org/api/molecular-profiles/msk_impact_2017_mutations/mutations/fetch?projection=DETAILED,2026-10-03T09:41:06.219301+00:00
P-0001303-T01-IM3,P-0001303,EGFR,EGFR L858 missense,L858R,Missense_Mutation,Non-Small Cell Lung Cancer,lung,msk_impact_2017,msk_impact_2017_mutations,https://www.cbioportal.org/api/molecular-profiles/msk_impact_2017_mutations/mutations/fetch?projection=DETAILED,2026-10-03T09:41:06.219303+00:00
P-0001303-T02-IM3,P-0001303,EGFR,EGFR V689 missense,V689M,Missense_Mutation,Non-Small Cell Lung Cancer,lung,msk_impact_2017,msk_impact_2017_mutations,https://www.cbioportal.org/api/molecular-profiles/msk_impact_2017_mutations/mutations/fetch?projection=DETAILED,2026-10-03T09:41:06.219306+00:00
P-0001303-T02-IM3,P-0001303,EGFR,EGFR L858 missense,L858R,Missense_Mutation,Non-Small Cell Lung Cancer,lung,msk_impact_2017,msk_impact_2017_mutations,https://www.cbioportal.org/api/molecular-profiles/msk_impact_2017_mutations/mutations/fetch?projection=DETAILED,2026-10-03T09:41:06.219309+00:00
P-0001303-T03-IM5,P-0001303,EGFR,EGFR V689 missense,V689M,Missense_Mutation,Non-Small Cell Lung Cancer,lung,msk_impact_2017,msk_impact_2017_mutations,https://www.cbioportal.org/api/molecular-profiles/msk_impact_2017_mutations/mutations/fetch?projection=DETAILED,2026-10-03T09:41:06.219311+00:00
P-0001303-T03-IM5,P-0001303,EGFR,EGFR L858 missense,L858R,Missense_Mutation,Non-Small Cell Lung Cancer,lung,msk_impact_2017,msk_impact_2017_mutations,https://www.cbioportal.org/api/molecular-profiles/msk_impact_2017_mutations/mutations/fetch?projection=DETAILED,2026-10-03T09:41:06.219314+00:00
P-0001328-T01-IM3,P-0001328,EGFR,EGFR G5 missense,G5A,Missense_Mutation,Non-Small Cell Lung Cancer,lung,msk_impact_2017,msk_impact_2017_mutations,https://www.cbioportal.org/api/molecular-profiles/msk_impact_2017_mutations/mutations/fetch?projection=DETAILED,2026-10-03T09:41:06.219317+00:00
P-0001328-T01-IM3,P-0001328,EGFR,EGFR T790 missense,T790M,Missense_Mutation,Non-Small Cell Lung Cancer,lung,msk_impact_2017,msk_impact_2017_mutations,https://www.cbioportal.org/api/molecular-profiles/msk_impact_2017_mutations/mutations/fetch?projection=DETAILED,2026-10-03T09:41:06.219320+00:00
P-0001328-T01-IM3,P-0001328,EGFR,EGFR L858 missense,L858R,Missense_Mutation,Non-Small Cell Lung Cancer,lung,msk_impact_2017,msk_impact_2017_mutations,https://www.cbioportal.org/api/molecular-profiles/msk_impact_2017_mutations/mutations/fetch?projection=DETAILED,2026-10-03T09:41:06.219323+00:00
P-0001328-T01-IM3,P-0001328,EGFR,EGFR E709 missense,E709K,Missense_Mutation,Non-Small Cell Lung Cancer,lung,msk_impact_2017,msk_impact_2017_mutations,https://www.cbioportal.org/api/molecular-profiles/msk_impact_2017_mutations/mutations/fetch?projection=DETAILED,2026-10-03T09:41:06.219328+00:00
P-0001357-T02-IM5,P-0001357,EGFR,EGFR L858 missense,L858R,Missense_Mutation,Non-Small Cell Lung Cancer,lung,msk_impact_2017,msk_impact_2017_mutations,https://www.cbioportal.org/api/molecular-profiles/msk_impact_2017_mutations/mutations/fetch?projection=DETAILED,2026-10-03T09:41:06.219331+00:00
P-0001368-T01-IM3,P-0001368,EGFR,E746_A750del,E746_A750del,In_Frame_Del,Non-Small Cell Lung Cancer,lung,msk_impact_2017,msk_impact_2017_mutations,https://www.cbioportal.org/api/molecular-profiles/msk_impact_2017_mutations/mutations/fetch?projection=DETAILED,2026-10-03T09:41:06.219334+00:00
P-0001389-T01-IM3,P-0001389,EGFR,E746_A750del,E746_A750del,In_Frame_Del,Non-Small Cell Lung Cancer,lung,msk_impact_2017,msk_impact_2017_mutations,https://www.cbioportal.org/api/molecular-profiles/msk_impact_2017_mutations/mutations/fetch?projection=DETAILED,2026-10-03T09:41:06.219338+00:00
P-0001442-T01-IM3,P-0001442,EGFR,EGFR D761 missense,D761Y,Missense_Mutation,Non-Small Cell Lung Cancer,lung,msk_impact_2017,msk_impact_2017_mutations,https://www.cbioportal.org/api/molecular-profiles/msk_impact_2017_mutations/mutations/fetch?projection=DETAILED,2026-10-03T09:41:06.219341+00:00
P-0001442-T01-IM3,P-0001442,EGFR,EGFR L858 missense,L858R,Missense_Mutation,Non-Small Cell Lung Cancer,lung,msk_impact_2017,msk_impact_2017_mutations,https://www.cbioportal.org/api/molecular-profiles/msk_impact_2017_mutations/mutations/fetch?projection=DETAILED,2026-10-03T09:41:06.219343+00:00
P-0001442-T02-IM5,P-0001442,EGFR,EGFR D761 missense,D761Y,Missense_Mutation,Non-Small Cell Lung Cancer,lung,msk_impact_2017,msk_impact_2017_mutations,https://www.cbioportal.org/api/molecular-profiles/msk_impact_2017_mutations/mutations/fetch?projection=DETAILED,2026-10-03T09:41:06.219347+00:00
P-0001442-T02-IM5,P-0001442,EGFR,EGFR T790 missense,T790M,Missense_Mutation,Non-Small Cell Lung Cancer,lung,msk_impact_2017,msk_impact_2017_mutations,https://www.cbioportal.org/api/molecular-profiles/msk_impact_2017_mutations/mutations/fetch?projection=DETAILED,2026-10-03T09:41:06.219350+00:00
P-0001442-T02-IM5,P-0001442,EGFR,EGFR L858 missense,L858R,Missense_Mutation,Non-Small Cell Lung Cancer,lung,msk_impact_2017,msk_impact_2017_mutations,https://www.cbioportal.org/api/molecular-profiles/msk_impact_2017_mutations/mutations/fetch?projection=DETAILED,2026-10-03T09:41:06.219353+00:00
P-0001506-T01-IM3,P-0001506,EGFR,EGFR G911 missense,G911A,Missense_Mutation,Non-Small Cell Lung Cancer,lung,msk_impact_2017,msk_impact_2017_mutations,https://www.cbioportal.org/api/molecular-profiles/msk_impact_2017_mutations/mutations/fetch?projection=DETAILED,2026-10-03T09:41:06.219355+00:00
P-0001506-T01-IM3,P-0001506,EGFR,EGFR M945 missense,M945I,Missense_Mutation,Non-Small Cell Lung Cancer,lung,msk_impact_2017,msk_impact_2017_mutations,https://www.cbioportal.org/api/molecular-profiles/msk_impact_2017_mutations/mutations/fetch?projection=DETAILED,2026-10-03T09:41:06.219359+00:00
P-0001514-T01-IM3,P-0001514,EGFR,EGFR L858 missense,L858R,Missense_Mutation,Non-Small Cell Lung Cancer,lung,msk_impact_2017,msk_impact_2017_mutations,https://www.cbioportal.org/api/molecular-profiles/msk_impact_2017_mutations/mutations/fetch?projection=DETAILED,2026-10-03T09:41:06.219362+00:00
P-0001546-T02-IM5,P-0001546,MET,MET truncating,X1010_splice,Splice_Site,Non-Small Cell Lung Cancer,lung,msk_impact_2017,msk_impact_2017_mutations,https://www.cbioportal.org/api/molecular-profiles/msk_impact_2017_mutations/mutations/fetch?projection=DETAILED,2026-10-03T09:41:06.219364+00:00
P-0001553-T02-IM5,P-0001553,EGFR,E746_A750delinsD,E746_A750delinsD,In_Frame_Del,Non-Small Cell Lung Cancer,lung,msk_impact_2017,msk_impact_2017_mutations,https://www.cbioportal.org/api/molecular-profiles/msk_impact_2017_mutations/mutations/fetch?projection=DETAILED,2026-10-03T09:41:06.219367+00:00
P-0001613-T01-IM3,P-0001613,EGFR,EGFR L858 missense,L858R,Missense_Mutation,Non-Small Cell Lung Cancer,lung,msk_impact_2017,msk_impact_2017_mutations,https://www.cbioportal.org/api/molecular-profiles/msk_impact_2017_mutations/mutations/fetch?projection=DETAILED,2026-10-03T09:41:06.219370+00:00
P-0001613-T01-IM3,P-0001613,EGFR,EGFR E709 missense,E709K,Missense_Mutation,Non-Small Cell Lung Cancer,lung,msk_impact_2017,msk_impact_2017_mutations,https://www.cbioportal.org/api/molecular-profiles/msk_impact_2017_mutations/mutations/fetch?projection=DETAILED,2026-10-03T09:41:06.219374+00:00
P-0001613-T02-IM5,P-0001613,EGFR,EGFR L858 missense,L858R,Missense_Mutation,Non-Small Cell Lung Cancer,lung,msk_impact_2017,msk_impact_2017_mutations,https://www.cbioportal.org/api/molecular-profiles/msk_impact_2017_mutations/mutations/fetch?projection=DETAILED,2026-10-03T09:41:06.219377+00:00
P-0001625-T01-IM3,P-0001625,EGFR,E746_S752delinsV,E746_S752delinsV,In_Frame_Del,Non-Small Cell Lung Cancer,lung,msk_impact_2017,msk_impact_2017_mutations,https://www.cbioportal.org/api/molecular-profiles/msk_impact_2017_mutations/mutations/fetch?projection=DETAILED,2026-10-03T09:41:06.219379+00:00
P-0001665-T01-IM3,P-0001665,EGFR,H773dup,H773dup,In_Frame_Ins,Non-Small Cell Lung Cancer,lung,msk_impact_2017,msk_impact_2017_mutations,https://www.cbioportal.org/api/molecular-profiles/msk_impact_2017_mutations/mutations/fetch?projection=DETAILED,2026-10-03T09:41:06.219383+00:00
P-0001707-T01-IM3,P-0001707,EGFR,EGFR L858 missense,L858R,Missense_Mutation,Non-Small Cell Lung Cancer,lung,msk_impact_2017,msk_impact_2017_mutations,https://www.cbioportal.org/api/molecular-profiles/msk_impact_2017_mutations/mutations/fetch?projection=DETAILED,2026-10-03T09:41:06.219386+00:00
P-0001726-T01-IM3,P-0001726,EGFR,E746_A750del,E746_A750del,In_Frame_Del,Non-Small Cell Lung Cancer,lung,msk_impact_2017,msk_impact_2017_mutations,https://www.cbioportal.org/api/molecular-profiles/msk_impact_2017_mutations/mutations/fetch?projection=DETAILED,2026-10-03T09:41:06.219391+00:00
P-0001750-T01-IM3,P-0001750,EGFR,L747_P753delinsS,L747_P753delinsS,In_Frame_Del,Non-Small Cell Lung Cancer,lung,msk_impact_2017,msk_impact_2017_mutations,https://www.cbioportal.org/api/molecular-profiles/msk_impact_2017_mutations/mutations/fetch?projection=DETAILED,2026-10-03T09:41:06.219395+00:00
P-0001766-T01-IM3,P-0001766,EGFR,E746_A750del,E746_A750del,In_Frame_Del,Non-Small Cell Lung Cancer,lung,msk_impact_2017,msk_impact_2017_mutations,https://www.cbioportal.org/api/molecular-profiles/msk_impact_2017_mutations/mutations/fetch?projection=DETAILED,2026-10-03T09:41:06.219398+00:00
P-0001813-T01-IM3,P-0001813,MET,MET truncating,X1008_splice,Splice_Site,Non-Small Cell Lung Cancer,lung,msk_impact_2017,msk_impact_2017_mutations,https://www.cbioportal.org/api/molecular-profiles/msk_impact_2017_mutations/mutations/fetch?projection=DETAILED,2026-10-03T09:41:06.219400+00:00
P-0001813-T02-IM3,P-0001813,MET,MET truncating,X1008_splice,Splice_Site,Non-Small Cell Lung Cancer,lung,msk_impact_2017,msk_impact_2017_mutations,https://www.cbioportal.org/api/molecular-profiles/msk_impact_2017_mutations/mutations/fetch?projection=DETAILED,2026-10-03T09:41:06.219404+00:00
P-0001817-T01-IM3,P-0001817,EGFR,E746_A750del,E746_A750del,In_Frame_Del,Non-Small Cell Lung Cancer,lung,msk_impact_2017,msk_impact_2017_mutations,https://www.cbioportal.org/api/molecular-profiles/msk_impact_2017_mutations/mutations/fetch?projection=DETAILED,2026-10-03T09:41:06.219406+00:00
P-0001817-T02-IM5,P-0001817,EGFR,EGFR T790 missense,T790M,Missense_Mutation,Non-Small Cell Lung Cancer,lung,msk_impact_2017,msk_impact_2017_mutations,https://www.cbioportal.org/api/molecular-profiles/msk_impact_2017_mutations/mutations/fetch?projection=DETAILED,2026-10-03T09:41:06.219409+00:00
P-0001817-T02-IM5,P-0001817,EGFR,E746_A750del,E746_A750del,In_Frame_Del,Non-Small Cell Lung Cancer,lung,msk_impact_2017,msk_impact_2017_mutations,https://www.cbioportal.org/api/molecular-profiles/msk_impact_2017_mutations/mutations/fetch?projection=DETAILED,2026-10-03T09:41:06.219412+00:00
P-0001826-T01-IM3,P-0001826,EGFR,EGFR T790 missense,T790M,Missense_Mutation,Non-Small Cell Lung Cancer,lung,msk_impact_2017,msk_impact_2017_mutations,https://www.cbioportal.org/api/molecular-profiles/msk_impact_2017_mutations/mutations/fetch?projection=DETAILED,2026-10-03T09:41:06.219415+00:00
P-0001826-T01-IM3,P-0001826,EGFR,EGFR L858 missense,L858R,Missense_Mutation,Non-Small Cell Lung Cancer,lung,msk_impact_2017,msk_impact_2017_mutations,https://www.cbioportal.org/api/molecular-profiles/msk_impact_2017_mutations/mutations/fetch?projection=DETAILED,2026-10-03T09:41:06.219418+00:00
P-0001832-T01-IM3,P-0001832,EGFR,L747_T751del,L747_T751del,In_Frame_Del,Non-Small Cell Lung Cancer,lung,msk_impact_2017,msk_impact_2017_mutations,https://www.cbioportal.org/api/molecular-profiles/msk_impact_2017_mutations/mutations/fetch?projection=DETAILED,2026-10-03T09:41:06.219421+00:00
P-0001894-T01-IM3,P-0001894,EGFR,E746_A750del,E746_A750del,In_Frame_Del,Non-Small Cell Lung Cancer,lung,msk_impact_2017,msk_impact_2017_mutations,https://www.cbioportal.org/api/molecular-profiles/msk_impact_2017_mutations/mutations/fetch?projection=DETAILED,2026-10-03T09:41:06.219424+00:00
P-0001972-T01-IM3,P-0001972,EGFR,N771delinsSTH,N771delinsSTH,In_Frame_Ins,Non-Small Cell Lung Cancer,lung,msk_impact_2017,msk_impact_2017_mutations,https://www.cbioportal.org/api/molecular-profiles/msk_impact_2017_mutations/mutations/fetch?projection=DETAILED,2026-10-03T09:41:06.219431+00:00
P-0002026-T01-IM3,P-0002026,EGFR,EGFR G719 missense,G719A,Missense_Mutation,Non-Small Cell Lung Cancer,lung,msk_impact_2017,msk_impact_2017_mutations,https://www.cbioportal.org/api/molecular-profiles/msk_impact_2017_mutations/mutations/fetch?projection=DETAILED,2026-10-03T09:41:06.219434+00:00
P-0002038-T01-IM3,P-0002038,EGFR,EGFR L747 missense,L747P,Missense_Mutation,Non-Small Cell Lung Cancer,lung,msk_impact_2017,msk_impact_2017_mutations,https://www.cbioportal.org/api/molecular-profiles/msk_impact_2017_mutations/mutations/fetch?projection=DETAILED,2026-10-03T09:41:06.219437+00:00
P-0002054-T01-IM3,P-0002054,EGFR,EGFR A955 missense,A955T,Missense_Mutation,Non-Small Cell Lung Cancer,lung,msk_impact_2017,msk_impact_2017_mutations,https://www.cbioportal.org/api/molecular-profiles/msk_impact_2017_mutations/mutations/fetch?projection=DETAILED,2026-10-03T09:41:06.219440+00:00
P-0002085-T01-IM3,P-0002085,EGFR,EGFR T854 missense,T854S,Missense_Mutation,Non-Small Cell Lung Cancer,lung,msk_impact_2017,msk_impact_2017_mutations,https://www.cbioportal.org/api/molecular-profiles/msk_impact_2017_mutations/mutations/fetch?projection=DETAILED,2026-10-03T09:41:06.219569+00:00
P-0002085-T01-IM3,P-0002085,EGFR,EGFR L858 missense,L858R,Missense_Mutation,Non-Small Cell Lung Cancer,lung,msk_impact_2017,msk_impact_2017_mutations,https://www.cbioportal.org/api/molecular-profiles/msk_impact_2017_mutations/mutations/fetch?projection=DETAILED,2026-10-03T09:41:06.219574+00:00
P-0002085-T02-IM5,P-0002085,EGFR,EGFR T854 missense,T854S,Missense_Mutation,Non-Small Cell Lung Cancer,lung,msk_impact_2017,msk_impact_2017_mutations,https://www.cbioportal.org/api/molecular-profiles/msk_impact_2017_mutations/mutations/fetch?projection=DETAILED,2026-10-03T09:41:06.219577+00:00
P-0002085-T02-IM5,P-0002085,EGFR,EGFR T790 missense,T790M,Missense_Mutation,Non-Small Cell Lung Cancer,lung,msk_impact_2017,msk_impact_2017_mutations,https://www.cbioportal.org/api/molecular-profiles/msk_impact_2017_mutations/mutations/fetch?projection=DETAILED,2026-10-03T09:41:06.219581+00:00
P-0002085-T02-IM5,P-0002085,EGFR,EGFR L858 missense,L858R,Missense_Mutation,Non-Small Cell Lung Cancer,lung,msk_impact_2017,msk_impact_2017_mutations,https://www.cbioportal.org/api/molecular-profiles/msk_impact_2017_mutations/mutations/fetch?projection=DETAILED,2026-10-03T09:41:06.219584+00:00
P-0002091-T01-IM3,P-0002091,EGFR,E746_A750del,E746_A750del,In_Frame_Del,Non-Small Cell Lung Cancer,lung,msk_impact_2017,msk_impact_2017_mutations,https://www.cbioportal.org/api/molecular-profiles/msk_impact_2017_mutations/mutations/fetch?projection=DETAILED,2026-10-03T09:41:06.219586+00:00
P-0002091-T02-IM5,P-0002091,EGFR,EGFR T790 missense,T790M,Missense_Mutation,Non-Small Cell Lung Cancer,lung,msk_impact_2017,msk_impact_2017_mutations,https://www.cbioportal.org/api/molecular-profiles/msk_impact_2017_mutations/mutations/fetch?projection=DETAILED,2026-10-03T09:41:06.219589+00:00
P-0002091-T02-IM5,P-0002091,EGFR,E746_A750del,E746_A750del,In_Frame_Del,Non-Small Cell Lung Cancer,lung,msk_impact_2017,msk_impact_2017_mutations,https://www.cbioportal.org/api/molecular-profiles/msk_impact_2017_mutations/mutations/fetch?projection=DETAILED,2026-10-03T09:41:06.219592+00:00
P-0002105-T01-IM3,P-0002105,EGFR,EGFR I213 missense,I213M,Missense_Mutation,Non-Small Cell Lung Cancer,lung,msk_impact_2017,msk_impact_2017_mutations,https://www.cbioportal.org/api/molecular-profiles/msk_impact_2017_mutations/mutations/fetch?projection=DETAILED,2026-10-03T09:41:06.219595+00:00
P-0002160-T01-IM3,P-0002160,EGFR,EGFR truncating,X210_splice,Splice_Site,Non-Small Cell Lung Cancer,lung,msk_impact_2017,msk_impact_2017_mutations,https://www.cbioportal.org/api/molecular-profiles/msk_impact_2017_mutations/mutations/fetch?projection=DETAILED,2026-10-03T09:41:06.219597+00:00
P-0002207-T01-IM3,P-0002207,EGFR,EGFR L858 missense,L858R,Missense_Mutation,Non-Small Cell Lung Cancer,lung,msk_impact_2017,msk_impact_2017_mutations,https://www.cbioportal.org/api/molecular-profiles/msk_impact_2017_mutations/mutations/fetch?projection=DETAILED,2026-10-03T09:41:06.219600+00:00
P-0002218-T01-IM3,P-0002218,EGFR,E746_A750del,E746_A750del,In_Frame_Del,Non-Small Cell Lung Cancer,lung,msk_impact_2017,msk_impact_2017_mutations,https://www.cbioportal.org/api/molecular-profiles/msk_impact_2017_mutations/mutations/fetch?projection=DETAILED,2026-10-03T09:41:06.219603+00:00
P-0002218-T02-IM5,P-0002218,EGFR,EGFR T790 missense,T790M,Missense_Mutation,Non-Small Cell Lung Cancer,lung,msk_impact_2017,msk_impact_2017_mutations,https://www.cbioportal.org/api/molecular-profiles/msk_impact_2017_mutations/mutations/fetch?projection=DETAILED,2026-10-03T09:41:06.219606+00:00
P-0002218-T02-IM5,P-0002218,EGFR,E746_A750del,E746_A750del,In_Frame_Del,Non-Small Cell Lung Cancer,lung,msk_impact_2017,msk_impact_2017_mutations,https://www.cbioportal.org/api/molecular-profiles/msk_impact_2017_mutations/mutations/fetch?projection=DETAILED,2026-10-03T09:41:06.219609+00:00
P-0002309-T01-IM3,P-0002309,EGFR,EGFR T790 missense,T790M,Missense_Mutation,Non-Small Cell Lung Cancer,lung,msk_impact_2017,msk_impact_2017_mutations,https://www.cbioportal.org/api/molecular-profiles/msk_impact_2017_mutations/mutations/fetch?projection=DETAILED,2026-10-03T09:41:06.219612+00:00
P-0002309-T01-IM3,P-0002309,EGFR,E746_A750del,E746_A750del,In_Frame_Del,Non-Small Cell Lung Cancer,lung,msk_impact_2017,msk_impact_2017_mutations,https://www.cbioportal.org/api/molecular-profiles/msk_impact_2017_mutations/mutations/fetch?projection=DETAILED,2026-10-03T09:41:06.219615+00:00
P-0002329-T01-IM3,P-0002329,EGFR,EGFR S768 missense,S768I,Missense_Mutation,Non-Small Cell Lung Cancer,lung,msk_impact_2017,msk_impact_2017_mutations,https://www.cbioportal.org/api/molecular-profiles/msk_impact_2017_mutations/mutations/fetch?projection=DETAILED,2026-10-03T09:41:06.219620+00:00
P-0002329-T01-IM3,P-0002329,EGFR,EGFR G719 missense,G719C,Missense_Mutation,Non-Small Cell Lung Cancer,lung,msk_impact_2017,msk_impact_2017_mutations,https://www.cbioportal.org/api/molecular-profiles/msk_impact_2017_mutations/mutations/fetch?projection=DETAILED,2026-10-03T09:41:06.219623+00:00
P-0002338-T01-IM3,P-0002338,EGFR,E746_A750del,E746_A750del,In_Frame_Del,Non-Small Cell Lung Cancer,lung,msk_impact_2017,msk_impact_2017_mutations,https://www.cbioportal.org/api/molecular-profiles/msk_impact_2017_mutations/mutations/fetch?projection=DETAILED,2026-10-03T09:41:06.219625+00:00
P-0002403-T01-IM3,P-0002403,EGFR,EGFR L858 missense,L858R,Missense_Mutation,Non-Small Cell Lung Cancer,lung,msk_impact_2017,msk_impact_2017_mutations,https://www.cbioportal.org/api/molecular-profiles/msk_impact_2017_mutations/mutations/fetch?projection=DETAILED,2026-10-03T09:41:06.219628+00:00
P-0002423-T01-IM3,P-0002423,EGFR,N771_P772insV,N771_P772insV,In_Frame_Ins,Non-Small Cell Lung Cancer,lung,msk_impact_2017,msk_impact_2017_mutations,https://www.cbioportal.org/api/molecular-profiles/msk_impact_2017_mutations/mutations/fetch?projection=DETAILED,2026-10-03T09:41:06.219631+00:00
P-0002425-T01-IM3,P-0002425,EGFR,E746_A750del,E746_A750del,In_Frame_Del,Non-Small Cell Lung Cancer,lung,msk_impact_2017,msk_impact_2017_mutations,https://www.cbioportal.org/api/molecular-profiles/msk_impact_2017_mutations/mutations/fetch?projection=DETAILED,2026-10-03T09:41:06.219634+00:00
P-0002426-T01-IM3,P-0002426,EGFR,E746_A750del,E746_A750del,In_Frame_Del,Non-Small Cell Lung Cancer,lung,msk_impact_2017,msk_impact_2017_mutations,https://www.cbioportal.org/api/molecular-profiles/msk_impact_2017_mutations/mutations/fetch?projection=DETAILED,2026-10-03T09:41:06.219637+00:00
P-0002446-T01-IM3,P-0002446,EGFR,EGFR L861 missense,L861Q,Missense_Mutation,Non-Small Cell Lung Cancer,lung,msk_impact_2017,msk_impact_2017_mutations,https://www.cbioportal.org/api/molecular-profiles/msk_impact_2017_mutations/mutations/fetch?projection=DETAILED,2026-10-03T09:41:06.219640+00:00
P-0002451-T01-IM3,P-0002451,EGFR,A767_V769dup,A767_V769dup,In_Frame_Ins,Non-Small Cell Lung Cancer,lung,msk_impact_2017,msk_impact_2017_mutations,https://www.cbioportal.org/api/molecular-profiles/msk_impact_2017_mutations/mutations/fetch?projection=DETAILED,2026-10-03T09:41:06.219642+00:00
P-0002451-T02-IM5,P-0002451,EGFR,A767_V769dup,A767_V769dup,In_Frame_Ins,Non-Small Cell Lung Cancer,lung,msk_impact_2017,msk_impact_2017_mutations,https://www.cbioportal.org/api/molecular-profiles/msk_impact_2017_mutations/mutations/fetch?projection=DETAILED,2026-10-03T09:41:06.219645+00:00
P-0002489-T01-IM3,P-0002489,EGFR,EGFR G719 missense,G719S,Missense_Mutation,Non-Small Cell Lung Cancer,lung,msk_impact_2017,msk_impact_2017_mutations,https://www.cbioportal.org/api/molecular-profiles/msk_impact_2017_mutations/mutations/fetch?projection=DETAILED,2026-10-03T09:41:06.219648+00:00
P-0002489-T01-IM3,P-0002489,EGFR,EGFR E709 missense,E709K,Missense_Mutation,Non-Small Cell Lung Cancer,lung,msk_impact_2017,msk_impact_2017_mutations,https://www.cbioportal.org/api/molecular-profiles/msk_impact_2017_mutations/mutations/fetch?projection=DETAILED,2026-10-03T09:41:06.219651+00:00
P-0002491-T01-IM3,P-0002491,EGFR,EGFR T790 missense,T790M,Missense_Mutation,Non-Small Cell Lung Cancer,lung,msk_impact_2017,msk_impact_2017_mutations,https://www.cbioportal.org/api/molecular-profiles/msk_impact_2017_mutations/mutations/fetch?projection=DETAILED,2026-10-03T09:41:06.219654+00:00
P-0002491-T01-IM3,P-0002491,EGFR,E746_A750del,E746_A750del,In_Frame_Del,Non-Small Cell Lung Cancer,lung,msk_impact_2017,msk_impact_2017_mutations,https://www.cbioportal.org/api/molecular-profiles/msk_impact_2017_mutations/mutations/fetch?projection=DETAILED,2026-10-03T09:41:06.219657+00:00
P-0002506-T01-IM3,P-0002506,EGFR,E746_A750del,E746_A750del,In_Frame_Del,Non-Small Cell Lung Cancer,lung,msk_impact_2017,msk_impact_2017_mutations,https://www.cbioportal.org/api/molecular-profiles/msk_impact_2017_mutations/mutations/fetch?projection=DETAILED,2026-10-03T09:41:06.219659+00:00
P-0002506-T02-IM5,P-0002506,EGFR,E746_A750del,E746_A750del,In_Frame_Del,Non-Small Cell Lung Cancer,lung,msk_impact_2017,msk_impact_2017_mutations,https://www.cbioportal.org/api/molecular-profiles/msk_impact_2017_mutations/mutations/fetch?projection=DETAILED,2026-10-03T09:41:06.219663+00:00
P-0002523-T01-IM3,P-0002523,EGFR,EGFR L858 missense,L858R,Missense_Mutation,Non-Small Cell Lung Cancer,lung,msk_impact_2017,msk_impact_2017_mutations,https://www.cbioportal.org/api/molecular-profiles/msk_impact_2017_mutations/mutations/fetch?projection=DETAILED,2026-10-03T09:41:06.219666+00:00
P-0002524-T01-IM3,P-0002524,EGFR,EGFR L858 missense,L858R,Missense_Mutation,Non-Small Cell Lung Cancer,lung,msk_impact_2017,msk_impact_2017_mutations,https://www.cbioportal.org/api/molecular-profiles/msk_impact_2017_mutations/mutations/fetch?projection=DETAILED,2026-10-03T09:41:06.219669+00:00
P-0002534-T01-IM3,P-0002534,EGFR,EGFR L858 missense,L858R,Missense_Mutation,Non-Small Cell Lung Cancer,lung,msk_impact_2017,msk_impact_2017_mutations,https://www.cbioportal.org/api/molecular-profiles/msk_impact_2017_mutations/mutations/fetch?projection=DETAILED,2026-10-03T09:41:06.219671+00:00
P-0002546-T01-IM3,P-0002546,MET,MET truncating,X1010_splice,Splice_Site,Non-Small Cell Lung Cancer,lung,msk_impact_2017,msk_impact_2017_mutations,https://www.cbioportal.org/api/molecular-profiles/msk_impact_2017_mutations/mutations/fetch?projection=DETAILED,2026-10-03T09:41:06.219674+00:00
P-0002557-T01-IM3,P-0002557,EGFR,E746_A750del,E746_A750del,In_Frame_Del,Non-Small Cell Lung Cancer,lung,msk_impact_2017,msk_impact_2017_mutations,https://www.cbioportal.org/api/molecular-profiles/msk_impact_2017_mutations/mutations/fetch?projection=DETAILED,2026-10-03T09:41:06.219677+00:00
P-0002580-T01-IM3,P-0002580,EGFR,EGFR T790 missense,T790M,Missense_Mutation,Non-Small Cell Lung Cancer,lung,msk_impact_2017,msk_impact_2017_mutations,https://www.cbioportal.org/api/molecular-profiles/msk_impact_2017_mutations/mutations/fetch?projection=DETAILED,2026-10-03T09:41:06.219680+00:00
P-0002580-T01-IM3,P-0002580,EGFR,E746_A750del,E746_A750del,In_Frame_Del,Non-Small Cell Lung Cancer,lung,msk_impact_2017,msk_impact_2017_mutations,https://www.cbioportal.org/api/molecular-profiles/msk_impact_2017_mutations/mutations/fetch?projection=DETAILED,2026-10-03T09:41:06.219683+00:00
P-0002689-T01-IM3,P-0002689,EGFR,EGFR R1052 missense,R1052G,Missense_Mutation,Non-Small Cell Lung Cancer,lung,msk_impact_2017,msk_impact_2017_mutations,https://www.cbioportal.org/api/molecular-profiles/msk_impact_2017_mutations/mutations/fetch?projection=DETAILED,2026-10-03T09:41:06.219686+00:00
P-0002707-T03-IM5,P-0002707,MET,MET D1228 missense,D1228N,Missense_Mutation,Non-Small Cell Lung Cancer,lung,msk_impact_2017,msk_impact_2017_mutations,https://www.cbioportal.org/api/molecular-profiles/msk_impact_2017_mutations/mutations/fetch?projection=DETAILED,2026-10-03T09:41:06.219689+00:00
P-0002709-T01-IM3,P-0002709,EGFR,EGFR V1010 missense,V1010L,Missense_Mutation,Non-Small Cell Lung Cancer,lung,msk_impact_2017,msk_impact_2017_mutations,https://www.cbioportal.org/api/molecular-profiles/msk_impact_2017_mutations/mutations/fetch?projection=DETAILED,2026-10-03T09:41:06.219692+00:00
P-0002768-T01-IM3,P-0002768,EGFR,L747_A750delinsP,L747_A750delinsP,In_Frame_Del,Non-Small Cell Lung Cancer,lung,msk_impact_2017,msk_impact_2017_mutations,https://www.cbioportal.org/api/molecular-profiles/msk_impact_2017_mutations/mutations/fetch?projection=DETAILED,2026-10-03T09:41:06.219695+00:00
P-0002768-T01-IM3,P-0002768,EGFR,EGFR T790 missense,T790M,Missense_Mutation,Non-Small Cell Lung Cancer,lung,msk_impact_2017,msk_impact_2017_mutations,https://www.cbioportal.org/api/molecular-profiles/msk_impact_2017_mutations/mutations/fetch?projection=DETAILED,2026-10-03T09:41:06.219698+00:00
P-0002780-T01-IM3,P-0002780,EGFR,EGFR T790 missense,T790M,Missense_Mutation,Non-Small Cell Lung Cancer,lung,msk_impact_2017,msk_impact_2017_mutations,https://www.cbioportal.org/api/molecular-profiles/msk_impact_2017_mutations/mutations/fetch?projection=DETAILED,2026-10-03T09:41:06.219701+00:00
P-0002780-T01-IM3,P-0002780,EGFR,E746_A750del,E746_A750del,In_Frame_Del,Non-Small Cell Lung Cancer,lung,msk_impact_2017,msk_impact_2017_mutations,https://www.cbioportal.org/api/molecular-profiles/msk_impact_2017_mutations/mutations/fetch?projection=DETAILED,2026-10-03T09:41:06.219704+00:00
P-0002783-T01-IM3,P-0002783,EGFR,EGFR T790 missense,T790M,Missense_Mutation,Non-Small Cell Lung Cancer,lung,msk_impact_2017,msk_impact_2017_mutations,https://www.cbioportal.org/api/molecular-profiles/msk_impact_2017_mutations/mutations/fetch?projection=DETAILED,2026-10-03T09:41:06.219707+00:00
P-0002783-T01-IM3,P-0002783,EGFR,EGFR L858 missense,L858R,Missense_Mutation,Non-Small Cell Lung Cancer,lung,msk_impact_2017,msk_impact_2017_mutations,https://www.cbioportal.org/api/molecular-profiles/msk_impact_2017_mutations/mutations/fetch?projection=DETAILED,2026-10-03T09:41:06.219710+00:00
P-0002823-T01-IM3,P-0002823,MET,MET D1010 missense,D1010N,Missense_Mutation,Non-Small Cell Lung Cancer,lung,msk_impact_2017,msk_impact_2017_mutations,https://www.cbioportal.org/api/molecular-profiles/msk_impact_2017_mutations/mutations/fetch?projection=DETAILED,2026-10-03T09:41:06.219712+00:00
P-0002823-T01-IM3,P-0002823,MET,MET D1030 missense,D1030H,Missense_Mutation,Non-Small Cell Lung Cancer,lung,msk_impact_2017,msk_impact_2017_mutations,https://www.cbioportal.org/api/molecular-profiles/msk_impact_2017_mutations/mutations/fetch?projection=DETAILED,2026-10-03T09:41:06.219715+00:00
P-0002861-T01-IM3,P-0002861,EGFR,EGFR L858 missense,L858R,Missense_Mutation,Non-Small Cell Lung Cancer,lung,msk_impact_2017,msk_impact_2017_mutations,https://www.cbioportal.org/api/molecular-profiles/msk_impact_2017_mutations/mutations/fetch?projection=DETAILED,2026-10-03T09:41:06.219718+00:00
P-0002869-T01-IM3,P-0002869,EGFR,E746_T751delinsAPS,E746_T751delinsAPS,In_Frame_Del,Non-Small Cell Lung Cancer,lung,msk_impact_2017,msk_impact_2017_mutations,https://www.cbioportal.org/api/molecular-profiles/msk_impact_2017_mutations/mutations/fetch?projection=DETAILED,2026-10-03T09:41:06.219721+00:00
P-0002890-T01-IM3,P-0002890,EGFR,EGFR T790 missense,T790M,Missense_Mutation,Non-Small Cell Lung Cancer,lung,msk_impact_2017,msk_impact_2017_mutations,https://www.cbioportal.org/api/molecular-profiles/msk_impact_2017_mutations/mutations/fetch?projection=DETAILED,2026-10-03T09:41:06.219724+00:00
P-0002890-T01-IM3,P-0002890,EGFR,E746_A750del,E746_A750del,In_Frame_Del,Non-Small Cell Lung Cancer,lung,msk_impact_2017,msk_impact_2017_mutations,https://www.cbioportal.org/api/molecular-profiles/msk_impact_2017_mutations/mutations/fetch?projection=DETAILED,2026-10-03T09:41:06.219726+00:00
P-0002909-T01-IM3,P-0002909,EGFR,E746_A750del,E746_A750del,In_Frame_Del,Non-Small Cell Lung Cancer,lung,msk_impact_2017,msk_impact_2017_mutations,https://www.cbioportal.org/api/molecular-profiles/msk_impact_2017_mutations/mutations/fetch?projection=DETAILED,2026-10-03T09:41:06.219729+00:00
P-0002916-T01-IM3,P-0002916,EGFR,E709_T710delinsD,E709_T710delinsD,In_Frame_Del,Non-Small Cell Lung Cancer,lung,msk_impact_2017,msk_impact_2017_mutations,https://www.cbioportal.org/api/molecular-profiles/msk_impact_2017_mutations/mutations/fetch?projection=DETAILED,2026-10-03T09:41:06.219732+00:00
P-0002916-T02-IM5,P-0002916,EGFR,E709_T710delinsD,E709_T710delinsD,In_Frame_Del,Non-Small Cell Lung Cancer,lung,msk_impact_2017,msk_impact_2017_mutations,https://www.cbioportal.org/api/molecular-profiles/msk_impact_2017_mutations/mutations/fetch?projection=DETAILED,2026-10-03T09:41:06.219735+00:00
P-0002965-T01-IM3,P-0002965,EGFR,EGFR C1049 missense,C1049R,Missense_Mutation,Non-Small Cell Lung Cancer,lung,msk_impact_2017,msk_impact_2017_mutations,https://www.cbioportal.org/api/molecular-profiles/msk_impact_2017_mutations/mutations/fetch?projection=DETAILED,2026-10-03T09:41:06.219738+00:00
P-0003030-T01-IM3,P-0003030,EGFR,EGFR L858 missense,L858R,Missense_Mutation,Non-Small Cell Lung Cancer,lung,msk_impact_2017,msk_impact_2017_mutations,https://www.cbioportal.org/api/molecular-profiles/msk_impact_2017_mutations/mutations/fetch?projection=DETAILED,2026-10-03T09:41:06.219741+00:00
P-0003070-T01-IM5,P-0003070,EGFR,E746_A750del,E746_A750del,In_Frame_Del,Non-Small Cell Lung Cancer,lung,msk_impact_2017,msk_impact_2017_mutations,https://www.cbioportal.org/api/molecular-profiles/msk_impact_2017_mutations/mutations/fetch?projection=DETAILED,2026-10-03T09:41:06.219744+00:00
P-0003070-T02-IM5,P-0003070,EGFR,EGFR T790 missense,T790M,Missense_Mutation,Non-Small Cell Lung Cancer,lung,msk_impact_2017,msk_impact_2017_mutations,https://www.cbioportal.org/api/molecular-profiles/msk_impact_2017_mutations/mutations/fetch?projection=DETAILED,2026-10-03T09:41:06.219747+00:00
P-0003070-T02-IM5,P-0003070,EGFR,E746_A750del,E746_A750del,In_Frame_Del,Non-Small Cell Lung Cancer,lung,msk_impact_2017,msk_impact_2017_mutations,https://www.cbioportal.org/api/molecular-profiles/msk_impact_2017_mutations/mutations/fetch?projection=DETAILED,2026-10-03T09:41:06.219750+00:00
P-0003096-T01-IM5,P-0003096,EGFR,EGFR S768 missense,S768I,Missense_Mutation,Non-Small Cell Lung Cancer,lung,msk_impact_2017,msk_impact_2017_mutations,https://www.cbioportal.org/api/molecular-profiles/msk_impact_2017_mutations/mutations/fetch?projection=DETAILED,2026-10-03T09:41:06.219753+00:00
P-0003096-T01-IM5,P-0003096,EGFR,EGFR L858 missense,L858R,Missense_Mutation,Non-Small Cell Lung Cancer,lung,msk_impact_2017,msk_impact_2017_mutations,https://www.cbioportal.org/api/molecular-profiles/msk_impact_2017_mutations/mutations/fetch?projection=DETAILED,2026-10-03T09:41:06.219755+00:00
P-0003107-T01-IM5,P-0003107,EGFR,EGFR G719 missense,G719A,Missense_Mutation,Non-Small Cell Lung Cancer,lung,msk_impact_2017,msk_impact_2017_mutations,https://www.cbioportal.org/api/molecular-profiles/msk_impact_2017_mutations/mutations/fetch?projection=DETAILED,2026-10-03T09:41:06.219758+00:00
P-0003107-T01-IM5,P-0003107,EGFR,EGFR E709 missense,E709K,Missense_Mutation,Non-Small Cell Lung Cancer,lung,msk_impact_2017,msk_impact_2017_mutations,https://www.cbioportal.org/api/molecular-profiles/msk_impact_2017_mutations/mutations/fetch?projection=DETAILED,2026-10-03T09:41:06.219761+00:00
P-0003116-T01-IM5,P-0003116,EGFR,EGFR L858 missense,L858R,Missense_Mutation,Non-Small Cell Lung Cancer,lung,msk_impact_2017,msk_impact_2017_mutations,https://www.cbioportal.org/api/molecular-profiles/msk_impact_2017_mutations/mutations/fetch?projection=DETAILED,2026-10-03T09:41:06.219764+00:00
P-0003116-T01-IM5,P-0003116,EGFR,EGFR D1014 missense,D1014V,Missense_Mutation,Non-Small Cell Lung Cancer,lung,msk_impact_2017,msk_impact_2017_mutations,https://www.cbioportal.org/api/molecular-profiles/msk_impact_2017_mutations/mutations/fetch?projection=DETAILED,2026-10-03T09:41:06.219766+00:00
P-0003116-T02-IM5,P-0003116,EGFR,EGFR L858 missense,L858R,Missense_Mutation,Non-Small Cell Lung Cancer,lung,msk_impact_2017,msk_impact_2017_mutations,https://www.cbioportal.org/api/molecular-profiles/msk_impact_2017_mutations/mutations/fetch?projection=DETAILED,2026-10-03T09:41:06.219769+00:00
P-0003116-T02-IM5,P-0003116,EGFR,EGFR D1014 missense,D1014V,Missense_Mutation,Non-Small Cell Lung Cancer,lung,msk_impact_2017,msk_impact_2017_mutations,https://www.cbioportal.org/api/molecular-profiles/msk_impact_2017_mutations/mutations/fetch?projection=DETAILED,2026-10-03T09:41:06.219772+00:00
P-0003156-T01-IM5,P-0003156,EGFR,L747_P753delinsS,L747_P753delinsS,In_Frame_Del,Non-Small Cell Lung Cancer,lung,msk_impact_2017,msk_impact_2017_mutations,https://www.cbioportal.org/api/molecular-profiles/msk_impact_2017_mutations/mutations/fetch?projection=DETAILED,2026-10-03T09:41:06.219774+00:00
P-0003157-T01-IM5,P-0003157,MET,MET D1010 missense,D1010N,Missense_Mutation,Non-Small Cell Lung Cancer,lung,msk_impact_2017,msk_impact_2017_mutations,https://www.cbioportal.org/api/molecular-profiles/msk_impact_2017_mutations/mutations/fetch?projection=DETAILED,2026-10-03T09:41:06.219777+00:00
P-0003169-T01-IM5,P-0003169,EGFR,EGFR G719 missense,G719S,Missense_Mutation,Non-Small Cell Lung Cancer,lung,msk_impact_2017,msk_impact_2017_mutations,https://www.cbioportal.org/api/molecular-profiles/msk_impact_2017_mutations/mutations/fetch?projection=DETAILED,2026-10-03T09:41:06.219779+00:00
P-0003169-T01-IM5,P-0003169,EGFR,EGFR S768 missense,S768I,Missense_Mutation,Non-Small Cell Lung Cancer,lung,msk_impact_2017,msk_impact_2017_mutations,https://www.cbioportal.org/api/molecular-profiles/msk_impact_2017_mutations/mutations/fetch?projection=DETAILED,2026-10-03T09:41:06.219782+00:00
P-0003213-T01-IM5,P-0003213,EGFR,EGFR T790 missense,T790M,Missense_Mutation,Non-Small Cell Lung Cancer,lung,msk_impact_2017,msk_impact_2017_mutations,https://www.cbioportal.org/api/molecular-profiles/msk_impact_2017_mutations/mutations/fetch?projection=DETAILED,2026-10-03T09:41:06.219785+00:00
P-0003213-T01-IM5,P-0003213,EGFR,EGFR L858 missense,L858R,Missense_Mutation,Non-Small Cell Lung Cancer,lung,msk_impact_2017,msk_impact_2017_mutations,https://www.cbioportal.org/api/molecular-profiles/msk_impact_2017_mutations/mutations/fetch?projection=DETAILED,2026-10-03T09:41:06.219789+00:00
P-0003222-T01-IM5,P-0003222,EGFR,EGFR E282 missense,E282D,Missense_Mutation,Non-Small Cell Lung Cancer,lung,msk_impact_2017,msk_impact_2017_mutations,https://www.cbioportal.org/api/molecular-profiles/msk_impact_2017_mutations/mutations/fetch?projection=DETAILED,2026-10-03T09:41:06.219792+00:00
P-0003243-T01-IM5,P-0003243,EGFR,E746_A750del,E746_A750del,In_Frame_Del,Non-Small Cell Lung Cancer,lung,msk_impact_2017,msk_impact_2017_mutations,https://www.cbioportal.org/api/molecular-profiles/msk_impact_2017_mutations/mutations/fetch?projection=DETAILED,2026-10-03T09:41:06.219795+00:00
P-0003250-T01-IM5,P-0003250,EGFR,EGFR L858 missense,L858R,Missense_Mutation,Non-Small Cell Lung Cancer,lung,msk_impact_2017,msk_impact_2017_mutations,https://www.cbioportal.org/api/molecular-profiles/msk_impact_2017_mutations/mutations/fetch?projection=DETAILED,2026-10-03T09:41:06.219797+00:00
P-0003274-T01-IM5,P-0003274,EGFR,EGFR T790 missense,T790M,Missense_Mutation,Non-Small Cell Lung Cancer,lung,msk_impact_2017,msk_impact_2017_mutations,https://www.cbioportal.org/api/molecular-profiles/msk_impact_2017_mutations/mutations/fetch?projection=DETAILED,2026-10-03T09:41:06.219800+00:00
P-0003274-T01-IM5,P-0003274,EGFR,E746_A750del,E746_A750del,In_Frame_Del,Non-Small Cell Lung Cancer,lung,msk_impact_2017,msk_impact_2017_mutations,https://www.cbioportal.org/api/molecular-profiles/msk_impact_2017_mutations/mutations/fetch?projection=DETAILED,2026-10-03T09:41:06.219803+00:00
P-0003282-T01-IM5,P-0003282,EGFR,A767_V769dup,A767_V769dup,In_Frame_Ins,Non-Small Cell Lung Cancer,lung,msk_impact_2017,msk_impact_2017_mutations,https://www.cbioportal.org/api/molecular-profiles/msk_impact_2017_mutations/mutations/fetch?projection=DETAILED,2026-10-03T09:41:06.219807+00:00
P-0003311-T01-IM5,P-0003311,EGFR,EGFR Q1106 missense,Q1106L,Missense_Mutation,Non-Small Cell Lung Cancer,lung,msk_impact_2017,msk_impact_2017_mutations,https://www.cbioportal.org/api/molecular-profiles/msk_impact_2017_mutations/mutations/fetch?projection=DETAILED,2026-10-03T09:41:06.219810+00:00
P-0003316-T01-IM5,P-0003316,EGFR,EGFR L858 missense,L858R,Missense_Mutation,Non-Small Cell Lung Cancer,lung,msk_impact_2017,msk_impact_2017_mutations,https://www.cbioportal.org/api/molecular-profiles/msk_impact_2017_mutations/mutations/fetch?projection=DETAILED,2026-10-03T09:41:06.219812+00:00
P-0003316-T01-IM5,P-0003316,EGFR,EGFR E709 missense,E709K,Missense_Mutation,Non-Small Cell Lung Cancer,lung,msk_impact_2017,msk_impact_2017_mutations,https://www.cbioportal.org/api/molecular-profiles/msk_impact_2017_mutations/mutations/fetch?projection=DETAILED,2026-10-03T09:41:06.219815+00:00
P-0003317-T02-IM5,P-0003317,EGFR,EGFR L858 missense,L858R,Missense_Mutation,Non-Small Cell Lung Cancer,lung,msk_impact_2017,msk_impact_2017_mutations,https://www.cbioportal.org/api/molecular-profiles/msk_impact_2017_mutations/mutations/fetch?projection=DETAILED,2026-10-03T09:41:06.219817+00:00
P-0003322-T01-IM5,P-0003322,EGFR,S752_I759del,S752_I759del,In_Frame_Del,Non-Small Cell Lung Cancer,lung,msk_impact_2017,msk_impact_2017_mutations,https://www.cbioportal.org/api/molecular-profiles/msk_impact_2017_mutations/mutations/fetch?projection=DETAILED,2026-10-03T09:41:06.219820+00:00
P-0003422-T01-IM5,P-0003422,MET,MET truncating,X1010_splice,Splice_Site,Non-Small Cell Lung Cancer,lung,msk_impact_2017,msk_impact_2017_mutations,https://www.cbioportal.org/api/molecular-profiles/msk_impact_2017_mutations/mutations/fetch?projection=DETAILED,2026-10-03T09:41:06.219823+00:00
P-0003425-T01-IM5,P-0003425,EGFR,EGFR T790 missense,T790M,Missense_Mutation,Non-Small Cell Lung Cancer,lung,msk_impact_2017,msk_impact_2017_mutations,https://www.cbioportal.org/api/molecular-profiles/msk_impact_2017_mutations/mutations/fetch?projection=DETAILED,2026-10-03T09:41:06.219825+00:00
P-0003425-T01-IM5,P-0003425,EGFR,E746_T751delinsA,E746_T751delinsA,In_Frame_Del,Non-Small Cell Lung Cancer,lung,msk_impact_2017,msk_impact_2017_mutations,https://www.cbioportal.org/api/molecular-profiles/msk_impact_2017_mutations/mutations/fetch?projection=DETAILED,2026-10-03T09:41:06.219828+00:00
P-0003479-T01-IM5,P-0003479,EGFR,E746_A750del,E746_A750del,In_Frame_Del,Non-Small Cell Lung Cancer,lung,msk_impact_2017,msk_impact_2017_mutations,https://www.cbioportal.org/api/molecular-profiles/msk_impact_2017_mutations/mutations/fetch?projection=DETAILED,2026-10-03T09:41:06.219831+00:00
P-0003480-T01-IM5,P-0003480,MET,MET truncating,X1007_splice,Splice_Site,Non-Small Cell Lung Cancer,lung,msk_impact_2017,msk_impact_2017_mutations,https://www.cbioportal.org/api/molecular-profiles/msk_impact_2017_mutations/mutations/fetch?projection=DETAILED,2026-10-03T09:41:06.219834+00:00
P-0003495-T01-IM5,P-0003495,EGFR,EGFR L747 missense,L747P,Missense_Mutation,Non-Small Cell Lung Cancer,lung,msk_impact_2017,msk_impact_2017_mutations,https://www.cbioportal.org/api/molecular-profiles/msk_impact_2017_mutations/mutations/fetch?projection=DETAILED,2026-10-03T09:41:06.219837+00:00
P-0003502-T01-IM5,P-0003502,EGFR,E746_A750del,E746_A750del,In_Frame_Del,Non-Small Cell Lung Cancer,lung,msk_impact_2017,msk_impact_2017_mutations,https://www.cbioportal.org/api/molecular-profiles/msk_impact_2017_mutations/mutations/fetch?projection=DETAILED,2026-10-03T09:41:06.219839+00:00
P-0003551-T01-IM5,P-0003551,EGFR,EGFR L858 missense,L858R,Missense_Mutation,Non-Small Cell Lung Cancer,lung,msk_impact_2017,msk_impact_2017_mutations,https://www.cbioportal.org/api/molecular-profiles/msk_impact_2017_mutations/mutations/fetch?projection=DETAILED,2026-10-03T09:41:06.219842+00:00
P-0003569-T01-IM5,P-0003569,EGFR,EGFR L858 missense,L858R,Missense_Mutation,Non-Small Cell Lung Cancer,lung,msk_impact_2017,msk_impact_2017_mutations,https://www.cbioportal.org/api/molecular-profiles/msk_impact_2017_mutations/mutations/fetch?projection=DETAILED,2026-10-03T09:41:06.219845+00:00
P-0003572-T01-IM5,P-0003572,EGFR,EGFR S768 missense,S768I,Missense_Mutation,Non-Small Cell Lung Cancer,lung,msk_impact_2017,msk_impact_2017_mutations,https://www.cbioportal.org/api/molecular-profiles/msk_impact_2017_mutations/mutations/fetch?projection=DETAILED,2026-10-03T09:41:06.219847+00:00
P-0003572-T01-IM5,P-0003572,EGFR,EGFR G719 missense,G719C,Missense_Mutation,Non-Small Cell Lung Cancer,lung,msk_impact_2017,msk_impact_2017_mutations,https://www.cbioportal.org/api/molecular-profiles/msk_impact_2017_mutations/mutations/fetch?projection=DETAILED,2026-10-03T09:41:06.219852+00:00
P-0003573-T01-IM5,P-0003573,EGFR,E746_A750del,E746_A750del,In_Frame_Del,Non-Small Cell Lung Cancer,lung,msk_impact_2017,msk_impact_2017_mutations,https://www.cbioportal.org/api/molecular-profiles/msk_impact_2017_mutations/mutations/fetch?projection=DETAILED,2026-10-03T09:41:06.219854+00:00
P-0003573-T02-IM5,P-0003573,EGFR,EGFR L858 missense,L858R,Missense_Mutation,Non-Small Cell Lung Cancer,lung,msk_impact_2017,msk_impact_2017_mutations,https://www.cbioportal.org/api/molecular-profiles/msk_impact_2017_mutations/mutations/fetch?projection=DETAILED,2026-10-03T09:41:06.219859+00:00
P-0003623-T01-IM5,P-0003623,MET,MET truncating,X1006_splice,Splice_Site,Non-Small Cell Lung Cancer,lung,msk_impact_2017,msk_impact_2017_mutations,https://www.cbioportal.org/api/molecular-profiles/msk_impact_2017_mutations/mutations/fetch?projection=DETAILED,2026-10-03T09:41:06.219862+00:00
P-0003635-T01-IM5,P-0003635,EGFR,E746_A750del,E746_A750del,In_Frame_Del,Non-Small Cell Lung Cancer,lung,msk_impact_2017,msk_impact_2017_mutations,https://www.cbioportal.org/api/molecular-profiles/msk_impact_2017_mutations/mutations/fetch?projection=DETAILED,2026-10-03T09:41:06.219864+00:00
P-0003714-T01-IM5,P-0003714,EGFR,L747_T751del,L747_T751del,In_Frame_Del,Non-Small Cell Lung Cancer,lung,msk_impact_2017,msk_impact_2017_mutations,https://www.cbioportal.org/api/molecular-profiles/msk_impact_2017_mutations/mutations/fetch?projection=DETAILED,2026-10-03T09:41:06.219867+00:00
P-0003735-T01-IM5,P-0003735,MET,MET truncating,X963_splice,Splice_Site,Non-Small Cell Lung Cancer,lung,msk_impact_2017,msk_impact_2017_mutations,https://www.cbioportal.org/api/molecular-profiles/msk_impact_2017_mutations/mutations/fetch?projection=DETAILED,2026-10-03T09:41:06.219870+00:00
P-0003752-T02-IM5,P-0003752,EGFR,EGFR L858 missense,L858R,Missense_Mutation,Non-Small Cell Lung Cancer,lung,msk_impact_2017,msk_impact_2017_mutations,https://www.cbioportal.org/api/molecular-profiles/msk_impact_2017_mutations/mutations/fetch?projection=DETAILED,2026-10-03T09:41:06.219873+00:00
P-0003752-T03-IM5,P-0003752,EGFR,EGFR T790 missense,T790M,Missense_Mutation,Non-Small Cell Lung Cancer,lung,msk_impact_2017,msk_impact_2017_mutations,https://www.cbioportal.org/api/molecular-profiles/msk_impact_2017_mutations/mutations/fetch?projection=DETAILED,2026-10-03T09:41:06.219875+00:00
P-0003752-T03-IM5,P-0003752,EGFR,EGFR L858 missense,L858R,Missense_Mutation,Non-Small Cell Lung Cancer,lung,msk_impact_2017,msk_impact_2017_mutations,https://www.cbioportal.org/api/molecular-profiles/msk_impact_2017_mutations/mutations/fetch?projection=DETAILED,2026-10-03T09:41:06.219878+00:00
P-0003773-T01-IM5,P-0003773,EGFR,L747_A750delinsP,L747_A750delinsP,In_Frame_Del,Non-Small Cell Lung Cancer,lung,msk_impact_2017,msk_impact_2017_mutations,https://www.cbioportal.org/api/molecular-profiles/msk_impact_2017_mutations/mutations/fetch?projection=DETAILED,2026-10-03T09:41:06.219881+00:00
P-0003863-T01-IM5,P-0003863,EGFR,N771_P772insHH,N771_P772insHH,In_Frame_Ins,Non-Small Cell Lung Cancer,lung,msk_impact_2017,msk_impact_2017_mutations,https://www.cbioportal.org/api/molecular-profiles/msk_impact_2017_mutations/mutations/fetch?projection=DETAILED,2026-10-03T09:41:06.219883+00:00
P-0003869-T01-IM5,P-0003869,MET,MET P1008 missense,P1008A,Missense_Mutation,Non-Small Cell Lung Cancer,lung,msk_impact_2017,msk_impact_2017_mutations,https://www.cbioportal.org/api/molecular-profiles/msk_impact_2017_mutations/mutations/fetch?projection=DETAILED,2026-10-03T09:41:06.219886+00:00
P-0003879-T01-IM5,P-0003879,MET,MET D1010 missense,D1010H,Missense_Mutation,Non-Small Cell Lung Cancer,lung,msk_impact_2017,msk_impact_2017_mutations,https://www.cbioportal.org/api/molecular-profiles/msk_impact_2017_mutations/mutations/fetch?projection=DETAILED,2026-10-03T09:41:06.219889+00:00
P-0003879-T01-IM5,P-0003879,MET,MET truncating,X963_splice,Splice_Site,Non-Small Cell Lung Cancer,lung,msk_impact_2017,msk_impact_2017_mutations,https://www.cbioportal.org/api/molecular-profiles/msk_impact_2017_mutations/mutations/fetch?projection=DETAILED,2026-10-03T09:41:06.219891+00:00
P-0003923-T01-IM5,P-0003923,EGFR,EGFR T790 missense,T790M,Missense_Mutation,Non-Small Cell Lung Cancer,lung,msk_impact_2017,msk_impact_2017_mutations,https://www.cbioportal.org/api/molecular-profiles/msk_impact_2017_mutations/mutations/fetch?projection=DETAILED,2026-10-03T09:41:06.219894+00:00
P-0003923-T01-IM5,P-0003923,EGFR,EGFR S768 missense,S768I,Missense_Mutation,Non-Small Cell Lung Cancer,lung,msk_impact_2017,msk_impact_2017_mutations,https://www.cbioportal.org/api/molecular-profiles/msk_impact_2017_mutations/mutations/fetch?projection=DETAILED,2026-10-03T09:41:06.219896+00:00
P-0003923-T01-IM5,P-0003923,EGFR,EGFR G719 missense,G719C,Missense_Mutation,Non-Small Cell Lung Cancer,lung,msk_impact_2017,msk_impact_2017_mutations,https://www.cbioportal.org/api/molecular-profiles/msk_impact_2017_mutations/mutations/fetch?projection=DETAILED,2026-10-03T09:41:06.219899+00:00
P-0003923-T01-IM5,P-0003923,EGFR,EGFR C775 missense,C775Y,Missense_Mutation,Non-Small Cell Lung Cancer,lung,msk_impact_2017,msk_impact_2017_mutations,https://www.cbioportal.org/api/molecular-profiles/msk_impact_2017_mutations/mutations/fetch?projection=DETAILED,2026-10-03T09:41:06.219902+00:00
P-0003967-T01-IM5,P-0003967,EGFR,EGFR L858 missense,L858R,Missense_Mutation,Non-Small Cell Lung Cancer,lung,msk_impact_2017,msk_impact_2017_mutations,https://www.cbioportal.org/api/molecular-profiles/msk_impact_2017_mutations/mutations/fetch?projection=DETAILED,2026-10-03T09:41:06.219904+00:00
P-0004066-T01-IM5,P-0004066,EGFR,EGFR L858 missense,L858R,Missense_Mutation,Non-Small Cell Lung Cancer,lung,msk_impact_2017,msk_impact_2017_mutations,https://www.cbioportal.org/api/molecular-profiles/msk_impact_2017_mutations/mutations/fetch?projection=DETAILED,2026-10-03T09:41:06.219907+00:00
P-0004066-T01-IM5,P-0004066,EGFR,EGFR E709 missense,E709K,Missense_Mutation,Non-Small Cell Lung Cancer,lung,msk_impact_2017,msk_impact_2017_mutations,https://www.cbioportal.org/api/molecular-profiles/msk_impact_2017_mutations/mutations/fetch?projection=DETAILED,2026-10-03T09:41:06.219910+00:00
P-0004066-T02-IM5,P-0004066,EGFR,EGFR L858 missense,L858R,Missense_Mutation,Non-Small Cell Lung Cancer,lung,msk_impact_2017,msk_impact_2017_mutations,https://www.cbioportal.org/api/molecular-profiles/msk_impact_2017_mutations/mutations/fetch?projection=DETAILED,2026-10-03T09:41:06.219912+00:00
P-0004066-T02-IM5,P-0004066,EGFR,EGFR E709 missense,E709K,Missense_Mutation,Non-Small Cell Lung Cancer,lung,msk_impact_2017,msk_impact_2017_mutations,https://www.cbioportal.org/api/molecular-profiles/msk_impact_2017_mutations/mutations/fetch?projection=DETAILED,2026-10-03T09:41:06.219915+00:00
P-0004099-T01-IM5,P-0004099,EGFR,EGFR truncating,X297_splice,Splice_Site,Non-Small Cell Lung Cancer,lung,msk_impact_2017,msk_impact_2017_mutations,https://www.cbioportal.org/api/molecular-profiles/msk_impact_2017_mutations/mutations/fetch?projection=DETAILED,2026-10-03T09:41:06.219918+00:00
P-0004105-T01-IM5,P-0004105,EGFR,L747_A755delinsSMS,L747_A755delinsSMS,In_Frame_Del,Non-Small Cell Lung Cancer,lung,msk_impact_2017,msk_impact_2017_mutations,https://www.cbioportal.org/api/molecular-profiles/msk_impact_2017_mutations/mutations/fetch?projection=DETAILED,2026-10-03T09:41:06.219921+00:00
P-0004114-T01-IM5,P-0004114,MET,MET R277 missense,R277T,Missense_Mutation,Non-Small Cell Lung Cancer,lung,msk_impact_2017,msk_impact_2017_mutations,https://www.cbioportal.org/api/molecular-profiles/msk_impact_2017_mutations/mutations/fetch?projection=DETAILED,2026-10-03T09:41:06.219924+00:00
P-0004117-T01-IM5,P-0004117,EGFR,T751_A755del,T751_A755del,In_Frame_Del,Non-Small Cell Lung Cancer,lung,msk_impact_2017,msk_impact_2017_mutations,https://www.cbioportal.org/api/molecular-profiles/msk_impact_2017_mutations/mutations/fetch?projection=DETAILED,2026-10-03T09:41:06.219926+00:00
P-0004117-T01-IM5,P-0004117,EGFR,EGFR L747 missense,L747S,Missense_Mutation,Non-Small Cell Lung Cancer,lung,msk_impact_2017,msk_impact_2017_mutations,https://www.cbioportal.org/api/molecular-profiles/msk_impact_2017_mutations/mutations/fetch?projection=DETAILED,2026-10-03T09:41:06.219929+00:00
P-0004120-T01-IM5,P-0004120,EGFR,A767_V769dup,A767_V769dup,In_Frame_Ins,Non-Small Cell Lung Cancer,lung,msk_impact_2017,msk_impact_2017_mutations,https://www.cbioportal.org/api/molecular-profiles/msk_impact_2017_mutations/mutations/fetch?projection=DETAILED,2026-10-03T09:41:06.219932+00:00
P-0004123-T01-IM5,P-0004123,EGFR,E746_A750del,E746_A750del,In_Frame_Del,Non-Small Cell Lung Cancer,lung,msk_impact_2017,msk_impact_2017_mutations,https://www.cbioportal.org/api/molecular-profiles/msk_impact_2017_mutations/mutations/fetch?projection=DETAILED,2026-10-03T09:41:06.219935+00:00
P-0004129-T01-IM5,P-0004129,EGFR,E709_T710delinsD,E709_T710delinsD,In_Frame_Del,Non-Small Cell Lung Cancer,lung,msk_impact_2017,msk_impact_2017_mutations,https://www.cbioportal.org/api/molecular-profiles/msk_impact_2017_mutations/mutations/fetch?projection=DETAILED,2026-10-03T09:41:06.219938+00:00
P-0004129-T02-IM5,P-0004129,EGFR,E709_T710delinsD,E709_T710delinsD,In_Frame_Del,Non-Small Cell Lung Cancer,lung,msk_impact_2017,msk_impact_2017_mutations,https://www.cbioportal.org/api/molecular-profiles/msk_impact_2017_mutations/mutations/fetch?projection=DETAILED,2026-10-03T09:41:06.219941+00:00
P-0004146-T01-IM5,P-0004146,EGFR,E746_A750del,E746_A750del,In_Frame_Del,Non-Small Cell Lung Cancer,lung,msk_impact_2017,msk_impact_2017_mutations,https://www.cbioportal.org/api/molecular-profiles/msk_impact_2017_mutations/mutations/fetch?projection=DETAILED,2026-10-03T09:41:06.219943+00:00
P-0004169-T01-IM5,P-0004169,MET,MET D1010 missense,D1010H,Missense_Mutation,Non-Small Cell Lung Cancer,lung,msk_impact_2017,msk_impact_2017_mutations,https://www.cbioportal.org/api/molecular-profiles/msk_impact_2017_mutations/mutations/fetch?projection=DETAILED,2026-10-03T09:41:06.219946+00:00
P-0004189-T01-IM5,P-0004189,MET,MET S1122 missense,S1122F,Missense_Mutation,Non-Small Cell Lung Cancer,lung,msk_impact_2017,msk_impact_2017_mutations,https://www.cbioportal.org/api/molecular-profiles/msk_impact_2017_mutations/mutations/fetch?projection=DETAILED,2026-10-03T09:41:06.219949+00:00
P-0004208-T01-IM5,P-0004208,EGFR,EGFR L858 missense,L858R,Missense_Mutation,Non-Small Cell Lung Cancer,lung,msk_impact_2017,msk_impact_2017_mutations,https://www.cbioportal.org/api/molecular-profiles/msk_impact_2017_mutations/mutations/fetch?projection=DETAILED,2026-10-03T09:41:06.219952+00:00
P-0004232-T01-IM5,P-0004232,EGFR,EGFR L858 missense,L858R,Missense_Mutation,Non-Small Cell Lung Cancer,lung,msk_impact_2017,msk_impact_2017_mutations,https://www.cbioportal.org/api/molecular-profiles/msk_impact_2017_mutations/mutations/fetch?projection=DETAILED,2026-10-03T09:41:06.219954+00:00
P-0004238-T01-IM5,P-0004238,EGFR,E746_A750del,E746_A750del,In_Frame_Del,Non-Small Cell Lung Cancer,lung,msk_impact_2017,msk_impact_2017_mutations,https://www.cbioportal.org/api/molecular-profiles/msk_impact_2017_mutations/mutations/fetch?projection=DETAILED,2026-10-03T09:41:06.219957+00:00
P-0004279-T01-IM5,P-0004279,EGFR,S768_D770dup,S768_D770dup,In_Frame_Ins,Non-Small Cell Lung Cancer,lung,msk_impact_2017,msk_impact_2017_mutations,https://www.cbioportal.org/api/molecular-profiles/msk_impact_2017_mutations/mutations/fetch?projection=DETAILED,2026-10-03T09:41:06.219959+00:00
P-0004303-T01-IM5,P-0004303,EGFR,E746_A750del,E746_A750del,In_Frame_Del,Non-Small Cell Lung Cancer,lung,msk_impact_2017,msk_impact_2017_mutations,https://www.cbioportal.org/api/molecular-profiles/msk_impact_2017_mutations/mutations/fetch?projection=DETAILED,2026-10-03T09:41:06.219962+00:00
P-0004328-T01-IM5,P-0004328,EGFR,EGFR S768 missense,S768I,Missense_Mutation,Non-Small Cell Lung Cancer,lung,msk_impact_2017,msk_impact_2017_mutations,https://www.cbioportal.org/api/molecular-profiles/msk_impact_2017_mutations/mutations/fetch?projection=DETAILED,2026-10-03T09:41:06.219965+00:00
P-0004328-T01-IM5,P-0004328,EGFR,EGFR L858 missense,L858R,Missense_Mutation,Non-Small Cell Lung Cancer,lung,msk_impact_2017,msk_impact_2017_mutations,https://www.cbioportal.org/api/molecular-profiles/msk_impact_2017_mutations/mutations/fetch?projection=DETAILED,2026-10-03T09:41:06.219968+00:00
P-0004328-T02-IM5,P-0004328,EGFR,EGFR S768 missense,S768I,Missense_Mutation,Non-Small Cell Lung Cancer,lung,msk_impact_2017,msk_impact_2017_mutations,https://www.cbioportal.org/api/molecular-profiles/msk_impact_2017_mutations/mutations/fetch?projection=DETAILED,2026-10-03T09:41:06.219970+00:00
P-0004328-T02-IM5,P-0004328,EGFR,EGFR L858 missense,L858R,Missense_Mutation,Non-Small Cell Lung Cancer,lung,msk_impact_2017,msk_impact_2017_mutations,https://www.cbioportal.org/api/molecular-profiles/msk_impact_2017_mutations/mutations/fetch?projection=DETAILED,2026-10-03T09:41:06.219973+00:00
P-0004342-T01-IM5,P-0004342,EGFR,EGFR L858 missense,L858R,Missense_Mutation,Non-Small Cell Lung Cancer,lung,msk_impact_2017,msk_impact_2017_mutations,https://www.cbioportal.org/api/molecular-profiles/msk_impact_2017_mutations/mutations/fetch?projection=DETAILED,2026-10-03T09:41:06.219976+00:00
P-0004421-T01-IM5,P-0004421,MET,MET truncating,X1010_splice,Splice_Site,Non-Small Cell Lung Cancer,lung,msk_impact_2017,msk_impact_2017_mutations,https://www.cbioportal.org/api/molecular-profiles/msk_impact_2017_mutations/mutations/fetch?projection=DETAILED,2026-10-03T09:41:06.219979+00:00
P-0004432-T01-IM5,P-0004432,EGFR,E746_S752delinsV,E746_S752delinsV,In_Frame_Del,Non-Small Cell Lung Cancer,lung,msk_impact_2017,msk_impact_2017_mutations,https://www.cbioportal.org/api/molecular-profiles/msk_impact_2017_mutations/mutations/fetch?projection=DETAILED,2026-10-03T09:41:06.219982+00:00
P-0004442-T01-IM5,P-0004442,EGFR,EGFR V765 missense,V765L,Missense_Mutation,Non-Small Cell Lung Cancer,lung,msk_impact_2017,msk_impact_2017_mutations,https://www.cbioportal.org/api/molecular-profiles/msk_impact_2017_mutations/mutations/fetch?projection=DETAILED,2026-10-03T09:41:06.219984+00:00
P-0004496-T01-IM5,P-0004496,EGFR,EGFR T790 missense,T790M,Missense_Mutation,Non-Small Cell Lung Cancer,lung,msk_impact_2017,msk_impact_2017_mutations,https://www.cbioportal.org/api/molecular-profiles/msk_impact_2017_mutations/mutations/fetch?projection=DETAILED,2026-10-03T09:41:06.219987+00:00
P-0004496-T01-IM5,P-0004496,EGFR,E746_A750del,E746_A750del,In_Frame_Del,Non-Small Cell Lung Cancer,lung,msk_impact_2017,msk_impact_2017_mutations,https://www.cbioportal.org/api/molecular-profiles/msk_impact_2017_mutations/mutations/fetch?projection=DETAILED,2026-10-03T09:41:06.219990+00:00
P-0004607-T02-IM5,P-0004607,EGFR,EGFR L858 missense,L858R,Missense_Mutation,Non-Small Cell Lung Cancer,lung,msk_impact_2017,msk_impact_2017_mutations,https://www.cbioportal.org/api/molecular-profiles/msk_impact_2017_mutations/mutations/fetch?projection=DETAILED,2026-10-03T09:41:06.219993+00:00
P-0004607-T03-IM5,P-0004607,EGFR,EGFR L858 missense,L858R,Missense_Mutation,Non-Small Cell Lung Cancer,lung,msk_impact_2017,msk_impact_2017_mutations,https://www.cbioportal.org/api/molecular-profiles/msk_impact_2017_mutations/mutations/fetch?projection=DETAILED,2026-10-03T09:41:06.219996+00:00
P-0004613-T01-IM5,P-0004613,EGFR,E746_T751delinsIP,E746_T751delinsIP,In_Frame_Del,Non-Small Cell Lung Cancer,lung,msk_impact_2017,msk_impact_2017_mutations,https://www.cbioportal.org/api/molecular-profiles/msk_impact_2017_mutations/mutations/fetch?projection=DETAILED,2026-10-03T09:41:06.219999+00:00
P-0004643-T01-IM5,P-0004643,MET,MET truncating,S758Afs*3,Frame_Shift_Del,Non-Small Cell Lung Cancer,lung,msk_impact_2017,msk_impact_2017_mutations,https://www.cbioportal.org/api/molecular-profiles/msk_impact_2017_mutations/mutations/fetch?projection=DETAILED,2026-10-03T09:41:06.220001+00:00
P-0004655-T01-IM5,P-0004655,MET,MET truncating,X1007_splice,Splice_Site,Non-Small Cell Lung Cancer,lung,msk_impact_2017,msk_impact_2017_mutations,https://www.cbioportal.org/api/molecular-profiles/msk_impact_2017_mutations/mutations/fetch?projection=DETAILED,2026-10-03T09:41:06.220004+00:00
P-0004678-T01-IM5,P-0004678,EGFR,EGFR L858 missense,L858R,Missense_Mutation,Non-Small Cell Lung Cancer,lung,msk_impact_2017,msk_impact_2017_mutations,https://www.cbioportal.org/api/molecular-profiles/msk_impact_2017_mutations/mutations/fetch?projection=DETAILED,2026-10-03T09:41:06.220006+00:00
P-0004691-T01-IM5,P-0004691,EGFR,EGFR L858 missense,L858R,Missense_Mutation,Non-Small Cell Lung Cancer,lung,msk_impact_2017,msk_impact_2017_mutations,https://www.cbioportal.org/api/molecular-profiles/msk_impact_2017_mutations/mutations/fetch?projection=DETAILED,2026-10-03T09:41:06.220009+00:00
P-0004691-T02-IM5,P-0004691,EGFR,EGFR L858 missense,L858R,Missense_Mutation,Non-Small Cell Lung Cancer,lung,msk_impact_2017,msk_impact_2017_mutations,https://www.cbioportal.org/api/molecular-profiles/msk_impact_2017_mutations/mutations/fetch?projection=DETAILED,2026-10-03T09:41:06.220012+00:00
P-0004695-T01-IM5,P-0004695,EGFR,EGFR T790 missense,T790M,Missense_Mutation,Non-Small Cell Lung Cancer,lung,msk_impact_2017,msk_impact_2017_mutations,https://www.cbioportal.org/api/molecular-profiles/msk_impact_2017_mutations/mutations/fetch?projection=DETAILED,2026-10-03T09:41:06.220015+00:00
P-0004695-T01-IM5,P-0004695,EGFR,E746_A750del,E746_A750del,In_Frame_Del,Non-Small Cell Lung Cancer,lung,msk_impact_2017,msk_impact_2017_mutations,https://www.cbioportal.org/api/molecular-profiles/msk_impact_2017_mutations/mutations/fetch?projection=DETAILED,2026-10-03T09:41:06.220018+00:00
P-0004714-T01-IM5,P-0004714,EGFR,EGFR L858 missense,L858R,Missense_Mutation,Non-Small Cell Lung Cancer,lung,msk_impact_2017,msk_impact_2017_mutations,https://www.cbioportal.org/api/molecular-profiles/msk_impact_2017_mutations/mutations/fetch?projection=DETAILED,2026-10-03T09:41:06.220021+00:00
P-0004718-T01-IM5,P-0004718,EGFR,EGFR L858 missense,L858R,Missense_Mutation,Non-Small Cell Lung Cancer,lung,msk_impact_2017,msk_impact_2017_mutations,https://www.cbioportal.org/api/molecular-profiles/msk_impact_2017_mutations/mutations/fetch?projection=DETAILED,2026-10-03T09:41:06.220024+00:00
P-0004729-T01-IM5,P-0004729,EGFR,EGFR L858 missense,L858R,Missense_Mutation,Non-Small Cell Lung Cancer,lung,msk_impact_2017,msk_impact_2017_mutations,https://www.cbioportal.org/api/molecular-profiles/msk_impact_2017_mutations/mutations/fetch?projection=DETAILED,2026-10-03T09:41:06.220026+00:00
P-0004730-T01-IM5,P-0004730,EGFR,E746_A750del,E746_A750del,In_Frame_Del,Non-Small Cell Lung Cancer,lung,msk_impact_2017,msk_impact_2017_mutations,https://www.cbioportal.org/api/molecular-profiles/msk_impact_2017_mutations/mutations/fetch?projection=DETAILED,2026-10-03T09:41:06.220029+00:00
P-0004739-T01-IM5,P-0004739,EGFR,L747_A750delinsP,L747_A750delinsP,In_Frame_Del,Non-Small Cell Lung Cancer,lung,msk_impact_2017,msk_impact_2017_mutations,https://www.cbioportal.org/api/molecular-profiles/msk_impact_2017_mutations/mutations/fetch?projection=DETAILED,2026-10-03T09:41:06.220032+00:00
P-0004743-T01-IM5,P-0004743,EGFR,L747_A750delinsP,L747_A750delinsP,In_Frame_Del,Non-Small Cell Lung Cancer,lung,msk_impact_2017,msk_impact_2017_mutations,https://www.cbioportal.org/api/molecular-profiles/msk_impact_2017_mutations/mutations/fetch?projection=DETAILED,2026-10-03T09:41:06.220035+00:00
P-0004847-T01-IM5,P-0004847,EGFR,E746_A750del,E746_A750del,In_Frame_Del,Non-Small Cell Lung Cancer,lung,msk_impact_2017,msk_impact_2017_mutations,https://www.cbioportal.org/api/molecular-profiles/msk_impact_2017_mutations/mutations/fetch?projection=DETAILED,2026-10-03T09:41:06.220037+00:00
P-0004851-T01-IM5,P-0004851,MET,MET F434 missense,F434I,Missense_Mutation,Non-Small Cell Lung Cancer,lung,msk_impact_2017,msk_impact_2017_mutations,https://www.cbioportal.org/api/molecular-profiles/msk_impact_2017_mutations/mutations/fetch?projection=DETAILED,2026-10-03T09:41:06.220040+00:00
P-0004878-T01-IM5,P-0004878,MET,MET truncating,X621_splice,Splice_Site,Non-Small Cell Lung Cancer,lung,msk_impact_2017,msk_impact_2017_mutations,https://www.cbioportal.org/api/molecular-profiles/msk_impact_2017_mutations/mutations/fetch?projection=DETAILED,2026-10-03T09:41:06.220043+00:00
P-0004927-T01-IM5,P-0004927,EGFR,EGFR T790 missense,T790M,Missense_Mutation,Non-Small Cell Lung Cancer,lung,msk_impact_2017,msk_impact_2017_mutations,https://www.cbioportal.org/api/molecular-profiles/msk_impact_2017_mutations/mutations/fetch?projection=DETAILED,2026-10-03T09:41:06.220046+00:00
P-0004927-T01-IM5,P-0004927,EGFR,E746_A750del,E746_A750del,In_Frame_Del,Non-Small Cell Lung Cancer,lung,msk_impact_2017,msk_impact_2017_mutations,https://www.cbioportal.org/api/molecular-profiles/msk_impact_2017_mutations/mutations/fetch?projection=DETAILED,2026-10-03T09:41:06.220048+00:00
P-0005017-T02-IM5,P-0005017,EGFR,E746_S752delinsV,E746_S752delinsV,In_Frame_Del,Non-Small Cell Lung Cancer,lung,msk_impact_2017,msk_impact_2017_mutations,https://www.cbioportal.org/api/molecular-profiles/msk_impact_2017_mutations/mutations/fetch?projection=DETAILED,2026-10-03T09:41:06.220051+00:00
P-0005034-T01-IM5,P-0005034,EGFR,EGFR T790 missense,T790M,Missense_Mutation,Non-Small Cell Lung Cancer,lung,msk_impact_2017,msk_impact_2017_mutations,https://www.cbioportal.org/api/molecular-profiles/msk_impact_2017_mutations/mutations/fetch?projection=DETAILED,2026-10-03T09:41:06.220054+00:00
P-0005034-T01-IM5,P-0005034,EGFR,EGFR L858 missense,L858R,Missense_Mutation,Non-Small Cell Lung Cancer,lung,msk_impact_2017,msk_impact_2017_mutations,https://www.cbioportal.org/api/molecular-profiles/msk_impact_2017_mutations/mutations/fetch?projection=DETAILED,2026-10-03T09:41:06.220057+00:00
P-0005059-T01-IM5,P-0005059,EGFR,EGFR T790 missense,T790M,Missense_Mutation,Non-Small Cell Lung Cancer,lung,msk_impact_2017,msk_impact_2017_mutations,https://www.cbioportal.org/api/molecular-profiles/msk_impact_2017_mutations/mutations/fetch?projection=DETAILED,2026-10-03T09:41:06.220059+00:00
P-0005059-T01-IM5,P-0005059,EGFR,E746_A750del,E746_A750del,In_Frame_Del,Non-Small Cell Lung Cancer,lung,msk_impact_2017,msk_impact_2017_mutations,https://www.cbioportal.org/api/molecular-profiles/msk_impact_2017_mutations/mutations/fetch?projection=DETAILED,2026-10-03T09:41:06.220062+00:00
P-0005063-T01-IM5,P-0005063,EGFR,E746_S752delinsV,E746_S752delinsV,In_Frame_Del,Non-Small Cell Lung Cancer,lung,msk_impact_2017,msk_impact_2017_mutations,https://www.cbioportal.org/api/molecular-profiles/msk_impact_2017_mutations/mutations/fetch?projection=DETAILED,2026-10-03T09:41:06.220065+00:00
P-0005069-T01-IM5,P-0005069,MET,MET truncating,X1010_splice,Splice_Site,Non-Small Cell Lung Cancer,lung,msk_impact_2017,msk_impact_2017_mutations,https://www.cbioportal.org/api/molecular-profiles/msk_impact_2017_mutations/mutations/fetch?projection=DETAILED,2026-10-03T09:41:06.220067+00:00
P-0005094-T01-IM5,P-0005094,EGFR,EGFR G719 missense,G719A,Missense_Mutation,Non-Small Cell Lung Cancer,lung,msk_impact_2017,msk_impact_2017_mutations,https://www.cbioportal.org/api/molecular-profiles/msk_impact_2017_mutations/mutations/fetch?projection=DETAILED,2026-10-03T09:41:06.220070+00:00
P-0005114-T01-IM5,P-0005114,EGFR,EGFR L858 missense,L858R,Missense_Mutation,Non-Small Cell Lung Cancer,lung,msk_impact_2017,msk_impact_2017_mutations,https://www.cbioportal.org/api/molecular-profiles/msk_impact_2017_mutations/mutations/fetch?projection=DETAILED,2026-10-03T09:41:06.220073+00:00
P-0005114-T01-IM5,P-0005114,EGFR,EGFR K867 missense,K867T,Missense_Mutation,Non-Small Cell Lung Cancer,lung,msk_impact_2017,msk_impact_2017_mutations,https://www.cbioportal.org/api/molecular-profiles/msk_impact_2017_mutations/mutations/fetch?projection=DETAILED,2026-10-03T09:41:06.220076+00:00
P-0005114-T01-IM5,P-0005114,EGFR,EGFR K860 missense,K860I,Missense_Mutation,Non-Small Cell Lung Cancer,lung,msk_impact_2017,msk_impact_2017_mutations,https://www.cbioportal.org/api/molecular-profiles/msk_impact_2017_mutations/mutations/fetch?projection=DETAILED,2026-10-03T09:41:06.220078+00:00
P-0005123-T01-IM5,P-0005123,EGFR,EGFR G719 missense,G719A,Missense_Mutation,Non-Small Cell Lung Cancer,lung,msk_impact_2017,msk_impact_2017_mutations,https://www.cbioportal.org/api/molecular-profiles/msk_impact_2017_mutations/mutations/fetch?projection=DETAILED,2026-10-03T09:41:06.220081+00:00
P-0005148-T01-IM5,P-0005148,EGFR,EGFR T790 missense,T790M,Missense_Mutation,Non-Small Cell Lung Cancer,lung,msk_impact_2017,msk_impact_2017_mutations,https://www.cbioportal.org/api/molecular-profiles/msk_impact_2017_mutations/mutations/fetch?projection=DETAILED,2026-10-03T09:41:06.220084+00:00
P-0005148-T01-IM5,P-0005148,EGFR,EGFR L858 missense,L858R,Missense_Mutation,Non-Small Cell Lung Cancer,lung,msk_impact_2017,msk_impact_2017_mutations,https://www.cbioportal.org/api/molecular-profiles/msk_impact_2017_mutations/mutations/fetch?projection=DETAILED,2026-10-03T09:41:06.220086+00:00
P-0005178-T01-IM5,P-0005178,EGFR,E746_A750del,E746_A750del,In_Frame_Del,Non-Small Cell Lung Cancer,lung,msk_impact_2017,msk_impact_2017_mutations,https://www.cbioportal.org/api/molecular-profiles/msk_impact_2017_mutations/mutations/fetch?projection=DETAILED,2026-10-03T09:41:06.220089+00:00
P-0005194-T01-IM5,P-0005194,MET,MET W1320 missense,W1320C,Missense_Mutation,Non-Small Cell Lung Cancer,lung,msk_impact_2017,msk_impact_2017_mutations,https://www.cbioportal.org/api/molecular-profiles/msk_impact_2017_mutations/mutations/fetch?projection=DETAILED,2026-10-03T09:41:06.220092+00:00
P-0005198-T01-IM5,P-0005198,EGFR,E746_S752delinsV,E746_S752delinsV,In_Frame_Del,Non-Small Cell Lung Cancer,lung,msk_impact_2017,msk_impact_2017_mutations,https://www.cbioportal.org/api/molecular-profiles/msk_impact_2017_mutations/mutations/fetch?projection=DETAILED,2026-10-03T09:41:06.220095+00:00
P-0005223-T01-IM5,P-0005223,EGFR,E746_A750del,E746_A750del,In_Frame_Del,Non-Small Cell Lung Cancer,lung,msk_impact_2017,msk_impact_2017_mutations,https://www.cbioportal.org/api/molecular-profiles/msk_impact_2017_mutations/mutations/fetch?projection=DETAILED,2026-10-03T09:41:06.220098+00:00
P-0005259-T01-IM5,P-0005259,EGFR,E746_A750del,E746_A750del,In_Frame_Del,Non-Small Cell Lung Cancer,lung,msk_impact_2017,msk_impact_2017_mutations,https://www.cbioportal.org/api/molecular-profiles/msk_impact_2017_mutations/mutations/fetch?projection=DETAILED,2026-10-03T09:41:06.220102+00:00
P-0005261-T01-IM5,P-0005261,EGFR,EGFR G779 missense,G779F,Missense_Mutation,Non-Small Cell Lung Cancer,lung,msk_impact_2017,msk_impact_2017_mutations,https://www.cbioportal.org/api/molecular-profiles/msk_impact_2017_mutations/mutations/fetch?projection=DETAILED,2026-10-03T09:41:06.220104+00:00
P-0005264-T01-IM5,P-0005264,EGFR,EGFR L858 missense,L858R,Missense_Mutation,Non-Small Cell Lung Cancer,lung,msk_impact_2017,msk_impact_2017_mutations,https://www.cbioportal.org/api/molecular-profiles/msk_impact_2017_mutations/mutations/fetch?projection=DETAILED,2026-10-03T09:41:06.220107+00:00
P-0005286-T01-IM5,P-0005286,EGFR,A767_V769dup,A767_V769dup,In_Frame_Ins,Non-Small Cell Lung Cancer,lung,msk_impact_2017,msk_impact_2017_mutations,https://www.cbioportal.org/api/molecular-profiles/msk_impact_2017_mutations/mutations/fetch?projection=DETAILED,2026-10-03T09:41:06.220110+00:00
P-0005337-T01-IM5,P-0005337,EGFR,EGFR T790 missense,T790M,Missense_Mutation,Non-Small Cell Lung Cancer,lung,msk_impact_2017,msk_impact_2017_mutations,https://www.cbioportal.org/api/molecular-profiles/msk_impact_2017_mutations/mutations/fetch?projection=DETAILED,2026-10-03T09:41:06.220112+00:00
P-0005337-T01-IM5,P-0005337,EGFR,EGFR L858 missense,L858R,Missense_Mutation,Non-Small Cell Lung Cancer,lung,msk_impact_2017,msk_impact_2017_mutations,https://www.cbioportal.org/api/molecular-profiles/msk_impact_2017_mutations/mutations/fetch?projection=DETAILED,2026-10-03T09:41:06.220115+00:00
P-0005393-T01-IM5,P-0005393,EGFR,EGFR L861 missense,L861Q,Missense_Mutation,Non-Small Cell Lung Cancer,lung,msk_impact_2017,msk_impact_2017_mutations,https://www.cbioportal.org/api/molecular-profiles/msk_impact_2017_mutations/mutations/fetch?projection=DETAILED,2026-10-03T09:41:06.220118+00:00
P-0005435-T01-IM5,P-0005435,EGFR,EGFR L861 missense,L861Q,Missense_Mutation,Non-Small Cell Lung Cancer,lung,msk_impact_2017,msk_impact_2017_mutations,https://www.cbioportal.org/api/molecular-profiles/msk_impact_2017_mutations/mutations/fetch?projection=DETAILED,2026-10-03T09:41:06.220121+00:00
P-0005464-T01-IM5,P-0005464,EGFR,EGFR T790 missense,T790M,Missense_Mutation,Non-Small Cell Lung Cancer,lung,msk_impact_2017,msk_impact_2017_mutations,https://www.cbioportal.org/api/molecular-profiles/msk_impact_2017_mutations/mutations/fetch?projection=DETAILED,2026-10-03T09:41:06.220123+00:00
P-0005464-T01-IM5,P-0005464,EGFR,EGFR L858 missense,L858R,Missense_Mutation,Non-Small Cell Lung Cancer,lung,msk_impact_2017,msk_impact_2017_mutations,https://www.cbioportal.org/api/molecular-profiles/msk_impact_2017_mutations/mutations/fetch?projection=DETAILED,2026-10-03T09:41:06.220126+00:00
P-0005467-T01-IM5,P-0005467,EGFR,E746_A750del,E746_A750del,In_Frame_Del,Non-Small Cell Lung Cancer,lung,msk_impact_2017,msk_impact_2017_mutations,https://www.cbioportal.org/api/molecular-profiles/msk_impact_2017_mutations/mutations/fetch?projection=DETAILED,2026-10-03T09:41:06.220129+00:00
P-0005504-T01-IM5,P-0005504,EGFR,N771_H773dup,N771_H773dup,In_Frame_Ins,Non-Small Cell Lung Cancer,lung,msk_impact_2017,msk_impact_2017_mutations,https://www.cbioportal.org/api/molecular-profiles/msk_impact_2017_mutations/mutations/fetch?projection=DETAILED,2026-10-03T09:41:06.220132+00:00
P-0005533-T01-IM5,P-0005533,EGFR,D770_N771insG,D770_N771insG,In_Frame_Ins,Non-Small Cell Lung Cancer,lung,msk_impact_2017,msk_impact_2017_mutations,https://www.cbioportal.org/api/molecular-profiles/msk_impact_2017_mutations/mutations/fetch?projection=DETAILED,2026-10-03T09:41:06.220134+00:00
P-0005541-T01-IM5,P-0005541,MET,MET N375 missense,N375K,Missense_Mutation,Non-Small Cell Lung Cancer,lung,msk_impact_2017,msk_impact_2017_mutations,https://www.cbioportal.org/api/molecular-profiles/msk_impact_2017_mutations/mutations/fetch?projection=DETAILED,2026-10-03T09:41:06.220137+00:00
P-0005544-T01-IM5,P-0005544,MET,MET T698 missense,T698F,Missense_Mutation,Non-Small Cell Lung Cancer,lung,msk_impact_2017,msk_impact_2017_mutations,https://www.cbioportal.org/api/molecular-profiles/msk_impact_2017_mutations/mutations/fetch?projection=DETAILED,2026-10-03T09:41:06.220140+00:00
P-0005553-T01-IM5,P-0005553,EGFR,EGFR T790 missense,T790M,Missense_Mutation,Non-Small Cell Lung Cancer,lung,msk_impact_2017,msk_impact_2017_mutations,https://www.cbioportal.org/api/molecular-profiles/msk_impact_2017_mutations/mutations/fetch?projection=DETAILED,2026-10-03T09:41:06.220143+00:00
P-0005553-T01-IM5,P-0005553,EGFR,E746_A750del,E746_A750del,In_Frame_Del,Non-Small Cell Lung Cancer,lung,msk_impact_2017,msk_impact_2017_mutations,https://www.cbioportal.org/api/molecular-profiles/msk_impact_2017_mutations/mutations/fetch?projection=DETAILED,2026-10-03T09:41:06.220145+00:00
P-0005553-T02-IM5,P-0005553,EGFR,E746_A750del,E746_A750del,In_Frame_Del,Non-Small Cell Lung Cancer,lung,msk_impact_2017,msk_impact_2017_mutations,https://www.cbioportal.org/api/molecular-profiles/msk_impact_2017_mutations/mutations/fetch?projection=DETAILED,2026-10-03T09:41:06.220148+00:00
P-0005580-T01-IM5,P-0005580,EGFR,EGFR L858 missense,L858R,Missense_Mutation,Non-Small Cell Lung Cancer,lung,msk_impact_2017,msk_impact_2017_mutations,https://www.cbioportal.org/api/molecular-profiles/msk_impact_2017_mutations/mutations/fetch?projection=DETAILED,2026-10-03T09:41:06.220151+00:00
P-0005752-T01-IM5,P-0005752,MET,MET truncating,X1010_splice,Splice_Site,Non-Small Cell Lung Cancer,lung,msk_impact_2017,msk_impact_2017_mutations,https://www.cbioportal.org/api/molecular-profiles/msk_impact_2017_mutations/mutations/fetch?projection=DETAILED,2026-10-03T09:41:06.220154+00:00
P-0005763-T01-IM5,P-0005763,EGFR,S752_D761delinsPT,S752_D761delinsPT,In_Frame_Del,Non-Small Cell Lung Cancer,lung,msk_impact_2017,msk_impact_2017_mutations,https://www.cbioportal.org/api/molecular-profiles/msk_impact_2017_mutations/mutations/fetch?projection=DETAILED,2026-10-03T09:41:06.220157+00:00
P-0005763-T01-IM5,P-0005763,EGFR,EGFR T790 missense,T790M,Missense_Mutation,Non-Small Cell Lung Cancer,lung,msk_impact_2017,msk_impact_2017_mutations,https://www.cbioportal.org/api/molecular-profiles/msk_impact_2017_mutations/mutations/fetch?projection=DETAILED,2026-10-03T09:41:06.220159+00:00
P-0005813-T01-IM5,P-0005813,EGFR,E746_A750del,E746_A750del,In_Frame_Del,Non-Small Cell Lung Cancer,lung,msk_impact_2017,msk_impact_2017_mutations,https://www.cbioportal.org/api/molecular-profiles/msk_impact_2017_mutations/mutations/fetch?projection=DETAILED,2026-10-03T09:41:06.220162+00:00
P-0005845-T01-IM5,P-0005845,EGFR,EGFR L858 missense,L858R,Missense_Mutation,Non-Small Cell Lung Cancer,lung,msk_impact_2017,msk_impact_2017_mutations,https://www.cbioportal.org/api/molecular-profiles/msk_impact_2017_mutations/mutations/fetch?projection=DETAILED,2026-10-03T09:41:06.220165+00:00
P-0005845-T02-IM5,P-0005845,EGFR,EGFR L858 missense,L858R,Missense_Mutation,Non-Small Cell Lung Cancer,lung,msk_impact_2017,msk_impact_2017_mutations,https://www.cbioportal.org/api/molecular-profiles/msk_impact_2017_mutations/mutations/fetch?projection=DETAILED,2026-10-03T09:41:06.220167+00:00
P-0005895-T01-IM5,P-0005895,EGFR,EGFR L858 missense,L858R,Missense_Mutation,Non-Small Cell Lung Cancer,lung,msk_impact_2017,msk_impact_2017_mutations,https://www.cbioportal.org/api/molecular-profiles/msk_impact_2017_mutations/mutations/fetch?projection=DETAILED,2026-10-03T09:41:06.220170+00:00
P-0005974-T01-IM5,P-0005974,EGFR,E746_A750delinsP,E746_A750delinsP,In_Frame_Del,Non-Small Cell Lung Cancer,lung,msk_impact_2017,msk_impact_2017_mutations,https://www.cbioportal.org/api/molecular-profiles/msk_impact_2017_mutations/mutations/fetch?projection=DETAILED,2026-10-03T09:41:06.220173+00:00
P-0005985-T01-IM5,P-0005985,EGFR,EGFR L858 missense,L858R,Missense_Mutation,Non-Small Cell Lung Cancer,lung,msk_impact_2017,msk_impact_2017_mutations,https://www.cbioportal.org/api/molecular-profiles/msk_impact_2017_mutations/mutations/fetch?projection=DETAILED,2026-10-03T09:41:06.220176+00:00
P-0006002-T01-IM5,P-0006002,EGFR,E746_A750del,E746_A750del,In_Frame_Del,Non-Small Cell Lung Cancer,lung,msk_impact_2017,msk_impact_2017_mutations,https://www.cbioportal.org/api/molecular-profiles/msk_impact_2017_mutations/mutations/fetch?projection=DETAILED,2026-10-03T09:41:06.220178+00:00
P-0006003-T01-IM5,P-0006003,EGFR,EGFR G719 missense,G719A,Missense_Mutation,Non-Small Cell Lung Cancer,lung,msk_impact_2017,msk_impact_2017_mutations,https://www.cbioportal.org/api/molecular-profiles/msk_impact_2017_mutations/mutations/fetch?projection=DETAILED,2026-10-03T09:41:06.220181+00:00
P-0006003-T01-IM5,P-0006003,EGFR,EGFR E709 missense,E709K,Missense_Mutation,Non-Small Cell Lung Cancer,lung,msk_impact_2017,msk_impact_2017_mutations,https://www.cbioportal.org/api/molecular-profiles/msk_impact_2017_mutations/mutations/fetch?projection=DETAILED,2026-10-03T09:41:06.220184+00:00
P-0006028-T01-IM5,P-0006028,EGFR,E746_A750del,E746_A750del,In_Frame_Del,Non-Small Cell Lung Cancer,lung,msk_impact_2017,msk_impact_2017_mutations,https://www.cbioportal.org/api/molecular-profiles/msk_impact_2017_mutations/mutations/fetch?projection=DETAILED,2026-10-03T09:41:06.220186+00:00
P-0006052-T01-IM5,P-0006052,MET,MET D1010 missense,D1010Y,Missense_Mutation,Non-Small Cell Lung Cancer,lung,msk_impact_2017,msk_impact_2017_mutations,https://www.cbioportal.org/api/molecular-profiles/msk_impact_2017_mutations/mutations/fetch?projection=DETAILED,2026-10-03T09:41:06.220189+00:00
P-0006065-T01-IM5,P-0006065,MET,MET D1010 missense,D1010H,Missense_Mutation,Non-Small Cell Lung Cancer,lung,msk_impact_2017,msk_impact_2017_mutations,https://www.cbioportal.org/api/molecular-profiles/msk_impact_2017_mutations/mutations/fetch?projection=DETAILED,2026-10-03T09:41:06.220192+00:00
P-0006085-T01-IM5,P-0006085,MET,MET truncating,D1010fs,Frame_Shift_Del,Non-Small Cell Lung Cancer,lung,msk_impact_2017,msk_impact_2017_mutations,https://www.cbioportal.org/api/molecular-profiles/msk_impact_2017_mutations/mutations/fetch?projection=DETAILED,2026-10-03T09:41:06.220195+00:00
P-0006094-T01-IM5,P-0006094,MET,MET truncating,X1010_splice,Splice_Site,Non-Small Cell Lung Cancer,lung,msk_impact_2017,msk_impact_2017_mutations,https://www.cbioportal.org/api/molecular-profiles/msk_impact_2017_mutations/mutations/fetch?projection=DETAILED,2026-10-03T09:41:06.220198+00:00
P-0006105-T01-IM5,P-0006105,EGFR,EGFR T790 missense,T790M,Missense_Mutation,Non-Small Cell Lung Cancer,lung,msk_impact_2017,msk_impact_2017_mutations,https://www.cbioportal.org/api/molecular-profiles/msk_impact_2017_mutations/mutations/fetch?projection=DETAILED,2026-10-03T09:41:06.220201+00:00
P-0006105-T01-IM5,P-0006105,EGFR,E746_A750del,E746_A750del,In_Frame_Del,Non-Small Cell Lung Cancer,lung,msk_impact_2017,msk_impact_2017_mutations,https://www.cbioportal.org/api/molecular-profiles/msk_impact_2017_mutations/mutations/fetch?projection=DETAILED,2026-10-03T09:41:06.220203+00:00
P-0006115-T01-IM5,P-0006115,EGFR,EGFR E967 missense,E967K,Missense_Mutation,Non-Small Cell Lung Cancer,lung,msk_impact_2017,msk_impact_2017_mutations,https://www.cbioportal.org/api/molecular-profiles/msk_impact_2017_mutations/mutations/fetch?projection=DETAILED,2026-10-03T09:41:06.220206+00:00
P-0006115-T01-IM5,P-0006115,EGFR,E746_A750del,E746_A750del,In_Frame_Del,Non-Small Cell Lung Cancer,lung,msk_impact_2017,msk_impact_2017_mutations,https://www.cbioportal.org/api/molecular-profiles/msk_impact_2017_mutations/mutations/fetch?projection=DETAILED,2026-10-03T09:41:06.220209+00:00
P-0006116-T01-IM5,P-0006116,EGFR,EGFR L858 missense,L858R,Missense_Mutation,Non-Small Cell Lung Cancer,lung,msk_impact_2017,msk_impact_2017_mutations,https://www.cbioportal.org/api/molecular-profiles/msk_impact_2017_mutations/mutations/fetch?projection=DETAILED,2026-10-03T09:41:06.220212+00:00
P-0006127-T01-IM5,P-0006127,MET,MET truncating,X963_splice,Splice_Site,Non-Small Cell Lung Cancer,lung,msk_impact_2017,msk_impact_2017_mutations,https://www.cbioportal.org/api/molecular-profiles/msk_impact_2017_mutations/mutations/fetch?projection=DETAILED,2026-10-03T09:41:06.220214+00:00
P-0006139-T01-IM5,P-0006139,EGFR,EGFR L858 missense,L858R,Missense_Mutation,Non-Small Cell Lung Cancer,lung,msk_impact_2017,msk_impact_2017_mutations,https://www.cbioportal.org/api/molecular-profiles/msk_impact_2017_mutations/mutations/fetch?projection=DETAILED,2026-10-03T09:41:06.220217+00:00
P-0006150-T01-IM5,P-0006150,EGFR,EGFR A1118 missense,A1118S,Missense_Mutation,Non-Small Cell Lung Cancer,lung,msk_impact_2017,msk_impact_2017_mutations,https://www.cbioportal.org/api/molecular-profiles/msk_impact_2017_mutations/mutations/fetch?projection=DETAILED,2026-10-03T09:41:06.220219+00:00
P-0006151-T01-IM5,P-0006151,EGFR,EGFR L858 missense,L858R,Missense_Mutation,Non-Small Cell Lung Cancer,lung,msk_impact_2017,msk_impact_2017_mutations,https://www.cbioportal.org/api/molecular-profiles/msk_impact_2017_mutations/mutations/fetch?projection=DETAILED,2026-10-03T09:41:06.220222+00:00
P-0006171-T01-IM5,P-0006171,EGFR,L747_A750delinsP,L747_A750delinsP,In_Frame_Del,Non-Small Cell Lung Cancer,lung,msk_impact_2017,msk_impact_2017_mutations,https://www.cbioportal.org/api/molecular-profiles/msk_impact_2017_mutations/mutations/fetch?projection=DETAILED,2026-10-03T09:41:06.220225+00:00
P-0006171-T01-IM5,P-0006171,EGFR,EGFR T790 missense,T790M,Missense_Mutation,Non-Small Cell Lung Cancer,lung,msk_impact_2017,msk_impact_2017_mutations,https://www.cbioportal.org/api/molecular-profiles/msk_impact_2017_mutations/mutations/fetch?projection=DETAILED,2026-10-03T09:41:06.220227+00:00
P-0006198-T01-IM5,P-0006198,EGFR,E746_A750del,E746_A750del,In_Frame_Del,Non-Small Cell Lung Cancer,lung,msk_impact_2017,msk_impact_2017_mutations,https://www.cbioportal.org/api/molecular-profiles/msk_impact_2017_mutations/mutations/fetch?projection=DETAILED,2026-10-03T09:41:06.220230+00:00
P-0006210-T01-IM5,P-0006210,EGFR,EGFR L858 missense,L858R,Missense_Mutation,Non-Small Cell Lung Cancer,lung,msk_impact_2017,msk_impact_2017_mutations,https://www.cbioportal.org/api/molecular-profiles/msk_impact_2017_mutations/mutations/fetch?projection=DETAILED,2026-10-03T09:41:06.220232+00:00
P-0006280-T01-IM5,P-0006280,EGFR,EGFR L858 missense,L858R,Missense_Mutation,Non-Small Cell Lung Cancer,lung,msk_impact_2017,msk_impact_2017_mutations,https://www.cbioportal.org/api/molecular-profiles/msk_impact_2017_mutations/mutations/fetch?projection=DETAILED,2026-10-03T09:41:06.220235+00:00
P-0006290-T01-IM5,P-0006290,EGFR,EGFR K642 missense,K642N,Missense_Mutation,Non-Small Cell Lung Cancer,lung,msk_impact_2017,msk_impact_2017_mutations,https://www.cbioportal.org/api/molecular-profiles/msk_impact_2017_mutations/mutations/fetch?projection=DETAILED,2026-10-03T09:41:06.220238+00:00
P-0006368-T01-IM5,P-0006368,EGFR,EGFR D368 missense,D368Y,Missense_Mutation,Non-Small Cell Lung Cancer,lung,msk_impact_2017,msk_impact_2017_mutations,https://www.cbioportal.org/api/molecular-profiles/msk_impact_2017_mutations/mutations/fetch?projection=DETAILED,2026-10-03T09:41:06.220240+00:00
P-0006368-T01-IM5,P-0006368,MET,MET D1002 missense,D1002G,Missense_Mutation,Non-Small Cell Lung Cancer,lung,msk_impact_2017,msk_impact_2017_mutations,https://www.cbioportal.org/api/molecular-profiles/msk_impact_2017_mutations/mutations/fetch?projection=DETAILED,2026-10-03T09:41:06.220243+00:00
P-0006402-T01-IM5,P-0006402,EGFR,EGFR G719 missense,G719S,Missense_Mutation,Non-Small Cell Lung Cancer,lung,msk_impact_2017,msk_impact_2017_mutations,https://www.cbioportal.org/api/molecular-profiles/msk_impact_2017_mutations/mutations/fetch?projection=DETAILED,2026-10-03T09:41:06.220246+00:00
P-0006402-T01-IM5,P-0006402,EGFR,EGFR E709 missense,E709A,Missense_Mutation,Non-Small Cell Lung Cancer,lung,msk_impact_2017,msk_impact_2017_mutations,https://www.cbioportal.org/api/molecular-profiles/msk_impact_2017_mutations/mutations/fetch?projection=DETAILED,2026-10-03T09:41:06.220249+00:00
P-0006432-T01-IM5,P-0006432,MET,MET D1010 missense,D1010N,Missense_Mutation,Non-Small Cell Lung Cancer,lung,msk_impact_2017,msk_impact_2017_mutations,https://www.cbioportal.org/api/molecular-profiles/msk_impact_2017_mutations/mutations/fetch?projection=DETAILED,2026-10-03T09:41:06.220252+00:00
P-0006561-T02-IM5,P-0006561,EGFR,EGFR L858 missense,L858R,Missense_Mutation,Non-Small Cell Lung Cancer,lung,msk_impact_2017,msk_impact_2017_mutations,https://www.cbioportal.org/api/molecular-profiles/msk_impact_2017_mutations/mutations/fetch?projection=DETAILED,2026-10-03T09:41:06.220254+00:00
P-0006569-T01-IM5,P-0006569,EGFR,E746_A750del,E746_A750del,In_Frame_Del,Non-Small Cell Lung Cancer,lung,msk_impact_2017,msk_impact_2017_mutations,https://www.cbioportal.org/api/molecular-profiles/msk_impact_2017_mutations/mutations/fetch?projection=DETAILED,2026-10-03T09:41:06.220257+00:00
P-0006588-T01-IM5,P-0006588,EGFR,EGFR L858 missense,L858R,Missense_Mutation,Non-Small Cell Lung Cancer,lung,msk_impact_2017,msk_impact_2017_mutations,https://www.cbioportal.org/api/molecular-profiles/msk_impact_2017_mutations/mutations/fetch?projection=DETAILED,2026-10-03T09:41:06.220260+00:00
P-0006606-T01-IM5,P-0006606,EGFR,E709_T710delinsD,E709_T710delinsD,In_Frame_Del,Non-Small Cell Lung Cancer,lung,msk_impact_2017,msk_impact_2017_mutations,https://www.cbioportal.org/api/molecular-profiles/msk_impact_2017_mutations/mutations/fetch?projection=DETAILED,2026-10-03T09:41:06.220262+00:00
P-0006606-T02-IM5,P-0006606,EGFR,E709_T710delinsD,E709_T710delinsD,In_Frame_Del,Non-Small Cell Lung Cancer,lung,msk_impact_2017,msk_impact_2017_mutations,https://www.cbioportal.org/api/molecular-profiles/msk_impact_2017_mutations/mutations/fetch?projection=DETAILED,2026-10-03T09:41:06.220265+00:00
P-0006640-T01-IM5,P-0006640,EGFR,E746_A750del,E746_A750del,In_Frame_Del,Non-Small Cell Lung Cancer,lung,msk_impact_2017,msk_impact_2017_mutations,https://www.cbioportal.org/api/molecular-profiles/msk_impact_2017_mutations/mutations/fetch?projection=DETAILED,2026-10-03T09:41:06.220268+00:00
P-0006671-T01-IM5,P-0006671,EGFR,EGFR truncating,L747Rfs*13,Frame_Shift_Del,Non-Small Cell Lung Cancer,lung,msk_impact_2017,msk_impact_2017_mutations,https://www.cbioportal.org/api/molecular-profiles/msk_impact_2017_mutations/mutations/fetch?projection=DETAILED,2026-10-03T09:41:06.220270+00:00
P-0006713-T01-IM5,P-0006713,EGFR,EGFR A24 missense,A24S,Missense_Mutation,Non-Small Cell Lung Cancer,lung,msk_impact_2017,msk_impact_2017_mutations,https://www.cbioportal.org/api/molecular-profiles/msk_impact_2017_mutations/mutations/fetch?projection=DETAILED,2026-10-03T09:41:06.220273+00:00
P-0006724-T01-IM5,P-0006724,MET,MET C584 missense,C584F,Missense_Mutation,Non-Small Cell Lung Cancer,lung,msk_impact_2017,msk_impact_2017_mutations,https://www.cbioportal.org/api/molecular-profiles/msk_impact_2017_mutations/mutations/fetch?projection=DETAILED,2026-10-03T09:41:06.220276+00:00
P-0006789-T01-IM5,P-0006789,EGFR,L747_P753delinsS,L747_P753delinsS,In_Frame_Del,Non-Small Cell Lung Cancer,lung,msk_impact_2017,msk_impact_2017_mutations,https://www.cbioportal.org/api/molecular-profiles/msk_impact_2017_mutations/mutations/fetch?projection=DETAILED,2026-10-03T09:41:06.220278+00:00
P-0006789-T01-IM5,P-0006789,EGFR,EGFR A755 missense,A755G,Missense_Mutation,Non-Small Cell Lung Cancer,lung,msk_impact_2017,msk_impact_2017_mutations,https://www.cbioportal.org/api/molecular-profiles/msk_impact_2017_mutations/mutations/fetch?projection=DETAILED,2026-10-03T09:41:06.220281+00:00
P-0006793-T01-IM5,P-0006793,MET,MET N202 missense,N202D,Missense_Mutation,Non-Small Cell Lung Cancer,lung,msk_impact_2017,msk_impact_2017_mutations,https://www.cbioportal.org/api/molecular-profiles/msk_impact_2017_mutations/mutations/fetch?projection=DETAILED,2026-10-03T09:41:06.220284+00:00
P-0006810-T01-IM5,P-0006810,EGFR,E746_A750del,E746_A750del,In_Frame_Del,Non-Small Cell Lung Cancer,lung,msk_impact_2017,msk_impact_2017_mutations,https://www.cbioportal.org/api/molecular-profiles/msk_impact_2017_mutations/mutations/fetch?projection=DETAILED,2026-10-03T09:41:06.220286+00:00
P-0006844-T01-IM5,P-0006844,EGFR,E746_A750del,E746_A750del,In_Frame_Del,Non-Small Cell Lung Cancer,lung,msk_impact_2017,msk_impact_2017_mutations,https://www.cbioportal.org/api/molecular-profiles/msk_impact_2017_mutations/mutations/fetch?projection=DETAILED,2026-10-03T09:41:06.220289+00:00
P-0006844-T02-IM5,P-0006844,EGFR,E746_A750del,E746_A750del,In_Frame_Del,Non-Small Cell Lung Cancer,lung,msk_impact_2017,msk_impact_2017_mutations,https://www.cbioportal.org/api/molecular-profiles/msk_impact_2017_mutations/mutations/fetch?projection=DETAILED,2026-10-03T09:41:06.220292+00:00
P-0006883-T01-IM5,P-0006883,EGFR,E746_S752delinsV,E746_S752delinsV,In_Frame_Del,Non-Small Cell Lung Cancer,lung,msk_impact_2017,msk_impact_2017_mutations,https://www.cbioportal.org/api/molecular-profiles/msk_impact_2017_mutations/mutations/fetch?projection=DETAILED,2026-10-03T09:41:06.220294+00:00
P-0006886-T01-IM5,P-0006886,EGFR,EGFR V834 missense,V834L,Missense_Mutation,Non-Small Cell Lung Cancer,lung,msk_impact_2017,msk_impact_2017_mutations,https://www.cbioportal.org/api/molecular-profiles/msk_impact_2017_mutations/mutations/fetch?projection=DETAILED,2026-10-03T09:41:06.220297+00:00
P-0006886-T01-IM5,P-0006886,EGFR,EGFR L858 missense,L858R,Missense_Mutation,Non-Small Cell Lung Cancer,lung,msk_impact_2017,msk_impact_2017_mutations,https://www.cbioportal.org/api/molecular-profiles/msk_impact_2017_mutations/mutations/fetch?projection=DETAILED,2026-10-03T09:41:06.220300+00:00
P-0006912-T01-IM5,P-0006912,EGFR,E746_A750del,E746_A750del,In_Frame_Del,Non-Small Cell Lung Cancer,lung,msk_impact_2017,msk_impact_2017_mutations,https://www.cbioportal.org/api/molecular-profiles/msk_impact_2017_mutations/mutations/fetch?projection=DETAILED,2026-10-03T09:41:06.220302+00:00
P-0006915-T01-IM5,P-0006915,EGFR,EGFR G719 missense,G719A,Missense_Mutation,Non-Small Cell Lung Cancer,lung,msk_impact_2017,msk_impact_2017_mutations,https://www.cbioportal.org/api/molecular-profiles/msk_impact_2017_mutations/mutations/fetch?projection=DETAILED,2026-10-03T09:41:06.220305+00:00
P-0006915-T01-IM5,P-0006915,EGFR,EGFR L861 missense,L861Q,Missense_Mutation,Non-Small Cell Lung Cancer,lung,msk_impact_2017,msk_impact_2017_mutations,https://www.cbioportal.org/api/molecular-profiles/msk_impact_2017_mutations/mutations/fetch?projection=DETAILED,2026-10-03T09:41:06.220308+00:00
P-0006924-T01-IM5,P-0006924,EGFR,EGFR H773 missense,H773R,Missense_Mutation,Non-Small Cell Lung Cancer,lung,msk_impact_2017,msk_impact_2017_mutations,https://www.cbioportal.org/api/molecular-profiles/msk_impact_2017_mutations/mutations/fetch?projection=DETAILED,2026-10-03T09:41:06.220310+00:00
P-0006941-T01-IM5,P-0006941,MET,D1002_F1007del,D1002_F1007del,In_Frame_Del,Non-Small Cell Lung Cancer,lung,msk_impact_2017,msk_impact_2017_mutations,https://www.cbioportal.org/api/molecular-profiles/msk_impact_2017_mutations/mutations/fetch?projection=DETAILED,2026-10-03T09:41:06.220313+00:00
P-0006964-T01-IM5,P-0006964,EGFR,E746_A750del,E746_A750del,In_Frame_Del,Non-Small Cell Lung Cancer,lung,msk_impact_2017,msk_impact_2017_mutations,https://www.cbioportal.org/api/molecular-profiles/msk_impact_2017_mutations/mutations/fetch?projection=DETAILED,2026-10-03T09:41:06.220316+00:00
P-0006995-T01-IM5,P-0006995,EGFR,S752_I759del,S752_I759del,In_Frame_Del,Non-Small Cell Lung Cancer,lung,msk_impact_2017,msk_impact_2017_mutations,https://www.cbioportal.org/api/molecular-profiles/msk_impact_2017_mutations/mutations/fetch?projection=DETAILED,2026-10-03T09:41:06.220319+00:00
P-0007057-T01-IM5,P-0007057,EGFR,E746_A750del,E746_A750del,In_Frame_Del,Non-Small Cell Lung Cancer,lung,msk_impact_2017,msk_impact_2017_mutations,https://www.cbioportal.org/api/molecular-profiles/msk_impact_2017_mutations/mutations/fetch?projection=DETAILED,2026-10-03T09:41:06.220322+00:00
P-0007082-T01-IM5,P-0007082,EGFR,E746_A750del,E746_A750del,In_Frame_Del,Non-Small Cell Lung Cancer,lung,msk_impact_2017,msk_impact_2017_mutations,https://www.cbioportal.org/api/molecular-profiles/msk_impact_2017_mutations/mutations/fetch?projection=DETAILED,2026-10-03T09:41:06.220324+00:00
P-0007084-T02-IM5,P-0007084,EGFR,EGFR A13 missense,A13T,Missense_Mutation,Non-Small Cell Lung Cancer,lung,msk_impact_2017,msk_impact_2017_mutations,https://www.cbioportal.org/api/molecular-profiles/msk_impact_2017_mutations/mutations/fetch?projection=DETAILED,2026-10-03T09:41:06.220327+00:00
P-0007084-T02-IM5,P-0007084,EGFR,EGFR T725 missense,T725M,Missense_Mutation,Non-Small Cell Lung Cancer,lung,msk_impact_2017,msk_impact_2017_mutations,https://www.cbioportal.org/api/molecular-profiles/msk_impact_2017_mutations/mutations/fetch?projection=DETAILED,2026-10-03T09:41:06.220329+00:00
P-0007088-T02-IM5,P-0007088,EGFR,EGFR T790 missense,T790M,Missense_Mutation,Non-Small Cell Lung Cancer,lung,msk_impact_2017,msk_impact_2017_mutations,https://www.cbioportal.org/api/molecular-profiles/msk_impact_2017_mutations/mutations/fetch?projection=DETAILED,2026-10-03T09:41:06.220332+00:00
P-0007088-T02-IM5,P-0007088,EGFR,EGFR G719 missense,G719A,Missense_Mutation,Non-Small Cell Lung Cancer,lung,msk_impact_2017,msk_impact_2017_mutations,https://www.cbioportal.org/api/molecular-profiles/msk_impact_2017_mutations/mutations/fetch?projection=DETAILED,2026-10-03T09:41:06.220335+00:00
P-0007088-T02-IM5,P-0007088,EGFR,EGFR L707 missense,L707W,Missense_Mutation,Non-Small Cell Lung Cancer,lung,msk_impact_2017,msk_impact_2017_mutations,https://www.cbioportal.org/api/molecular-profiles/msk_impact_2017_mutations/mutations/fetch?projection=DETAILED,2026-10-03T09:41:06.220337+00:00
P-0007167-T01-IM5,P-0007167,EGFR,E746_A750del,E746_A750del,In_Frame_Del,Non-Small Cell Lung Cancer,lung,msk_impact_2017,msk_impact_2017_mutations,https://www.cbioportal.org/api/molecular-profiles/msk_impact_2017_mutations/mutations/fetch?projection=DETAILED,2026-10-03T09:41:06.220340+00:00
P-0007236-T01-IM5,P-0007236,EGFR,EGFR L858 missense,L858R,Missense_Mutation,Non-Small Cell Lung Cancer,lung,msk_impact_2017,msk_impact_2017_mutations,https://www.cbioportal.org/api/molecular-profiles/msk_impact_2017_mutations/mutations/fetch?projection=DETAILED,2026-10-03T09:41:06.220342+00:00
P-0007322-T01-IM5,P-0007322,EGFR,EGFR L858 missense,L858R,Missense_Mutation,Non-Small Cell Lung Cancer,lung,msk_impact_2017,msk_impact_2017_mutations,https://www.cbioportal.org/api/molecular-profiles/msk_impact_2017_mutations/mutations/fetch?projection=DETAILED,2026-10-03T09:41:06.220345+00:00
P-0007507-T01-IM5,P-0007507,EGFR,E746_A750del,E746_A750del,In_Frame_Del,Non-Small Cell Lung Cancer,lung,msk_impact_2017,msk_impact_2017_mutations,https://www.cbioportal.org/api/molecular-profiles/msk_impact_2017_mutations/mutations/fetch?projection=DETAILED,2026-10-03T09:41:06.220348+00:00
P-0007508-T01-IM5,P-0007508,EGFR,EGFR L858 missense,L858R,Missense_Mutation,Non-Small Cell Lung Cancer,lung,msk_impact_2017,msk_impact_2017_mutations,https://www.cbioportal.org/api/molecular-profiles/msk_impact_2017_mutations/mutations/fetch?projection=DETAILED,2026-10-03T09:41:06.220350+00:00
P-0007514-T01-IM5,P-0007514,EGFR,L747_T751del,L747_T751del,In_Frame_Del,Non-Small Cell Lung Cancer,lung,msk_impact_2017,msk_impact_2017_mutations,https://www.cbioportal.org/api/molecular-profiles/msk_impact_2017_mutations/mutations/fetch?projection=DETAILED,2026-10-03T09:41:06.220353+00:00
P-0007534-T01-IM5,P-0007534,MET,MET truncating,X1010_splice,Splice_Site,Non-Small Cell Lung Cancer,lung,msk_impact_2017,msk_impact_2017_mutations,https://www.cbioportal.org/api/molecular-profiles/msk_impact_2017_mutations/mutations/fetch?projection=DETAILED,2026-10-03T09:41:06.220356+00:00
P-0007545-T01-IM5,P-0007545,EGFR,L747_T751del,L747_T751del,In_Frame_Del,Non-Small Cell Lung Cancer,lung,msk_impact_2017,msk_impact_2017_mutations,https://www.cbioportal.org/api/molecular-profiles/msk_impact_2017_mutations/mutations/fetch?projection=DETAILED,2026-10-03T09:41:06.220358+00:00
P-0007580-T01-IM5,P-0007580,EGFR,EGFR S720 missense,S720F,Missense_Mutation,Non-Small Cell Lung Cancer,lung,msk_impact_2017,msk_impact_2017_mutations,https://www.cbioportal.org/api/molecular-profiles/msk_impact_2017_mutations/mutations/fetch?projection=DETAILED,2026-10-03T09:41:06.220361+00:00
P-0007580-T01-IM5,P-0007580,EGFR,EGFR L861 missense,L861Q,Missense_Mutation,Non-Small Cell Lung Cancer,lung,msk_impact_2017,msk_impact_2017_mutations,https://www.cbioportal.org/api/molecular-profiles/msk_impact_2017_mutations/mutations/fetch?projection=DETAILED,2026-10-03T09:41:06.220364+00:00
P-0007582-T01-IM5,P-0007582,EGFR,EGFR L861 missense,L861Q,Missense_Mutation,Non-Small Cell Lung Cancer,lung,msk_impact_2017,msk_impact_2017_mutations,https://www.cbioportal.org/api/molecular-profiles/msk_impact_2017_mutations/mutations/fetch?projection=DETAILED,2026-10-03T09:41:06.220366+00:00
P-0007587-T01-IM5,P-0007587,EGFR,E746_A750del,E746_A750del,In_Frame_Del,Non-Small Cell Lung Cancer,lung,msk_impact_2017,msk_impact_2017_mutations,https://www.cbioportal.org/api/molecular-profiles/msk_impact_2017_mutations/mutations/fetch?projection=DETAILED,2026-10-03T09:41:06.220369+00:00
P-0007663-T01-IM5,P-0007663,EGFR,EGFR L858 missense,L858R,Missense_Mutation,Non-Small Cell Lung Cancer,lung,msk_impact_2017,msk_impact_2017_mutations,https://www.cbioportal.org/api/molecular-profiles/msk_impact_2017_mutations/mutations/fetch?projection=DETAILED,2026-10-03T09:41:06.220372+00:00
P-0007681-T01-IM5,P-0007681,EGFR,EGFR T790 missense,T790M,Missense_Mutation,Non-Small Cell Lung Cancer,lung,msk_impact_2017,msk_impact_2017_mutations,https://www.cbioportal.org/api/molecular-profiles/msk_impact_2017_mutations/mutations/fetch?projection=DETAILED,2026-10-03T09:41:06.220374+00:00
P-0007681-T01-IM5,P-0007681,EGFR,E746_A750del,E746_A750del,In_Frame_Del,Non-Small Cell Lung Cancer,lung,msk_impact_2017,msk_impact_2017_mutations,https://www.cbioportal.org/api/molecular-profiles/msk_impact_2017_mutations/mutations/fetch?projection=DETAILED,2026-10-03T09:41:06.220377+00:00
P-0007701-T01-IM5,P-0007701,EGFR,L747_A750delinsP,L747_A750delinsP,In_Frame_Del,Non-Small Cell Lung Cancer,lung,msk_impact_2017,msk_impact_2017_mutations,https://www.cbioportal.org/api/molecular-profiles/msk_impact_2017_mutations/mutations/fetch?projection=DETAILED,2026-10-03T09:41:06.220380+00:00
P-0007745-T01-IM5,P-0007745,EGFR,E746_A750del,E746_A750del,In_Frame_Del,Non-Small Cell Lung Cancer,lung,msk_impact_2017,msk_impact_2017_mutations,https://www.cbioportal.org/api/molecular-profiles/msk_impact_2017_mutations/mutations/fetch?projection=DETAILED,2026-10-03T09:41:06.220383+00:00
P-0007754-T01-IM5,P-0007754,EGFR,EGFR L858 missense,L858R,Missense_Mutation,Non-Small Cell Lung Cancer,lung,msk_impact_2017,msk_impact_2017_mutations,https://www.cbioportal.org/api/molecular-profiles/msk_impact_2017_mutations/mutations/fetch?projection=DETAILED,2026-10-03T09:41:06.220386+00:00
P-0007775-T01-IM5,P-0007775,EGFR,E746_A750del,E746_A750del,In_Frame_Del,Non-Small Cell Lung Cancer,lung,msk_impact_2017,msk_impact_2017_mutations,https://www.cbioportal.org/api/molecular-profiles/msk_impact_2017_mutations/mutations/fetch?projection=DETAILED,2026-10-03T09:41:06.220388+00:00
P-0007779-T01-IM5,P-0007779,EGFR,EGFR L858 missense,L858R,Missense_Mutation,Non-Small Cell Lung Cancer,lung,msk_impact_2017,msk_impact_2017_mutations,https://www.cbioportal.org/api/molecular-profiles/msk_impact_2017_mutations/mutations/fetch?projection=DETAILED,2026-10-03T09:41:06.220391+00:00
P-0007788-T01-IM5,P-0007788,EGFR,E746_A750del,E746_A750del,In_Frame_Del,Non-Small Cell Lung Cancer,lung,msk_impact_2017,msk_impact_2017_mutations,https://www.cbioportal.org/api/molecular-profiles/msk_impact_2017_mutations/mutations/fetch?projection=DETAILED,2026-10-03T09:41:06.220394+00:00
P-0007788-T02-IM5,P-0007788,EGFR,E746_A750del,E746_A750del,In_Frame_Del,Non-Small Cell Lung Cancer,lung,msk_impact_2017,msk_impact_2017_mutations,https://www.cbioportal.org/api/molecular-profiles/msk_impact_2017_mutations/mutations/fetch?projection=DETAILED,2026-10-03T09:41:06.220396+00:00
P-0007813-T01-IM5,P-0007813,EGFR,EGFR G221 missense,G221V,Missense_Mutation,Non-Small Cell Lung Cancer,lung,msk_impact_2017,msk_impact_2017_mutations,https://www.cbioportal.org/api/molecular-profiles/msk_impact_2017_mutations/mutations/fetch?projection=DETAILED,2026-10-03T09:41:06.220399+00:00
P-0007841-T01-IM5,P-0007841,EGFR,E746_A750del,E746_A750del,In_Frame_Del,Non-Small Cell Lung Cancer,lung,msk_impact_2017,msk_impact_2017_mutations,https://www.cbioportal.org/api/molecular-profiles/msk_impact_2017_mutations/mutations/fetch?projection=DETAILED,2026-10-03T09:41:06.220402+00:00
P-0007842-T01-IM5,P-0007842,EGFR,EGFR G719 missense,G719A,Missense_Mutation,Non-Small Cell Lung Cancer,lung,msk_impact_2017,msk_impact_2017_mutations,https://www.cbioportal.org/api/molecular-profiles/msk_impact_2017_mutations/mutations/fetch?projection=DETAILED,2026-10-03T09:41:06.220404+00:00
P-0007846-T01-IM5,P-0007846,EGFR,EGFR L858 missense,L858R,Missense_Mutation,Non-Small Cell Lung Cancer,lung,msk_impact_2017,msk_impact_2017_mutations,https://www.cbioportal.org/api/molecular-profiles/msk_impact_2017_mutations/mutations/fetch?projection=DETAILED,2026-10-03T09:41:06.220407+00:00
P-0007864-T01-IM5,P-0007864,EGFR,EGFR T790 missense,T790M,Missense_Mutation,Non-Small Cell Lung Cancer,lung,msk_impact_2017,msk_impact_2017_mutations,https://www.cbioportal.org/api/molecular-profiles/msk_impact_2017_mutations/mutations/fetch?projection=DETAILED,2026-10-03T09:41:06.220409+00:00
P-0007864-T01-IM5,P-0007864,EGFR,E746_A750del,E746_A750del,In_Frame_Del,Non-Small Cell Lung Cancer,lung,msk_impact_2017,msk_impact_2017_mutations,https://www.cbioportal.org/api/molecular-profiles/msk_impact_2017_mutations/mutations/fetch?projection=DETAILED,2026-10-03T09:41:06.220412+00:00
P-0007870-T01-IM5,P-0007870,EGFR,EGFR T790 missense,T790M,Missense_Mutation,Non-Small Cell Lung Cancer,lung,msk_impact_2017,msk_impact_2017_mutations,https://www.cbioportal.org/api/molecular-profiles/msk_impact_2017_mutations/mutations/fetch?projection=DETAILED,2026-10-03T09:41:06.220415+00:00
P-0007870-T01-IM5,P-0007870,EGFR,E746_A750del,E746_A750del,In_Frame_Del,Non-Small Cell Lung Cancer,lung,msk_impact_2017,msk_impact_2017_mutations,https://www.cbioportal.org/api/molecular-profiles/msk_impact_2017_mutations/mutations/fetch?projection=DETAILED,2026-10-03T09:41:06.220418+00:00
P-0007896-T01-IM5,P-0007896,EGFR,EGFR L858 missense,L858R,Missense_Mutation,Non-Small Cell Lung Cancer,lung,msk_impact_2017,msk_impact_2017_mutations,https://www.cbioportal.org/api/molecular-profiles/msk_impact_2017_mutations/mutations/fetch?projection=DETAILED,2026-10-03T09:41:06.220420+00:00
P-0007901-T01-IM5,P-0007901,EGFR,EGFR L861 missense,L861Q,Missense_Mutation,Non-Small Cell Lung Cancer,lung,msk_impact_2017,msk_impact_2017_mutations,https://www.cbioportal.org/api/molecular-profiles/msk_impact_2017_mutations/mutations/fetch?projection=DETAILED,2026-10-03T09:41:06.220423+00:00
P-0007904-T01-IM5,P-0007904,EGFR,L747_T751del,L747_T751del,In_Frame_Del,Non-Small Cell Lung Cancer,lung,msk_impact_2017,msk_impact_2017_mutations,https://www.cbioportal.org/api/molecular-profiles/msk_impact_2017_mutations/mutations/fetch?projection=DETAILED,2026-10-03T09:41:06.220426+00:00
P-0008078-T01-IM5,P-0008078,EGFR,E746_A750del,E746_A750del,In_Frame_Del,Non-Small Cell Lung Cancer,lung,msk_impact_2017,msk_impact_2017_mutations,https://www.cbioportal.org/api/molecular-profiles/msk_impact_2017_mutations/mutations/fetch?projection=DETAILED,2026-10-03T09:41:06.220428+00:00
P-0008131-T01-IM5,P-0008131,EGFR,EGFR L858 missense,L858R,Missense_Mutation,Non-Small Cell Lung Cancer,lung,msk_impact_2017,msk_impact_2017_mutations,https://www.cbioportal.org/api/molecular-profiles/msk_impact_2017_mutations/mutations/fetch?projection=DETAILED,2026-10-03T09:41:06.220431+00:00
P-0008160-T01-IM5,P-0008160,EGFR,E709_T710delinsD,E709_T710delinsD,In_Frame_Del,Non-Small Cell Lung Cancer,lung,msk_impact_2017,msk_impact_2017_mutations,https://www.cbioportal.org/api/molecular-profiles/msk_impact_2017_mutations/mutations/fetch?projection=DETAILED,2026-10-03T09:41:06.220434+00:00
P-0008160-T02-IM5,P-0008160,EGFR,E709_T710delinsD,E709_T710delinsD,In_Frame_Del,Non-Small Cell Lung Cancer,lung,msk_impact_2017,msk_impact_2017_mutations,https://www.cbioportal.org/api/molecular-profiles/msk_impact_2017_mutations/mutations/fetch?projection=DETAILED,2026-10-03T09:41:06.220436+00:00
P-0008282-T01-IM5,P-0008282,MET,MET L934 missense,L934S,Missense_Mutation,Non-Small Cell Lung Cancer,lung,msk_impact_2017,msk_impact_2017_mutations,https://www.cbioportal.org/api/molecular-profiles/msk_impact_2017_mutations/mutations/fetch?projection=DETAILED,2026-10-03T09:41:06.220439+00:00
P-0008282-T01-IM5,P-0008282,MET,MET F931 missense,F931C,Missense_Mutation,Non-Small Cell Lung Cancer,lung,msk_impact_2017,msk_impact_2017_mutations,https://www.cbioportal.org/api/molecular-profiles/msk_impact_2017_mutations/mutations/fetch?projection=DETAILED,2026-10-03T09:41:06.220442+00:00
P-0008282-T01-IM5,P-0008282,MET,MET truncating,X963_splice,Splice_Site,Non-Small Cell Lung Cancer,lung,msk_impact_2017,msk_impact_2017_mutations,https://www.cbioportal.org/api/molecular-profiles/msk_impact_2017_mutations/mutations/fetch?projection=DETAILED,2026-10-03T09:41:06.220444+00:00
P-0008285-T01-IM5,P-0008285,EGFR,EGFR L858 missense,L858R,Missense_Mutation,Non-Small Cell Lung Cancer,lung,msk_impact_2017,msk_impact_2017_mutations,https://www.cbioportal.org/api/molecular-profiles/msk_impact_2017_mutations/mutations/fetch?projection=DETAILED,2026-10-03T09:41:06.220447+00:00
P-0008292-T01-IM5,P-0008292,EGFR,L747_A750delinsP,L747_A750delinsP,In_Frame_Del,Non-Small Cell Lung Cancer,lung,msk_impact_2017,msk_impact_2017_mutations,https://www.cbioportal.org/api/molecular-profiles/msk_impact_2017_mutations/mutations/fetch?projection=DETAILED,2026-10-03T09:41:06.220450+00:00
P-0008300-T01-IM5,P-0008300,EGFR,EGFR L858 missense,L858R,Missense_Mutation,Non-Small Cell Lung Cancer,lung,msk_impact_2017,msk_impact_2017_mutations,https://www.cbioportal.org/api/molecular-profiles/msk_impact_2017_mutations/mutations/fetch?projection=DETAILED,2026-10-03T09:41:06.220452+00:00
P-0008310-T01-IM5,P-0008310,EGFR,EGFR T790 missense,T790M,Missense_Mutation,Non-Small Cell Lung Cancer,lung,msk_impact_2017,msk_impact_2017_mutations,https://www.cbioportal.org/api/molecular-profiles/msk_impact_2017_mutations/mutations/fetch?projection=DETAILED,2026-10-03T09:41:06.220455+00:00
P-0008310-T01-IM5,P-0008310,EGFR,E746_A750del,E746_A750del,In_Frame_Del,Non-Small Cell Lung Cancer,lung,msk_impact_2017,msk_impact_2017_mutations,https://www.cbioportal.org/api/molecular-profiles/msk_impact_2017_mutations/mutations/fetch?projection=DETAILED,2026-10-03T09:41:06.220458+00:00
P-0008426-T01-IM5,P-0008426,EGFR,E746_A750del,E746_A750del,In_Frame_Del,Non-Small Cell Lung Cancer,lung,msk_impact_2017,msk_impact_2017_mutations,https://www.cbioportal.org/api/molecular-profiles/msk_impact_2017_mutations/mutations/fetch?projection=DETAILED,2026-10-03T09:41:06.220460+00:00
P-0008427-T01-IM5,P-0008427,EGFR,E746_A750del,E746_A750del,In_Frame_Del,Non-Small Cell Lung Cancer,lung,msk_impact_2017,msk_impact_2017_mutations,https://www.cbioportal.org/api/molecular-profiles/msk_impact_2017_mutations/mutations/fetch?projection=DETAILED,2026-10-03T09:41:06.220463+00:00
P-0008442-T01-IM5,P-0008442,EGFR,EGFR L858 missense,L858R,Missense_Mutation,Non-Small Cell Lung Cancer,lung,msk_impact_2017,msk_impact_2017_mutations,https://www.cbioportal.org/api/molecular-profiles/msk_impact_2017_mutations/mutations/fetch?projection=DETAILED,2026-10-03T09:41:06.220466+00:00
P-0008465-T02-IM5,P-0008465,MET,MET truncating,E49*,Nonsense_Mutation,Non-Small Cell Lung Cancer,lung,msk_impact_2017,msk_impact_2017_mutations,https://www.cbioportal.org/api/molecular-profiles/msk_impact_2017_mutations/mutations/fetch?projection=DETAILED,2026-10-03T09:41:06.220468+00:00
P-0008476-T01-IM5,P-0008476,EGFR,EGFR S768 missense,S768I,Missense_Mutation,Non-Small Cell Lung Cancer,lung,msk_impact_2017,msk_impact_2017_mutations,https://www.cbioportal.org/api/molecular-profiles/msk_impact_2017_mutations/mutations/fetch?projection=DETAILED,2026-10-03T09:41:06.220471+00:00
P-0008476-T01-IM5,P-0008476,EGFR,EGFR G719 missense,G719A,Missense_Mutation,Non-Small Cell Lung Cancer,lung,msk_impact_2017,msk_impact_2017_mutations,https://www.cbioportal.org/api/molecular-profiles/msk_impact_2017_mutations/mutations/fetch?projection=DETAILED,2026-10-03T09:41:06.220473+00:00
P-0008487-T01-IM5,P-0008487,EGFR,N771_P772insH,N771_P772insH,In_Frame_Ins,Non-Small Cell Lung Cancer,lung,msk_impact_2017,msk_impact_2017_mutations,https://www.cbioportal.org/api/molecular-profiles/msk_impact_2017_mutations/mutations/fetch?projection=DETAILED,2026-10-03T09:41:06.220476+00:00
P-0008514-T01-IM5,P-0008514,EGFR,EGFR L858 missense,L858R,Missense_Mutation,Non-Small Cell Lung Cancer,lung,msk_impact_2017,msk_impact_2017_mutations,https://www.cbioportal.org/api/molecular-profiles/msk_impact_2017_mutations/mutations/fetch?projection=DETAILED,2026-10-03T09:41:06.220479+00:00
P-0008514-T01-IM5,P-0008514,EGFR,EGFR K860 missense,K860I,Missense_Mutation,Non-Small Cell Lung Cancer,lung,msk_impact_2017,msk_impact_2017_mutations,https://www.cbioportal.org/api/molecular-profiles/msk_impact_2017_mutations/mutations/fetch?projection=DETAILED,2026-10-03T09:41:06.220481+00:00
P-0008549-T02-IM5,P-0008549,EGFR,E746_A750del,E746_A750del,In_Frame_Del,Non-Small Cell Lung Cancer,lung,msk_impact_2017,msk_impact_2017_mutations,https://www.cbioportal.org/api/molecular-profiles/msk_impact_2017_mutations/mutations/fetch?projection=DETAILED,2026-10-03T09:41:06.220484+00:00
P-0008577-T01-IM5,P-0008577,EGFR,EGFR L858 missense,L858R,Missense_Mutation,Non-Small Cell Lung Cancer,lung,msk_impact_2017,msk_impact_2017_mutations,https://www.cbioportal.org/api/molecular-profiles/msk_impact_2017_mutations/mutations/fetch?projection=DETAILED,2026-10-03T09:41:06.220487+00:00
P-0008577-T02-IM5,P-0008577,EGFR,EGFR L858 missense,L858R,Missense_Mutation,Non-Small Cell Lung Cancer,lung,msk_impact_2017,msk_impact_2017_mutations,https://www.cbioportal.org/api/molecular-profiles/msk_impact_2017_mutations/mutations/fetch?projection=DETAILED,2026-10-03T09:41:06.220489+00:00
P-0008599-T01-IM5,P-0008599,EGFR,L747_P753delinsS,L747_P753delinsS,In_Frame_Del,Non-Small Cell Lung Cancer,lung,msk_impact_2017,msk_impact_2017_mutations,https://www.cbioportal.org/api/molecular-profiles/msk_impact_2017_mutations/mutations/fetch?projection=DETAILED,2026-10-03T09:41:06.220492+00:00
P-0008601-T01-IM5,P-0008601,EGFR,EGFR L858 missense,L858R,Missense_Mutation,Non-Small Cell Lung Cancer,lung,msk_impact_2017,msk_impact_2017_mutations,https://www.cbioportal.org/api/molecular-profiles/msk_impact_2017_mutations/mutations/fetch?projection=DETAILED,2026-10-03T09:41:06.220494+00:00
P-0008601-T01-IM5,P-0008601,EGFR,EGFR L62 missense,L62R,Missense_Mutation,Non-Small Cell Lung Cancer,lung,msk_impact_2017,msk_impact_2017_mutations,https://www.cbioportal.org/api/molecular-profiles/msk_impact_2017_mutations/mutations/fetch?projection=DETAILED,2026-10-03T09:41:06.220497+00:00
P-0008602-T01-IM5,P-0008602,EGFR,K745_E746insVPVAIK,K745_E746insVPVAIK,In_Frame_Ins,Non-Small Cell Lung Cancer,lung,msk_impact_2017,msk_impact_2017_mutations,https://www.cbioportal.org/api/molecular-profiles/msk_impact_2017_mutations/mutations/fetch?projection=DETAILED,2026-10-03T09:41:06.220500+00:00
P-0008645-T01-IM5,P-0008645,EGFR,E746_A750del,E746_A750del,In_Frame_Del,Non-Small Cell Lung Cancer,lung,msk_impact_2017,msk_impact_2017_mutations,https://www.cbioportal.org/api/molecular-profiles/msk_impact_2017_mutations/mutations/fetch?projection=DETAILED,2026-10-03T09:41:06.220502+00:00
P-0008650-T02-IM5,P-0008650,MET,MET truncating,X1009_splice,Splice_Site,Non-Small Cell Lung Cancer,lung,msk_impact_2017,msk_impact_2017_mutations,https://www.cbioportal.org/api/molecular-profiles/msk_impact_2017_mutations/mutations/fetch?projection=DETAILED,2026-10-03T09:41:06.220505+00:00
P-0008664-T01-IM5,P-0008664,EGFR,EGFR L858 missense,L858R,Missense_Mutation,Non-Small Cell Lung Cancer,lung,msk_impact_2017,msk_impact_2017_mutations,https://www.cbioportal.org/api/molecular-profiles/msk_impact_2017_mutations/mutations/fetch?projection=DETAILED,2026-10-03T09:41:06.220508+00:00
P-0008665-T01-IM5,P-0008665,EGFR,E746_T751delinsVA,E746_T751delinsVA,In_Frame_Del,Non-Small Cell Lung Cancer,lung,msk_impact_2017,msk_impact_2017_mutations,https://www.cbioportal.org/api/molecular-profiles/msk_impact_2017_mutations/mutations/fetch?projection=DETAILED,2026-10-03T09:41:06.220511+00:00
P-0008668-T01-IM5,P-0008668,EGFR,E746_A750del,E746_A750del,In_Frame_Del,Non-Small Cell Lung Cancer,lung,msk_impact_2017,msk_impact_2017_mutations,https://www.cbioportal.org/api/molecular-profiles/msk_impact_2017_mutations/mutations/fetch?projection=DETAILED,2026-10-03T09:41:06.220514+00:00
P-0008675-T01-IM5,P-0008675,MET,MET truncating,Q328*,Nonsense_Mutation,Non-Small Cell Lung Cancer,lung,msk_impact_2017,msk_impact_2017_mutations,https://www.cbioportal.org/api/molecular-profiles/msk_impact_2017_mutations/mutations/fetch?projection=DETAILED,2026-10-03T09:41:06.220516+00:00
P-0008678-T01-IM5,P-0008678,MET,MET D1010 missense,D1010H,Missense_Mutation,Non-Small Cell Lung Cancer,lung,msk_impact_2017,msk_impact_2017_mutations,https://www.cbioportal.org/api/molecular-profiles/msk_impact_2017_mutations/mutations/fetch?projection=DETAILED,2026-10-03T09:41:06.220519+00:00
P-0008705-T01-IM5,P-0008705,EGFR,EGFR L858 missense,L858R,Missense_Mutation,Non-Small Cell Lung Cancer,lung,msk_impact_2017,msk_impact_2017_mutations,https://www.cbioportal.org/api/molecular-profiles/msk_impact_2017_mutations/mutations/fetch?projection=DETAILED,2026-10-03T09:41:06.220522+00:00
P-0008715-T01-IM5,P-0008715,MET,MET Q20 missense,Q20H,Missense_Mutation,Non-Small Cell Lung Cancer,lung,msk_impact_2017,msk_impact_2017_mutations,https://www.cbioportal.org/api/molecular-profiles/msk_impact_2017_mutations/mutations/fetch?projection=DETAILED,2026-10-03T09:41:06.220524+00:00
P-0008744-T01-IM5,P-0008744,EGFR,EGFR L858 missense,L858R,Missense_Mutation,Non-Small Cell Lung Cancer,lung,msk_impact_2017,msk_impact_2017_mutations,https://www.cbioportal.org/api/molecular-profiles/msk_impact_2017_mutations/mutations/fetch?projection=DETAILED,2026-10-03T09:41:06.220527+00:00
P-0008744-T02-IM5,P-0008744,EGFR,EGFR L858 missense,L858R,Missense_Mutation,Non-Small Cell Lung Cancer,lung,msk_impact_2017,msk_impact_2017_mutations,https://www.cbioportal.org/api/molecular-profiles/msk_impact_2017_mutations/mutations/fetch?projection=DETAILED,2026-10-03T09:41:06.220530+00:00
P-0008757-T01-IM5,P-0008757,EGFR,EGFR L861 missense,L861Q,Missense_Mutation,Non-Small Cell Lung Cancer,lung,msk_impact_2017,msk_impact_2017_mutations,https://www.cbioportal.org/api/molecular-profiles/msk_impact_2017_mutations/mutations/fetch?projection=DETAILED,2026-10-03T09:41:06.220532+00:00
P-0008757-T01-IM5,P-0008757,EGFR,EGFR L747 missense,L747F,Missense_Mutation,Non-Small Cell Lung Cancer,lung,msk_impact_2017,msk_impact_2017_mutations,https://www.cbioportal.org/api/molecular-profiles/msk_impact_2017_mutations/mutations/fetch?projection=DETAILED,2026-10-03T09:41:06.220535+00:00
P-0008765-T01-IM5,P-0008765,EGFR,E709_T710delinsD,E709_T710delinsD,In_Frame_Del,Non-Small Cell Lung Cancer,lung,msk_impact_2017,msk_impact_2017_mutations,https://www.cbioportal.org/api/molecular-profiles/msk_impact_2017_mutations/mutations/fetch?projection=DETAILED,2026-10-03T09:41:06.220538+00:00
P-0008786-T01-IM5,P-0008786,EGFR,L747_A750delinsP,L747_A750delinsP,In_Frame_Del,Non-Small Cell Lung Cancer,lung,msk_impact_2017,msk_impact_2017_mutations,https://www.cbioportal.org/api/molecular-profiles/msk_impact_2017_mutations/mutations/fetch?projection=DETAILED,2026-10-03T09:41:06.220540+00:00
P-0008796-T01-IM5,P-0008796,MET,MET A320 missense,A320V,Missense_Mutation,Non-Small Cell Lung Cancer,lung,msk_impact_2017,msk_impact_2017_mutations,https://www.cbioportal.org/api/molecular-profiles/msk_impact_2017_mutations/mutations/fetch?projection=DETAILED,2026-10-03T09:41:06.220543+00:00
P-0008840-T01-IM5,P-0008840,MET,MET truncating,X1010_splice,Splice_Site,Non-Small Cell Lung Cancer,lung,msk_impact_2017,msk_impact_2017_mutations,https://www.cbioportal.org/api/molecular-profiles/msk_impact_2017_mutations/mutations/fetch?projection=DETAILED,2026-10-03T09:41:06.220546+00:00
P-0008849-T01-IM5,P-0008849,EGFR,L747_P753delinsS,L747_P753delinsS,In_Frame_Del,Non-Small Cell Lung Cancer,lung,msk_impact_2017,msk_impact_2017_mutations,https://www.cbioportal.org/api/molecular-profiles/msk_impact_2017_mutations/mutations/fetch?projection=DETAILED,2026-10-03T09:41:06.220548+00:00
P-0008849-T01-IM5,P-0008849,EGFR,EGFR A755 missense,A755G,Missense_Mutation,Non-Small Cell Lung Cancer,lung,msk_impact_2017,msk_impact_2017_mutations,https://www.cbioportal.org/api/molecular-profiles/msk_impact_2017_mutations/mutations/fetch?projection=DETAILED,2026-10-03T09:41:06.220551+00:00
P-0008855-T01-IM5,P-0008855,EGFR,E746_S752delinsV,E746_S752delinsV,In_Frame_Del,Non-Small Cell Lung Cancer,lung,msk_impact_2017,msk_impact_2017_mutations,https://www.cbioportal.org/api/molecular-profiles/msk_impact_2017_mutations/mutations/fetch?projection=DETAILED,2026-10-03T09:41:06.220554+00:00
P-0008917-T01-IM5,P-0008917,EGFR,EGFR T790 missense,T790M,Missense_Mutation,Non-Small Cell Lung Cancer,lung,msk_impact_2017,msk_impact_2017_mutations,https://www.cbioportal.org/api/molecular-profiles/msk_impact_2017_mutations/mutations/fetch?projection=DETAILED,2026-10-03T09:41:06.220557+00:00
P-0008917-T01-IM5,P-0008917,EGFR,EGFR L858 missense,L858R,Missense_Mutation,Non-Small Cell Lung Cancer,lung,msk_impact_2017,msk_impact_2017_mutations,https://www.cbioportal.org/api/molecular-profiles/msk_impact_2017_mutations/mutations/fetch?projection=DETAILED,2026-10-03T09:41:06.220559+00:00
P-0008934-T01-IM5,P-0008934,EGFR,E746_S752delinsV,E746_S752delinsV,In_Frame_Del,Non-Small Cell Lung Cancer,lung,msk_impact_2017,msk_impact_2017_mutations,https://www.cbioportal.org/api/molecular-profiles/msk_impact_2017_mutations/mutations/fetch?projection=DETAILED,2026-10-03T09:41:06.220562+00:00
P-0008978-T01-IM5,P-0008978,EGFR,E746_A750del,E746_A750del,In_Frame_Del,Non-Small Cell Lung Cancer,lung,msk_impact_2017,msk_impact_2017_mutations,https://www.cbioportal.org/api/molecular-profiles/msk_impact_2017_mutations/mutations/fetch?projection=DETAILED,2026-10-03T09:41:06.220565+00:00
P-0009042-T01-IM5,P-0009042,EGFR,E746_A750delinsIP,E746_A750delinsIP,In_Frame_Del,Non-Small Cell Lung Cancer,lung,msk_impact_2017,msk_impact_2017_mutations,https://www.cbioportal.org/api/molecular-profiles/msk_impact_2017_mutations/mutations/fetch?projection=DETAILED,2026-10-03T09:41:06.220568+00:00
P-0009042-T01-IM5,P-0009042,EGFR,EGFR A750 missense,A750P,Missense_Mutation,Non-Small Cell Lung Cancer,lung,msk_impact_2017,msk_impact_2017_mutations,https://www.cbioportal.org/api/molecular-profiles/msk_impact_2017_mutations/mutations/fetch?projection=DETAILED,2026-10-03T09:41:06.220570+00:00
P-0009092-T01-IM5,P-0009092,MET,MET G578 missense,G578E,Missense_Mutation,Non-Small Cell Lung Cancer,lung,msk_impact_2017,msk_impact_2017_mutations,https://www.cbioportal.org/api/molecular-profiles/msk_impact_2017_mutations/mutations/fetch?projection=DETAILED,2026-10-03T09:41:06.220573+00:00
P-0009096-T01-IM5,P-0009096,EGFR,EGFR L858 missense,L858R,Missense_Mutation,Non-Small Cell Lung Cancer,lung,msk_impact_2017,msk_impact_2017_mutations,https://www.cbioportal.org/api/molecular-profiles/msk_impact_2017_mutations/mutations/fetch?projection=DETAILED,2026-10-03T09:41:06.220576+00:00
P-0009164-T01-IM5,P-0009164,EGFR,E746_A750del,E746_A750del,In_Frame_Del,Non-Small Cell Lung Cancer,lung,msk_impact_2017,msk_impact_2017_mutations,https://www.cbioportal.org/api/molecular-profiles/msk_impact_2017_mutations/mutations/fetch?projection=DETAILED,2026-10-03T09:41:06.220578+00:00
P-0009172-T01-IM5,P-0009172,EGFR,E746_A750del,E746_A750del,In_Frame_Del,Non-Small Cell Lung Cancer,lung,msk_impact_2017,msk_impact_2017_mutations,https://www.cbioportal.org/api/molecular-profiles/msk_impact_2017_mutations/mutations/fetch?projection=DETAILED,2026-10-03T09:41:06.220581+00:00
P-0009215-T01-IM5,P-0009215,EGFR,EGFR L858 missense,L858R,Missense_Mutation,Non-Small Cell Lung Cancer,lung,msk_impact_2017,msk_impact_2017_mutations,https://www.cbioportal.org/api/molecular-profiles/msk_impact_2017_mutations/mutations/fetch?projection=DETAILED,2026-10-03T09:41:06.220584+00:00
P-0009243-T01-IM5,P-0009243,EGFR,EGFR P1108 missense,P1108R,Missense_Mutation,Non-Small Cell Lung Cancer,lung,msk_impact_2017,msk_impact_2017_mutations,https://www.cbioportal.org/api/molecular-profiles/msk_impact_2017_mutations/mutations/fetch?projection=DETAILED,2026-10-03T09:41:06.220586+00:00
P-0009260-T01-IM5,P-0009260,EGFR,EGFR L858 missense,L858R,Missense_Mutation,Non-Small Cell Lung Cancer,lung,msk_impact_2017,msk_impact_2017_mutations,https://www.cbioportal.org/api/molecular-profiles/msk_impact_2017_mutations/mutations/fetch?projection=DETAILED,2026-10-03T09:41:06.220589+00:00
P-0009260-T01-IM5,P-0009260,EGFR,EGFR R776 missense,R776C,Missense_Mutation,Non-Small Cell Lung Cancer,lung,msk_impact_2017,msk_impact_2017_mutations,https://www.cbioportal.org/api/molecular-profiles/msk_impact_2017_mutations/mutations/fetch?projection=DETAILED,2026-10-03T09:41:06.220592+00:00
P-0009272-T01-IM5,P-0009272,EGFR,EGFR N1094 missense,N1094Y,Missense_Mutation,Non-Small Cell Lung Cancer,lung,msk_impact_2017,msk_impact_2017_mutations,https://www.cbioportal.org/api/molecular-profiles/msk_impact_2017_mutations/mutations/fetch?projection=DETAILED,2026-10-03T09:41:06.220594+00:00
P-0009346-T01-IM5,P-0009346,EGFR,EGFR T790 missense,T790M,Missense_Mutation,Non-Small Cell Lung Cancer,lung,msk_impact_2017,msk_impact_2017_mutations,https://www.cbioportal.org/api/molecular-profiles/msk_impact_2017_mutations/mutations/fetch?projection=DETAILED,2026-10-03T09:41:06.220597+00:00
P-0009346-T01-IM5,P-0009346,EGFR,E746_T751delinsVP,E746_T751delinsVP,In_Frame_Del,Non-Small Cell Lung Cancer,lung,msk_impact_2017,msk_impact_2017_mutations,https://www.cbioportal.org/api/molecular-profiles/msk_impact_2017_mutations/mutations/fetch?projection=DETAILED,2026-10-03T09:41:06.220600+00:00
P-0009350-T01-IM5,P-0009350,MET,MET D1010 missense,D1010H,Missense_Mutation,Non-Small Cell Lung Cancer,lung,msk_impact_2017,msk_impact_2017_mutations,https://www.cbioportal.org/api/molecular-profiles/msk_impact_2017_mutations/mutations/fetch?projection=DETAILED,2026-10-03T09:41:06.220602+00:00
P-0009350-T01-IM5,P-0009350,MET,MET W1274 missense,W1274C,Missense_Mutation,Non-Small Cell Lung Cancer,lung,msk_impact_2017,msk_impact_2017_mutations,https://www.cbioportal.org/api/molecular-profiles/msk_impact_2017_mutations/mutations/fetch?projection=DETAILED,2026-10-03T09:41:06.220605+00:00
P-0009357-T01-IM5,P-0009357,EGFR,EGFR L858 missense,L858R,Missense_Mutation,Non-Small Cell Lung Cancer,lung,msk_impact_2017,msk_impact_2017_mutations,https://www.cbioportal.org/api/molecular-profiles/msk_impact_2017_mutations/mutations/fetch?projection=DETAILED,2026-10-03T09:41:06.220607+00:00
P-0009357-T01-IM5,P-0009357,EGFR,EGFR A289 missense,A289T,Missense_Mutation,Non-Small Cell Lung Cancer,lung,msk_impact_2017,msk_impact_2017_mutations,https://www.cbioportal.org/api/molecular-profiles/msk_impact_2017_mutations/mutations/fetch?projection=DETAILED,2026-10-03T09:41:06.220610+00:00
P-0009423-T01-IM5,P-0009423,EGFR,L747_P753delinsS,L747_P753delinsS,In_Frame_Del,Non-Small Cell Lung Cancer,lung,msk_impact_2017,msk_impact_2017_mutations,https://www.cbioportal.org/api/molecular-profiles/msk_impact_2017_mutations/mutations/fetch?projection=DETAILED,2026-10-03T09:41:06.220613+00:00
P-0009469-T01-IM5,P-0009469,EGFR,N771_H773dup,N771_H773dup,In_Frame_Ins,Non-Small Cell Lung Cancer,lung,msk_impact_2017,msk_impact_2017_mutations,https://www.cbioportal.org/api/molecular-profiles/msk_impact_2017_mutations/mutations/fetch?projection=DETAILED,2026-10-03T09:41:06.220615+00:00
P-0009481-T01-IM5,P-0009481,EGFR,E709_T710delinsD,E709_T710delinsD,In_Frame_Del,Non-Small Cell Lung Cancer,lung,msk_impact_2017,msk_impact_2017_mutations,https://www.cbioportal.org/api/molecular-profiles/msk_impact_2017_mutations/mutations/fetch?projection=DETAILED,2026-10-03T09:41:06.220618+00:00
P-0009508-T01-IM5,P-0009508,MET,MET A29 missense,A29V,Missense_Mutation,Non-Small Cell Lung Cancer,lung,msk_impact_2017,msk_impact_2017_mutations,https://www.cbioportal.org/api/molecular-profiles/msk_impact_2017_mutations/mutations/fetch?projection=DETAILED,2026-10-03T09:41:06.220621+00:00
P-0009535-T01-IM5,P-0009535,EGFR,EGFR T790 missense,T790M,Missense_Mutation,Non-Small Cell Lung Cancer,lung,msk_impact_2017,msk_impact_2017_mutations,https://www.cbioportal.org/api/molecular-profiles/msk_impact_2017_mutations/mutations/fetch?projection=DETAILED,2026-10-03T09:41:06.220624+00:00
P-0009535-T01-IM5,P-0009535,EGFR,E746_T751delinsA,E746_T751delinsA,In_Frame_Del,Non-Small Cell Lung Cancer,lung,msk_impact_2017,msk_impact_2017_mutations,https://www.cbioportal.org/api/molecular-profiles/msk_impact_2017_mutations/mutations/fetch?projection=DETAILED,2026-10-03T09:41:06.220626+00:00
P-0009608-T01-IM5,P-0009608,EGFR,E746_A750del,E746_A750del,In_Frame_Del,Non-Small Cell Lung Cancer,lung,msk_impact_2017,msk_impact_2017_mutations,https://www.cbioportal.org/api/molecular-profiles/msk_impact_2017_mutations/mutations/fetch?projection=DETAILED,2026-10-03T09:41:06.220629+00:00
P-0009623-T01-IM5,P-0009623,EGFR,EGFR L858 missense,L858R,Missense_Mutation,Non-Small Cell Lung Cancer,lung,msk_impact_2017,msk_impact_2017_mutations,https://www.cbioportal.org/api/molecular-profiles/msk_impact_2017_mutations/mutations/fetch?projection=DETAILED,2026-10-03T09:41:06.220632+00:00
P-0009655-T01-IM5,P-0009655,EGFR,EGFR T790 missense,T790M,Missense_Mutation,Non-Small Cell Lung Cancer,lung,msk_impact_2017,msk_impact_2017_mutations,https://www.cbioportal.org/api/molecular-profiles/msk_impact_2017_mutations/mutations/fetch?projection=DETAILED,2026-10-03T09:41:06.220635+00:00
P-0009655-T01-IM5,P-0009655,EGFR,E746_A750del,E746_A750del,In_Frame_Del,Non-Small Cell Lung Cancer,lung,msk_impact_2017,msk_impact_2017_mutations,https://www.cbioportal.org/api/molecular-profiles/msk_impact_2017_mutations/mutations/fetch?projection=DETAILED,2026-10-03T09:41:06.220638+00:00
P-0009661-T01-IM5,P-0009661,EGFR,EGFR L858 missense,L858R,Missense_Mutation,Non-Small Cell Lung Cancer,lung,msk_impact_2017,msk_impact_2017_mutations,https://www.cbioportal.org/api/molecular-profiles/msk_impact_2017_mutations/mutations/fetch?projection=DETAILED,2026-10-03T09:41:06.220640+00:00
P-0009661-T01-IM5,P-0009661,EGFR,EGFR L62 missense,L62R,Missense_Mutation,Non-Small Cell Lung Cancer,lung,msk_impact_2017,msk_impact_2017_mutations,https://www.cbioportal.org/api/molecular-profiles/msk_impact_2017_mutations/mutations/fetch?projection=DETAILED,2026-10-03T09:41:06.220643+00:00
P-0009704-T01-IM5,P-0009704,EGFR,L747_S752del,L747_S752del,In_Frame_Del,Non-Small Cell Lung Cancer,lung,msk_impact_2017,msk_impact_2017_mutations,https://www.cbioportal.org/api/molecular-profiles/msk_impact_2017_mutations/mutations/fetch?projection=DETAILED,2026-10-03T09:41:06.220646+00:00
P-0009708-T01-IM5,P-0009708,EGFR,L747_T751del,L747_T751del,In_Frame_Del,Non-Small Cell Lung Cancer,lung,msk_impact_2017,msk_impact_2017_mutations,https://www.cbioportal.org/api/molecular-profiles/msk_impact_2017_mutations/mutations/fetch?projection=DETAILED,2026-10-03T09:41:06.220648+00:00
P-0009708-T01-IM5,P-0009708,MET,MET H1094 missense,H1094Y,Missense_Mutation,Non-Small Cell Lung Cancer,lung,msk_impact_2017,msk_impact_2017_mutations,https://www.cbioportal.org/api/molecular-profiles/msk_impact_2017_mutations/mutations/fetch?projection=DETAILED,2026-10-03T09:41:06.220651+00:00
P-0009742-T01-IM5,P-0009742,MET,MET truncating,X963_splice,Splice_Site,Non-Small Cell Lung Cancer,lung,msk_impact_2017,msk_impact_2017_mutations,https://www.cbioportal.org/api/molecular-profiles/msk_impact_2017_mutations/mutations/fetch?projection=DETAILED,2026-10-03T09:41:06.220654+00:00
P-0009824-T01-IM5,P-0009824,EGFR,EGFR T790 missense,T790M,Missense_Mutation,Non-Small Cell Lung Cancer,lung,msk_impact_2017,msk_impact_2017_mutations,https://www.cbioportal.org/api/molecular-profiles/msk_impact_2017_mutations/mutations/fetch?projection=DETAILED,2026-10-03T09:41:06.220656+00:00
P-0009824-T01-IM5,P-0009824,EGFR,E746_A750del,E746_A750del,In_Frame_Del,Non-Small Cell Lung Cancer,lung,msk_impact_2017,msk_impact_2017_mutations,https://www.cbioportal.org/api/molecular-profiles/msk_impact_2017_mutations/mutations/fetch?projection=DETAILED,2026-10-03T09:41:06.220659+00:00
P-0009856-T01-IM5,P-0009856,EGFR,EGFR T274 missense,T274A,Missense_Mutation,Non-Small Cell Lung Cancer,lung,msk_impact_2017,msk_impact_2017_mutations,https://www.cbioportal.org/api/molecular-profiles/msk_impact_2017_mutations/mutations/fetch?projection=DETAILED,2026-10-03T09:41:06.220662+00:00
P-0009861-T01-IM5,P-0009861,EGFR,E746_A750del,E746_A750del,In_Frame_Del,Non-Small Cell Lung Cancer,lung,msk_impact_2017,msk_impact_2017_mutations,https://www.cbioportal.org/api/molecular-profiles/msk_impact_2017_mutations/mutations/fetch?projection=DETAILED,2026-10-03T09:41:06.220664+00:00
P-0009864-T01-IM5,P-0009864,EGFR,EGFR L858 missense,L858R,Missense_Mutation,Non-Small Cell Lung Cancer,lung,msk_impact_2017,msk_impact_2017_mutations,https://www.cbioportal.org/api/molecular-profiles/msk_impact_2017_mutations/mutations/fetch?projection=DETAILED,2026-10-03T09:41:06.220667+00:00
P-0009948-T01-IM5,P-0009948,EGFR,EGFR L861 missense,L861Q,Missense_Mutation,Non-Small Cell Lung Cancer,lung,msk_impact_2017,msk_impact_2017_mutations,https://www.cbioportal.org/api/molecular-profiles/msk_impact_2017_mutations/mutations/fetch?projection=DETAILED,2026-10-03T09:41:06.220670+00:00
P-0009948-T02-IM5,P-0009948,EGFR,EGFR L861 missense,L861Q,Missense_Mutation,Non-Small Cell Lung Cancer,lung,msk_impact_2017,msk_impact_2017_mutations,https://www.cbioportal.org/api/molecular-profiles/msk_impact_2017_mutations/mutations/fetch?projection=DETAILED,2026-10-03T09:41:06.220672+00:00
P-0009957-T01-IM5,P-0009957,EGFR,EGFR L858 missense,L858R,Missense_Mutation,Non-Small Cell Lung Cancer,lung,msk_impact_2017,msk_impact_2017_mutations,https://www.cbioportal.org/api/molecular-profiles/msk_impact_2017_mutations/mutations/fetch?projection=DETAILED,2026-10-03T09:41:06.220675+00:00
P-0009958-T01-IM5,P-0009958,MET,MET D1010 missense,D1010N,Missense_Mutation,Non-Small Cell Lung Cancer,lung,msk_impact_2017,msk_impact_2017_mutations,https://www.cbioportal.org/api/molecular-profiles/msk_impact_2017_mutations/mutations/fetch?projection=DETAILED,2026-10-03T09:41:06.220678+00:00
P-0010053-T01-IM5,P-0010053,EGFR,EGFR L861 missense,L861Q,Missense_Mutation,Non-Small Cell Lung Cancer,lung,msk_impact_2017,msk_impact_2017_mutations,https://www.cbioportal.org/api/molecular-profiles/msk_impact_2017_mutations/mutations/fetch?projection=DETAILED,2026-10-03T09:41:06.220680+00:00
P-0010130-T01-IM5,P-0010130,EGFR,EGFR R98 missense,R98Q,Missense_Mutation,Non-Small Cell Lung Cancer,lung,msk_impact_2017,msk_impact_2017_mutations,https://www.cbioportal.org/api/molecular-profiles/msk_impact_2017_mutations/mutations/fetch?projection=DETAILED,2026-10-03T09:41:06.220683+00:00
P-0010131-T01-IM5,P-0010131,EGFR,EGFR L858 missense,L858R,Missense_Mutation,Non-Small Cell Lung Cancer,lung,msk_impact_2017,msk_impact_2017_mutations,https://www.cbioportal.org/api/molecular-profiles/msk_impact_2017_mutations/mutations/fetch?projection=DETAILED,2026-10-03T09:41:06.220686+00:00
P-0010133-T01-IM5,P-0010133,EGFR,E746_A750del,E746_A750del,In_Frame_Del,Non-Small Cell Lung Cancer,lung,msk_impact_2017,msk_impact_2017_mutations,https://www.cbioportal.org/api/molecular-profiles/msk_impact_2017_mutations/mutations/fetch?projection=DETAILED,2026-10-03T09:41:06.220688+00:00
P-0010181-T01-IM5,P-0010181,EGFR,EGFR T790 missense,T790M,Missense_Mutation,Non-Small Cell Lung Cancer,lung,msk_impact_2017,msk_impact_2017_mutations,https://www.cbioportal.org/api/molecular-profiles/msk_impact_2017_mutations/mutations/fetch?projection=DETAILED,2026-10-03T09:41:06.220691+00:00
P-0010181-T01-IM5,P-0010181,EGFR,E746_A750del,E746_A750del,In_Frame_Del,Non-Small Cell Lung Cancer,lung,msk_impact_2017,msk_impact_2017_mutations,https://www.cbioportal.org/api/molecular-profiles/msk_impact_2017_mutations/mutations/fetch?projection=DETAILED,2026-10-03T09:41:06.220694+00:00
P-0010210-T01-IM5,P-0010210,MET,MET truncating,X1010_splice,Splice_Site,Non-Small Cell Lung Cancer,lung,msk_impact_2017,msk_impact_2017_mutations,https://www.cbioportal.org/api/molecular-profiles/msk_impact_2017_mutations/mutations/fetch?projection=DETAILED,2026-10-03T09:41:06.220696+00:00
P-0010210-T02-IM5,P-0010210,MET,MET truncating,X1010_splice,Splice_Site,Non-Small Cell Lung Cancer,lung,msk_impact_2017,msk_impact_2017_mutations,https://www.cbioportal.org/api/molecular-profiles/msk_impact_2017_mutations/mutations/fetch?projection=DETAILED,2026-10-03T09:41:06.220699+00:00
P-0010213-T01-IM5,P-0010213,MET,MET P325 missense,P325H,Missense_Mutation,Non-Small Cell Lung Cancer,lung,msk_impact_2017,msk_impact_2017_mutations,https://www.cbioportal.org/api/molecular-profiles/msk_impact_2017_mutations/mutations/fetch?projection=DETAILED,2026-10-03T09:41:06.220702+00:00
P-0010247-T01-IM5,P-0010247,EGFR,EGFR T790 missense,T790M,Missense_Mutation,Non-Small Cell Lung Cancer,lung,msk_impact_2017,msk_impact_2017_mutations,https://www.cbioportal.org/api/molecular-profiles/msk_impact_2017_mutations/mutations/fetch?projection=DETAILED,2026-10-03T09:41:06.220705+00:00
P-0010247-T01-IM5,P-0010247,EGFR,EGFR L858 missense,L858R,Missense_Mutation,Non-Small Cell Lung Cancer,lung,msk_impact_2017,msk_impact_2017_mutations,https://www.cbioportal.org/api/molecular-profiles/msk_impact_2017_mutations/mutations/fetch?projection=DETAILED,2026-10-03T09:41:06.220707+00:00
P-0010267-T01-IM5,P-0010267,EGFR,EGFR L858 missense,L858R,Missense_Mutation,Non-Small Cell Lung Cancer,lung,msk_impact_2017,msk_impact_2017_mutations,https://www.cbioportal.org/api/molecular-profiles/msk_impact_2017_mutations/mutations/fetch?projection=DETAILED,2026-10-03T09:41:06.220710+00:00
P-0010269-T01-IM5,P-0010269,EGFR,E746_A750del,E746_A750del,In_Frame_Del,Non-Small Cell Lung Cancer,lung,msk_impact_2017,msk_impact_2017_mutations,https://www.cbioportal.org/api/molecular-profiles/msk_impact_2017_mutations/mutations/fetch?projection=DETAILED,2026-10-03T09:41:06.220713+00:00
P-0010273-T01-IM5,P-0010273,MET,MET truncating,X1010_splice,Splice_Site,Non-Small Cell Lung Cancer,lung,msk_impact_2017,msk_impact_2017_mutations,https://www.cbioportal.org/api/molecular-profiles/msk_impact_2017_mutations/mutations/fetch?projection=DETAILED,2026-10-03T09:41:06.220716+00:00
P-0010333-T01-IM5,P-0010333,EGFR,N771_H773dup,N771_H773dup,In_Frame_Ins,Non-Small Cell Lung Cancer,lung,msk_impact_2017,msk_impact_2017_mutations,https://www.cbioportal.org/api/molecular-profiles/msk_impact_2017_mutations/mutations/fetch?projection=DETAILED,2026-10-03T09:41:06.220718+00:00
P-0010337-T01-IM5,P-0010337,EGFR,EGFR L858 missense,L858R,Missense_Mutation,Non-Small Cell Lung Cancer,lung,msk_impact_2017,msk_impact_2017_mutations,https://www.cbioportal.org/api/molecular-profiles/msk_impact_2017_mutations/mutations/fetch?projection=DETAILED,2026-10-03T09:41:06.220721+00:00
P-0010345-T01-IM5,P-0010345,EGFR,EGFR S768 missense,S768I,Missense_Mutation,Non-Small Cell Lung Cancer,lung,msk_impact_2017,msk_impact_2017_mutations,https://www.cbioportal.org/api/molecular-profiles/msk_impact_2017_mutations/mutations/fetch?projection=DETAILED,2026-10-03T09:41:06.220724+00:00
P-0010345-T01-IM5,P-0010345,EGFR,EGFR G719 missense,G719C,Missense_Mutation,Non-Small Cell Lung Cancer,lung,msk_impact_2017,msk_impact_2017_mutations,https://www.cbioportal.org/api/molecular-profiles/msk_impact_2017_mutations/mutations/fetch?projection=DETAILED,2026-10-03T09:41:06.220726+00:00
P-0010345-T02-IM5,P-0010345,EGFR,EGFR L858 missense,L858R,Missense_Mutation,Non-Small Cell Lung Cancer,lung,msk_impact_2017,msk_impact_2017_mutations,https://www.cbioportal.org/api/molecular-profiles/msk_impact_2017_mutations/mutations/fetch?projection=DETAILED,2026-10-03T09:41:06.220729+00:00
P-0010345-T02-IM5,P-0010345,EGFR,L833_V834delinsFL,L833_V834delinsFL,Missense_Mutation,Non-Small Cell Lung Cancer,lung,msk_impact_2017,msk_impact_2017_mutations,https://www.cbioportal.org/api/molecular-profiles/msk_impact_2017_mutations/mutations/fetch?projection=DETAILED,2026-10-03T09:41:06.220732+00:00
P-0010359-T01-IM5,P-0010359,EGFR,E746_A750del,E746_A750del,In_Frame_Del,Non-Small Cell Lung Cancer,lung,msk_impact_2017,msk_impact_2017_mutations,https://www.cbioportal.org/api/molecular-profiles/msk_impact_2017_mutations/mutations/fetch?projection=DETAILED,2026-10-03T09:41:06.220734+00:00
P-0010404-T01-IM5,P-0010404,EGFR,E746_S752delinsV,E746_S752delinsV,In_Frame_Del,Non-Small Cell Lung Cancer,lung,msk_impact_2017,msk_impact_2017_mutations,https://www.cbioportal.org/api/molecular-profiles/msk_impact_2017_mutations/mutations/fetch?projection=DETAILED,2026-10-03T09:41:06.220737+00:00
P-0010466-T01-IM5,P-0010466,MET,MET truncating,D1010fs,Frame_Shift_Del,Non-Small Cell Lung Cancer,lung,msk_impact_2017,msk_impact_2017_mutations,https://www.cbioportal.org/api/molecular-profiles/msk_impact_2017_mutations/mutations/fetch?projection=DETAILED,2026-10-03T09:41:06.220740+00:00
P-0010487-T01-IM5,P-0010487,EGFR,S768_D770dup,S768_D770dup,In_Frame_Ins,Non-Small Cell Lung Cancer,lung,msk_impact_2017,msk_impact_2017_mutations,https://www.cbioportal.org/api/molecular-profiles/msk_impact_2017_mutations/mutations/fetch?projection=DETAILED,2026-10-03T09:41:06.220743+00:00
P-0010554-T01-IM5,P-0010554,EGFR,EGFR L858 missense,L858R,Missense_Mutation,Non-Small Cell Lung Cancer,lung,msk_impact_2017,msk_impact_2017_mutations,https://www.cbioportal.org/api/molecular-profiles/msk_impact_2017_mutations/mutations/fetch?projection=DETAILED,2026-10-03T09:41:06.220745+00:00
P-0010558-T01-IM5,P-0010558,MET,MET G1346 missense,G1346W,Missense_Mutation,Non-Small Cell Lung Cancer,lung,msk_impact_2017,msk_impact_2017_mutations,https://www.cbioportal.org/api/molecular-profiles/msk_impact_2017_mutations/mutations/fetch?projection=DETAILED,2026-10-03T09:41:06.220748+00:00
P-0010563-T01-IM5,P-0010563,EGFR,L747_A750delinsP,L747_A750delinsP,In_Frame_Del,Non-Small Cell Lung Cancer,lung,msk_impact_2017,msk_impact_2017_mutations,https://www.cbioportal.org/api/molecular-profiles/msk_impact_2017_mutations/mutations/fetch?projection=DETAILED,2026-10-03T09:41:06.220751+00:00
P-0010566-T01-IM5,P-0010566,EGFR,EGFR T790 missense,T790M,Missense_Mutation,Non-Small Cell Lung Cancer,lung,msk_impact_2017,msk_impact_2017_mutations,https://www.cbioportal.org/api/molecular-profiles/msk_impact_2017_mutations/mutations/fetch?projection=DETAILED,2026-10-03T09:41:06.220753+00:00
P-0010566-T01-IM5,P-0010566,EGFR,E746_A750del,E746_A750del,In_Frame_Del,Non-Small Cell Lung Cancer,lung,msk_impact_2017,msk_impact_2017_mutations,https://www.cbioportal.org/api/molecular-profiles/msk_impact_2017_mutations/mutations/fetch?projection=DETAILED,2026-10-03T09:41:06.220756+00:00
P-0010608-T01-IM5,P-0010608,EGFR,E746_A750del,E746_A750del,In_Frame_Del,Non-Small Cell Lung Cancer,lung,msk_impact_2017,msk_impact_2017_mutations,https://www.cbioportal.org/api/molecular-profiles/msk_impact_2017_mutations/mutations/fetch?projection=DETAILED,2026-10-03T09:41:06.220759+00:00
P-0010610-T01-IM5,P-0010610,EGFR,EGFR P622 missense,P622A,Missense_Mutation,Non-Small Cell Lung Cancer,lung,msk_impact_2017,msk_impact_2017_mutations,https://www.cbioportal.org/api/molecular-profiles/msk_impact_2017_mutations/mutations/fetch?projection=DETAILED,2026-10-03T09:41:06.220762+00:00
P-0010634-T01-IM5,P-0010634,EGFR,EGFR S1070 missense,S1070T,Missense_Mutation,Non-Small Cell Lung Cancer,lung,msk_impact_2017,msk_impact_2017_mutations,https://www.cbioportal.org/api/molecular-profiles/msk_impact_2017_mutations/mutations/fetch?projection=DETAILED,2026-10-03T09:41:06.220764+00:00
P-0010637-T01-IM5,P-0010637,MET,MET truncating,D1010fs,Frame_Shift_Del,Non-Small Cell Lung Cancer,lung,msk_impact_2017,msk_impact_2017_mutations,https://www.cbioportal.org/api/molecular-profiles/msk_impact_2017_mutations/mutations/fetch?projection=DETAILED,2026-10-03T09:41:06.220767+00:00
P-0010637-T01-IM5,P-0010637,MET,F523_S527del,F523_S527del,In_Frame_Del,Non-Small Cell Lung Cancer,lung,msk_impact_2017,msk_impact_2017_mutations,https://www.cbioportal.org/api/molecular-profiles/msk_impact_2017_mutations/mutations/fetch?projection=DETAILED,2026-10-03T09:41:06.220770+00:00
P-0010640-T01-IM5,P-0010640,EGFR,L747_S752del,L747_S752del,In_Frame_Del,Non-Small Cell Lung Cancer,lung,msk_impact_2017,msk_impact_2017_mutations,https://www.cbioportal.org/api/molecular-profiles/msk_impact_2017_mutations/mutations/fetch?projection=DETAILED,2026-10-03T09:41:06.220772+00:00
P-0010675-T01-IM5,P-0010675,EGFR,H773dup,H773dup,In_Frame_Ins,Non-Small Cell Lung Cancer,lung,msk_impact_2017,msk_impact_2017_mutations,https://www.cbioportal.org/api/molecular-profiles/msk_impact_2017_mutations/mutations/fetch?projection=DETAILED,2026-10-03T09:41:06.220775+00:00
P-0010700-T01-IM5,P-0010700,EGFR,S768_D770dup,S768_D770dup,In_Frame_Ins,Non-Small Cell Lung Cancer,lung,msk_impact_2017,msk_impact_2017_mutations,https://www.cbioportal.org/api/molecular-profiles/msk_impact_2017_mutations/mutations/fetch?projection=DETAILED,2026-10-03T09:41:06.220778+00:00
P-0010722-T01-IM5,P-0010722,MET,R602_S609del,R602_S609del,In_Frame_Del,Non-Small Cell Lung Cancer,lung,msk_impact_2017,msk_impact_2017_mutations,https://www.cbioportal.org/api/molecular-profiles/msk_impact_2017_mutations/mutations/fetch?projection=DETAILED,2026-10-03T09:41:06.220780+00:00
P-0010722-T01-IM5,P-0010722,MET,MET truncating,X963_splice,Splice_Site,Non-Small Cell Lung Cancer,lung,msk_impact_2017,msk_impact_2017_mutations,https://www.cbioportal.org/api/molecular-profiles/msk_impact_2017_mutations/mutations/fetch?projection=DETAILED,2026-10-03T09:41:06.220783+00:00
P-0010750-T01-IM5,P-0010750,EGFR,EGFR T790 missense,T790M,Missense_Mutation,Non-Small Cell Lung Cancer,lung,msk_impact_2017,msk_impact_2017_mutations,https://www.cbioportal.org/api/molecular-profiles/msk_impact_2017_mutations/mutations/fetch?projection=DETAILED,2026-10-03T09:41:06.220786+00:00
P-0010750-T01-IM5,P-0010750,EGFR,E746_A750del,E746_A750del,In_Frame_Del,Non-Small Cell Lung Cancer,lung,msk_impact_2017,msk_impact_2017_mutations,https://www.cbioportal.org/api/molecular-profiles/msk_impact_2017_mutations/mutations/fetch?projection=DETAILED,2026-10-03T09:41:06.220788+00:00
P-0010765-T01-IM5,P-0010765,EGFR,EGFR T790 missense,T790M,Missense_Mutation,Non-Small Cell Lung Cancer,lung,msk_impact_2017,msk_impact_2017_mutations,https://www.cbioportal.org/api/molecular-profiles/msk_impact_2017_mutations/mutations/fetch?projection=DETAILED,2026-10-03T09:41:06.220791+00:00
P-0010765-T01-IM5,P-0010765,EGFR,E746_A750del,E746_A750del,In_Frame_Del,Non-Small Cell Lung Cancer,lung,msk_impact_2017,msk_impact_2017_mutations,https://www.cbioportal.org/api/molecular-profiles/msk_impact_2017_mutations/mutations/fetch?projection=DETAILED,2026-10-03T09:41:06.220794+00:00
P-0010793-T01-IM5,P-0010793,EGFR,EGFR T790 missense,T790M,Missense_Mutation,Non-Small Cell Lung Cancer,lung,msk_impact_2017,msk_impact_2017_mutations,https://www.cbioportal.org/api/molecular-profiles/msk_impact_2017_mutations/mutations/fetch?projection=DETAILED,2026-10-03T09:41:06.220797+00:00
P-0010793-T01-IM5,P-0010793,EGFR,EGFR L858 missense,L858R,Missense_Mutation,Non-Small Cell Lung Cancer,lung,msk_impact_2017,msk_impact_2017_mutations,https://www.cbioportal.org/api/molecular-profiles/msk_impact_2017_mutations/mutations/fetch?projection=DETAILED,2026-10-03T09:41:06.220800+00:00
P-0010801-T01-IM5,P-0010801,EGFR,EGFR L858 missense,L858R,Missense_Mutation,Non-Small Cell Lung Cancer,lung,msk_impact_2017,msk_impact_2017_mutations,https://www.cbioportal.org/api/molecular-profiles/msk_impact_2017_mutations/mutations/fetch?projection=DETAILED,2026-10-03T09:41:06.220802+00:00
P-0010836-T01-IM5,P-0010836,EGFR,EGFR L858 missense,L858R,Missense_Mutation,Non-Small Cell Lung Cancer,lung,msk_impact_2017,msk_impact_2017_mutations,https://www.cbioportal.org/api/molecular-profiles/msk_impact_2017_mutations/mutations/fetch?projection=DETAILED,2026-10-03T09:41:06.220804+00:00
P-0010863-T01-IM5,P-0010863,MET,MET truncating,X1010_splice,Splice_Site,Non-Small Cell Lung Cancer,lung,msk_impact_2017,msk_impact_2017_mutations,https://www.cbioportal.org/api/molecular-profiles/msk_impact_2017_mutations/mutations/fetch?projection=DETAILED,2026-10-03T09:41:06.220807+00:00
P-0010891-T01-IM5,P-0010891,EGFR,D770_N771insY,D770_N771insY,In_Frame_Ins,Non-Small Cell Lung Cancer,lung,msk_impact_2017,msk_impact_2017_mutations,https://www.cbioportal.org/api/molecular-profiles/msk_impact_2017_mutations/mutations/fetch?projection=DETAILED,2026-10-03T09:41:06.220809+00:00
P-0010894-T01-IM5,P-0010894,MET,MET truncating,X1007_splice,Splice_Site,Non-Small Cell Lung Cancer,lung,msk_impact_2017,msk_impact_2017_mutations,https://www.cbioportal.org/api/molecular-profiles/msk_impact_2017_mutations/mutations/fetch?projection=DETAILED,2026-10-03T09:41:06.220811+00:00
P-0010904-T01-IM5,P-0010904,EGFR,EGFR truncating,X297_splice,Splice_Site,Non-Small Cell Lung Cancer,lung,msk_impact_2017,msk_impact_2017_mutations,https://www.cbioportal.org/api/molecular-profiles/msk_impact_2017_mutations/mutations/fetch?projection=DETAILED,2026-10-03T09:41:06.220813+00:00
P-0010976-T01-IM5,P-0010976,EGFR,EGFR truncating,S752Efs*9,Frame_Shift_Del,Non-Small Cell Lung Cancer,lung,msk_impact_2017,msk_impact_2017_mutations,https://www.cbioportal.org/api/molecular-profiles/msk_impact_2017_mutations/mutations/fetch?projection=DETAILED,2026-10-03T09:41:06.220816+00:00
P-0010976-T01-IM5,P-0010976,EGFR,EGFR truncating,L747Qfs*16,Frame_Shift_Del,Non-Small Cell Lung Cancer,lung,msk_impact_2017,msk_impact_2017_mutations,https://www.cbioportal.org/api/molecular-profiles/msk_impact_2017_mutations/mutations/fetch?projection=DETAILED,2026-10-03T09:41:06.220818+00:00
P-0010983-T01-IM5,P-0010983,MET,MET truncating,X1010_splice,Splice_Site,Non-Small Cell Lung Cancer,lung,msk_impact_2017,msk_impact_2017_mutations,https://www.cbioportal.org/api/molecular-profiles/msk_impact_2017_mutations/mutations/fetch?projection=DETAILED,2026-10-03T09:41:06.220820+00:00
P-0010995-T01-IM5,P-0010995,EGFR,H773_V774delinsLM,H773_V774delinsLM,Missense_Mutation,Non-Small Cell Lung Cancer,lung,msk_impact_2017,msk_impact_2017_mutations,https://www.cbioportal.org/api/molecular-profiles/msk_impact_2017_mutations/mutations/fetch?projection=DETAILED,2026-10-03T09:41:06.220822+00:00
P-0011038-T01-IM5,P-0011038,EGFR,EGFR L858 missense,L858R,Missense_Mutation,Non-Small Cell Lung Cancer,lung,msk_impact_2017,msk_impact_2017_mutations,https://www.cbioportal.org/api/molecular-profiles/msk_impact_2017_mutations/mutations/fetch?projection=DETAILED,2026-10-03T09:41:06.220824+00:00
P-0011100-T01-IM5,P-0011100,EGFR,E746_T751delinsA,E746_T751delinsA,In_Frame_Del,Non-Small Cell Lung Cancer,lung,msk_impact_2017,msk_impact_2017_mutations,https://www.cbioportal.org/api/molecular-profiles/msk_impact_2017_mutations/mutations/fetch?projection=DETAILED,2026-10-03T09:41:06.220827+00:00
P-0011107-T01-IM5,P-0011107,EGFR,EGFR G719 missense,G719S,Missense_Mutation,Non-Small Cell Lung Cancer,lung,msk_impact_2017,msk_impact_2017_mutations,https://www.cbioportal.org/api/molecular-profiles/msk_impact_2017_mutations/mutations/fetch?projection=DETAILED,2026-10-03T09:41:06.220829+00:00
P-0011107-T01-IM5,P-0011107,EGFR,EGFR G598 missense,G598V,Missense_Mutation,Non-Small Cell Lung Cancer,lung,msk_impact_2017,msk_impact_2017_mutations,https://www.cbioportal.org/api/molecular-profiles/msk_impact_2017_mutations/mutations/fetch?projection=DETAILED,2026-10-03T09:41:06.220831+00:00
P-0011132-T01-IM5,P-0011132,MET,MET S468 missense,S468Y,Missense_Mutation,Non-Small Cell Lung Cancer,lung,msk_impact_2017,msk_impact_2017_mutations,https://www.cbioportal.org/api/molecular-profiles/msk_impact_2017_mutations/mutations/fetch?projection=DETAILED,2026-10-03T09:41:06.220833+00:00
P-0011133-T01-IM5,P-0011133,EGFR,E746_A750del,E746_A750del,In_Frame_Del,Non-Small Cell Lung Cancer,lung,msk_impact_2017,msk_impact_2017_mutations,https://www.cbioportal.org/api/molecular-profiles/msk_impact_2017_mutations/mutations/fetch?projection=DETAILED,2026-10-03T09:41:06.220836+00:00
P-0011161-T01-IM5,P-0011161,EGFR,E746_A750del,E746_A750del,In_Frame_Del,Non-Small Cell Lung Cancer,lung,msk_impact_2017,msk_impact_2017_mutations,https://www.cbioportal.org/api/molecular-profiles/msk_impact_2017_mutations/mutations/fetch?projection=DETAILED,2026-10-03T09:41:06.220838+00:00
P-0011189-T01-IM5,P-0011189,EGFR,L747_T751del,L747_T751del,In_Frame_Del,Non-Small Cell Lung Cancer,lung,msk_impact_2017,msk_impact_2017_mutations,https://www.cbioportal.org/api/molecular-profiles/msk_impact_2017_mutations/mutations/fetch?projection=DETAILED,2026-10-03T09:41:06.220840+00:00
P-0011189-T01-IM5,P-0011189,EGFR,EGFR T790 missense,T790M,Missense_Mutation,Non-Small Cell Lung Cancer,lung,msk_impact_2017,msk_impact_2017_mutations,https://www.cbioportal.org/api/molecular-profiles/msk_impact_2017_mutations/mutations/fetch?projection=DETAILED,2026-10-03T09:41:06.220843+00:00
P-0011234-T01-IM5,P-0011234,EGFR,E746_A750del,E746_A750del,In_Frame_Del,Non-Small Cell Lung Cancer,lung,msk_impact_2017,msk_impact_2017_mutations,https://www.cbioportal.org/api/molecular-profiles/msk_impact_2017_mutations/mutations/fetch?projection=DETAILED,2026-10-03T09:41:06.220845+00:00
P-0011234-T02-IM5,P-0011234,EGFR,E746_A750del,E746_A750del,In_Frame_Del,Non-Small Cell Lung Cancer,lung,msk_impact_2017,msk_impact_2017_mutations,https://www.cbioportal.org/api/molecular-profiles/msk_impact_2017_mutations/mutations/fetch?projection=DETAILED,2026-10-03T09:41:06.220847+00:00
P-0011293-T01-IM5,P-0011293,EGFR,EGFR M600 missense,M600I,Missense_Mutation,Non-Small Cell Lung Cancer,lung,msk_impact_2017,msk_impact_2017_mutations,https://www.cbioportal.org/api/molecular-profiles/msk_impact_2017_mutations/mutations/fetch?projection=DETAILED,2026-10-03T09:41:06.220850+00:00
P-0011308-T01-IM5,P-0011308,EGFR,EGFR L858 missense,L858R,Missense_Mutation,Non-Small Cell Lung Cancer,lung,msk_impact_2017,msk_impact_2017_mutations,https://www.cbioportal.org/api/molecular-profiles/msk_impact_2017_mutations/mutations/fetch?projection=DETAILED,2026-10-03T09:41:06.220852+00:00
P-0011309-T01-IM5,P-0011309,EGFR,E746_A750del,E746_A750del,In_Frame_Del,Non-Small Cell Lung Cancer,lung,msk_impact_2017,msk_impact_2017_mutations,https://www.cbioportal.org/api/molecular-profiles/msk_impact_2017_mutations/mutations/fetch?projection=DETAILED,2026-10-03T09:41:06.220854+00:00
P-0011326-T01-IM5,P-0011326,EGFR,E746_T751delinsVS,E746_T751delinsVS,In_Frame_Del,Non-Small Cell Lung Cancer,lung,msk_impact_2017,msk_impact_2017_mutations,https://www.cbioportal.org/api/molecular-profiles/msk_impact_2017_mutations/mutations/fetch?projection=DETAILED,2026-10-03T09:41:06.220857+00:00
P-0011333-T01-IM5,P-0011333,EGFR,EGFR D1009 missense,D1009Y,Missense_Mutation,Non-Small Cell Lung Cancer,lung,msk_impact_2017,msk_impact_2017_mutations,https://www.cbioportal.org/api/molecular-profiles/msk_impact_2017_mutations/mutations/fetch?projection=DETAILED,2026-10-03T09:41:06.220859+00:00
P-0011389-T01-IM5,P-0011389,EGFR,EGFR L858 missense,L858R,Missense_Mutation,Non-Small Cell Lung Cancer,lung,msk_impact_2017,msk_impact_2017_mutations,https://www.cbioportal.org/api/molecular-profiles/msk_impact_2017_mutations/mutations/fetch?projection=DETAILED,2026-10-03T09:41:06.220861+00:00
P-0011389-T01-IM5,P-0011389,EGFR,EGFR A289 missense,A289V,Missense_Mutation,Non-Small Cell Lung Cancer,lung,msk_impact_2017,msk_impact_2017_mutations,https://www.cbioportal.org/api/molecular-profiles/msk_impact_2017_mutations/mutations/fetch?projection=DETAILED,2026-10-03T09:41:06.220863+00:00
P-0011395-T01-IM5,P-0011395,MET,MET truncating,X963_splice,Splice_Site,Non-Small Cell Lung Cancer,lung,msk_impact_2017,msk_impact_2017_mutations,https://www.cbioportal.org/api/molecular-profiles/msk_impact_2017_mutations/mutations/fetch?projection=DETAILED,2026-10-03T09:41:06.220866+00:00
P-0011395-T02-IM5,P-0011395,MET,MET truncating,X963_splice,Splice_Site,Non-Small Cell Lung Cancer,lung,msk_impact_2017,msk_impact_2017_mutations,https://www.cbioportal.org/api/molecular-profiles/msk_impact_2017_mutations/mutations/fetch?projection=DETAILED,2026-10-03T09:41:06.220868+00:00
P-0011413-T01-IM5,P-0011413,EGFR,L747_T751del,L747_T751del,In_Frame_Del,Non-Small Cell Lung Cancer,lung,msk_impact_2017,msk_impact_2017_mutations,https://www.cbioportal.org/api/molecular-profiles/msk_impact_2017_mutations/mutations/fetch?projection=DETAILED,2026-10-03T09:41:06.220870+00:00
P-0011541-T01-IM5,P-0011541,EGFR,EGFR L858 missense,L858R,Missense_Mutation,Non-Small Cell Lung Cancer,lung,msk_impact_2017,msk_impact_2017_mutations,https://www.cbioportal.org/api/molecular-profiles/msk_impact_2017_mutations/mutations/fetch?projection=DETAILED,2026-10-03T09:41:06.220873+00:00
P-0011543-T01-IM5,P-0011543,EGFR,H773_V774delinsLM,H773_V774delinsLM,Missense_Mutation,Non-Small Cell Lung Cancer,lung,msk_impact_2017,msk_impact_2017_mutations,https://www.cbioportal.org/api/molecular-profiles/msk_impact_2017_mutations/mutations/fetch?projection=DETAILED,2026-10-03T09:41:06.220875+00:00
P-0012043-T01-IM5,P-0012043,EGFR,EGFR S768 missense,S768I,Missense_Mutation,Non-Small Cell Lung Cancer,lung,msk_impact_2017,msk_impact_2017_mutations,https://www.cbioportal.org/api/molecular-profiles/msk_impact_2017_mutations/mutations/fetch?projection=DETAILED,2026-10-03T09:41:06.220877+00:00
P-0012043-T01-IM5,P-0012043,EGFR,EGFR G719 missense,G719C,Missense_Mutation,Non-Small Cell Lung Cancer,lung,msk_impact_2017,msk_impact_2017_mutations,https://www.cbioportal.org/api/molecular-profiles/msk_impact_2017_mutations/mutations/fetch?projection=DETAILED,2026-10-03T09:41:06.220880+00:00
P-0012056-T01-IM5,P-0012056,EGFR,EGFR G1185 missense,G1185S,Missense_Mutation,Non-Small Cell Lung Cancer,lung,msk_impact_2017,msk_impact_2017_mutations,https://www.cbioportal.org/api/molecular-profiles/msk_impact_2017_mutations/mutations/fetch?projection=DETAILED,2026-10-03T09:41:06.220882+00:00
P-0012061-T01-IM5,P-0012061,MET,MET Y1003 missense,Y1003C,Missense_Mutation,Non-Small Cell Lung Cancer,lung,msk_impact_2017,msk_impact_2017_mutations,https://www.cbioportal.org/api/molecular-profiles/msk_impact_2017_mutations/mutations/fetch?projection=DETAILED,2026-10-03T09:41:06.220884+00:00
P-0012076-T01-IM5,P-0012076,EGFR,EGFR L858 missense,L858R,Missense_Mutation,Non-Small Cell Lung Cancer,lung,msk_impact_2017,msk_impact_2017_mutations,https://www.cbioportal.org/api/molecular-profiles/msk_impact_2017_mutations/mutations/fetch?projection=DETAILED,2026-10-03T09:41:06.220886+00:00
P-0012079-T01-IM5,P-0012079,EGFR,EGFR L858 missense,L858R,Missense_Mutation,Non-Small Cell Lung Cancer,lung,msk_impact_2017,msk_impact_2017_mutations,https://www.cbioportal.org/api/molecular-profiles/msk_impact_2017_mutations/mutations/fetch?projection=DETAILED,2026-10-03T09:41:06.220889+00:00
P-0012083-T01-IM5,P-0012083,EGFR,EGFR L858 missense,L858R,Missense_Mutation,Non-Small Cell Lung Cancer,lung,msk_impact_2017,msk_impact_2017_mutations,https://www.cbioportal.org/api/molecular-profiles/msk_impact_2017_mutations/mutations/fetch?projection=DETAILED,2026-10-03T09:41:06.220891+00:00
P-0012089-T01-IM5,P-0012089,EGFR,E746_A750del,E746_A750del,In_Frame_Del,Non-Small Cell Lung Cancer,lung,msk_impact_2017,msk_impact_2017_mutations,https://www.cbioportal.org/api/molecular-profiles/msk_impact_2017_mutations/mutations/fetch?projection=DETAILED,2026-10-03T09:41:06.220893+00:00
P-0012098-T01-IM5,P-0012098,EGFR,E746_T751delinsI,E746_T751delinsI,In_Frame_Del,Non-Small Cell Lung Cancer,lung,msk_impact_2017,msk_impact_2017_mutations,https://www.cbioportal.org/api/molecular-profiles/msk_impact_2017_mutations/mutations/fetch?projection=DETAILED,2026-10-03T09:41:06.220896+00:00
P-0012149-T01-IM5,P-0012149,MET,MET truncating,X1010_splice,Splice_Site,Non-Small Cell Lung Cancer,lung,msk_impact_2017,msk_impact_2017_mutations,https://www.cbioportal.org/api/molecular-profiles/msk_impact_2017_mutations/mutations/fetch?projection=DETAILED,2026-10-03T09:41:06.220898+00:00
P-0012160-T01-IM5,P-0012160,EGFR,E746_A750del,E746_A750del,In_Frame_Del,Non-Small Cell Lung Cancer,lung,msk_impact_2017,msk_impact_2017_mutations,https://www.cbioportal.org/api/molecular-profiles/msk_impact_2017_mutations/mutations/fetch?projection=DETAILED,2026-10-03T09:41:06.220900+00:00
P-0012196-T01-IM5,P-0012196,EGFR,D770delinsGTH,D770delinsGTH,In_Frame_Ins,Non-Small Cell Lung Cancer,lung,msk_impact_2017,msk_impact_2017_mutations,https://www.cbioportal.org/api/molecular-profiles/msk_impact_2017_mutations/mutations/fetch?projection=DETAILED,2026-10-03T09:41:06.220903+00:00
P-0012239-T01-IM5,P-0012239,MET,MET D1010 missense,D1010N,Missense_Mutation,Non-Small Cell Lung Cancer,lung,msk_impact_2017,msk_impact_2017_mutations,https://www.cbioportal.org/api/molecular-profiles/msk_impact_2017_mutations/mutations/fetch?projection=DETAILED,2026-10-03T09:41:06.220905+00:00
P-0012251-T01-IM5,P-0012251,EGFR,E746_A750del,E746_A750del,In_Frame_Del,Non-Small Cell Lung Cancer,lung,msk_impact_2017,msk_impact_2017_mutations,https://www.cbioportal.org/api/molecular-profiles/msk_impact_2017_mutations/mutations/fetch?projection=DETAILED,2026-10-03T09:41:06.220907+00:00
P-0012306-T01-IM5,P-0012306,EGFR,E746_A750del,E746_A750del,In_Frame_Del,Non-Small Cell Lung Cancer,lung,msk_impact_2017,msk_impact_2017_mutations,https://www.cbioportal.org/api/molecular-profiles/msk_impact_2017_mutations/mutations/fetch?projection=DETAILED,2026-10-03T09:41:06.220910+00:00
P-0012393-T01-IM5,P-0012393,EGFR,E746_A750del,E746_A750del,In_Frame_Del,Non-Small Cell Lung Cancer,lung,msk_impact_2017,msk_impact_2017_mutations,https://www.cbioportal.org/api/molecular-profiles/msk_impact_2017_mutations/mutations/fetch?projection=DETAILED,2026-10-03T09:41:06.220912+00:00
P-0012404-T01-IM5,P-0012404,EGFR,S768_V769delinsIL,S768_V769delinsIL,Missense_Mutation,Non-Small Cell Lung Cancer,lung,msk_impact_2017,msk_impact_2017_mutations,https://www.cbioportal.org/api/molecular-profiles/msk_impact_2017_mutations/mutations/fetch?projection=DETAILED,2026-10-03T09:41:06.220914+00:00
P-0000110-T01-IM3,P-0000110,EGFR,amplification,,amplification,Non-Small Cell Lung Cancer,lung,msk_impact_2017,msk_impact_2017_cna,https://www.cbioportal.org/api/molecular-profiles/msk_impact_2017_cna/discrete-copy-number/fetch?projection=DETAILED,2026-10-03T09:41:07.247922+00:00
P-0000208-T02-IM5,P-0000208,EGFR,amplification,,amplification,Non-Small Cell Lung Cancer,lung,msk_impact_2017,msk_impact_2017_cna,https://www.cbioportal.org/api/molecular-profiles/msk_impact_2017_cna/discrete-copy-number/fetch?projection=DETAILED,2026-10-03T09:41:07.247951+00:00
P-0000347-T01-IM3,P-0000347,EGFR,amplification,,amplification,Non-Small Cell Lung Cancer,lung,msk_impact_2017,msk_impact_2017_cna,https://www.cbioportal.org/api/molecular-profiles/msk_impact_2017_cna/discrete-copy-number/fetch?projection=DETAILED,2026-10-03T09:41:07.247957+00:00
P-0000348-T01-IM3,P-0000348,EGFR,amplification,,amplification,Non-Small Cell Lung Cancer,lung,msk_impact_2017,msk_impact_2017_cna,https://www.cbioportal.org/api/molecular-profiles/msk_impact_2017_cna/discrete-copy-number/fetch?projection=DETAILED,2026-10-03T09:41:07.247961+00:00
P-0000477-T01-IM3,P-0000477,EGFR,amplification,,amplification,Non-Small Cell Lung Cancer,lung,msk_impact_2017,msk_impact_2017_cna,https://www.cbioportal.org/api/molecular-profiles/msk_impact_2017_cna/discrete-copy-number/fetch?projection=DETAILED,2026-10-03T09:41:07.247966+00:00
P-0000571-T01-IM3,P-0000571,EGFR,amplification,,amplification,Non-Small Cell Lung Cancer,lung,msk_impact_2017,msk_impact_2017_cna,https://www.cbioportal.org/api/molecular-profiles/msk_impact_2017_cna/discrete-copy-number/fetch?projection=DETAILED,2026-10-03T09:41:07.247971+00:00
P-0000628-T01-IM3,P-0000628,EGFR,amplification,,amplification,Non-Small Cell Lung Cancer,lung,msk_impact_2017,msk_impact_2017_cna,https://www.cbioportal.org/api/molecular-profiles/msk_impact_2017_cna/discrete-copy-number/fetch?projection=DETAILED,2026-10-03T09:41:07.247975+00:00
P-0000628-T02-IM5,P-0000628,EGFR,amplification,,amplification,Non-Small Cell Lung Cancer,lung,msk_impact_2017,msk_impact_2017_cna,https://www.cbioportal.org/api/molecular-profiles/msk_impact_2017_cna/discrete-copy-number/fetch?projection=DETAILED,2026-10-03T09:41:07.247980+00:00
P-0000642-T01-IM3,P-0000642,EGFR,amplification,,amplification,Non-Small Cell Lung Cancer,lung,msk_impact_2017,msk_impact_2017_cna,https://www.cbioportal.org/api/molecular-profiles/msk_impact_2017_cna/discrete-copy-number/fetch?projection=DETAILED,2026-10-03T09:41:07.247983+00:00
P-0000900-T01-IM3,P-0000900,EGFR,amplification,,amplification,Non-Small Cell Lung Cancer,lung,msk_impact_2017,msk_impact_2017_cna,https://www.cbioportal.org/api/molecular-profiles/msk_impact_2017_cna/discrete-copy-number/fetch?projection=DETAILED,2026-10-03T09:41:07.247987+00:00
P-0000913-T02-IM5,P-0000913,EGFR,amplification,,amplification,Non-Small Cell Lung Cancer,lung,msk_impact_2017,msk_impact_2017_cna,https://www.cbioportal.org/api/molecular-profiles/msk_impact_2017_cna/discrete-copy-number/fetch?projection=DETAILED,2026-10-03T09:41:07.247991+00:00
P-0000913-T03-IM5,P-0000913,EGFR,amplification,,amplification,Non-Small Cell Lung Cancer,lung,msk_impact_2017,msk_impact_2017_cna,https://www.cbioportal.org/api/molecular-profiles/msk_impact_2017_cna/discrete-copy-number/fetch?projection=DETAILED,2026-10-03T09:41:07.247995+00:00
P-0000929-T01-IM3,P-0000929,EGFR,amplification,,amplification,Non-Small Cell Lung Cancer,lung,msk_impact_2017,msk_impact_2017_cna,https://www.cbioportal.org/api/molecular-profiles/msk_impact_2017_cna/discrete-copy-number/fetch?projection=DETAILED,2026-10-03T09:41:07.247999+00:00
P-0000987-T01-IM3,P-0000987,EGFR,amplification,,amplification,Non-Small Cell Lung Cancer,lung,msk_impact_2017,msk_impact_2017_cna,https://www.cbioportal.org/api/molecular-profiles/msk_impact_2017_cna/discrete-copy-number/fetch?projection=DETAILED,2026-10-03T09:41:07.248003+00:00
P-0001123-T01-IM3,P-0001123,EGFR,amplification,,amplification,Non-Small Cell Lung Cancer,lung,msk_impact_2017,msk_impact_2017_cna,https://www.cbioportal.org/api/molecular-profiles/msk_impact_2017_cna/discrete-copy-number/fetch?projection=DETAILED,2026-10-03T09:41:07.248006+00:00
P-0001131-T01-IM3,P-0001131,EGFR,amplification,,amplification,Non-Small Cell Lung Cancer,lung,msk_impact_2017,msk_impact_2017_cna,https://www.cbioportal.org/api/molecular-profiles/msk_impact_2017_cna/discrete-copy-number/fetch?projection=DETAILED,2026-10-03T09:41:07.248010+00:00
P-0001224-T02-IM3,P-0001224,EGFR,amplification,,amplification,Non-Small Cell Lung Cancer,lung,msk_impact_2017,msk_impact_2017_cna,https://www.cbioportal.org/api/molecular-profiles/msk_impact_2017_cna/discrete-copy-number/fetch?projection=DETAILED,2026-10-03T09:41:07.248014+00:00
P-0001328-T01-IM3,P-0001328,EGFR,amplification,,amplification,Non-Small Cell Lung Cancer,lung,msk_impact_2017,msk_impact_2017_cna,https://www.cbioportal.org/api/molecular-profiles/msk_impact_2017_cna/discrete-copy-number/fetch?projection=DETAILED,2026-10-03T09:41:07.248018+00:00
P-0001357-T02-IM5,P-0001357,EGFR,amplification,,amplification,Non-Small Cell Lung Cancer,lung,msk_impact_2017,msk_impact_2017_cna,https://www.cbioportal.org/api/molecular-profiles/msk_impact_2017_cna/discrete-copy-number/fetch?projection=DETAILED,2026-10-03T09:41:07.248021+00:00
P-0001506-T01-IM3,P-0001506,EGFR,amplification,,amplification,Non-Small Cell Lung Cancer,lung,msk_impact_2017,msk_impact_2017_cna,https://www.cbioportal.org/api/molecular-profiles/msk_impact_2017_cna/discrete-copy-number/fetch?projection=DETAILED,2026-10-03T09:41:07.248025+00:00
P-0001528-T02-IM3,P-0001528,EGFR,amplification,,amplification,Non-Small Cell Lung Cancer,lung,msk_impact_2017,msk_impact_2017_cna,https://www.cbioportal.org/api/molecular-profiles/msk_impact_2017_cna/discrete-copy-number/fetch?projection=DETAILED,2026-10-03T09:41:07.248028+00:00
P-0001528-T03-IM5,P-0001528,EGFR,amplification,,amplification,Non-Small Cell Lung Cancer,lung,msk_impact_2017,msk_impact_2017_cna,https://www.cbioportal.org/api/molecular-profiles/msk_impact_2017_cna/discrete-copy-number/fetch?projection=DETAILED,2026-10-03T09:41:07.248032+00:00
P-0001613-T01-IM3,P-0001613,EGFR,amplification,,amplification,Non-Small Cell Lung Cancer,lung,msk_impact_2017,msk_impact_2017_cna,https://www.cbioportal.org/api/molecular-profiles/msk_impact_2017_cna/discrete-copy-number/fetch?projection=DETAILED,2026-10-03T09:41:07.248035+00:00
P-0001613-T02-IM5,P-0001613,EGFR,amplification,,amplification,Non-Small Cell Lung Cancer,lung,msk_impact_2017,msk_impact_2017_cna,https://www.cbioportal.org/api/molecular-profiles/msk_impact_2017_cna/discrete-copy-number/fetch?projection=DETAILED,2026-10-03T09:41:07.248039+00:00
P-0001665-T01-IM3,P-0001665,EGFR,amplification,,amplification,Non-Small Cell Lung Cancer,lung,msk_impact_2017,msk_impact_2017_cna,https://www.cbioportal.org/api/molecular-profiles/msk_impact_2017_cna/discrete-copy-number/fetch?projection=DETAILED,2026-10-03T09:41:07.248042+00:00
P-0001726-T01-IM3,P-0001726,EGFR,amplification,,amplification,Non-Small Cell Lung Cancer,lung,msk_impact_2017,msk_impact_2017_cna,https://www.cbioportal.org/api/molecular-profiles/msk_impact_2017_cna/discrete-copy-number/fetch?projection=DETAILED,2026-10-03T09:41:07.248046+00:00
P-0001750-T01-IM3,P-0001750,EGFR,amplification,,amplification,Non-Small Cell Lung Cancer,lung,msk_impact_2017,msk_impact_2017_cna,https://www.cbioportal.org/api/molecular-profiles/msk_impact_2017_cna/discrete-copy-number/fetch?projection=DETAILED,2026-10-03T09:41:07.248049+00:00
P-0001802-T01-IM3,P-0001802,EGFR,amplification,,amplification,Non-Small Cell Lung Cancer,lung,msk_impact_2017,msk_impact_2017_cna,https://www.cbioportal.org/api/molecular-profiles/msk_impact_2017_cna/discrete-copy-number/fetch?projection=DETAILED,2026-10-03T09:41:07.248053+00:00
P-0001817-T02-IM5,P-0001817,EGFR,amplification,,amplification,Non-Small Cell Lung Cancer,lung,msk_impact_2017,msk_impact_2017_cna,https://www.cbioportal.org/api/molecular-profiles/msk_impact_2017_cna/discrete-copy-number/fetch?projection=DETAILED,2026-10-03T09:41:07.248057+00:00
P-0001832-T01-IM3,P-0001832,EGFR,amplification,,amplification,Non-Small Cell Lung Cancer,lung,msk_impact_2017,msk_impact_2017_cna,https://www.cbioportal.org/api/molecular-profiles/msk_impact_2017_cna/discrete-copy-number/fetch?projection=DETAILED,2026-10-03T09:41:07.248061+00:00
P-0001927-T01-IM3,P-0001927,EGFR,amplification,,amplification,Non-Small Cell Lung Cancer,lung,msk_impact_2017,msk_impact_2017_cna,https://www.cbioportal.org/api/molecular-profiles/msk_impact_2017_cna/discrete-copy-number/fetch?projection=DETAILED,2026-10-03T09:41:07.248064+00:00
P-0001931-T01-IM3,P-0001931,EGFR,amplification,,amplification,Non-Small Cell Lung Cancer,lung,msk_impact_2017,msk_impact_2017_cna,https://www.cbioportal.org/api/molecular-profiles/msk_impact_2017_cna/discrete-copy-number/fetch?projection=DETAILED,2026-10-03T09:41:07.248067+00:00
P-0001972-T01-IM3,P-0001972,EGFR,amplification,,amplification,Non-Small Cell Lung Cancer,lung,msk_impact_2017,msk_impact_2017_cna,https://www.cbioportal.org/api/molecular-profiles/msk_impact_2017_cna/discrete-copy-number/fetch?projection=DETAILED,2026-10-03T09:41:07.248071+00:00
P-0002046-T01-IM3,P-0002046,EGFR,amplification,,amplification,Non-Small Cell Lung Cancer,lung,msk_impact_2017,msk_impact_2017_cna,https://www.cbioportal.org/api/molecular-profiles/msk_impact_2017_cna/discrete-copy-number/fetch?projection=DETAILED,2026-10-03T09:41:07.248074+00:00
P-0002091-T01-IM3,P-0002091,EGFR,amplification,,amplification,Non-Small Cell Lung Cancer,lung,msk_impact_2017,msk_impact_2017_cna,https://www.cbioportal.org/api/molecular-profiles/msk_impact_2017_cna/discrete-copy-number/fetch?projection=DETAILED,2026-10-03T09:41:07.248077+00:00
P-0002126-T01-IM3,P-0002126,EGFR,amplification,,amplification,Non-Small Cell Lung Cancer,lung,msk_impact_2017,msk_impact_2017_cna,https://www.cbioportal.org/api/molecular-profiles/msk_impact_2017_cna/discrete-copy-number/fetch?projection=DETAILED,2026-10-03T09:41:07.248081+00:00
P-0002218-T02-IM5,P-0002218,EGFR,amplification,,amplification,Non-Small Cell Lung Cancer,lung,msk_impact_2017,msk_impact_2017_cna,https://www.cbioportal.org/api/molecular-profiles/msk_impact_2017_cna/discrete-copy-number/fetch?projection=DETAILED,2026-10-03T09:41:07.248084+00:00
P-0002423-T01-IM3,P-0002423,EGFR,amplification,,amplification,Non-Small Cell Lung Cancer,lung,msk_impact_2017,msk_impact_2017_cna,https://www.cbioportal.org/api/molecular-profiles/msk_impact_2017_cna/discrete-copy-number/fetch?projection=DETAILED,2026-10-03T09:41:07.248087+00:00
P-0002489-T01-IM3,P-0002489,EGFR,amplification,,amplification,Non-Small Cell Lung Cancer,lung,msk_impact_2017,msk_impact_2017_cna,https://www.cbioportal.org/api/molecular-profiles/msk_impact_2017_cna/discrete-copy-number/fetch?projection=DETAILED,2026-10-03T09:41:07.248091+00:00
P-0002506-T01-IM3,P-0002506,EGFR,amplification,,amplification,Non-Small Cell Lung Cancer,lung,msk_impact_2017,msk_impact_2017_cna,https://www.cbioportal.org/api/molecular-profiles/msk_impact_2017_cna/discrete-copy-number/fetch?projection=DETAILED,2026-10-03T09:41:07.248095+00:00
P-0002506-T02-IM5,P-0002506,EGFR,amplification,,amplification,Non-Small Cell Lung Cancer,lung,msk_impact_2017,msk_impact_2017_cna,https://www.cbioportal.org/api/molecular-profiles/msk_impact_2017_cna/discrete-copy-number/fetch?projection=DETAILED,2026-10-03T09:41:07.248098+00:00
P-0002523-T01-IM3,P-0002523,EGFR,amplification,,amplification,Non-Small Cell Lung Cancer,lung,msk_impact_2017,msk_impact_2017_cna,https://www.cbioportal.org/api/molecular-profiles/msk_impact_2017_cna/discrete-copy-number/fetch?projection=DETAILED,2026-10-03T09:41:07.248102+00:00
P-0002524-T01-IM3,P-0002524,EGFR,amplification,,amplification,Non-Small Cell Lung Cancer,lung,msk_impact_2017,msk_impact_2017_cna,https://www.cbioportal.org/api/molecular-profiles/msk_impact_2017_cna/discrete-copy-number/fetch?projection=DETAILED,2026-10-03T09:41:07.248105+00:00
P-0002534-T01-IM3,P-0002534,EGFR,amplification,,amplification,Non-Small Cell Lung Cancer,lung,msk_impact_2017,msk_impact_2017_cna,https://www.cbioportal.org/api/molecular-profiles/msk_impact_2017_cna/discrete-copy-number/fetch?projection=DETAILED,2026-10-03T09:41:07.248109+00:00
P-0002783-T01-IM3,P-0002783,EGFR,amplification,,amplification,Non-Small Cell Lung Cancer,lung,msk_impact_2017,msk_impact_2017_cna,https://www.cbioportal.org/api/molecular-profiles/msk_impact_2017_cna/discrete-copy-number/fetch?projection=DETAILED,2026-10-03T09:41:07.248112+00:00
P-0002861-T01-IM3,P-0002861,EGFR,amplification,,amplification,Non-Small Cell Lung Cancer,lung,msk_impact_2017,msk_impact_2017_cna,https://www.cbioportal.org/api/molecular-profiles/msk_impact_2017_cna/discrete-copy-number/fetch?projection=DETAILED,2026-10-03T09:41:07.248116+00:00
P-0002890-T01-IM3,P-0002890,EGFR,amplification,,amplification,Non-Small Cell Lung Cancer,lung,msk_impact_2017,msk_impact_2017_cna,https://www.cbioportal.org/api/molecular-profiles/msk_impact_2017_cna/discrete-copy-number/fetch?projection=DETAILED,2026-10-03T09:41:07.248119+00:00
P-0002904-T01-IM3,P-0002904,EGFR,amplification,,amplification,Non-Small Cell Lung Cancer,lung,msk_impact_2017,msk_impact_2017_cna,https://www.cbioportal.org/api/molecular-profiles/msk_impact_2017_cna/discrete-copy-number/fetch?projection=DETAILED,2026-10-03T09:41:07.248123+00:00
P-0002916-T02-IM5,P-0002916,EGFR,amplification,,amplification,Non-Small Cell Lung Cancer,lung,msk_impact_2017,msk_impact_2017_cna,https://www.cbioportal.org/api/molecular-profiles/msk_impact_2017_cna/discrete-copy-number/fetch?projection=DETAILED,2026-10-03T09:41:07.248127+00:00
P-0003156-T01-IM5,P-0003156,EGFR,amplification,,amplification,Non-Small Cell Lung Cancer,lung,msk_impact_2017,msk_impact_2017_cna,https://www.cbioportal.org/api/molecular-profiles/msk_impact_2017_cna/discrete-copy-number/fetch?projection=DETAILED,2026-10-03T09:41:07.248130+00:00
P-0003167-T01-IM5,P-0003167,EGFR,amplification,,amplification,Non-Small Cell Lung Cancer,lung,msk_impact_2017,msk_impact_2017_cna,https://www.cbioportal.org/api/molecular-profiles/msk_impact_2017_cna/discrete-copy-number/fetch?projection=DETAILED,2026-10-03T09:41:07.248134+00:00
P-0003229-T01-IM5,P-0003229,EGFR,amplification,,amplification,Non-Small Cell Lung Cancer,lung,msk_impact_2017,msk_impact_2017_cna,https://www.cbioportal.org/api/molecular-profiles/msk_impact_2017_cna/discrete-copy-number/fetch?projection=DETAILED,2026-10-03T09:41:07.248138+00:00
P-0003270-T02-IM5,P-0003270,EGFR,amplification,,amplification,Non-Small Cell Lung Cancer,lung,msk_impact_2017,msk_impact_2017_cna,https://www.cbioportal.org/api/molecular-profiles/msk_impact_2017_cna/discrete-copy-number/fetch?projection=DETAILED,2026-10-03T09:41:07.248141+00:00
P-0003317-T02-IM5,P-0003317,EGFR,amplification,,amplification,Non-Small Cell Lung Cancer,lung,msk_impact_2017,msk_impact_2017_cna,https://www.cbioportal.org/api/molecular-profiles/msk_impact_2017_cna/discrete-copy-number/fetch?projection=DETAILED,2026-10-03T09:41:07.248145+00:00
P-0003425-T01-IM5,P-0003425,EGFR,amplification,,amplification,Non-Small Cell Lung Cancer,lung,msk_impact_2017,msk_impact_2017_cna,https://www.cbioportal.org/api/molecular-profiles/msk_impact_2017_cna/discrete-copy-number/fetch?projection=DETAILED,2026-10-03T09:41:07.248148+00:00
P-0003479-T01-IM5,P-0003479,EGFR,amplification,,amplification,Non-Small Cell Lung Cancer,lung,msk_impact_2017,msk_impact_2017_cna,https://www.cbioportal.org/api/molecular-profiles/msk_impact_2017_cna/discrete-copy-number/fetch?projection=DETAILED,2026-10-03T09:41:07.248152+00:00
P-0003551-T01-IM5,P-0003551,EGFR,amplification,,amplification,Non-Small Cell Lung Cancer,lung,msk_impact_2017,msk_impact_2017_cna,https://www.cbioportal.org/api/molecular-profiles/msk_impact_2017_cna/discrete-copy-number/fetch?projection=DETAILED,2026-10-03T09:41:07.248156+00:00
P-0003654-T01-IM5,P-0003654,EGFR,amplification,,amplification,Non-Small Cell Lung Cancer,lung,msk_impact_2017,msk_impact_2017_cna,https://www.cbioportal.org/api/molecular-profiles/msk_impact_2017_cna/discrete-copy-number/fetch?projection=DETAILED,2026-10-03T09:41:07.248159+00:00
P-0003863-T01-IM5,P-0003863,EGFR,amplification,,amplification,Non-Small Cell Lung Cancer,lung,msk_impact_2017,msk_impact_2017_cna,https://www.cbioportal.org/api/molecular-profiles/msk_impact_2017_cna/discrete-copy-number/fetch?projection=DETAILED,2026-10-03T09:41:07.248163+00:00
P-0004123-T01-IM5,P-0004123,EGFR,amplification,,amplification,Non-Small Cell Lung Cancer,lung,msk_impact_2017,msk_impact_2017_cna,https://www.cbioportal.org/api/molecular-profiles/msk_impact_2017_cna/discrete-copy-number/fetch?projection=DETAILED,2026-10-03T09:41:07.248166+00:00
P-0004129-T01-IM5,P-0004129,EGFR,amplification,,amplification,Non-Small Cell Lung Cancer,lung,msk_impact_2017,msk_impact_2017_cna,https://www.cbioportal.org/api/molecular-profiles/msk_impact_2017_cna/discrete-copy-number/fetch?projection=DETAILED,2026-10-03T09:41:07.248170+00:00
P-0004129-T02-IM5,P-0004129,EGFR,amplification,,amplification,Non-Small Cell Lung Cancer,lung,msk_impact_2017,msk_impact_2017_cna,https://www.cbioportal.org/api/molecular-profiles/msk_impact_2017_cna/discrete-copy-number/fetch?projection=DETAILED,2026-10-03T09:41:07.248173+00:00
P-0004263-T01-IM5,P-0004263,EGFR,amplification,,amplification,Non-Small Cell Lung Cancer,lung,msk_impact_2017,msk_impact_2017_cna,https://www.cbioportal.org/api/molecular-profiles/msk_impact_2017_cna/discrete-copy-number/fetch?projection=DETAILED,2026-10-03T09:41:07.248177+00:00
P-0004328-T02-IM5,P-0004328,EGFR,amplification,,amplification,Non-Small Cell Lung Cancer,lung,msk_impact_2017,msk_impact_2017_cna,https://www.cbioportal.org/api/molecular-profiles/msk_impact_2017_cna/discrete-copy-number/fetch?projection=DETAILED,2026-10-03T09:41:07.248184+00:00
P-0004517-T01-IM5,P-0004517,EGFR,amplification,,amplification,Non-Small Cell Lung Cancer,lung,msk_impact_2017,msk_impact_2017_cna,https://www.cbioportal.org/api/molecular-profiles/msk_impact_2017_cna/discrete-copy-number/fetch?projection=DETAILED,2026-10-03T09:41:07.248187+00:00
P-0004607-T02-IM5,P-0004607,EGFR,amplification,,amplification,Non-Small Cell Lung Cancer,lung,msk_impact_2017,msk_impact_2017_cna,https://www.cbioportal.org/api/molecular-profiles/msk_impact_2017_cna/discrete-copy-number/fetch?projection=DETAILED,2026-10-03T09:41:07.248191+00:00
P-0004691-T02-IM5,P-0004691,EGFR,amplification,,amplification,Non-Small Cell Lung Cancer,lung,msk_impact_2017,msk_impact_2017_cna,https://www.cbioportal.org/api/molecular-profiles/msk_impact_2017_cna/discrete-copy-number/fetch?projection=DETAILED,2026-10-03T09:41:07.248195+00:00
P-0004695-T01-IM5,P-0004695,EGFR,amplification,,amplification,Non-Small Cell Lung Cancer,lung,msk_impact_2017,msk_impact_2017_cna,https://www.cbioportal.org/api/molecular-profiles/msk_impact_2017_cna/discrete-copy-number/fetch?projection=DETAILED,2026-10-03T09:41:07.248198+00:00
P-0004743-T01-IM5,P-0004743,EGFR,amplification,,amplification,Non-Small Cell Lung Cancer,lung,msk_impact_2017,msk_impact_2017_cna,https://www.cbioportal.org/api/molecular-profiles/msk_impact_2017_cna/discrete-copy-number/fetch?projection=DETAILED,2026-10-03T09:41:07.248202+00:00
P-0004759-T01-IM5,P-0004759,EGFR,amplification,,amplification,Non-Small Cell Lung Cancer,lung,msk_impact_2017,msk_impact_2017_cna,https://www.cbioportal.org/api/molecular-profiles/msk_impact_2017_cna/discrete-copy-number/fetch?projection=DETAILED,2026-10-03T09:41:07.248205+00:00
P-0004927-T01-IM5,P-0004927,EGFR,amplification,,amplification,Non-Small Cell Lung Cancer,lung,msk_impact_2017,msk_impact_2017_cna,https://www.cbioportal.org/api/molecular-profiles/msk_impact_2017_cna/discrete-copy-number/fetch?projection=DETAILED,2026-10-03T09:41:07.248209+00:00
P-0005034-T01-IM5,P-0005034,EGFR,amplification,,amplification,Non-Small Cell Lung Cancer,lung,msk_impact_2017,msk_impact_2017_cna,https://www.cbioportal.org/api/molecular-profiles/msk_impact_2017_cna/discrete-copy-number/fetch?projection=DETAILED,2026-10-03T09:41:07.248212+00:00
P-0005063-T01-IM5,P-0005063,EGFR,amplification,,amplification,Non-Small Cell Lung Cancer,lung,msk_impact_2017,msk_impact_2017_cna,https://www.cbioportal.org/api/molecular-profiles/msk_impact_2017_cna/discrete-copy-number/fetch?projection=DETAILED,2026-10-03T09:41:07.248215+00:00
P-0005178-T01-IM5,P-0005178,EGFR,amplification,,amplification,Non-Small Cell Lung Cancer,lung,msk_impact_2017,msk_impact_2017_cna,https://www.cbioportal.org/api/molecular-profiles/msk_impact_2017_cna/discrete-copy-number/fetch?projection=DETAILED,2026-10-03T09:41:07.248218+00:00
P-0005264-T01-IM5,P-0005264,EGFR,amplification,,amplification,Non-Small Cell Lung Cancer,lung,msk_impact_2017,msk_impact_2017_cna,https://www.cbioportal.org/api/molecular-profiles/msk_impact_2017_cna/discrete-copy-number/fetch?projection=DETAILED,2026-10-03T09:41:07.248223+00:00
P-0005504-T01-IM5,P-0005504,EGFR,amplification,,amplification,Non-Small Cell Lung Cancer,lung,msk_impact_2017,msk_impact_2017_cna,https://www.cbioportal.org/api/molecular-profiles/msk_impact_2017_cna/discrete-copy-number/fetch?projection=DETAILED,2026-10-03T09:41:07.248227+00:00
P-0005553-T01-IM5,P-0005553,EGFR,amplification,,amplification,Non-Small Cell Lung Cancer,lung,msk_impact_2017,msk_impact_2017_cna,https://www.cbioportal.org/api/molecular-profiles/msk_impact_2017_cna/discrete-copy-number/fetch?projection=DETAILED,2026-10-03T09:41:07.248231+00:00
P-0005895-T01-IM5,P-0005895,EGFR,amplification,,amplification,Non-Small Cell Lung Cancer,lung,msk_impact_2017,msk_impact_2017_cna,https://www.cbioportal.org/api/molecular-profiles/msk_impact_2017_cna/discrete-copy-number/fetch?projection=DETAILED,2026-10-03T09:41:07.248235+00:00
P-0006003-T01-IM5,P-0006003,EGFR,amplification,,amplification,Non-Small Cell Lung Cancer,lung,msk_impact_2017,msk_impact_2017_cna,https://www.cbioportal.org/api/molecular-profiles/msk_impact_2017_cna/discrete-copy-number/fetch?projection=DETAILED,2026-10-03T09:41:07.248238+00:00
P-0006151-T01-IM5,P-0006151,EGFR,amplification,,amplification,Non-Small Cell Lung Cancer,lung,msk_impact_2017,msk_impact_2017_cna,https://www.cbioportal.org/api/molecular-profiles/msk_impact_2017_cna/discrete-copy-number/fetch?projection=DETAILED,2026-10-03T09:41:07.248242+00:00
P-0006171-T01-IM5,P-0006171,EGFR,amplification,,amplification,Non-Small Cell Lung Cancer,lung,msk_impact_2017,msk_impact_2017_cna,https://www.cbioportal.org/api/molecular-profiles/msk_impact_2017_cna/discrete-copy-number/fetch?projection=DETAILED,2026-10-03T09:41:07.248245+00:00
P-0006268-T01-IM5,P-0006268,EGFR,amplification,,amplification,Non-Small Cell Lung Cancer,lung,msk_impact_2017,msk_impact_2017_cna,https://www.cbioportal.org/api/molecular-profiles/msk_impact_2017_cna/discrete-copy-number/fetch?projection=DETAILED,2026-10-03T09:41:07.248249+00:00
P-0006321-T01-IM5,P-0006321,EGFR,amplification,,amplification,Non-Small Cell Lung Cancer,lung,msk_impact_2017,msk_impact_2017_cna,https://www.cbioportal.org/api/molecular-profiles/msk_impact_2017_cna/discrete-copy-number/fetch?projection=DETAILED,2026-10-03T09:41:07.248253+00:00
P-0006768-T01-IM5,P-0006768,EGFR,amplification,,amplification,Non-Small Cell Lung Cancer,lung,msk_impact_2017,msk_impact_2017_cna,https://www.cbioportal.org/api/molecular-profiles/msk_impact_2017_cna/discrete-copy-number/fetch?projection=DETAILED,2026-10-03T09:41:07.248256+00:00
P-0006995-T01-IM5,P-0006995,EGFR,amplification,,amplification,Non-Small Cell Lung Cancer,lung,msk_impact_2017,msk_impact_2017_cna,https://www.cbioportal.org/api/molecular-profiles/msk_impact_2017_cna/discrete-copy-number/fetch?projection=DETAILED,2026-10-03T09:41:07.248260+00:00
P-0007582-T01-IM5,P-0007582,EGFR,amplification,,amplification,Non-Small Cell Lung Cancer,lung,msk_impact_2017,msk_impact_2017_cna,https://www.cbioportal.org/api/molecular-profiles/msk_impact_2017_cna/discrete-copy-number/fetch?projection=DETAILED,2026-10-03T09:41:07.248263+00:00
P-0007663-T01-IM5,P-0007663,EGFR,amplification,,amplification,Non-Small Cell Lung Cancer,lung,msk_impact_2017,msk_impact_2017_cna,https://www.cbioportal.org/api/molecular-profiles/msk_impact_2017_cna/discrete-copy-number/fetch?projection=DETAILED,2026-10-03T09:41:07.248266+00:00
P-0007870-T01-IM5,P-0007870,EGFR,amplification,,amplification,Non-Small Cell Lung Cancer,lung,msk_impact_2017,msk_impact_2017_cna,https://www.cbioportal.org/api/molecular-profiles/msk_impact_2017_cna/discrete-copy-number/fetch?projection=DETAILED,2026-10-03T09:41:07.248270+00:00
P-0007896-T01-IM5,P-0007896,EGFR,amplification,,amplification,Non-Small Cell Lung Cancer,lung,msk_impact_2017,msk_impact_2017_cna,https://www.cbioportal.org/api/molecular-profiles/msk_impact_2017_cna/discrete-copy-number/fetch?projection=DETAILED,2026-10-03T09:41:07.248273+00:00
P-0007904-T01-IM5,P-0007904,EGFR,amplification,,amplification,Non-Small Cell Lung Cancer,lung,msk_impact_2017,msk_impact_2017_cna,https://www.cbioportal.org/api/molecular-profiles/msk_impact_2017_cna/discrete-copy-number/fetch?projection=DETAILED,2026-10-03T09:41:07.248277+00:00
P-0008058-T01-IM5,P-0008058,EGFR,amplification,,amplification,Non-Small Cell Lung Cancer,lung,msk_impact_2017,msk_impact_2017_cna,https://www.cbioportal.org/api/molecular-profiles/msk_impact_2017_cna/discrete-copy-number/fetch?projection=DETAILED,2026-10-03T09:41:07.248280+00:00
P-0008160-T02-IM5,P-0008160,EGFR,amplification,,amplification,Non-Small Cell Lung Cancer,lung,msk_impact_2017,msk_impact_2017_cna,https://www.cbioportal.org/api/molecular-profiles/msk_impact_2017_cna/discrete-copy-number/fetch?projection=DETAILED,2026-10-03T09:41:07.248284+00:00
P-0008427-T01-IM5,P-0008427,EGFR,amplification,,amplification,Non-Small Cell Lung Cancer,lung,msk_impact_2017,msk_impact_2017_cna,https://www.cbioportal.org/api/molecular-profiles/msk_impact_2017_cna/discrete-copy-number/fetch?projection=DETAILED,2026-10-03T09:41:07.248287+00:00
P-0008514-T01-IM5,P-0008514,EGFR,amplification,,amplification,Non-Small Cell Lung Cancer,lung,msk_impact_2017,msk_impact_2017_cna,https://www.cbioportal.org/api/molecular-profiles/msk_impact_2017_cna/discrete-copy-number/fetch?projection=DETAILED,2026-10-03T09:41:07.248290+00:00
P-0008577-T01-IM5,P-0008577,EGFR,amplification,,amplification,Non-Small Cell Lung Cancer,lung,msk_impact_2017,msk_impact_2017_cna,https://www.cbioportal.org/api/molecular-profiles/msk_impact_2017_cna/discrete-copy-number/fetch?projection=DETAILED,2026-10-03T09:41:07.248293+00:00
P-0008577-T02-IM5,P-0008577,EGFR,amplification,,amplification,Non-Small Cell Lung Cancer,lung,msk_impact_2017,msk_impact_2017_cna,https://www.cbioportal.org/api/molecular-profiles/msk_impact_2017_cna/discrete-copy-number/fetch?projection=DETAILED,2026-10-03T09:41:07.248296+00:00
P-0008602-T01-IM5,P-0008602,EGFR,amplification,,amplification,Non-Small Cell Lung Cancer,lung,msk_impact_2017,msk_impact_2017_cna,https://www.cbioportal.org/api/molecular-profiles/msk_impact_2017_cna/discrete-copy-number/fetch?projection=DETAILED,2026-10-03T09:41:07.248300+00:00
P-0008744-T01-IM5,P-0008744,EGFR,amplification,,amplification,Non-Small Cell Lung Cancer,lung,msk_impact_2017,msk_impact_2017_cna,https://www.cbioportal.org/api/molecular-profiles/msk_impact_2017_cna/discrete-copy-number/fetch?projection=DETAILED,2026-10-03T09:41:07.248303+00:00
P-0008744-T02-IM5,P-0008744,EGFR,amplification,,amplification,Non-Small Cell Lung Cancer,lung,msk_impact_2017,msk_impact_2017_cna,https://www.cbioportal.org/api/molecular-profiles/msk_impact_2017_cna/discrete-copy-number/fetch?projection=DETAILED,2026-10-03T09:41:07.248307+00:00
P-0008796-T01-IM5,P-0008796,EGFR,amplification,,amplification,Non-Small Cell Lung Cancer,lung,msk_impact_2017,msk_impact_2017_cna,https://www.cbioportal.org/api/molecular-profiles/msk_impact_2017_cna/discrete-copy-number/fetch?projection=DETAILED,2026-10-03T09:41:07.248310+00:00
P-0008849-T01-IM5,P-0008849,EGFR,amplification,,amplification,Non-Small Cell Lung Cancer,lung,msk_impact_2017,msk_impact_2017_cna,https://www.cbioportal.org/api/molecular-profiles/msk_impact_2017_cna/discrete-copy-number/fetch?projection=DETAILED,2026-10-03T09:41:07.248313+00:00
P-0008917-T01-IM5,P-0008917,EGFR,amplification,,amplification,Non-Small Cell Lung Cancer,lung,msk_impact_2017,msk_impact_2017_cna,https://www.cbioportal.org/api/molecular-profiles/msk_impact_2017_cna/discrete-copy-number/fetch?projection=DETAILED,2026-10-03T09:41:07.248316+00:00
P-0009346-T01-IM5,P-0009346,EGFR,amplification,,amplification,Non-Small Cell Lung Cancer,lung,msk_impact_2017,msk_impact_2017_cna,https://www.cbioportal.org/api/molecular-profiles/msk_impact_2017_cna/discrete-copy-number/fetch?projection=DETAILED,2026-10-03T09:41:07.248320+00:00
P-0009423-T01-IM5,P-0009423,EGFR,amplification,,amplification,Non-Small Cell Lung Cancer,lung,msk_impact_2017,msk_impact_2017_cna,https://www.cbioportal.org/api/molecular-profiles/msk_impact_2017_cna/discrete-copy-number/fetch?projection=DETAILED,2026-10-03T09:41:07.248324+00:00
P-0009535-T01-IM5,P-0009535,EGFR,amplification,,amplification,Non-Small Cell Lung Cancer,lung,msk_impact_2017,msk_impact_2017_cna,https://www.cbioportal.org/api/molecular-profiles/msk_impact_2017_cna/discrete-copy-number/fetch?projection=DETAILED,2026-10-03T09:41:07.248327+00:00
P-0009623-T01-IM5,P-0009623,EGFR,amplification,,amplification,Non-Small Cell Lung Cancer,lung,msk_impact_2017,msk_impact_2017_cna,https://www.cbioportal.org/api/molecular-profiles/msk_impact_2017_cna/discrete-copy-number/fetch?projection=DETAILED,2026-10-03T09:41:07.248331+00:00
P-0009655-T01-IM5,P-0009655,EGFR,amplification,,amplification,Non-Small Cell Lung Cancer,lung,msk_impact_2017,msk_impact_2017_cna,https://www.cbioportal.org/api/molecular-profiles/msk_impact_2017_cna/discrete-copy-number/fetch?projection=DETAILED,2026-10-03T09:41:07.248334+00:00
P-0009702-T01-IM5,P-0009702,EGFR,amplification,,amplification,Non-Small Cell Lung Cancer,lung,msk_impact_2017,msk_impact_2017_cna,https://www.cbioportal.org/api/molecular-profiles/msk_impact_2017_cna/discrete-copy-number/fetch?projection=DETAILED,2026-10-03T09:41:07.248338+00:00
P-0009764-T01-IM5,P-0009764,EGFR,amplification,,amplification,Non-Small Cell Lung Cancer,lung,msk_impact_2017,msk_impact_2017_cna,https://www.cbioportal.org/api/molecular-profiles/msk_impact_2017_cna/discrete-copy-number/fetch?projection=DETAILED,2026-10-03T09:41:07.248342+00:00
P-0009864-T01-IM5,P-0009864,EGFR,amplification,,amplification,Non-Small Cell Lung Cancer,lung,msk_impact_2017,msk_impact_2017_cna,https://www.cbioportal.org/api/molecular-profiles/msk_impact_2017_cna/discrete-copy-number/fetch?projection=DETAILED,2026-10-03T09:41:07.248345+00:00
P-0009922-T01-IM5,P-0009922,EGFR,amplification,,amplification,Non-Small Cell Lung Cancer,lung,msk_impact_2017,msk_impact_2017_cna,https://www.cbioportal.org/api/molecular-profiles/msk_impact_2017_cna/discrete-copy-number/fetch?projection=DETAILED,2026-10-03T09:41:07.248348+00:00
P-0010053-T01-IM5,P-0010053,EGFR,amplification,,amplification,Non-Small Cell Lung Cancer,lung,msk_impact_2017,msk_impact_2017_cna,https://www.cbioportal.org/api/molecular-profiles/msk_impact_2017_cna/discrete-copy-number/fetch?projection=DETAILED,2026-10-03T09:41:07.248352+00:00
P-0010333-T01-IM5,P-0010333,EGFR,amplification,,amplification,Non-Small Cell Lung Cancer,lung,msk_impact_2017,msk_impact_2017_cna,https://www.cbioportal.org/api/molecular-profiles/msk_impact_2017_cna/discrete-copy-number/fetch?projection=DETAILED,2026-10-03T09:41:07.248355+00:00
P-0010563-T01-IM5,P-0010563,EGFR,amplification,,amplification,Non-Small Cell Lung Cancer,lung,msk_impact_2017,msk_impact_2017_cna,https://www.cbioportal.org/api/molecular-profiles/msk_impact_2017_cna/discrete-copy-number/fetch?projection=DETAILED,2026-10-03T09:41:07.248358+00:00
P-0010566-T01-IM5,P-0010566,EGFR,amplification,,amplification,Non-Small Cell Lung Cancer,lung,msk_impact_2017,msk_impact_2017_cna,https://www.cbioportal.org/api/molecular-profiles/msk_impact_2017_cna/discrete-copy-number/fetch?projection=DETAILED,2026-10-03T09:41:07.248362+00:00
P-0010750-T01-IM5,P-0010750,EGFR,amplification,,amplification,Non-Small Cell Lung Cancer,lung,msk_impact_2017,msk_impact_2017_cna,https://www.cbioportal.org/api/molecular-profiles/msk_impact_2017_cna/discrete-copy-number/fetch?projection=DETAILED,2026-10-03T09:41:07.248365+00:00
P-0010793-T01-IM5,P-0010793,EGFR,amplification,,amplification,Non-Small Cell Lung Cancer,lung,msk_impact_2017,msk_impact_2017_cna,https://www.cbioportal.org/api/molecular-profiles/msk_impact_2017_cna/discrete-copy-number/fetch?projection=DETAILED,2026-10-03T09:41:07.248369+00:00
P-0011038-T01-IM5,P-0011038,EGFR,amplification,,amplification,Non-Small Cell Lung Cancer,lung,msk_impact_2017,msk_impact_2017_cna,https://www.cbioportal.org/api/molecular-profiles/msk_impact_2017_cna/discrete-copy-number/fetch?projection=DETAILED,2026-10-03T09:41:07.248372+00:00
P-0011142-T01-IM5,P-0011142,EGFR,amplification,,amplification,Non-Small Cell Lung Cancer,lung,msk_impact_2017,msk_impact_2017_cna,https://www.cbioportal.org/api/molecular-profiles/msk_impact_2017_cna/discrete-copy-number/fetch?projection=DETAILED,2026-10-03T09:41:07.248376+00:00
P-0011237-T01-IM5,P-0011237,EGFR,amplification,,amplification,Non-Small Cell Lung Cancer,lung,msk_impact_2017,msk_impact_2017_cna,https://www.cbioportal.org/api/molecular-profiles/msk_impact_2017_cna/discrete-copy-number/fetch?projection=DETAILED,2026-10-03T09:41:07.248379+00:00
P-0011293-T01-IM5,P-0011293,EGFR,amplification,,amplification,Non-Small Cell Lung Cancer,lung,msk_impact_2017,msk_impact_2017_cna,https://www.cbioportal.org/api/molecular-profiles/msk_impact_2017_cna/discrete-copy-number/fetch?projection=DETAILED,2026-10-03T09:41:07.248382+00:00
P-0011308-T01-IM5,P-0011308,EGFR,amplification,,amplification,Non-Small Cell Lung Cancer,lung,msk_impact_2017,msk_impact_2017_cna,https://www.cbioportal.org/api/molecular-profiles/msk_impact_2017_cna/discrete-copy-number/fetch?projection=DETAILED,2026-10-03T09:41:07.248385+00:00
P-0012043-T01-IM5,P-0012043,EGFR,amplification,,amplification,Non-Small Cell Lung Cancer,lung,msk_impact_2017,msk_impact_2017_cna,https://www.cbioportal.org/api/molecular-profiles/msk_impact_2017_cna/discrete-copy-number/fetch?projection=DETAILED,2026-10-03T09:41:07.248389+00:00
P-0012076-T01-IM5,P-0012076,EGFR,amplification,,amplification,Non-Small Cell Lung Cancer,lung,msk_impact_2017,msk_impact_2017_cna,https://www.cbioportal.org/api/molecular-profiles/msk_impact_2017_cna/discrete-copy-number/fetch?projection=DETAILED,2026-10-03T09:41:07.248392+00:00
P-0012088-T01-IM5,P-0012088,EGFR,amplification,,amplification,Non-Small Cell Lung Cancer,lung,msk_impact_2017,msk_impact_2017_cna,https://www.cbioportal.org/api/molecular-profiles/msk_impact_2017_cna/discrete-copy-number/fetch?projection=DETAILED,2026-10-03T09:41:07.248396+00:00
P-0012251-T01-IM5,P-0012251,EGFR,amplification,,amplification,Non-Small Cell Lung Cancer,lung,msk_impact_2017,msk_impact_2017_cna,https://www.cbioportal.org/api/molecular-profiles/msk_impact_2017_cna/discrete-copy-number/fetch?projection=DETAILED,2026-10-03T09:41:07.248399+00:00
P-0012393-T01-IM5,P-0012393,EGFR,amplification,,amplification,Non-Small Cell Lung Cancer,lung,msk_impact_2017,msk_impact_2017_cna,https://www.cbioportal.org/api/molecular-profiles/msk_impact_2017_cna/discrete-copy-number/fetch?projection=DETAILED,2026-10-03T09:41:07.248403+00:00
P-0000819-T01-IM3,P-0000819,MET,amplification,,amplification,Non-Small Cell Lung Cancer,lung,msk_impact_2017,msk_impact_2017_cna,https://www.cbioportal.org/api/molecular-profiles/msk_impact_2017_cna/discrete-copy-number/fetch?projection=DETAILED,2026-10-03T09:41:07.248406+00:00
P-0001037-T01-IM3,P-0001037,MET,amplification,,amplification,Non-Small Cell Lung Cancer,lung,msk_impact_2017,msk_impact_2017_cna,https://www.cbioportal.org/api/molecular-profiles/msk_impact_2017_cna/discrete-copy-number/fetch?projection=DETAILED,2026-10-03T09:41:07.248409+00:00
P-0001089-T01-IM3,P-0001089,MET,amplification,,amplification,Non-Small Cell Lung Cancer,lung,msk_impact_2017,msk_impact_2017_cna,https://www.cbioportal.org/api/molecular-profiles/msk_impact_2017_cna/discrete-copy-number/fetch?projection=DETAILED,2026-10-03T09:41:07.248413+00:00
P-0001357-T02-IM5,P-0001357,MET,amplification,,amplification,Non-Small Cell Lung Cancer,lung,msk_impact_2017,msk_impact_2017_cna,https://www.cbioportal.org/api/molecular-profiles/msk_impact_2017_cna/discrete-copy-number/fetch?projection=DETAILED,2026-10-03T09:41:07.248416+00:00
P-0001375-T01-IM3,P-0001375,MET,amplification,,amplification,Non-Small Cell Lung Cancer,lung,msk_impact_2017,msk_impact_2017_cna,https://www.cbioportal.org/api/molecular-profiles/msk_impact_2017_cna/discrete-copy-number/fetch?projection=DETAILED,2026-10-03T09:41:07.248420+00:00
P-0001707-T01-IM3,P-0001707,MET,amplification,,amplification,Non-Small Cell Lung Cancer,lung,msk_impact_2017,msk_impact_2017_cna,https://www.cbioportal.org/api/molecular-profiles/msk_impact_2017_cna/discrete-copy-number/fetch?projection=DETAILED,2026-10-03T09:41:07.248423+00:00
P-0001750-T01-IM3,P-0001750,MET,amplification,,amplification,Non-Small Cell Lung Cancer,lung,msk_impact_2017,msk_impact_2017_cna,https://www.cbioportal.org/api/molecular-profiles/msk_impact_2017_cna/discrete-copy-number/fetch?projection=DETAILED,2026-10-03T09:41:07.248426+00:00
P-0001833-T01-IM3,P-0001833,MET,amplification,,amplification,Non-Small Cell Lung Cancer,lung,msk_impact_2017,msk_impact_2017_cna,https://www.cbioportal.org/api/molecular-profiles/msk_impact_2017_cna/discrete-copy-number/fetch?projection=DETAILED,2026-10-03T09:41:07.248429+00:00
P-0002183-T01-IM3,P-0002183,MET,amplification,,amplification,Non-Small Cell Lung Cancer,lung,msk_impact_2017,msk_impact_2017_cna,https://www.cbioportal.org/api/molecular-profiles/msk_impact_2017_cna/discrete-copy-number/fetch?projection=DETAILED,2026-10-03T09:41:07.248433+00:00
P-0002506-T02-IM5,P-0002506,MET,amplification,,amplification,Non-Small Cell Lung Cancer,lung,msk_impact_2017,msk_impact_2017_cna,https://www.cbioportal.org/api/molecular-profiles/msk_impact_2017_cna/discrete-copy-number/fetch?projection=DETAILED,2026-10-03T09:41:07.248436+00:00
P-0003119-T01-IM5,P-0003119,MET,amplification,,amplification,Non-Small Cell Lung Cancer,lung,msk_impact_2017,msk_impact_2017_cna,https://www.cbioportal.org/api/molecular-profiles/msk_impact_2017_cna/discrete-copy-number/fetch?projection=DETAILED,2026-10-03T09:41:07.248439+00:00
P-0003129-T01-IM5,P-0003129,MET,amplification,,amplification,Non-Small Cell Lung Cancer,lung,msk_impact_2017,msk_impact_2017_cna,https://www.cbioportal.org/api/molecular-profiles/msk_impact_2017_cna/discrete-copy-number/fetch?projection=DETAILED,2026-10-03T09:41:07.248442+00:00
P-0003278-T01-IM5,P-0003278,MET,amplification,,amplification,Non-Small Cell Lung Cancer,lung,msk_impact_2017,msk_impact_2017_cna,https://www.cbioportal.org/api/molecular-profiles/msk_impact_2017_cna/discrete-copy-number/fetch?projection=DETAILED,2026-10-03T09:41:07.248446+00:00
P-0003666-T01-IM5,P-0003666,MET,amplification,,amplification,Non-Small Cell Lung Cancer,lung,msk_impact_2017,msk_impact_2017_cna,https://www.cbioportal.org/api/molecular-profiles/msk_impact_2017_cna/discrete-copy-number/fetch?projection=DETAILED,2026-10-03T09:41:07.248449+00:00
P-0004065-T01-IM5,P-0004065,MET,amplification,,amplification,Non-Small Cell Lung Cancer,lung,msk_impact_2017,msk_impact_2017_cna,https://www.cbioportal.org/api/molecular-profiles/msk_impact_2017_cna/discrete-copy-number/fetch?projection=DETAILED,2026-10-03T09:41:07.248452+00:00
P-0004091-T01-IM5,P-0004091,MET,amplification,,amplification,Non-Small Cell Lung Cancer,lung,msk_impact_2017,msk_impact_2017_cna,https://www.cbioportal.org/api/molecular-profiles/msk_impact_2017_cna/discrete-copy-number/fetch?projection=DETAILED,2026-10-03T09:41:07.248455+00:00
P-0004615-T01-IM5,P-0004615,MET,amplification,,amplification,Non-Small Cell Lung Cancer,lung,msk_impact_2017,msk_impact_2017_cna,https://www.cbioportal.org/api/molecular-profiles/msk_impact_2017_cna/discrete-copy-number/fetch?projection=DETAILED,2026-10-03T09:41:07.248458+00:00
P-0004691-T02-IM5,P-0004691,MET,amplification,,amplification,Non-Small Cell Lung Cancer,lung,msk_impact_2017,msk_impact_2017_cna,https://www.cbioportal.org/api/molecular-profiles/msk_impact_2017_cna/discrete-copy-number/fetch?projection=DETAILED,2026-10-03T09:41:07.248462+00:00
P-0004869-T01-IM5,P-0004869,MET,amplification,,amplification,Non-Small Cell Lung Cancer,lung,msk_impact_2017,msk_impact_2017_cna,https://www.cbioportal.org/api/molecular-profiles/msk_impact_2017_cna/discrete-copy-number/fetch?projection=DETAILED,2026-10-03T09:41:07.248466+00:00
P-0004878-T01-IM5,P-0004878,MET,amplification,,amplification,Non-Small Cell Lung Cancer,lung,msk_impact_2017,msk_impact_2017_cna,https://www.cbioportal.org/api/molecular-profiles/msk_impact_2017_cna/discrete-copy-number/fetch?projection=DETAILED,2026-10-03T09:41:07.248469+00:00
P-0005320-T01-IM5,P-0005320,MET,amplification,,amplification,Non-Small Cell Lung Cancer,lung,msk_impact_2017,msk_impact_2017_cna,https://www.cbioportal.org/api/molecular-profiles/msk_impact_2017_cna/discrete-copy-number/fetch?projection=DETAILED,2026-10-03T09:41:07.248472+00:00
P-0005492-T01-IM5,P-0005492,MET,amplification,,amplification,Non-Small Cell Lung Cancer,lung,msk_impact_2017,msk_impact_2017_cna,https://www.cbioportal.org/api/molecular-profiles/msk_impact_2017_cna/discrete-copy-number/fetch?projection=DETAILED,2026-10-03T09:41:07.248476+00:00
P-0006321-T01-IM5,P-0006321,MET,amplification,,amplification,Non-Small Cell Lung Cancer,lung,msk_impact_2017,msk_impact_2017_cna,https://www.cbioportal.org/api/molecular-profiles/msk_impact_2017_cna/discrete-copy-number/fetch?projection=DETAILED,2026-10-03T09:41:07.248479+00:00
P-0006896-T01-IM5,P-0006896,MET,amplification,,amplification,Non-Small Cell Lung Cancer,lung,msk_impact_2017,msk_impact_2017_cna,https://www.cbioportal.org/api/molecular-profiles/msk_impact_2017_cna/discrete-copy-number/fetch?projection=DETAILED,2026-10-03T09:41:07.248483+00:00
P-0007328-T01-IM5,P-0007328,MET,amplification,,amplification,Non-Small Cell Lung Cancer,lung,msk_impact_2017,msk_impact_2017_cna,https://www.cbioportal.org/api/molecular-profiles/msk_impact_2017_cna/discrete-copy-number/fetch?projection=DETAILED,2026-10-03T09:41:07.248486+00:00
P-0007582-T01-IM5,P-0007582,MET,amplification,,amplification,Non-Small Cell Lung Cancer,lung,msk_impact_2017,msk_impact_2017_cna,https://www.cbioportal.org/api/molecular-profiles/msk_impact_2017_cna/discrete-copy-number/fetch?projection=DETAILED,2026-10-03T09:41:07.248490+00:00
P-0007663-T01-IM5,P-0007663,MET,amplification,,amplification,Non-Small Cell Lung Cancer,lung,msk_impact_2017,msk_impact_2017_cna,https://www.cbioportal.org/api/molecular-profiles/msk_impact_2017_cna/discrete-copy-number/fetch?projection=DETAILED,2026-10-03T09:41:07.248494+00:00
P-0007705-T01-IM5,P-0007705,MET,amplification,,amplification,Non-Small Cell Lung Cancer,lung,msk_impact_2017,msk_impact_2017_cna,https://www.cbioportal.org/api/molecular-profiles/msk_impact_2017_cna/discrete-copy-number/fetch?projection=DETAILED,2026-10-03T09:41:07.248497+00:00
P-0007924-T01-IM5,P-0007924,MET,amplification,,amplification,Non-Small Cell Lung Cancer,lung,msk_impact_2017,msk_impact_2017_cna,https://www.cbioportal.org/api/molecular-profiles/msk_impact_2017_cna/discrete-copy-number/fetch?projection=DETAILED,2026-10-03T09:41:07.248500+00:00
P-0008101-T01-IM5,P-0008101,MET,amplification,,amplification,Non-Small Cell Lung Cancer,lung,msk_impact_2017,msk_impact_2017_cna,https://www.cbioportal.org/api/molecular-profiles/msk_impact_2017_cna/discrete-copy-number/fetch?projection=DETAILED,2026-10-03T09:41:07.248504+00:00
P-0008131-T01-IM5,P-0008131,MET,amplification,,amplification,Non-Small Cell Lung Cancer,lung,msk_impact_2017,msk_impact_2017_cna,https://www.cbioportal.org/api/molecular-profiles/msk_impact_2017_cna/discrete-copy-number/fetch?projection=DETAILED,2026-10-03T09:41:07.248507+00:00
P-0008514-T01-IM5,P-0008514,MET,amplification,,amplification,Non-Small Cell Lung Cancer,lung,msk_impact_2017,msk_impact_2017_cna,https://www.cbioportal.org/api/molecular-profiles/msk_impact_2017_cna/discrete-copy-number/fetch?projection=DETAILED,2026-10-03T09:41:07.248510+00:00
P-0009223-T01-IM5,P-0009223,MET,amplification,,amplification,Non-Small Cell Lung Cancer,lung,msk_impact_2017,msk_impact_2017_cna,https://www.cbioportal.org/api/molecular-profiles/msk_impact_2017_cna/discrete-copy-number/fetch?projection=DETAILED,2026-10-03T09:41:07.248513+00:00
P-0009350-T01-IM5,P-0009350,MET,amplification,,amplification,Non-Small Cell Lung Cancer,lung,msk_impact_2017,msk_impact_2017_cna,https://www.cbioportal.org/api/molecular-profiles/msk_impact_2017_cna/discrete-copy-number/fetch?projection=DETAILED,2026-10-03T09:41:07.248517+00:00
P-0009614-T01-IM5,P-0009614,MET,amplification,,amplification,Non-Small Cell Lung Cancer,lung,msk_impact_2017,msk_impact_2017_cna,https://www.cbioportal.org/api/molecular-profiles/msk_impact_2017_cna/discrete-copy-number/fetch?projection=DETAILED,2026-10-03T09:41:07.248520+00:00
P-0009684-T01-IM5,P-0009684,MET,amplification,,amplification,Non-Small Cell Lung Cancer,lung,msk_impact_2017,msk_impact_2017_cna,https://www.cbioportal.org/api/molecular-profiles/msk_impact_2017_cna/discrete-copy-number/fetch?projection=DETAILED,2026-10-03T09:41:07.248523+00:00
P-0009714-T01-IM5,P-0009714,MET,amplification,,amplification,Non-Small Cell Lung Cancer,lung,msk_impact_2017,msk_impact_2017_cna,https://www.cbioportal.org/api/molecular-profiles/msk_impact_2017_cna/discrete-copy-number/fetch?projection=DETAILED,2026-10-03T09:41:07.248527+00:00
P-0010337-T01-IM5,P-0010337,MET,amplification,,amplification,Non-Small Cell Lung Cancer,lung,msk_impact_2017,msk_impact_2017_cna,https://www.cbioportal.org/api/molecular-profiles/msk_impact_2017_cna/discrete-copy-number/fetch?projection=DETAILED,2026-10-03T09:41:07.248530+00:00
P-0010863-T01-IM5,P-0010863,MET,amplification,,amplification,Non-Small Cell Lung Cancer,lung,msk_impact_2017,msk_impact_2017_cna,https://www.cbioportal.org/api/molecular-profiles/msk_impact_2017_cna/discrete-copy-number/fetch?projection=DETAILED,2026-10-03T09:41:07.248533+00:00
P-0011378-T01-IM5,P-0011378,MET,amplification,,amplification,Non-Small Cell Lung Cancer,lung,msk_impact_2017,msk_impact_2017_cna,https://www.cbioportal.org/api/molecular-profiles/msk_impact_2017_cna/discrete-copy-number/fetch?projection=DETAILED,2026-10-03T09:41:07.248537+00:00
